subject_id,code_id,anchor_index,anchor_seconds,amplitude_mad,interval_jitter_fraction,local_mad_uv,injection_samples,maximum_matched_score,detected_start_seconds,detected_time_scale,engineering_check_only
00,legacy_lrl,0,35974.0,2.0,0.05,11.938637719749703,292,0.9311873187273787,35974.0,0.9,True
00,legacy_lrl,1,36161.0,2.0,0.05,11.922851731071749,339,0.938768773985629,36161.1,1.1,True
00,legacy_lrl,2,36503.0,2.0,0.05,12.388681105590852,330,0.8086718835262482,36502.8,0.8,True
00,legacy_lrl,3,36666.0,2.0,0.05,11.698738615375738,338,0.936304190643705,36665.9,1.2,True
00,legacy_lrl,4,36761.0,2.0,0.05,11.259069100019413,345,0.9438995099787996,36761.1,1.1,True
00,legacy_lrl,5,40723.0,2.0,0.05,13.46579601702394,314,0.8907011735682705,40723.05,1.0,True
00,legacy_lrl,6,40856.0,2.0,0.05,12.91458021355867,281,0.0,,,True
00,legacy_lrl,7,41245.0,2.0,0.05,15.970776229792286,341,0.0,,,True
00,legacy_lrl,8,44858.0,2.0,0.05,11.569493414272404,340,0.8910637625843807,44858.05,1.1,True
00,legacy_lrl,9,44934.0,2.0,0.05,11.719414050995866,340,0.8903914803183229,44934.05,1.1,True
00,legacy_lrl,10,45112.0,2.0,0.05,13.330942855271076,330,0.794597180161752,45112.0,1.1,True
00,legacy_lrl,11,45255.0,2.0,0.05,13.114906588582263,280,0.802139671982388,45254.95,0.9,True
00,legacy_lrl,12,45358.0,2.0,0.05,12.548496836524686,296,0.924844811023203,45357.95,1.0,True
00,legacy_lrl,13,49392.0,2.0,0.05,35.153742216743375,322,0.0,,,True
00,legacy_lrl,14,49549.0,2.0,0.05,39.55518922492411,285,0.8017474331264377,49549.55,1.1,True
00,legacy_lrl,15,49701.0,2.0,0.05,34.58114620023325,291,0.8257150675135697,49700.25,1.0,True
00,legacy_lrl,16,49891.0,2.0,0.05,56.53198849345993,313,0.9071600112954492,49890.9,1.1,True
00,legacy_lrl,17,49977.0,2.0,0.05,55.89001828743722,346,0.933403494061621,49976.95,1.2,True
00,legacy_lrl,18,50144.0,2.0,0.05,44.69828576602639,322,0.900139253136148,50143.25,1.1,True
00,legacy_lrl,19,50401.0,2.0,0.05,19.993462513637915,326,0.940723231106131,50401.0,1.1,True
00,legacy_lrl,0,35974.0,4.0,0.05,11.938637719749703,308,0.9748616722066543,35974.0,1.0,True
00,legacy_lrl,1,36161.0,4.0,0.05,11.922851731071749,302,0.9556471303462954,36161.0,1.0,True
00,legacy_lrl,2,36503.0,4.0,0.05,12.388681105590852,303,0.8931705552272334,36503.1,0.9,True
00,legacy_lrl,3,36666.0,4.0,0.05,11.698738615375738,297,0.9816505738149686,36665.95,1.0,True
00,legacy_lrl,4,36761.0,4.0,0.05,11.259069100019413,329,0.980311981020359,36761.0,1.1,True
00,legacy_lrl,5,40723.0,4.0,0.05,13.46579601702394,338,0.9504429078192593,40723.05,1.1,True
00,legacy_lrl,6,40856.0,4.0,0.05,12.91458021355867,331,0.0,,,True
00,legacy_lrl,7,41245.0,4.0,0.05,15.970776229792286,340,0.746810820510769,41245.05,1.1,True
00,legacy_lrl,8,44858.0,4.0,0.05,11.569493414272404,285,0.9307528064440208,44858.0,0.9,True
00,legacy_lrl,9,44934.0,4.0,0.05,11.719414050995866,321,0.961176923438514,44933.95,1.1,True
00,legacy_lrl,10,45112.0,4.0,0.05,13.330942855271076,339,0.9066847734262334,45112.05,1.1,True
00,legacy_lrl,11,45255.0,4.0,0.05,13.114906588582263,319,0.9001107335638214,45254.9,1.1,True
00,legacy_lrl,12,45358.0,4.0,0.05,12.548496836524686,326,0.9663030341640785,45358.0,1.1,True
00,legacy_lrl,13,49392.0,4.0,0.05,35.153742216743375,315,0.9391705836467568,49392.05,1.0,True
00,legacy_lrl,14,49549.0,4.0,0.05,39.55518922492411,344,0.8649900050435816,49549.0,1.2,True
00,legacy_lrl,15,49701.0,4.0,0.05,34.58114620023325,321,0.0,,,True
00,legacy_lrl,16,49891.0,4.0,0.05,56.53198849345993,306,0.9742722679795618,49891.0,1.0,True
00,legacy_lrl,17,49977.0,4.0,0.05,55.89001828743722,321,0.974715510515705,49977.0,1.1,True
00,legacy_lrl,18,50144.0,4.0,0.05,44.69828576602639,283,0.9509834376870081,50143.95,0.9,True
00,legacy_lrl,19,50401.0,4.0,0.05,19.993462513637915,301,0.9731719808329213,50401.0,1.0,True
00,legacy_lrl,0,35974.0,6.0,0.05,11.938637719749703,296,0.9754357045556844,35973.95,1.0,True
00,legacy_lrl,1,36161.0,6.0,0.05,11.922851731071749,302,0.9808764694634422,36161.0,1.0,True
00,legacy_lrl,2,36503.0,6.0,0.05,12.388681105590852,339,0.9418242628612238,36503.1,1.1,True
00,legacy_lrl,3,36666.0,6.0,0.05,11.698738615375738,271,0.9317663790553123,36666.05,0.8,True
00,legacy_lrl,4,36761.0,6.0,0.05,11.259069100019413,339,0.9918180921248916,36761.05,1.1,True
00,legacy_lrl,5,40723.0,6.0,0.05,13.46579601702394,336,0.9837149443800096,40723.05,1.1,True
00,legacy_lrl,6,40856.0,6.0,0.05,12.91458021355867,327,0.8027216773573743,40856.75,1.2,True
00,legacy_lrl,7,41245.0,6.0,0.05,15.970776229792286,338,0.8706504973479524,41245.75,1.2,True
00,legacy_lrl,8,44858.0,6.0,0.05,11.569493414272404,319,0.9736275968490449,44858.05,1.0,True
00,legacy_lrl,9,44934.0,6.0,0.05,11.719414050995866,313,0.9824510920798936,44934.0,1.0,True
00,legacy_lrl,10,45112.0,6.0,0.05,13.330942855271076,332,0.956303339511639,45112.0,1.1,True
00,legacy_lrl,11,45255.0,6.0,0.05,13.114906588582263,341,0.9775760501245822,45255.05,1.1,True
00,legacy_lrl,12,45358.0,6.0,0.05,12.548496836524686,310,0.9796308901784474,45358.0,1.0,True
00,legacy_lrl,13,49392.0,6.0,0.05,35.153742216743375,340,0.963366816533943,49392.1,1.1,True
00,legacy_lrl,14,49549.0,6.0,0.05,39.55518922492411,319,0.9522554607436725,49549.05,1.0,True
00,legacy_lrl,15,49701.0,6.0,0.05,34.58114620023325,344,0.9222613679846065,49700.25,1.1,True
00,legacy_lrl,16,49891.0,6.0,0.05,56.53198849345993,319,0.9812490113793657,49891.05,1.0,True
00,legacy_lrl,17,49977.0,6.0,0.05,55.89001828743722,327,0.9880232594008094,49977.0,1.1,True
00,legacy_lrl,18,50144.0,6.0,0.05,44.69828576602639,294,0.9727607963210193,50143.9,1.0,True
00,legacy_lrl,19,50401.0,6.0,0.05,19.993462513637915,330,0.990553963531748,50401.0,1.1,True
00,legacy_lrl,0,35974.0,2.0,0.15,11.938637719749703,343,0.8593638363461373,35974.05,1.1,True
00,legacy_lrl,1,36161.0,2.0,0.15,11.922851731071749,357,0.9380392576034751,36161.0,1.2,True
00,legacy_lrl,2,36503.0,2.0,0.15,12.388681105590852,278,0.9053577590231955,36502.9,0.9,True
00,legacy_lrl,3,36666.0,2.0,0.15,11.698738615375738,335,0.9264542144506106,36665.95,1.2,True
00,legacy_lrl,4,36761.0,2.0,0.15,11.259069100019413,276,0.9500272228689581,36761.0,0.9,True
00,legacy_lrl,5,40723.0,2.0,0.15,13.46579601702394,313,0.8576613079052926,40722.95,1.1,True
00,legacy_lrl,6,40856.0,2.0,0.15,12.91458021355867,300,0.0,,,True
00,legacy_lrl,7,41245.0,2.0,0.15,15.970776229792286,286,0.6699706775006654,41245.65,1.2,True
00,legacy_lrl,8,44858.0,2.0,0.15,11.569493414272404,303,0.8574776634150929,44858.05,0.9,True
00,legacy_lrl,9,44934.0,2.0,0.15,11.719414050995866,315,0.8686966854537131,44933.95,1.1,True
00,legacy_lrl,10,45112.0,2.0,0.15,13.330942855271076,337,0.647345864748447,45112.15,1.0,True
00,legacy_lrl,11,45255.0,2.0,0.15,13.114906588582263,328,0.8680060342435559,45255.1,1.1,True
00,legacy_lrl,12,45358.0,2.0,0.15,12.548496836524686,336,0.9252428723054518,45358.05,1.1,True
00,legacy_lrl,13,49392.0,2.0,0.15,35.153742216743375,340,0.0,,,True
00,legacy_lrl,14,49549.0,2.0,0.15,39.55518922492411,287,0.7963028621524436,49549.55,1.1,True
00,legacy_lrl,15,49701.0,2.0,0.15,34.58114620023325,338,0.8934603892730176,49700.25,1.1,True
00,legacy_lrl,16,49891.0,2.0,0.15,56.53198849345993,309,0.9148775565046346,49890.9,1.1,True
00,legacy_lrl,17,49977.0,2.0,0.15,55.89001828743722,322,0.878167686736452,49977.05,1.0,True
00,legacy_lrl,18,50144.0,2.0,0.15,44.69828576602639,295,0.9150561399224831,50143.85,1.1,True
00,legacy_lrl,19,50401.0,2.0,0.15,19.993462513637915,277,0.9517190335753314,50400.95,0.9,True
00,legacy_lrl,0,35974.0,4.0,0.15,11.938637719749703,303,0.9743199475490762,35974.0,1.0,True
00,legacy_lrl,1,36161.0,4.0,0.15,11.922851731071749,290,0.9693707539850064,36160.95,1.0,True
00,legacy_lrl,2,36503.0,4.0,0.15,12.388681105590852,317,0.8949967272207232,36503.05,1.0,True
00,legacy_lrl,3,36666.0,4.0,0.15,11.698738615375738,300,0.9183964032779245,36666.05,0.9,True
00,legacy_lrl,4,36761.0,4.0,0.15,11.259069100019413,302,0.97593251502525,36760.95,1.0,True
00,legacy_lrl,5,40723.0,4.0,0.15,13.46579601702394,290,0.9470044075788862,40723.05,0.9,True
00,legacy_lrl,6,40856.0,4.0,0.15,12.91458021355867,340,0.0,,,True
00,legacy_lrl,7,41245.0,4.0,0.15,15.970776229792286,322,0.8647764643028659,41245.65,1.2,True
00,legacy_lrl,8,44858.0,4.0,0.15,11.569493414272404,351,0.9367457958538694,44858.0,1.2,True
00,legacy_lrl,9,44934.0,4.0,0.15,11.719414050995866,304,0.9683814761431508,44934.0,1.0,True
00,legacy_lrl,10,45112.0,4.0,0.15,13.330942855271076,266,0.8926532739565188,45111.9,0.9,True
00,legacy_lrl,11,45255.0,4.0,0.15,13.114906588582263,283,0.8809377869456015,45254.95,0.9,True
00,legacy_lrl,12,45358.0,4.0,0.15,12.548496836524686,294,0.983458111482522,45358.05,0.9,True
00,legacy_lrl,13,49392.0,4.0,0.15,35.153742216743375,286,0.8796147704362813,49392.0,0.9,True
00,legacy_lrl,14,49549.0,4.0,0.15,39.55518922492411,280,0.8107371405440497,49549.45,1.1,True
00,legacy_lrl,15,49701.0,4.0,0.15,34.58114620023325,308,0.7994241410439752,49700.95,1.0,True
00,legacy_lrl,16,49891.0,4.0,0.15,56.53198849345993,287,0.9071587487262412,49890.95,0.9,True
00,legacy_lrl,17,49977.0,4.0,0.15,55.89001828743722,308,0.9733352596985301,49977.0,1.0,True
00,legacy_lrl,18,50144.0,4.0,0.15,44.69828576602639,307,0.9283612866144232,50144.05,1.0,True
00,legacy_lrl,19,50401.0,4.0,0.15,19.993462513637915,302,0.95350103100865,50400.9,1.0,True
00,legacy_lrl,0,35974.0,6.0,0.15,11.938637719749703,327,0.9595972527549975,35974.05,1.1,True
00,legacy_lrl,1,36161.0,6.0,0.15,11.922851731071749,294,0.9600564253517787,36160.95,1.0,True
00,legacy_lrl,2,36503.0,6.0,0.15,12.388681105590852,321,0.9704066336716765,36502.95,1.1,True
00,legacy_lrl,3,36666.0,6.0,0.15,11.698738615375738,275,0.9659255214131907,36665.9,0.9,True
00,legacy_lrl,4,36761.0,6.0,0.15,11.259069100019413,334,0.9690786361886731,36761.1,1.1,True
00,legacy_lrl,5,40723.0,6.0,0.15,13.46579601702394,279,0.9653013424474567,40723.0,0.9,True
00,legacy_lrl,6,40856.0,6.0,0.15,12.91458021355867,341,0.0,,,True
00,legacy_lrl,7,41245.0,6.0,0.15,15.970776229792286,321,0.8482751532600552,41245.05,1.0,True
00,legacy_lrl,8,44858.0,6.0,0.15,11.569493414272404,283,0.954907886220944,44858.0,0.9,True
00,legacy_lrl,9,44934.0,6.0,0.15,11.719414050995866,338,0.9807617508703359,44934.05,1.1,True
00,legacy_lrl,10,45112.0,6.0,0.15,13.330942855271076,275,0.9428568923310683,45111.95,0.9,True
00,legacy_lrl,11,45255.0,6.0,0.15,13.114906588582263,306,0.9438365679646706,45255.0,1.0,True
00,legacy_lrl,12,45358.0,6.0,0.15,12.548496836524686,339,0.9673412718153307,45357.9,1.2,True
00,legacy_lrl,13,49392.0,6.0,0.15,35.153742216743375,294,0.9516836046163065,49391.9,1.0,True
00,legacy_lrl,14,49549.0,6.0,0.15,39.55518922492411,321,0.9364136349349207,49549.0,1.1,True
00,legacy_lrl,15,49701.0,6.0,0.15,34.58114620023325,356,0.9124870275678385,49701.15,1.1,True
00,legacy_lrl,16,49891.0,6.0,0.15,56.53198849345993,335,0.9677838757938204,49891.0,1.1,True
00,legacy_lrl,17,49977.0,6.0,0.15,55.89001828743722,320,0.966190467436784,49976.95,1.1,True
00,legacy_lrl,18,50144.0,6.0,0.15,44.69828576602639,295,0.9606108471351837,50143.95,1.0,True
00,legacy_lrl,19,50401.0,6.0,0.15,19.993462513637915,303,0.9819719856087967,50400.95,1.0,True
00,legacy_lrl,0,35974.0,2.0,0.25,11.938637719749703,313,0.8600602174803771,35973.85,1.1,True
00,legacy_lrl,1,36161.0,2.0,0.25,11.922851731071749,300,0.885553269576115,36160.75,1.1,True
00,legacy_lrl,2,36503.0,2.0,0.25,12.388681105590852,293,0.0,,,True
00,legacy_lrl,3,36666.0,2.0,0.25,11.698738615375738,302,0.7804592876022473,36666.1,0.8,True
00,legacy_lrl,4,36761.0,2.0,0.25,11.259069100019413,301,0.9130627276851065,36761.0,1.0,True
00,legacy_lrl,5,40723.0,2.0,0.25,13.46579601702394,357,0.8680568024691445,40723.0,1.2,True
00,legacy_lrl,6,40856.0,2.0,0.25,12.91458021355867,304,0.0,,,True
00,legacy_lrl,7,41245.0,2.0,0.25,15.970776229792286,330,0.6816320302959032,41244.45,1.0,True
00,legacy_lrl,8,44858.0,2.0,0.25,11.569493414272404,315,0.822600849377981,44858.15,1.0,True
00,legacy_lrl,9,44934.0,2.0,0.25,11.719414050995866,312,0.8469371030972094,44934.0,1.1,True
00,legacy_lrl,10,45112.0,2.0,0.25,13.330942855271076,334,0.7518350230808664,45111.85,1.2,True
00,legacy_lrl,11,45255.0,2.0,0.25,13.114906588582263,307,0.8088588992557711,45254.95,1.0,True
00,legacy_lrl,12,45358.0,2.0,0.25,12.548496836524686,294,0.9083877052323507,45358.05,0.9,True
00,legacy_lrl,13,49392.0,2.0,0.25,35.153742216743375,295,0.8075913131115154,49391.25,1.0,True
00,legacy_lrl,14,49549.0,2.0,0.25,39.55518922492411,306,0.8210229393112991,49549.75,1.0,True
00,legacy_lrl,15,49701.0,2.0,0.25,34.58114620023325,278,0.8318827151125507,49700.45,1.2,True
00,legacy_lrl,16,49891.0,2.0,0.25,56.53198849345993,278,0.8808033820081556,49891.0,0.9,True
00,legacy_lrl,17,49977.0,2.0,0.25,55.89001828743722,282,0.9162669827529979,49976.95,0.9,True
00,legacy_lrl,18,50144.0,2.0,0.25,44.69828576602639,331,0.9074834648769708,50143.3,1.1,True
00,legacy_lrl,19,50401.0,2.0,0.25,19.993462513637915,310,0.9489906656250985,50400.9,1.1,True
00,legacy_lrl,0,35974.0,4.0,0.25,11.938637719749703,338,0.9574404018412636,35974.0,1.1,True
00,legacy_lrl,1,36161.0,4.0,0.25,11.922851731071749,301,0.93339549227787,36160.95,1.1,True
00,legacy_lrl,2,36503.0,4.0,0.25,12.388681105590852,325,0.9326667441297855,36502.85,1.2,True
00,legacy_lrl,3,36666.0,4.0,0.25,11.698738615375738,305,0.9598054626034677,36665.95,1.0,True
00,legacy_lrl,4,36761.0,4.0,0.25,11.259069100019413,329,0.9650875552417649,36761.0,1.1,True
00,legacy_lrl,5,40723.0,4.0,0.25,13.46579601702394,329,0.9358200080811362,40723.1,1.1,True
00,legacy_lrl,6,40856.0,4.0,0.25,12.91458021355867,284,0.5464145456007747,40856.65,0.9,True
00,legacy_lrl,7,41245.0,4.0,0.25,15.970776229792286,279,0.7571626093390977,41244.95,0.9,True
00,legacy_lrl,8,44858.0,4.0,0.25,11.569493414272404,291,0.9199916534257172,44858.0,0.9,True
00,legacy_lrl,9,44934.0,4.0,0.25,11.719414050995866,281,0.9250029434351292,44933.8,1.0,True
00,legacy_lrl,10,45112.0,4.0,0.25,13.330942855271076,321,0.8266119166735464,45112.15,1.0,True
00,legacy_lrl,11,45255.0,4.0,0.25,13.114906588582263,287,0.8782772904429086,45255.1,0.9,True
00,legacy_lrl,12,45358.0,4.0,0.25,12.548496836524686,321,0.9461706181656593,45357.95,1.1,True
00,legacy_lrl,13,49392.0,4.0,0.25,35.153742216743375,253,0.8568721568367093,49391.4,0.8,True
00,legacy_lrl,14,49549.0,4.0,0.25,39.55518922492411,360,0.8913267897189624,49549.0,1.2,True
00,legacy_lrl,15,49701.0,4.0,0.25,34.58114620023325,308,0.9205478554485499,49700.3,1.0,True
00,legacy_lrl,16,49891.0,4.0,0.25,56.53198849345993,283,0.8882167597681867,49891.05,0.8,True
00,legacy_lrl,17,49977.0,4.0,0.25,55.89001828743722,319,0.9702112567301103,49977.0,1.1,True
00,legacy_lrl,18,50144.0,4.0,0.25,44.69828576602639,311,0.9485773750792517,50143.85,1.1,True
00,legacy_lrl,19,50401.0,4.0,0.25,19.993462513637915,301,0.9817964879375007,50400.95,1.0,True
00,legacy_lrl,0,35974.0,6.0,0.25,11.938637719749703,294,0.9641240973105633,35973.95,1.0,True
00,legacy_lrl,1,36161.0,6.0,0.25,11.922851731071749,339,0.9747600797586358,36160.9,1.2,True
00,legacy_lrl,2,36503.0,6.0,0.25,12.388681105590852,291,0.950741911816146,36503.0,0.9,True
00,legacy_lrl,3,36666.0,6.0,0.25,11.698738615375738,301,0.967439641284931,36666.0,1.0,True
00,legacy_lrl,4,36761.0,6.0,0.25,11.259069100019413,275,0.9582299384064634,36761.0,0.9,True
00,legacy_lrl,5,40723.0,6.0,0.25,13.46579601702394,302,0.9780369692503862,40722.95,1.0,True
00,legacy_lrl,6,40856.0,6.0,0.25,12.91458021355867,317,0.7868395385358435,40856.7,1.2,True
00,legacy_lrl,7,41245.0,6.0,0.25,15.970776229792286,291,0.8561053707018411,41245.1,0.9,True
00,legacy_lrl,8,44858.0,6.0,0.25,11.569493414272404,295,0.9033204753746229,44858.1,0.9,True
00,legacy_lrl,9,44934.0,6.0,0.25,11.719414050995866,309,0.9431657467408889,44933.9,1.1,True
00,legacy_lrl,10,45112.0,6.0,0.25,13.330942855271076,326,0.9410673872642379,45112.05,1.0,True
00,legacy_lrl,11,45255.0,6.0,0.25,13.114906588582263,289,0.913204532170861,45254.95,0.9,True
00,legacy_lrl,12,45358.0,6.0,0.25,12.548496836524686,332,0.9396165710545096,45358.1,1.0,True
00,legacy_lrl,13,49392.0,6.0,0.25,35.153742216743375,321,0.9454929553608465,49392.0,1.1,True
00,legacy_lrl,14,49549.0,6.0,0.25,39.55518922492411,310,0.9143049570191896,49549.0,1.0,True
00,legacy_lrl,15,49701.0,6.0,0.25,34.58114620023325,333,0.8481585880032987,49701.1,1.0,True
00,legacy_lrl,16,49891.0,6.0,0.25,56.53198849345993,324,0.9734597765719734,49891.0,1.1,True
00,legacy_lrl,17,49977.0,6.0,0.25,55.89001828743722,350,0.9625629506418101,49976.95,1.2,True
00,legacy_lrl,18,50144.0,6.0,0.25,44.69828576602639,290,0.9146140187155409,50144.2,0.8,True
00,legacy_lrl,19,50401.0,6.0,0.25,19.993462513637915,317,0.9778692823805939,50400.95,1.1,True
00,legacy_lrlr,0,35974.0,2.0,0.05,11.938637719749703,379,0.8984947708482449,35974.0,1.0,True
00,legacy_lrlr,1,36161.0,2.0,0.05,11.922851731071749,423,0.9115050595444701,36161.1,1.1,True
00,legacy_lrlr,2,36503.0,2.0,0.05,12.388681105590852,353,0.9050822070504764,36502.9,1.0,True
00,legacy_lrlr,3,36666.0,2.0,0.05,11.698738615375738,391,0.9232730017762715,36665.9,1.1,True
00,legacy_lrlr,4,36761.0,2.0,0.05,11.259069100019413,389,0.9381565569303282,36761.05,1.0,True
00,legacy_lrlr,5,40723.0,2.0,0.05,13.46579601702394,402,0.8286331718854837,40723.0,1.1,True
00,legacy_lrlr,6,40856.0,2.0,0.05,12.91458021355867,419,0.5988741220910675,40855.95,1.2,True
00,legacy_lrlr,7,41245.0,2.0,0.05,15.970776229792286,400,0.7177106915286184,41245.0,1.1,True
00,legacy_lrlr,8,44858.0,2.0,0.05,11.569493414272404,363,0.8604039240688068,44857.95,1.0,True
00,legacy_lrlr,9,44934.0,2.0,0.05,11.719414050995866,355,0.8894337344663693,44934.0,0.9,True
00,legacy_lrlr,10,45112.0,2.0,0.05,13.330942855271076,344,0.8163004071169245,45112.65,0.9,True
00,legacy_lrlr,11,45255.0,2.0,0.05,13.114906588582263,365,0.7906250810619426,45255.1,0.9,True
00,legacy_lrlr,12,45358.0,2.0,0.05,12.548496836524686,411,0.9506619727558588,45358.0,1.1,True
00,legacy_lrlr,13,49392.0,2.0,0.05,35.153742216743375,381,0.8074841951531776,49392.05,1.0,True
00,legacy_lrlr,14,49549.0,2.0,0.05,39.55518922492411,354,0.7676924924259748,49549.05,0.9,True
00,legacy_lrlr,15,49701.0,2.0,0.05,34.58114620023325,342,0.8367921600280968,49701.6,0.9,True
00,legacy_lrlr,16,49891.0,2.0,0.05,56.53198849345993,423,0.8771646519345879,49891.1,1.1,True
00,legacy_lrlr,17,49977.0,2.0,0.05,55.89001828743722,350,0.8594192728807726,49977.0,0.9,True
00,legacy_lrlr,18,50144.0,2.0,0.05,44.69828576602639,411,0.8513417830153915,50144.0,1.1,True
00,legacy_lrlr,19,50401.0,2.0,0.05,19.993462513637915,412,0.9526346361877076,50401.05,1.1,True
00,legacy_lrlr,0,35974.0,4.0,0.05,11.938637719749703,376,0.9632181468282232,35974.0,1.0,True
00,legacy_lrlr,1,36161.0,4.0,0.05,11.922851731071749,380,0.962889171839507,36161.0,1.0,True
00,legacy_lrlr,2,36503.0,4.0,0.05,12.388681105590852,398,0.950109988605596,36502.95,1.1,True
00,legacy_lrlr,3,36666.0,4.0,0.05,11.698738615375738,415,0.9764537393367442,36666.05,1.1,True
00,legacy_lrlr,4,36761.0,4.0,0.05,11.259069100019413,423,0.962682377997423,36761.1,1.1,True
00,legacy_lrlr,5,40723.0,4.0,0.05,13.46579601702394,349,0.9589939989443734,40723.0,0.9,True
00,legacy_lrlr,6,40856.0,4.0,0.05,12.91458021355867,414,0.6974790544702685,40856.25,0.9,True
00,legacy_lrlr,7,41245.0,4.0,0.05,15.970776229792286,399,0.7652245335253709,41245.05,1.0,True
00,legacy_lrlr,8,44858.0,4.0,0.05,11.569493414272404,352,0.9292536032097823,44858.05,0.9,True
00,legacy_lrlr,9,44934.0,4.0,0.05,11.719414050995866,389,0.9457919229926017,44934.05,1.0,True
00,legacy_lrlr,10,45112.0,4.0,0.05,13.330942855271076,405,0.0,,,True
00,legacy_lrlr,11,45255.0,4.0,0.05,13.114906588582263,379,0.920498616363861,45255.0,1.0,True
00,legacy_lrlr,12,45358.0,4.0,0.05,12.548496836524686,368,0.9554488414806611,45357.95,1.0,True
00,legacy_lrlr,13,49392.0,4.0,0.05,35.153742216743375,405,0.92382871107883,49392.0,1.1,True
00,legacy_lrlr,14,49549.0,4.0,0.05,39.55518922492411,393,0.9343068448561265,49549.1,1.0,True
00,legacy_lrlr,15,49701.0,4.0,0.05,34.58114620023325,357,0.9039730620803076,49701.65,0.9,True
00,legacy_lrlr,16,49891.0,4.0,0.05,56.53198849345993,400,0.9447706261694218,49891.0,1.1,True
00,legacy_lrlr,17,49977.0,4.0,0.05,55.89001828743722,346,0.9571097760139718,49977.0,0.9,True
00,legacy_lrlr,18,50144.0,4.0,0.05,44.69828576602639,358,0.9518383295157588,50144.05,0.9,True
00,legacy_lrlr,19,50401.0,4.0,0.05,19.993462513637915,344,0.9791820895663422,50400.95,0.9,True
00,legacy_lrlr,0,35974.0,6.0,0.05,11.938637719749703,364,0.9716551876496976,35973.95,1.0,True
00,legacy_lrlr,1,36161.0,6.0,0.05,11.922851731071749,338,0.9642397274753803,36160.95,0.9,True
00,legacy_lrlr,2,36503.0,6.0,0.05,12.388681105590852,384,0.9708608289713302,36503.05,1.0,True
00,legacy_lrlr,3,36666.0,6.0,0.05,11.698738615375738,394,0.9582160521316959,36665.95,1.1,True
00,legacy_lrlr,4,36761.0,6.0,0.05,11.259069100019413,351,0.9745803516750003,36761.0,0.9,True
00,legacy_lrlr,5,40723.0,6.0,0.05,13.46579601702394,371,0.9852063661280334,40722.95,1.0,True
00,legacy_lrlr,6,40856.0,6.0,0.05,12.91458021355867,383,0.7895334128697842,40855.3,1.0,True
00,legacy_lrlr,7,41245.0,6.0,0.05,15.970776229792286,349,0.9037045808156968,41244.35,0.9,True
00,legacy_lrlr,8,44858.0,6.0,0.05,11.569493414272404,404,0.9699168627944111,44858.0,1.1,True
00,legacy_lrlr,9,44934.0,6.0,0.05,11.719414050995866,421,0.9541880572767037,44934.1,1.1,True
00,legacy_lrlr,10,45112.0,6.0,0.05,13.330942855271076,345,0.9364153154920495,45111.95,0.9,True
00,legacy_lrlr,11,45255.0,6.0,0.05,13.114906588582263,371,0.9551604388762558,45254.95,1.0,True
00,legacy_lrlr,12,45358.0,6.0,0.05,12.548496836524686,367,0.9789863973840246,45357.95,1.0,True
00,legacy_lrlr,13,49392.0,6.0,0.05,35.153742216743375,355,0.9421380766317617,49392.0,0.9,True
00,legacy_lrlr,14,49549.0,6.0,0.05,39.55518922492411,383,0.9508885544429722,49549.0,1.0,True
00,legacy_lrlr,15,49701.0,6.0,0.05,34.58114620023325,414,0.9488756473271224,49701.05,1.1,True
00,legacy_lrlr,16,49891.0,6.0,0.05,56.53198849345993,414,0.9868318136781049,49891.05,1.1,True
00,legacy_lrlr,17,49977.0,6.0,0.05,55.89001828743722,418,0.981150189244435,49977.05,1.1,True
00,legacy_lrlr,18,50144.0,6.0,0.05,44.69828576602639,400,0.9633858100919664,50144.0,1.1,True
00,legacy_lrlr,19,50401.0,6.0,0.05,19.993462513637915,418,0.9764256918014577,50401.05,1.1,True
00,legacy_lrlr,0,35974.0,2.0,0.15,11.938637719749703,390,0.8898191594785012,35973.9,1.1,True
00,legacy_lrlr,1,36161.0,2.0,0.15,11.922851731071749,372,0.8934745771348285,36160.95,1.0,True
00,legacy_lrlr,2,36503.0,2.0,0.15,12.388681105590852,374,0.0,,,True
00,legacy_lrlr,3,36666.0,2.0,0.15,11.698738615375738,409,0.8815028741732999,36666.2,1.0,True
00,legacy_lrlr,4,36761.0,2.0,0.15,11.259069100019413,357,0.9264814466204045,36761.0,0.9,True
00,legacy_lrlr,5,40723.0,2.0,0.15,13.46579601702394,430,0.8814129096067287,40723.15,1.1,True
00,legacy_lrlr,6,40856.0,2.0,0.15,12.91458021355867,403,0.5649352879253374,40856.35,0.8,True
00,legacy_lrlr,7,41245.0,2.0,0.15,15.970776229792286,358,0.7139022852905108,41245.7,0.9,True
00,legacy_lrlr,8,44858.0,2.0,0.15,11.569493414272404,413,0.8960884378424396,44858.75,1.1,True
00,legacy_lrlr,9,44934.0,2.0,0.15,11.719414050995866,347,0.8628809306675591,44933.95,0.9,True
00,legacy_lrlr,10,45112.0,2.0,0.15,13.330942855271076,378,0.6938111583911418,45112.0,1.0,True
00,legacy_lrlr,11,45255.0,2.0,0.15,13.114906588582263,374,0.7492923397165706,45255.15,0.9,True
00,legacy_lrlr,12,45358.0,2.0,0.15,12.548496836524686,363,0.9070202149307097,45357.95,1.0,True
00,legacy_lrlr,13,49392.0,2.0,0.15,35.153742216743375,434,0.0,,,True
00,legacy_lrlr,14,49549.0,2.0,0.15,39.55518922492411,391,0.8304659588492955,49549.1,1.0,True
00,legacy_lrlr,15,49701.0,2.0,0.15,34.58114620023325,389,0.6817991048850841,49700.3,1.0,True
00,legacy_lrlr,16,49891.0,2.0,0.15,56.53198849345993,374,0.9025554543326807,49891.1,0.9,True
00,legacy_lrlr,17,49977.0,2.0,0.15,55.89001828743722,401,0.8924131151669421,49976.95,1.1,True
00,legacy_lrlr,18,50144.0,2.0,0.15,44.69828576602639,386,0.8983814303796929,50143.9,1.1,True
00,legacy_lrlr,19,50401.0,2.0,0.15,19.993462513637915,358,0.9249494834934961,50400.95,1.0,True
00,legacy_lrlr,0,35974.0,4.0,0.15,11.938637719749703,418,0.953470904628242,35974.1,1.1,True
00,legacy_lrlr,1,36161.0,4.0,0.15,11.922851731071749,412,0.9471325158502063,36161.05,1.1,True
00,legacy_lrlr,2,36503.0,4.0,0.15,12.388681105590852,360,0.9447992013767654,36503.05,0.9,True
00,legacy_lrlr,3,36666.0,4.0,0.15,11.698738615375738,381,0.9518854888841775,36666.0,1.0,True
00,legacy_lrlr,4,36761.0,4.0,0.15,11.259069100019413,410,0.9579632042226406,36761.05,1.1,True
00,legacy_lrlr,5,40723.0,4.0,0.15,13.46579601702394,403,0.9406010962633476,40723.0,1.1,True
00,legacy_lrlr,6,40856.0,4.0,0.15,12.91458021355867,398,0.6993486550137492,40855.85,1.2,True
00,legacy_lrlr,7,41245.0,4.0,0.15,15.970776229792286,403,0.8594545208272022,41245.05,1.1,True
00,legacy_lrlr,8,44858.0,4.0,0.15,11.569493414272404,354,0.9595317528822647,44857.85,1.0,True
00,legacy_lrlr,9,44934.0,4.0,0.15,11.719414050995866,351,0.9481778905637783,44934.0,0.9,True
00,legacy_lrlr,10,45112.0,4.0,0.15,13.330942855271076,335,0.8628271929675525,45111.85,0.9,True
00,legacy_lrlr,11,45255.0,4.0,0.15,13.114906588582263,379,0.9134306728339089,45255.0,1.0,True
00,legacy_lrlr,12,45358.0,4.0,0.15,12.548496836524686,431,0.951825685472016,45358.1,1.1,True
00,legacy_lrlr,13,49392.0,4.0,0.15,35.153742216743375,388,0.9268216103245137,49392.1,1.0,True
00,legacy_lrlr,14,49549.0,4.0,0.15,39.55518922492411,398,0.8526891331003597,49549.0,1.1,True
00,legacy_lrlr,15,49701.0,4.0,0.15,34.58114620023325,371,0.8805163305799687,49701.65,1.0,True
00,legacy_lrlr,16,49891.0,4.0,0.15,56.53198849345993,420,0.9687657137835877,49891.05,1.1,True
00,legacy_lrlr,17,49977.0,4.0,0.15,55.89001828743722,384,0.9677506239863818,49977.05,1.0,True
00,legacy_lrlr,18,50144.0,4.0,0.15,44.69828576602639,376,0.9448546223748284,50144.0,1.0,True
00,legacy_lrlr,19,50401.0,4.0,0.15,19.993462513637915,379,0.9794892315575651,50401.0,1.0,True
00,legacy_lrlr,0,35974.0,6.0,0.15,11.938637719749703,414,0.9677297084023548,35974.0,1.1,True
00,legacy_lrlr,1,36161.0,6.0,0.15,11.922851731071749,384,0.9645432263879422,36161.05,1.0,True
00,legacy_lrlr,2,36503.0,6.0,0.15,12.388681105590852,412,0.957140190162214,36503.05,1.1,True
00,legacy_lrlr,3,36666.0,6.0,0.15,11.698738615375738,396,0.9477388509895962,36666.15,1.0,True
00,legacy_lrlr,4,36761.0,6.0,0.15,11.259069100019413,366,0.983957071176239,36760.95,1.0,True
00,legacy_lrlr,5,40723.0,6.0,0.15,13.46579601702394,334,0.9421630960571433,40722.9,0.9,True
00,legacy_lrlr,6,40856.0,6.0,0.15,12.91458021355867,362,0.7885020858651818,40855.35,0.9,True
00,legacy_lrlr,7,41245.0,6.0,0.15,15.970776229792286,346,0.8774367534481893,41244.85,1.0,True
00,legacy_lrlr,8,44858.0,6.0,0.15,11.569493414272404,392,0.9467524503809512,44858.05,1.0,True
00,legacy_lrlr,9,44934.0,6.0,0.15,11.719414050995866,405,0.9800371117621237,44934.0,1.1,True
00,legacy_lrlr,10,45112.0,6.0,0.15,13.330942855271076,415,0.9421074391006179,45112.05,1.1,True
00,legacy_lrlr,11,45255.0,6.0,0.15,13.114906588582263,402,0.9634695321062174,45254.95,1.1,True
00,legacy_lrlr,12,45358.0,6.0,0.15,12.548496836524686,360,0.963749630400022,45358.1,0.9,True
00,legacy_lrlr,13,49392.0,6.0,0.15,35.153742216743375,349,0.9035191378810088,49392.0,0.9,True
00,legacy_lrlr,14,49549.0,6.0,0.15,39.55518922492411,356,0.9175818468931243,49549.05,0.9,True
00,legacy_lrlr,15,49701.0,6.0,0.15,34.58114620023325,376,0.8894491438265152,49701.05,1.0,True
00,legacy_lrlr,16,49891.0,6.0,0.15,56.53198849345993,411,0.9618550513386592,49891.0,1.1,True
00,legacy_lrlr,17,49977.0,6.0,0.15,55.89001828743722,342,0.9591694004953469,49976.95,0.9,True
00,legacy_lrlr,18,50144.0,6.0,0.15,44.69828576602639,380,0.9707168012986291,50144.0,1.0,True
00,legacy_lrlr,19,50401.0,6.0,0.15,19.993462513637915,355,0.9730725859023867,50401.05,0.9,True
00,legacy_lrlr,0,35974.0,2.0,0.25,11.938637719749703,408,0.8815764294170522,35974.05,1.0,True
00,legacy_lrlr,1,36161.0,2.0,0.25,11.922851731071749,366,0.8980577429598139,36160.95,1.0,True
00,legacy_lrlr,2,36503.0,2.0,0.25,12.388681105590852,363,0.0,,,True
00,legacy_lrlr,3,36666.0,2.0,0.25,11.698738615375738,398,0.8557832769090689,36666.05,1.0,True
00,legacy_lrlr,4,36761.0,2.0,0.25,11.259069100019413,379,0.882861017330223,36760.95,1.0,True
00,legacy_lrlr,5,40723.0,2.0,0.25,13.46579601702394,426,0.888799765074758,40722.95,1.2,True
00,legacy_lrlr,6,40856.0,2.0,0.25,12.91458021355867,343,0.0,,,True
00,legacy_lrlr,7,41245.0,2.0,0.25,15.970776229792286,391,0.718203113596083,41245.05,1.1,True
00,legacy_lrlr,8,44858.0,2.0,0.25,11.569493414272404,370,0.0,,,True
00,legacy_lrlr,9,44934.0,2.0,0.25,11.719414050995866,340,0.8560201425999313,44933.9,0.9,True
00,legacy_lrlr,10,45112.0,2.0,0.25,13.330942855271076,360,0.7068555734978444,45112.3,0.8,True
00,legacy_lrlr,11,45255.0,2.0,0.25,13.114906588582263,341,0.8154449055756947,45255.3,0.8,True
00,legacy_lrlr,12,45358.0,2.0,0.25,12.548496836524686,353,0.947790411574769,45358.0,0.9,True
00,legacy_lrlr,13,49392.0,2.0,0.25,35.153742216743375,340,0.7275005602701042,49392.45,1.0,True
00,legacy_lrlr,14,49549.0,2.0,0.25,39.55518922492411,392,0.791910178745508,49549.1,1.0,True
00,legacy_lrlr,15,49701.0,2.0,0.25,34.58114620023325,359,0.7192349829680262,49700.4,0.9,True
00,legacy_lrlr,16,49891.0,2.0,0.25,56.53198849345993,393,0.8275488500384949,49891.15,0.9,True
00,legacy_lrlr,17,49977.0,2.0,0.25,55.89001828743722,406,0.8761854989406255,49976.85,1.2,True
00,legacy_lrlr,18,50144.0,2.0,0.25,44.69828576602639,418,0.0,,,True
00,legacy_lrlr,19,50401.0,2.0,0.25,19.993462513637915,409,0.9440063284859437,50400.95,1.1,True
00,legacy_lrlr,0,35974.0,4.0,0.25,11.938637719749703,428,0.9454186040833158,35974.0,1.2,True
00,legacy_lrlr,1,36161.0,4.0,0.25,11.922851731071749,422,0.9523426633717348,36160.95,1.1,True
00,legacy_lrlr,2,36503.0,4.0,0.25,12.388681105590852,404,0.9137856080077646,36502.75,1.2,True
00,legacy_lrlr,3,36666.0,4.0,0.25,11.698738615375738,400,0.9589496928556722,36665.95,1.1,True
00,legacy_lrlr,4,36761.0,4.0,0.25,11.259069100019413,366,0.9495421947019073,36761.1,0.9,True
00,legacy_lrlr,5,40723.0,4.0,0.25,13.46579601702394,378,0.9074253203413543,40722.9,1.1,True
00,legacy_lrlr,6,40856.0,4.0,0.25,12.91458021355867,403,0.7231101586501072,40856.25,0.9,True
00,legacy_lrlr,7,41245.0,4.0,0.25,15.970776229792286,367,0.7988399567448816,41244.9,1.0,True
00,legacy_lrlr,8,44858.0,4.0,0.25,11.569493414272404,354,0.9143067525567498,44857.95,1.0,True
00,legacy_lrlr,9,44934.0,4.0,0.25,11.719414050995866,362,0.9187967705871749,44934.0,0.9,True
00,legacy_lrlr,10,45112.0,4.0,0.25,13.330942855271076,337,0.8377615553545009,45112.45,1.0,True
00,legacy_lrlr,11,45255.0,4.0,0.25,13.114906588582263,372,0.924049906263734,45255.0,1.0,True
00,legacy_lrlr,12,45358.0,4.0,0.25,12.548496836524686,379,0.9209152438938221,45358.25,0.9,True
00,legacy_lrlr,13,49392.0,4.0,0.25,35.153742216743375,344,0.9047565053009509,49392.0,0.9,True
00,legacy_lrlr,14,49549.0,4.0,0.25,39.55518922492411,336,0.8808675334347981,49549.0,0.8,True
00,legacy_lrlr,15,49701.0,4.0,0.25,34.58114620023325,420,0.8420268224122862,49701.1,1.1,True
00,legacy_lrlr,16,49891.0,4.0,0.25,56.53198849345993,408,0.9555833822393646,49891.05,1.1,True
00,legacy_lrlr,17,49977.0,4.0,0.25,55.89001828743722,411,0.9686343146885035,49977.0,1.1,True
00,legacy_lrlr,18,50144.0,4.0,0.25,44.69828576602639,366,0.9367968726106379,50143.9,1.0,True
00,legacy_lrlr,19,50401.0,4.0,0.25,19.993462513637915,381,0.9749374381882955,50401.1,1.0,True
00,legacy_lrlr,0,35974.0,6.0,0.25,11.938637719749703,417,0.9665958350127151,35974.05,1.1,True
00,legacy_lrlr,1,36161.0,6.0,0.25,11.922851731071749,353,0.9548625437789431,36161.1,0.9,True
00,legacy_lrlr,2,36503.0,6.0,0.25,12.388681105590852,408,0.9310478503609715,36503.1,1.1,True
00,legacy_lrlr,3,36666.0,6.0,0.25,11.698738615375738,384,0.9352064553977226,36665.85,1.1,True
00,legacy_lrlr,4,36761.0,6.0,0.25,11.259069100019413,437,0.9677987050835727,36761.05,1.2,True
00,legacy_lrlr,5,40723.0,6.0,0.25,13.46579601702394,364,0.9334612807369312,40722.95,1.0,True
00,legacy_lrlr,6,40856.0,6.0,0.25,12.91458021355867,413,0.8260044675017449,40856.15,1.0,True
00,legacy_lrlr,7,41245.0,6.0,0.25,15.970776229792286,427,0.9026535444448699,41245.05,1.2,True
00,legacy_lrlr,8,44858.0,6.0,0.25,11.569493414272404,349,0.9688075606191296,44858.05,0.9,True
00,legacy_lrlr,9,44934.0,6.0,0.25,11.719414050995866,354,0.9779731104805662,44934.0,0.9,True
00,legacy_lrlr,10,45112.0,6.0,0.25,13.330942855271076,367,0.8982132188246336,45112.15,0.9,True
00,legacy_lrlr,11,45255.0,6.0,0.25,13.114906588582263,381,0.9111482311253357,45255.1,1.0,True
00,legacy_lrlr,12,45358.0,6.0,0.25,12.548496836524686,346,0.9349748756128992,45357.9,0.9,True
00,legacy_lrlr,13,49392.0,6.0,0.25,35.153742216743375,339,0.930006881527553,49391.9,0.9,True
00,legacy_lrlr,14,49549.0,6.0,0.25,39.55518922492411,382,0.9362799447268056,49549.05,1.0,True
00,legacy_lrlr,15,49701.0,6.0,0.25,34.58114620023325,376,0.5526747037132557,49700.55,0.9,True
00,legacy_lrlr,16,49891.0,6.0,0.25,56.53198849345993,329,0.9302319809108603,49891.0,0.8,True
00,legacy_lrlr,17,49977.0,6.0,0.25,55.89001828743722,372,0.9441897202553158,49977.05,0.9,True
00,legacy_lrlr,18,50144.0,6.0,0.25,44.69828576602639,323,0.9005727936646535,50143.85,0.9,True
00,legacy_lrlr,19,50401.0,6.0,0.25,19.993462513637915,346,0.9419192894078405,50400.9,0.9,True
00,legacy_lrlrlr,0,35974.0,2.0,0.05,11.938637719749703,546,0.848122554130231,35973.95,1.1,True
00,legacy_lrlrlr,1,36161.0,2.0,0.05,11.922851731071749,575,0.8680819080768858,36161.1,1.1,True
00,legacy_lrlrlr,2,36503.0,2.0,0.05,12.388681105590852,524,0.7272309673226663,36503.05,1.0,True
00,legacy_lrlrlr,3,36666.0,2.0,0.05,11.698738615375738,535,0.8748920383798516,36666.1,1.0,True
00,legacy_lrlrlr,4,36761.0,2.0,0.05,11.259069100019413,494,0.9164530399476205,36761.1,0.9,True
00,legacy_lrlrlr,5,40723.0,2.0,0.05,13.46579601702394,490,0.8241698726647436,40723.05,0.9,True
00,legacy_lrlrlr,6,40856.0,2.0,0.05,12.91458021355867,585,0.0,,,True
00,legacy_lrlrlr,7,41245.0,2.0,0.05,15.970776229792286,518,0.6674110311143356,41245.0,1.0,True
00,legacy_lrlrlr,8,44858.0,2.0,0.05,11.569493414272404,552,0.8277429447101706,44857.95,1.1,True
00,legacy_lrlrlr,9,44934.0,2.0,0.05,11.719414050995866,508,0.8826180742296807,44933.95,1.0,True
00,legacy_lrlrlr,10,45112.0,2.0,0.05,13.330942855271076,538,0.7244540942563895,45111.9,1.1,True
00,legacy_lrlrlr,11,45255.0,2.0,0.05,13.114906588582263,546,0.8496676477574252,45255.7,1.1,True
00,legacy_lrlrlr,12,45358.0,2.0,0.05,12.548496836524686,521,0.9248538093283349,45358.0,1.0,True
00,legacy_lrlrlr,13,49392.0,2.0,0.05,35.153742216743375,521,0.8347377841320951,49392.0,1.0,True
00,legacy_lrlrlr,14,49549.0,2.0,0.05,39.55518922492411,462,0.7824636953273065,49548.9,0.9,True
00,legacy_lrlrlr,15,49701.0,2.0,0.05,34.58114620023325,574,0.8123425924661314,49700.3,1.1,True
00,legacy_lrlrlr,16,49891.0,2.0,0.05,56.53198849345993,479,0.9231234021685814,49890.35,0.9,True
00,legacy_lrlrlr,17,49977.0,2.0,0.05,55.89001828743722,494,0.8761164369510678,49977.05,0.9,True
00,legacy_lrlrlr,18,50144.0,2.0,0.05,44.69828576602639,513,0.8641804799902539,50143.25,1.0,True
00,legacy_lrlrlr,19,50401.0,2.0,0.05,19.993462513637915,502,0.9552075844689741,50400.95,1.0,True
00,legacy_lrlrlr,0,35974.0,4.0,0.05,11.938637719749703,528,0.9380392627170556,35974.1,1.0,True
00,legacy_lrlrlr,1,36161.0,4.0,0.05,11.922851731071749,524,0.9657516513973776,36161.05,1.0,True
00,legacy_lrlrlr,2,36503.0,4.0,0.05,12.388681105590852,497,0.9145311788640815,36503.1,0.9,True
00,legacy_lrlrlr,3,36666.0,4.0,0.05,11.698738615375738,586,0.9419851380569302,36666.15,1.1,True
00,legacy_lrlrlr,4,36761.0,4.0,0.05,11.259069100019413,482,0.9713426610648903,36761.0,0.9,True
00,legacy_lrlrlr,5,40723.0,4.0,0.05,13.46579601702394,491,0.9027512887570864,40723.05,0.9,True
00,legacy_lrlrlr,6,40856.0,4.0,0.05,12.91458021355867,480,0.6384339799809914,40856.65,0.9,True
00,legacy_lrlrlr,7,41245.0,4.0,0.05,15.970776229792286,557,0.8199549629005453,41245.0,1.1,True
00,legacy_lrlrlr,8,44858.0,4.0,0.05,11.569493414272404,503,0.9394025325272347,44857.95,1.0,True
00,legacy_lrlrlr,9,44934.0,4.0,0.05,11.719414050995866,555,0.9559348015109416,44934.0,1.1,True
00,legacy_lrlrlr,10,45112.0,4.0,0.05,13.330942855271076,555,0.89965165989198,45111.95,1.1,True
00,legacy_lrlrlr,11,45255.0,4.0,0.05,13.114906588582263,488,0.9182398946923463,45255.0,0.9,True
00,legacy_lrlrlr,12,45358.0,4.0,0.05,12.548496836524686,573,0.9754772722888374,45358.05,1.1,True
00,legacy_lrlrlr,13,49392.0,4.0,0.05,35.153742216743375,561,0.9164517794079182,49392.0,1.1,True
00,legacy_lrlrlr,14,49549.0,4.0,0.05,39.55518922492411,520,0.9210481749830102,49549.05,1.0,True
00,legacy_lrlrlr,15,49701.0,4.0,0.05,34.58114620023325,481,0.8115744837609479,49701.0,0.9,True
00,legacy_lrlrlr,16,49891.0,4.0,0.05,56.53198849345993,591,0.9309531838708465,49890.95,1.2,True
00,legacy_lrlrlr,17,49977.0,4.0,0.05,55.89001828743722,473,0.9617955407476414,49976.95,0.9,True
00,legacy_lrlrlr,18,50144.0,4.0,0.05,44.69828576602639,463,0.9303413828054328,50143.95,0.9,True
00,legacy_lrlrlr,19,50401.0,4.0,0.05,19.993462513637915,534,0.9352440700413803,50401.1,1.0,True
00,legacy_lrlrlr,0,35974.0,6.0,0.05,11.938637719749703,503,0.9578206063972989,35973.95,1.0,True
00,legacy_lrlrlr,1,36161.0,6.0,0.05,11.922851731071749,586,0.9463479555811453,36160.9,1.2,True
00,legacy_lrlrlr,2,36503.0,6.0,0.05,12.388681105590852,513,0.9752963601102725,36503.0,1.0,True
00,legacy_lrlrlr,3,36666.0,6.0,0.05,11.698738615375738,550,0.9403518368787702,36665.95,1.1,True
00,legacy_lrlrlr,4,36761.0,6.0,0.05,11.259069100019413,480,0.9628493699324698,36761.0,0.9,True
00,legacy_lrlrlr,5,40723.0,6.0,0.05,13.46579601702394,566,0.9714451993480842,40723.05,1.1,True
00,legacy_lrlrlr,6,40856.0,6.0,0.05,12.91458021355867,532,0.0,,,True
00,legacy_lrlrlr,7,41245.0,6.0,0.05,15.970776229792286,546,0.8574316858125064,41245.0,1.1,True
00,legacy_lrlrlr,8,44858.0,6.0,0.05,11.569493414272404,456,0.9137324143439662,44857.9,0.9,True
00,legacy_lrlrlr,9,44934.0,6.0,0.05,11.719414050995866,547,0.9612248656035774,44933.95,1.1,True
00,legacy_lrlrlr,10,45112.0,6.0,0.05,13.330942855271076,527,0.9092390814812645,45112.05,1.0,True
00,legacy_lrlrlr,11,45255.0,6.0,0.05,13.114906588582263,549,0.9540628855254966,45254.95,1.1,True
00,legacy_lrlrlr,12,45358.0,6.0,0.05,12.548496836524686,513,0.9793672241180437,45358.0,1.0,True
00,legacy_lrlrlr,13,49392.0,6.0,0.05,35.153742216743375,502,0.926320313870258,49391.9,1.0,True
00,legacy_lrlrlr,14,49549.0,6.0,0.05,39.55518922492411,549,0.9496252074588148,49548.95,1.1,True
00,legacy_lrlrlr,15,49701.0,6.0,0.05,34.58114620023325,506,0.9135607357199832,49700.95,1.0,True
00,legacy_lrlrlr,16,49891.0,6.0,0.05,56.53198849345993,559,0.9860527761995324,49891.0,1.1,True
00,legacy_lrlrlr,17,49977.0,6.0,0.05,55.89001828743722,507,0.9799472109558885,49976.95,1.0,True
00,legacy_lrlrlr,18,50144.0,6.0,0.05,44.69828576602639,507,0.961029009012929,50143.95,1.0,True
00,legacy_lrlrlr,19,50401.0,6.0,0.05,19.993462513637915,546,0.9594204793027872,50400.95,1.1,True
00,legacy_lrlrlr,0,35974.0,2.0,0.15,11.938637719749703,519,0.8760961941370048,35973.95,1.0,True
00,legacy_lrlrlr,1,36161.0,2.0,0.15,11.922851731071749,558,0.8852049476189876,36160.95,1.1,True
00,legacy_lrlrlr,2,36503.0,2.0,0.15,12.388681105590852,531,0.8649628663449407,36502.85,1.1,True
00,legacy_lrlrlr,3,36666.0,2.0,0.15,11.698738615375738,490,0.8660349264095725,36666.05,0.9,True
00,legacy_lrlrlr,4,36761.0,2.0,0.15,11.259069100019413,510,0.9102194812605717,36760.9,1.0,True
00,legacy_lrlrlr,5,40723.0,2.0,0.15,13.46579601702394,471,0.8554526404406646,40722.95,0.9,True
00,legacy_lrlrlr,6,40856.0,2.0,0.15,12.91458021355867,500,0.5776178338461286,40856.2,0.9,True
00,legacy_lrlrlr,7,41245.0,2.0,0.15,15.970776229792286,516,0.0,,,True
00,legacy_lrlrlr,8,44858.0,2.0,0.15,11.569493414272404,522,0.8038295078019836,44857.95,1.0,True
00,legacy_lrlrlr,9,44934.0,2.0,0.15,11.719414050995866,492,0.889515841430098,44933.85,1.0,True
00,legacy_lrlrlr,10,45112.0,2.0,0.15,13.330942855271076,460,0.6694419909592686,45111.9,0.9,True
00,legacy_lrlrlr,11,45255.0,2.0,0.15,13.114906588582263,478,0.823837382963006,45255.0,0.9,True
00,legacy_lrlrlr,12,45358.0,2.0,0.15,12.548496836524686,538,0.8851507166622943,45358.1,1.0,True
00,legacy_lrlrlr,13,49392.0,2.0,0.15,35.153742216743375,492,0.8159387737752746,49392.05,0.9,True
00,legacy_lrlrlr,14,49549.0,2.0,0.15,39.55518922492411,503,0.6959105948869471,49549.1,0.9,True
00,legacy_lrlrlr,15,49701.0,2.0,0.15,34.58114620023325,536,0.6935581195991432,49701.55,1.1,True
00,legacy_lrlrlr,16,49891.0,2.0,0.15,56.53198849345993,485,0.885412072958206,49890.4,0.9,True
00,legacy_lrlrlr,17,49977.0,2.0,0.15,55.89001828743722,525,0.891171837526707,49977.0,1.0,True
00,legacy_lrlrlr,18,50144.0,2.0,0.15,44.69828576602639,500,0.8485894108938322,50144.1,0.9,True
00,legacy_lrlrlr,19,50401.0,2.0,0.15,19.993462513637915,476,0.9524271623374297,50401.05,0.9,True
00,legacy_lrlrlr,0,35974.0,4.0,0.15,11.938637719749703,495,0.9327414041874861,35973.9,1.0,True
00,legacy_lrlrlr,1,36161.0,4.0,0.15,11.922851731071749,491,0.9124884192711153,36160.85,1.0,True
00,legacy_lrlrlr,2,36503.0,4.0,0.15,12.388681105590852,523,0.902448070155556,36503.05,1.0,True
00,legacy_lrlrlr,3,36666.0,4.0,0.15,11.698738615375738,554,0.9288620265104485,36666.0,1.1,True
00,legacy_lrlrlr,4,36761.0,4.0,0.15,11.259069100019413,519,0.9474888207120681,36761.0,1.0,True
00,legacy_lrlrlr,5,40723.0,4.0,0.15,13.46579601702394,489,0.8948809881159655,40723.05,0.9,True
00,legacy_lrlrlr,6,40856.0,4.0,0.15,12.91458021355867,516,0.7745775263990313,40856.05,1.0,True
00,legacy_lrlrlr,7,41245.0,4.0,0.15,15.970776229792286,465,0.7599513844827042,41244.9,0.9,True
00,legacy_lrlrlr,8,44858.0,4.0,0.15,11.569493414272404,527,0.8949417325189529,44858.05,1.0,True
00,legacy_lrlrlr,9,44934.0,4.0,0.15,11.719414050995866,595,0.933166247123581,44934.0,1.2,True
00,legacy_lrlrlr,10,45112.0,4.0,0.15,13.330942855271076,566,0.8905367562895308,45112.05,1.1,True
00,legacy_lrlrlr,11,45255.0,4.0,0.15,13.114906588582263,546,0.9116155198522522,45254.9,1.1,True
00,legacy_lrlrlr,12,45358.0,4.0,0.15,12.548496836524686,532,0.9301968612632147,45358.1,1.0,True
00,legacy_lrlrlr,13,49392.0,4.0,0.15,35.153742216743375,559,0.8917826160410235,49392.0,1.1,True
00,legacy_lrlrlr,14,49549.0,4.0,0.15,39.55518922492411,514,0.9010731271856947,49549.0,1.0,True
00,legacy_lrlrlr,15,49701.0,4.0,0.15,34.58114620023325,486,0.8144004987261906,49701.05,0.9,True
00,legacy_lrlrlr,16,49891.0,4.0,0.15,56.53198849345993,485,0.9444409965116384,49891.0,0.9,True
00,legacy_lrlrlr,17,49977.0,4.0,0.15,55.89001828743722,546,0.9373136784657571,49976.9,1.1,True
00,legacy_lrlrlr,18,50144.0,4.0,0.15,44.69828576602639,540,0.8946268638021381,50144.1,1.0,True
00,legacy_lrlrlr,19,50401.0,4.0,0.15,19.993462513637915,464,0.9563072594709294,50400.9,0.9,True
00,legacy_lrlrlr,0,35974.0,6.0,0.15,11.938637719749703,495,0.9625794662309392,35974.05,0.9,True
00,legacy_lrlrlr,1,36161.0,6.0,0.15,11.922851731071749,477,0.959316190289852,36160.95,0.9,True
00,legacy_lrlrlr,2,36503.0,6.0,0.15,12.388681105590852,579,0.9488075804683971,36503.0,1.1,True
00,legacy_lrlrlr,3,36666.0,6.0,0.15,11.698738615375738,567,0.9750287990898303,36666.05,1.1,True
00,legacy_lrlrlr,4,36761.0,6.0,0.15,11.259069100019413,558,0.9610299939449258,36760.95,1.1,True
00,legacy_lrlrlr,5,40723.0,6.0,0.15,13.46579601702394,555,0.9588524588949945,40723.0,1.1,True
00,legacy_lrlrlr,6,40856.0,6.0,0.15,12.91458021355867,496,0.0,,,True
00,legacy_lrlrlr,7,41245.0,6.0,0.15,15.970776229792286,545,0.85325559711346,41245.15,1.0,True
00,legacy_lrlrlr,8,44858.0,6.0,0.15,11.569493414272404,520,0.9510857222877194,44857.95,1.0,True
00,legacy_lrlrlr,9,44934.0,6.0,0.15,11.719414050995866,496,0.9369782503939057,44933.95,1.0,True
00,legacy_lrlrlr,10,45112.0,6.0,0.15,13.330942855271076,572,0.928695838439804,45112.15,1.1,True
00,legacy_lrlrlr,11,45255.0,6.0,0.15,13.114906588582263,512,0.9732223367451113,45254.95,1.0,True
00,legacy_lrlrlr,12,45358.0,6.0,0.15,12.548496836524686,475,0.9452844410117357,45358.05,0.9,True
00,legacy_lrlrlr,13,49392.0,6.0,0.15,35.153742216743375,544,0.9246115098151302,49392.15,1.0,True
00,legacy_lrlrlr,14,49549.0,6.0,0.15,39.55518922492411,494,0.8721871830111927,49548.95,1.0,True
00,legacy_lrlrlr,15,49701.0,6.0,0.15,34.58114620023325,480,0.9125815551163784,49701.05,0.9,True
00,legacy_lrlrlr,16,49891.0,6.0,0.15,56.53198849345993,478,0.9430916836781833,49891.05,0.9,True
00,legacy_lrlrlr,17,49977.0,6.0,0.15,55.89001828743722,569,0.9783459611838584,49977.05,1.1,True
00,legacy_lrlrlr,18,50144.0,6.0,0.15,44.69828576602639,589,0.9313775333689014,50144.15,1.1,True
00,legacy_lrlrlr,19,50401.0,6.0,0.15,19.993462513637915,584,0.9319188645324066,50401.2,1.1,True
00,legacy_lrlrlr,0,35974.0,2.0,0.25,11.938637719749703,465,0.7722001741639859,35973.95,0.9,True
00,legacy_lrlrlr,1,36161.0,2.0,0.25,11.922851731071749,458,0.8149269699655347,36160.5,0.8,True
00,legacy_lrlrlr,2,36503.0,2.0,0.25,12.388681105590852,566,0.0,,,True
00,legacy_lrlrlr,3,36666.0,2.0,0.25,11.698738615375738,485,0.8201969025750186,36666.5,1.0,True
00,legacy_lrlrlr,4,36761.0,2.0,0.25,11.259069100019413,481,0.857768187768822,36761.0,0.9,True
00,legacy_lrlrlr,5,40723.0,2.0,0.25,13.46579601702394,477,0.857541878762431,40723.05,0.9,True
00,legacy_lrlrlr,6,40856.0,2.0,0.25,12.91458021355867,494,0.0,,,True
00,legacy_lrlrlr,7,41245.0,2.0,0.25,15.970776229792286,486,0.0,,,True
00,legacy_lrlrlr,8,44858.0,2.0,0.25,11.569493414272404,529,0.8001566432368782,44858.05,1.0,True
00,legacy_lrlrlr,9,44934.0,2.0,0.25,11.719414050995866,454,0.8723421601157798,44934.05,0.8,True
00,legacy_lrlrlr,10,45112.0,2.0,0.25,13.330942855271076,483,0.6257409749300585,45112.0,0.9,True
00,legacy_lrlrlr,11,45255.0,2.0,0.25,13.114906588582263,572,0.8990721721341081,45255.1,1.1,True
00,legacy_lrlrlr,12,45358.0,2.0,0.25,12.548496836524686,540,0.8996880436716167,45358.0,1.0,True
00,legacy_lrlrlr,13,49392.0,2.0,0.25,35.153742216743375,589,0.8563543446955043,49391.95,1.2,True
00,legacy_lrlrlr,14,49549.0,2.0,0.25,39.55518922492411,505,0.7155167664576751,49549.1,0.9,True
00,legacy_lrlrlr,15,49701.0,2.0,0.25,34.58114620023325,494,0.6435555833853893,49700.45,0.8,True
00,legacy_lrlrlr,16,49891.0,2.0,0.25,56.53198849345993,558,0.9057404854864395,49891.0,1.1,True
00,legacy_lrlrlr,17,49977.0,2.0,0.25,55.89001828743722,563,0.8723435204362509,49977.1,1.1,True
00,legacy_lrlrlr,18,50144.0,2.0,0.25,44.69828576602639,512,0.9040453264011246,50143.9,1.0,True
00,legacy_lrlrlr,19,50401.0,2.0,0.25,19.993462513637915,526,0.8973139967549646,50400.95,1.0,True
00,legacy_lrlrlr,0,35974.0,4.0,0.25,11.938637719749703,554,0.9090572798721283,35973.9,1.1,True
00,legacy_lrlrlr,1,36161.0,4.0,0.25,11.922851731071749,522,0.8860366953960974,36161.1,1.0,True
00,legacy_lrlrlr,2,36503.0,4.0,0.25,12.388681105590852,510,0.9110801555823024,36502.95,1.0,True
00,legacy_lrlrlr,3,36666.0,4.0,0.25,11.698738615375738,534,0.9369228416474906,36666.05,1.0,True
00,legacy_lrlrlr,4,36761.0,4.0,0.25,11.259069100019413,495,0.9249202461207551,36761.05,0.9,True
00,legacy_lrlrlr,5,40723.0,4.0,0.25,13.46579601702394,504,0.9380682501328574,40723.0,1.0,True
00,legacy_lrlrlr,6,40856.0,4.0,0.25,12.91458021355867,489,0.5200182786991068,40856.65,1.0,True
00,legacy_lrlrlr,7,41245.0,4.0,0.25,15.970776229792286,482,0.7999634913369662,41245.1,0.9,True
00,legacy_lrlrlr,8,44858.0,4.0,0.25,11.569493414272404,470,0.9362562815957303,44857.95,0.9,True
00,legacy_lrlrlr,9,44934.0,4.0,0.25,11.719414050995866,588,0.9446809862657002,44934.05,1.2,True
00,legacy_lrlrlr,10,45112.0,4.0,0.25,13.330942855271076,601,0.876968208896449,45112.05,1.2,True
00,legacy_lrlrlr,11,45255.0,4.0,0.25,13.114906588582263,487,0.8227656802617715,45255.0,1.0,True
00,legacy_lrlrlr,12,45358.0,4.0,0.25,12.548496836524686,491,0.90608436356809,45357.9,1.0,True
00,legacy_lrlrlr,13,49392.0,4.0,0.25,35.153742216743375,563,0.8619602606784761,49392.05,1.1,True
00,legacy_lrlrlr,14,49549.0,4.0,0.25,39.55518922492411,516,0.8645720324126734,49549.1,1.0,True
00,legacy_lrlrlr,15,49701.0,4.0,0.25,34.58114620023325,574,0.8542853569935084,49701.15,1.1,True
00,legacy_lrlrlr,16,49891.0,4.0,0.25,56.53198849345993,587,0.903848851247996,49890.8,1.2,True
00,legacy_lrlrlr,17,49977.0,4.0,0.25,55.89001828743722,527,0.894384985436024,49976.95,1.0,True
00,legacy_lrlrlr,18,50144.0,4.0,0.25,44.69828576602639,565,0.9192174348907577,50144.05,1.1,True
00,legacy_lrlrlr,19,50401.0,4.0,0.25,19.993462513637915,574,0.9319357899017232,50401.15,1.1,True
00,legacy_lrlrlr,0,35974.0,6.0,0.25,11.938637719749703,463,0.7171681711090158,35973.4,0.9,True
00,legacy_lrlrlr,1,36161.0,6.0,0.25,11.922851731071749,564,0.9443716154395297,36161.05,1.1,True
00,legacy_lrlrlr,2,36503.0,6.0,0.25,12.388681105590852,484,0.9008777411013633,36502.95,0.9,True
00,legacy_lrlrlr,3,36666.0,6.0,0.25,11.698738615375738,570,0.94263570521662,36666.1,1.1,True
00,legacy_lrlrlr,4,36761.0,6.0,0.25,11.259069100019413,548,0.9665300928781742,36760.9,1.1,True
00,legacy_lrlrlr,5,40723.0,6.0,0.25,13.46579601702394,500,0.8949795699924753,40723.2,0.9,True
00,legacy_lrlrlr,6,40856.0,6.0,0.25,12.91458021355867,539,0.0,,,True
00,legacy_lrlrlr,7,41245.0,6.0,0.25,15.970776229792286,568,0.8151156129662581,41244.65,1.2,True
00,legacy_lrlrlr,8,44858.0,6.0,0.25,11.569493414272404,564,0.9335535294497862,44857.95,1.1,True
00,legacy_lrlrlr,9,44934.0,6.0,0.25,11.719414050995866,438,0.8529960836873758,44933.8,0.9,True
00,legacy_lrlrlr,10,45112.0,6.0,0.25,13.330942855271076,491,0.8610347991682674,45111.9,1.0,True
00,legacy_lrlrlr,11,45255.0,6.0,0.25,13.114906588582263,491,0.9455156239330879,45255.0,0.9,True
00,legacy_lrlrlr,12,45358.0,6.0,0.25,12.548496836524686,575,0.8812002864406597,45357.9,1.2,True
00,legacy_lrlrlr,13,49392.0,6.0,0.25,35.153742216743375,585,0.9452345146831497,49392.15,1.1,True
00,legacy_lrlrlr,14,49549.0,6.0,0.25,39.55518922492411,564,0.9137224745204006,49549.0,1.1,True
00,legacy_lrlrlr,15,49701.0,6.0,0.25,34.58114620023325,473,0.8583301194448811,49700.9,0.9,True
00,legacy_lrlrlr,16,49891.0,6.0,0.25,56.53198849345993,460,0.9157807401230192,49890.9,0.9,True
00,legacy_lrlrlr,17,49977.0,6.0,0.25,55.89001828743722,525,0.974089643266045,49976.95,1.0,True
00,legacy_lrlrlr,18,50144.0,6.0,0.25,44.69828576602639,541,0.9092768780354054,50144.15,1.0,True
00,legacy_lrlrlr,19,50401.0,6.0,0.25,19.993462513637915,554,0.9534050119942196,50400.95,1.1,True
00,double_lrlr_pause,0,35974.0,2.0,0.05,11.938637719749703,777,0.8406793169412515,35974.0,1.0,True
00,double_lrlr_pause,1,36161.0,2.0,0.05,11.922851731071749,869,0.8108185955505769,36161.15,1.1,True
00,double_lrlr_pause,2,36503.0,2.0,0.05,12.388681105590852,771,0.8744269576107068,36503.0,1.0,True
00,double_lrlr_pause,3,36666.0,2.0,0.05,11.698738615375738,776,0.9099231107221656,36666.0,1.0,True
00,double_lrlr_pause,4,36761.0,2.0,0.05,11.259069100019413,758,0.897159256936566,36760.9,1.0,True
00,double_lrlr_pause,5,40723.0,2.0,0.05,13.46579601702394,788,0.7929506132089758,40723.05,1.0,True
00,double_lrlr_pause,6,40856.0,2.0,0.05,12.91458021355867,777,0.5284101161343259,40856.7,1.0,True
00,double_lrlr_pause,7,41245.0,2.0,0.05,15.970776229792286,814,0.6394424301527183,41245.25,1.0,True
00,double_lrlr_pause,8,44858.0,2.0,0.05,11.569493414272404,705,0.7188824369091403,44858.6,0.9,True
00,double_lrlr_pause,9,44934.0,2.0,0.05,11.719414050995866,753,0.8814685896077398,44933.9,1.0,True
00,double_lrlr_pause,10,45112.0,2.0,0.05,13.330942855271076,845,0.0,,,True
00,double_lrlr_pause,11,45255.0,2.0,0.05,13.114906588582263,745,0.7784998272498918,45254.9,1.0,True
00,double_lrlr_pause,12,45358.0,2.0,0.05,12.548496836524686,845,0.9420936921263605,45358.05,1.1,True
00,double_lrlr_pause,13,49392.0,2.0,0.05,35.153742216743375,764,0.7950561785529717,49392.65,1.0,True
00,double_lrlr_pause,14,49549.0,2.0,0.05,39.55518922492411,857,0.8355767194835712,49549.1,1.1,True
00,double_lrlr_pause,15,49701.0,2.0,0.05,34.58114620023325,752,0.6540235003730387,49700.95,1.0,True
00,double_lrlr_pause,16,49891.0,2.0,0.05,56.53198849345993,733,0.8165899338787769,49891.1,0.9,True
00,double_lrlr_pause,17,49977.0,2.0,0.05,55.89001828743722,717,0.8063674090258616,49977.05,0.9,True
00,double_lrlr_pause,18,50144.0,2.0,0.05,44.69828576602639,799,0.8136444530662543,50144.1,1.0,True
00,double_lrlr_pause,19,50401.0,2.0,0.05,19.993462513637915,806,0.7999422877046641,50401.15,1.0,True
00,double_lrlr_pause,0,35974.0,4.0,0.05,11.938637719749703,727,0.8375659887435557,35974.05,0.9,True
00,double_lrlr_pause,1,36161.0,4.0,0.05,11.922851731071749,869,0.8775861314490434,36161.15,1.1,True
00,double_lrlr_pause,2,36503.0,4.0,0.05,12.388681105590852,727,0.7757077250972102,36503.1,0.9,True
00,double_lrlr_pause,3,36666.0,4.0,0.05,11.698738615375738,787,0.9460714164277373,36666.1,1.0,True
00,double_lrlr_pause,4,36761.0,4.0,0.05,11.259069100019413,740,0.8263801560852175,36760.85,1.0,True
00,double_lrlr_pause,5,40723.0,4.0,0.05,13.46579601702394,754,0.8878905148412424,40722.9,1.0,True
00,double_lrlr_pause,6,40856.0,4.0,0.05,12.91458021355867,791,0.672635231435255,40856.1,1.0,True
00,double_lrlr_pause,7,41245.0,4.0,0.05,15.970776229792286,789,0.8311957758952538,41245.1,1.0,True
00,double_lrlr_pause,8,44858.0,4.0,0.05,11.569493414272404,863,0.8546759012308064,44858.15,1.1,True
00,double_lrlr_pause,9,44934.0,4.0,0.05,11.719414050995866,836,0.9412771864146323,44934.0,1.1,True
00,double_lrlr_pause,10,45112.0,4.0,0.05,13.330942855271076,825,0.8450962179178579,45111.95,1.1,True
00,double_lrlr_pause,11,45255.0,4.0,0.05,13.114906588582263,706,0.9384397080086868,45255.0,0.9,True
00,double_lrlr_pause,12,45358.0,4.0,0.05,12.548496836524686,824,0.8879654811173657,45357.9,1.1,True
00,double_lrlr_pause,13,49392.0,4.0,0.05,35.153742216743375,778,0.9266808845792666,49392.05,1.0,True
00,double_lrlr_pause,14,49549.0,4.0,0.05,39.55518922492411,860,0.9068260057832835,49549.1,1.1,True
00,double_lrlr_pause,15,49701.0,4.0,0.05,34.58114620023325,832,0.9049487273100341,49700.95,1.1,True
00,double_lrlr_pause,16,49891.0,4.0,0.05,56.53198849345993,853,0.950732721273005,49891.05,1.1,True
00,double_lrlr_pause,17,49977.0,4.0,0.05,55.89001828743722,757,0.9508483139136554,49976.95,1.0,True
00,double_lrlr_pause,18,50144.0,4.0,0.05,44.69828576602639,715,0.8721938682092625,50144.0,0.9,True
00,double_lrlr_pause,19,50401.0,4.0,0.05,19.993462513637915,707,0.9648233859872828,50401.0,0.9,True
00,double_lrlr_pause,0,35974.0,6.0,0.05,11.938637719749703,843,0.9703350520970411,35974.0,1.1,True
00,double_lrlr_pause,1,36161.0,6.0,0.05,11.922851731071749,783,0.9394646699278895,36161.05,1.0,True
00,double_lrlr_pause,2,36503.0,6.0,0.05,12.388681105590852,717,0.9207371132862563,36503.0,0.9,True
00,double_lrlr_pause,3,36666.0,6.0,0.05,11.698738615375738,764,0.9502885636318037,36665.95,1.0,True
00,double_lrlr_pause,4,36761.0,6.0,0.05,11.259069100019413,796,0.8822087086050151,36761.15,1.0,True
00,double_lrlr_pause,5,40723.0,6.0,0.05,13.46579601702394,778,0.9759042015322859,40723.05,1.0,True
00,double_lrlr_pause,6,40856.0,6.0,0.05,12.91458021355867,769,0.839596032596168,40856.0,1.0,True
00,double_lrlr_pause,7,41245.0,6.0,0.05,15.970776229792286,788,0.9152036269825704,41245.1,1.0,True
00,double_lrlr_pause,8,44858.0,6.0,0.05,11.569493414272404,790,0.9105946933012696,44858.1,1.0,True
00,double_lrlr_pause,9,44934.0,6.0,0.05,11.719414050995866,723,0.9245590468070595,44934.05,0.9,True
00,double_lrlr_pause,10,45112.0,6.0,0.05,13.330942855271076,824,0.8848297421275088,45111.9,1.1,True
00,double_lrlr_pause,11,45255.0,6.0,0.05,13.114906588582263,847,0.9710743921149461,45255.05,1.1,True
00,double_lrlr_pause,12,45358.0,6.0,0.05,12.548496836524686,797,0.861417583734518,45358.15,1.0,True
00,double_lrlr_pause,13,49392.0,6.0,0.05,35.153742216743375,816,0.8529803997703272,49391.9,1.1,True
00,double_lrlr_pause,14,49549.0,6.0,0.05,39.55518922492411,785,0.9074518771858125,49549.05,1.0,True
00,double_lrlr_pause,15,49701.0,6.0,0.05,34.58114620023325,843,0.9093616121268384,49700.95,1.1,True
00,double_lrlr_pause,16,49891.0,6.0,0.05,56.53198849345993,748,0.9018078150587934,49890.9,1.0,True
00,double_lrlr_pause,17,49977.0,6.0,0.05,55.89001828743722,732,0.8225380099671902,49976.8,1.0,True
00,double_lrlr_pause,18,50144.0,6.0,0.05,44.69828576602639,737,0.8483251847780255,50143.85,1.0,True
00,double_lrlr_pause,19,50401.0,6.0,0.05,19.993462513637915,799,0.8274528199035148,50400.8,1.1,True
00,double_lrlr_pause,0,35974.0,2.0,0.15,11.938637719749703,753,0.7143417968405392,35973.95,1.0,True
00,double_lrlr_pause,1,36161.0,2.0,0.15,11.922851731071749,813,0.806982002190431,36161.15,1.0,True
00,double_lrlr_pause,2,36503.0,2.0,0.15,12.388681105590852,870,0.0,,,True
00,double_lrlr_pause,3,36666.0,2.0,0.15,11.698738615375738,775,0.9027370928641474,36666.0,1.0,True
00,double_lrlr_pause,4,36761.0,2.0,0.15,11.259069100019413,801,0.8373569385074021,36761.15,1.0,True
00,double_lrlr_pause,5,40723.0,2.0,0.15,13.46579601702394,834,0.8758505494439071,40723.0,1.1,True
00,double_lrlr_pause,6,40856.0,2.0,0.15,12.91458021355867,740,0.596611831558411,40856.15,0.9,True
00,double_lrlr_pause,7,41245.0,2.0,0.15,15.970776229792286,743,0.5975666986643638,41244.8,1.0,True
00,double_lrlr_pause,8,44858.0,2.0,0.15,11.569493414272404,733,0.0,,,True
00,double_lrlr_pause,9,44934.0,2.0,0.15,11.719414050995866,842,0.9037195434333756,44934.0,1.1,True
00,double_lrlr_pause,10,45112.0,2.0,0.15,13.330942855271076,800,0.0,,,True
00,double_lrlr_pause,11,45255.0,2.0,0.15,13.114906588582263,731,0.7772813771731755,45255.2,0.9,True
00,double_lrlr_pause,12,45358.0,2.0,0.15,12.548496836524686,862,0.9241015562415632,45358.2,1.1,True
00,double_lrlr_pause,13,49392.0,2.0,0.15,35.153742216743375,726,0.6919048562030332,49392.45,1.0,True
00,double_lrlr_pause,14,49549.0,2.0,0.15,39.55518922492411,734,0.7011045887181946,49548.85,1.0,True
00,double_lrlr_pause,15,49701.0,2.0,0.15,34.58114620023325,778,0.6568854392552038,49701.6,1.0,True
00,double_lrlr_pause,16,49891.0,2.0,0.15,56.53198849345993,806,0.8015737521496487,49891.15,1.0,True
00,double_lrlr_pause,17,49977.0,2.0,0.15,55.89001828743722,731,0.857564393993599,49977.15,0.9,True
00,double_lrlr_pause,18,50144.0,2.0,0.15,44.69828576602639,877,0.0,,,True
00,double_lrlr_pause,19,50401.0,2.0,0.15,19.993462513637915,798,0.8871190028002921,50401.2,1.0,True
00,double_lrlr_pause,0,35974.0,4.0,0.15,11.938637719749703,783,0.9286792389402314,35974.1,1.0,True
00,double_lrlr_pause,1,36161.0,4.0,0.15,11.922851731071749,836,0.8054999321319789,36161.0,1.1,True
00,double_lrlr_pause,2,36503.0,4.0,0.15,12.388681105590852,709,0.8788843988957756,36503.0,0.9,True
00,double_lrlr_pause,3,36666.0,4.0,0.15,11.698738615375738,804,0.8491655592287161,36665.75,1.1,True
00,double_lrlr_pause,4,36761.0,4.0,0.15,11.259069100019413,779,0.911317057737233,36761.05,1.0,True
00,double_lrlr_pause,5,40723.0,4.0,0.15,13.46579601702394,828,0.8751833746219797,40722.9,1.1,True
00,double_lrlr_pause,6,40856.0,4.0,0.15,12.91458021355867,774,0.676032954419343,40856.05,1.0,True
00,double_lrlr_pause,7,41245.0,4.0,0.15,15.970776229792286,778,0.8017964892566543,41245.05,1.0,True
00,double_lrlr_pause,8,44858.0,4.0,0.15,11.569493414272404,716,0.8080114327111009,44857.75,1.0,True
00,double_lrlr_pause,9,44934.0,4.0,0.15,11.719414050995866,841,0.9438418317520918,44933.95,1.1,True
00,double_lrlr_pause,10,45112.0,4.0,0.15,13.330942855271076,848,0.849118430497357,45112.0,1.1,True
00,double_lrlr_pause,11,45255.0,4.0,0.15,13.114906588582263,720,0.9045419175871281,45255.05,0.9,True
00,double_lrlr_pause,12,45358.0,4.0,0.15,12.548496836524686,800,0.8592342998600921,45358.2,1.0,True
00,double_lrlr_pause,13,49392.0,4.0,0.15,35.153742216743375,697,0.9119558555434815,49391.95,0.9,True
00,double_lrlr_pause,14,49549.0,4.0,0.15,39.55518922492411,796,0.8128307191630096,49549.15,1.0,True
00,double_lrlr_pause,15,49701.0,4.0,0.15,34.58114620023325,763,0.8570764858826511,49700.95,1.0,True
00,double_lrlr_pause,16,49891.0,4.0,0.15,56.53198849345993,788,0.8928943396780719,49891.05,1.0,True
00,double_lrlr_pause,17,49977.0,4.0,0.15,55.89001828743722,798,0.8224253897596872,49977.1,1.0,True
00,double_lrlr_pause,18,50144.0,4.0,0.15,44.69828576602639,793,0.8915934310453922,50144.2,1.0,True
00,double_lrlr_pause,19,50401.0,4.0,0.15,19.993462513637915,844,0.9662785217250451,50401.0,1.1,True
00,double_lrlr_pause,0,35974.0,6.0,0.15,11.938637719749703,831,0.9072524494361157,35973.95,1.1,True
00,double_lrlr_pause,1,36161.0,6.0,0.15,11.922851731071749,787,0.8681811219706705,36161.1,1.0,True
00,double_lrlr_pause,2,36503.0,6.0,0.15,12.388681105590852,761,0.9506572992321312,36502.95,1.0,True
00,double_lrlr_pause,3,36666.0,6.0,0.15,11.698738615375738,709,0.9481371895951355,36665.95,0.9,True
00,double_lrlr_pause,4,36761.0,6.0,0.15,11.259069100019413,761,0.9307060899790408,36760.95,1.0,True
00,double_lrlr_pause,5,40723.0,6.0,0.15,13.46579601702394,788,0.8764160648845984,40723.15,1.0,True
00,double_lrlr_pause,6,40856.0,6.0,0.15,12.91458021355867,764,0.7808550762437061,40856.0,1.0,True
00,double_lrlr_pause,7,41245.0,6.0,0.15,15.970776229792286,799,0.8902405917254573,41245.1,1.0,True
00,double_lrlr_pause,8,44858.0,6.0,0.15,11.569493414272404,766,0.900442504105229,44858.0,1.0,True
00,double_lrlr_pause,9,44934.0,6.0,0.15,11.719414050995866,741,0.858035939580365,44934.2,0.9,True
00,double_lrlr_pause,10,45112.0,6.0,0.15,13.330942855271076,811,0.8232098922616325,45111.85,1.1,True
00,double_lrlr_pause,11,45255.0,6.0,0.15,13.114906588582263,769,0.9266223530391111,45255.0,1.0,True
00,double_lrlr_pause,12,45358.0,6.0,0.15,12.548496836524686,810,0.8937144686483951,45358.25,1.0,True
00,double_lrlr_pause,13,49392.0,6.0,0.15,35.153742216743375,780,0.8879182239730851,49392.1,1.0,True
00,double_lrlr_pause,14,49549.0,6.0,0.15,39.55518922492411,775,0.8791747804571934,49549.05,1.0,True
00,double_lrlr_pause,15,49701.0,6.0,0.15,34.58114620023325,832,0.8805869455456168,49700.95,1.1,True
00,double_lrlr_pause,16,49891.0,6.0,0.15,56.53198849345993,859,0.9442272928713178,49891.1,1.1,True
00,double_lrlr_pause,17,49977.0,6.0,0.15,55.89001828743722,771,0.9414476105924121,49977.0,1.0,True
00,double_lrlr_pause,18,50144.0,6.0,0.15,44.69828576602639,833,0.9400938568071213,50144.0,1.1,True
00,double_lrlr_pause,19,50401.0,6.0,0.15,19.993462513637915,830,0.9101214133867354,50401.0,1.1,True
00,double_lrlr_pause,0,35974.0,2.0,0.25,11.938637719749703,808,0.7002609596243295,35973.7,1.1,True
00,double_lrlr_pause,1,36161.0,2.0,0.25,11.922851731071749,794,0.7734820166627451,36160.8,1.1,True
00,double_lrlr_pause,2,36503.0,2.0,0.25,12.388681105590852,714,0.0,,,True
00,double_lrlr_pause,3,36666.0,2.0,0.25,11.698738615375738,847,0.7979679545265244,36666.05,1.1,True
00,double_lrlr_pause,4,36761.0,2.0,0.25,11.259069100019413,798,0.0,,,True
00,double_lrlr_pause,5,40723.0,2.0,0.25,13.46579601702394,782,0.8315062192100832,40723.05,1.0,True
00,double_lrlr_pause,6,40856.0,2.0,0.25,12.91458021355867,804,0.0,,,True
00,double_lrlr_pause,7,41245.0,2.0,0.25,15.970776229792286,863,0.6550001383846595,41245.15,1.1,True
00,double_lrlr_pause,8,44858.0,2.0,0.25,11.569493414272404,917,0.0,,,True
00,double_lrlr_pause,9,44934.0,2.0,0.25,11.719414050995866,836,0.8451152794209527,44934.0,1.1,True
00,double_lrlr_pause,10,45112.0,2.0,0.25,13.330942855271076,776,0.6467553721845613,45112.75,1.0,True
00,double_lrlr_pause,11,45255.0,2.0,0.25,13.114906588582263,812,0.8607058715682236,45255.2,1.0,True
00,double_lrlr_pause,12,45358.0,2.0,0.25,12.548496836524686,805,0.8063492698104902,45357.75,1.1,True
00,double_lrlr_pause,13,49392.0,2.0,0.25,35.153742216743375,788,0.0,,,True
00,double_lrlr_pause,14,49549.0,2.0,0.25,39.55518922492411,701,0.754823807464569,49549.0,0.9,True
00,double_lrlr_pause,15,49701.0,2.0,0.25,34.58114620023325,719,0.6373708678536057,49700.35,0.9,True
00,double_lrlr_pause,16,49891.0,2.0,0.25,56.53198849345993,766,0.8768019916141754,49890.9,1.0,True
00,double_lrlr_pause,17,49977.0,2.0,0.25,55.89001828743722,735,0.8260448968562746,49977.05,0.9,True
00,double_lrlr_pause,18,50144.0,2.0,0.25,44.69828576602639,768,0.7687069046789569,50144.1,1.0,True
00,double_lrlr_pause,19,50401.0,2.0,0.25,19.993462513637915,797,0.8821445353358559,50401.1,1.0,True
00,double_lrlr_pause,0,35974.0,4.0,0.25,11.938637719749703,666,0.7501568086601987,35974.35,0.8,True
00,double_lrlr_pause,1,36161.0,4.0,0.25,11.922851731071749,818,0.8144080128810006,36160.9,1.1,True
00,double_lrlr_pause,2,36503.0,4.0,0.25,12.388681105590852,761,0.8181556513827528,36503.1,1.0,True
00,double_lrlr_pause,3,36666.0,4.0,0.25,11.698738615375738,865,0.83056490306033,36666.25,1.1,True
00,double_lrlr_pause,4,36761.0,4.0,0.25,11.259069100019413,827,0.9119950978923044,36761.0,1.1,True
00,double_lrlr_pause,5,40723.0,4.0,0.25,13.46579601702394,812,0.9308910364894365,40723.25,1.0,True
00,double_lrlr_pause,6,40856.0,4.0,0.25,12.91458021355867,724,0.6722412125330961,40855.45,0.9,True
00,double_lrlr_pause,7,41245.0,4.0,0.25,15.970776229792286,797,0.7582868431015379,41244.85,1.1,True
00,double_lrlr_pause,8,44858.0,4.0,0.25,11.569493414272404,871,0.8406643871359152,44857.9,1.2,True
00,double_lrlr_pause,9,44934.0,4.0,0.25,11.719414050995866,837,0.8722527860986418,44933.95,1.1,True
00,double_lrlr_pause,10,45112.0,4.0,0.25,13.330942855271076,773,0.7734962299370356,45111.95,1.0,True
00,double_lrlr_pause,11,45255.0,4.0,0.25,13.114906588582263,794,0.9143848791487169,45255.15,1.0,True
00,double_lrlr_pause,12,45358.0,4.0,0.25,12.548496836524686,769,0.8625223783065301,45358.0,1.0,True
00,double_lrlr_pause,13,49392.0,4.0,0.25,35.153742216743375,669,0.8010058531327497,49392.1,0.8,True
00,double_lrlr_pause,14,49549.0,4.0,0.25,39.55518922492411,786,0.7714238221687527,49549.0,1.0,True
00,double_lrlr_pause,15,49701.0,4.0,0.25,34.58114620023325,828,0.8231041326807903,49700.95,1.1,True
00,double_lrlr_pause,16,49891.0,4.0,0.25,56.53198849345993,810,0.8723709922847723,49891.1,1.0,True
00,double_lrlr_pause,17,49977.0,4.0,0.25,55.89001828743722,763,0.8567608083439643,49976.9,1.0,True
00,double_lrlr_pause,18,50144.0,4.0,0.25,44.69828576602639,813,0.823625196825098,50143.85,1.1,True
00,double_lrlr_pause,19,50401.0,4.0,0.25,19.993462513637915,799,0.798556042402799,50400.85,1.1,True
00,double_lrlr_pause,0,35974.0,6.0,0.25,11.938637719749703,721,0.8275246691572329,35973.8,1.0,True
00,double_lrlr_pause,1,36161.0,6.0,0.25,11.922851731071749,840,0.9265003938804721,36161.05,1.1,True
00,double_lrlr_pause,2,36503.0,6.0,0.25,12.388681105590852,846,0.8841620970935073,36503.15,1.1,True
00,double_lrlr_pause,3,36666.0,6.0,0.25,11.698738615375738,741,0.8548090540817918,36665.85,1.0,True
00,double_lrlr_pause,4,36761.0,6.0,0.25,11.259069100019413,865,0.9324927480429553,36761.1,1.1,True
00,double_lrlr_pause,5,40723.0,6.0,0.25,13.46579601702394,831,0.9578280901495559,40722.9,1.1,True
00,double_lrlr_pause,6,40856.0,6.0,0.25,12.91458021355867,743,0.688775593659597,40855.35,0.9,True
00,double_lrlr_pause,7,41245.0,6.0,0.25,15.970776229792286,673,0.0,,,True
00,double_lrlr_pause,8,44858.0,6.0,0.25,11.569493414272404,844,0.9174287967779604,44857.9,1.1,True
00,double_lrlr_pause,9,44934.0,6.0,0.25,11.719414050995866,875,0.8435383856814648,44933.95,1.2,True
00,double_lrlr_pause,10,45112.0,6.0,0.25,13.330942855271076,839,0.8461479543381798,45112.05,1.1,True
00,double_lrlr_pause,11,45255.0,6.0,0.25,13.114906588582263,751,0.8368762298520951,45254.8,1.0,True
00,double_lrlr_pause,12,45358.0,6.0,0.25,12.548496836524686,879,0.8525281996979037,45357.95,1.2,True
00,double_lrlr_pause,13,49392.0,6.0,0.25,35.153742216743375,801,0.9211509019560747,49392.15,1.0,True
00,double_lrlr_pause,14,49549.0,6.0,0.25,39.55518922492411,821,0.8397639915649229,49548.95,1.1,True
00,double_lrlr_pause,15,49701.0,6.0,0.25,34.58114620023325,794,0.7987756162520675,49701.05,1.0,True
00,double_lrlr_pause,16,49891.0,6.0,0.25,56.53198849345993,778,0.9197426884221969,49891.05,1.0,True
00,double_lrlr_pause,17,49977.0,6.0,0.25,55.89001828743722,775,0.9110446542752673,49977.05,1.0,True
00,double_lrlr_pause,18,50144.0,6.0,0.25,44.69828576602639,800,0.7898854352397257,50144.2,1.0,True
00,double_lrlr_pause,19,50401.0,6.0,0.25,19.993462513637915,738,0.8864472227780459,50401.2,0.9,True
00,iso8_matched,0,35974.0,2.0,0.05,11.938637719749703,622,0.8487089526116485,35974.05,0.9,True
00,iso8_matched,1,36161.0,2.0,0.05,11.922851731071749,605,0.885321379175745,36161.0,0.9,True
00,iso8_matched,2,36503.0,2.0,0.05,12.388681105590852,704,0.7604809116180637,36503.3,1.0,True
00,iso8_matched,3,36666.0,2.0,0.05,11.698738615375738,642,0.8825432786002425,36666.6,1.0,True
00,iso8_matched,4,36761.0,2.0,0.05,11.259069100019413,600,0.9162001533883036,36760.95,0.9,True
00,iso8_matched,5,40723.0,2.0,0.05,13.46579601702394,611,0.8973524130268052,40723.0,0.9,True
00,iso8_matched,6,40856.0,2.0,0.05,12.91458021355867,616,0.5713380262050703,40856.05,0.9,True
00,iso8_matched,7,41245.0,2.0,0.05,15.970776229792286,668,0.651178848342214,41244.4,1.0,True
00,iso8_matched,8,44858.0,2.0,0.05,11.569493414272404,751,0.7789684975776012,44858.2,1.1,True
00,iso8_matched,9,44934.0,2.0,0.05,11.719414050995866,727,0.8908221075196727,44934.05,1.1,True
00,iso8_matched,10,45112.0,2.0,0.05,13.330942855271076,677,0.6754634294312931,45112.1,1.0,True
00,iso8_matched,11,45255.0,2.0,0.05,13.114906588582263,673,0.8061175738640601,45254.75,1.1,True
00,iso8_matched,12,45358.0,2.0,0.05,12.548496836524686,714,0.9274036152699693,45358.0,1.1,True
00,iso8_matched,13,49392.0,2.0,0.05,35.153742216743375,630,0.7330408912431056,49391.85,1.0,True
00,iso8_matched,14,49549.0,2.0,0.05,39.55518922492411,703,0.8396747378050246,49548.95,1.1,True
00,iso8_matched,15,49701.0,2.0,0.05,34.58114620023325,683,0.7202634482466053,49701.15,1.0,True
00,iso8_matched,16,49891.0,2.0,0.05,56.53198849345993,650,0.9252564702270738,49891.0,1.0,True
00,iso8_matched,17,49977.0,2.0,0.05,55.89001828743722,597,0.936181800413248,49976.95,0.9,True
00,iso8_matched,18,50144.0,2.0,0.05,44.69828576602639,720,0.8105928335263887,50144.05,1.1,True
00,iso8_matched,19,50401.0,2.0,0.05,19.993462513637915,678,0.9028541099417654,50401.15,1.0,True
00,iso8_matched,0,35974.0,4.0,0.05,11.938637719749703,604,0.9655462663516733,35974.0,0.9,True
00,iso8_matched,1,36161.0,4.0,0.05,11.922851731071749,647,0.9462538323404186,36160.95,1.0,True
00,iso8_matched,2,36503.0,4.0,0.05,12.388681105590852,669,0.8960465473197363,36503.05,1.0,True
00,iso8_matched,3,36666.0,4.0,0.05,11.698738615375738,588,0.9402101595872311,36665.9,0.9,True
00,iso8_matched,4,36761.0,4.0,0.05,11.259069100019413,658,0.9677256293530331,36761.0,1.0,True
00,iso8_matched,5,40723.0,4.0,0.05,13.46579601702394,617,0.927390553911056,40723.05,0.9,True
00,iso8_matched,6,40856.0,4.0,0.05,12.91458021355867,647,0.6914353418794793,40856.65,1.0,True
00,iso8_matched,7,41245.0,4.0,0.05,15.970776229792286,632,0.812317747738473,41244.9,1.0,True
00,iso8_matched,8,44858.0,4.0,0.05,11.569493414272404,639,0.8851872763571474,44857.9,1.0,True
00,iso8_matched,9,44934.0,4.0,0.05,11.719414050995866,689,0.9113700815042552,44933.85,1.1,True
00,iso8_matched,10,45112.0,4.0,0.05,13.330942855271076,665,0.8693043474881808,45112.75,1.0,True
00,iso8_matched,11,45255.0,4.0,0.05,13.114906588582263,638,0.9244155697419632,45254.9,1.0,True
00,iso8_matched,12,45358.0,4.0,0.05,12.548496836524686,636,0.9279352387365055,45357.95,1.0,True
00,iso8_matched,13,49392.0,4.0,0.05,35.153742216743375,615,0.9243825498599483,49392.05,0.9,True
00,iso8_matched,14,49549.0,4.0,0.05,39.55518922492411,663,0.9395218747602765,49549.05,1.0,True
00,iso8_matched,15,49701.0,4.0,0.05,34.58114620023325,660,0.8941533262855271,49701.0,1.0,True
00,iso8_matched,16,49891.0,4.0,0.05,56.53198849345993,598,0.9665404619728392,49890.95,0.9,True
00,iso8_matched,17,49977.0,4.0,0.05,55.89001828743722,607,0.9680362431539817,49977.0,0.9,True
00,iso8_matched,18,50144.0,4.0,0.05,44.69828576602639,664,0.9534332692796188,50144.05,1.0,True
00,iso8_matched,19,50401.0,4.0,0.05,19.993462513637915,703,0.9383325022274868,50400.95,1.1,True
00,iso8_matched,0,35974.0,6.0,0.05,11.938637719749703,612,0.9566655979850752,35974.05,0.9,True
00,iso8_matched,1,36161.0,6.0,0.05,11.922851731071749,699,0.9365746675106807,36160.9,1.1,True
00,iso8_matched,2,36503.0,6.0,0.05,12.388681105590852,616,0.9245429651299625,36503.05,0.9,True
00,iso8_matched,3,36666.0,6.0,0.05,11.698738615375738,689,0.9164447249618197,36665.9,1.1,True
00,iso8_matched,4,36761.0,6.0,0.05,11.259069100019413,665,0.9766518666460781,36761.05,1.0,True
00,iso8_matched,5,40723.0,6.0,0.05,13.46579601702394,656,0.9602610161932614,40722.95,1.0,True
00,iso8_matched,6,40856.0,6.0,0.05,12.91458021355867,687,0.682191431103447,40855.45,1.0,True
00,iso8_matched,7,41245.0,6.0,0.05,15.970776229792286,691,0.8605871422737372,41244.85,1.1,True
00,iso8_matched,8,44858.0,6.0,0.05,11.569493414272404,706,0.9375060428869395,44857.95,1.1,True
00,iso8_matched,9,44934.0,6.0,0.05,11.719414050995866,657,0.9732879928201058,44933.95,1.0,True
00,iso8_matched,10,45112.0,6.0,0.05,13.330942855271076,698,0.9156645237358354,45111.95,1.1,True
00,iso8_matched,11,45255.0,6.0,0.05,13.114906588582263,715,0.9823637520592886,45255.0,1.1,True
00,iso8_matched,12,45358.0,6.0,0.05,12.548496836524686,707,0.969168894732006,45357.95,1.1,True
00,iso8_matched,13,49392.0,6.0,0.05,35.153742216743375,714,0.9657503308680319,49392.0,1.1,True
00,iso8_matched,14,49549.0,6.0,0.05,39.55518922492411,716,0.9693554717832671,49549.0,1.1,True
00,iso8_matched,15,49701.0,6.0,0.05,34.58114620023325,698,0.9072369368642744,49700.9,1.1,True
00,iso8_matched,16,49891.0,6.0,0.05,56.53198849345993,619,0.9140509471602705,49891.05,0.9,True
00,iso8_matched,17,49977.0,6.0,0.05,55.89001828743722,685,0.8852474895560188,49977.1,1.0,True
00,iso8_matched,18,50144.0,6.0,0.05,44.69828576602639,706,0.9715831555178853,50144.0,1.1,True
00,iso8_matched,19,50401.0,6.0,0.05,19.993462513637915,615,0.9665124382907344,50401.05,0.9,True
00,iso8_matched,0,35974.0,2.0,0.15,11.938637719749703,666,0.8303556435707631,35974.05,1.0,True
00,iso8_matched,1,36161.0,2.0,0.15,11.922851731071749,715,0.9258636817572181,36161.05,1.1,True
00,iso8_matched,2,36503.0,2.0,0.15,12.388681105590852,700,0.7718897457526804,36503.35,1.0,True
00,iso8_matched,3,36666.0,2.0,0.15,11.698738615375738,592,0.8814340290315247,36665.95,0.9,True
00,iso8_matched,4,36761.0,2.0,0.15,11.259069100019413,752,0.8663687244068646,36761.2,1.1,True
00,iso8_matched,5,40723.0,2.0,0.15,13.46579601702394,688,0.8245353350552588,40723.1,1.0,True
00,iso8_matched,6,40856.0,2.0,0.15,12.91458021355867,732,0.0,,,True
00,iso8_matched,7,41245.0,2.0,0.15,15.970776229792286,751,0.0,,,True
00,iso8_matched,8,44858.0,2.0,0.15,11.569493414272404,639,0.7909298825545635,44858.7,1.0,True
00,iso8_matched,9,44934.0,2.0,0.15,11.719414050995866,611,0.8469057280935139,44934.05,0.9,True
00,iso8_matched,10,45112.0,2.0,0.15,13.330942855271076,644,0.6897823228302208,45112.6,1.0,True
00,iso8_matched,11,45255.0,2.0,0.15,13.114906588582263,581,0.690656120858757,45254.8,0.9,True
00,iso8_matched,12,45358.0,2.0,0.15,12.548496836524686,685,0.858915431219923,45358.05,1.0,True
00,iso8_matched,13,49392.0,2.0,0.15,35.153742216743375,595,0.7931702608903642,49392.65,0.9,True
00,iso8_matched,14,49549.0,2.0,0.15,39.55518922492411,598,0.826466238913477,49548.9,0.9,True
00,iso8_matched,15,49701.0,2.0,0.15,34.58114620023325,592,0.7586298827170112,49701.6,0.9,True
00,iso8_matched,16,49891.0,2.0,0.15,56.53198849345993,623,0.8648868487188401,49891.05,0.9,True
00,iso8_matched,17,49977.0,2.0,0.15,55.89001828743722,656,0.8708137983013043,49976.95,1.0,True
00,iso8_matched,18,50144.0,2.0,0.15,44.69828576602639,639,0.7801612192539155,50143.9,1.0,True
00,iso8_matched,19,50401.0,2.0,0.15,19.993462513637915,667,0.9382763291444047,50401.1,1.0,True
00,iso8_matched,0,35974.0,4.0,0.15,11.938637719749703,636,0.9121430560880979,35973.9,1.0,True
00,iso8_matched,1,36161.0,4.0,0.15,11.922851731071749,645,0.8719721373076296,36161.0,1.0,True
00,iso8_matched,2,36503.0,4.0,0.15,12.388681105590852,633,0.8855044060564359,36502.85,1.0,True
00,iso8_matched,3,36666.0,4.0,0.15,11.698738615375738,710,0.9320714733038554,36665.95,1.1,True
00,iso8_matched,4,36761.0,4.0,0.15,11.259069100019413,637,0.9064997995970635,36760.85,1.0,True
00,iso8_matched,5,40723.0,4.0,0.15,13.46579601702394,740,0.9108038626800036,40723.05,1.1,True
00,iso8_matched,6,40856.0,4.0,0.15,12.91458021355867,655,0.654461690472491,40856.65,1.0,True
00,iso8_matched,7,41245.0,4.0,0.15,15.970776229792286,590,0.8900988289269341,41244.9,0.9,True
00,iso8_matched,8,44858.0,4.0,0.15,11.569493414272404,631,0.8795509582776322,44858.2,0.9,True
00,iso8_matched,9,44934.0,4.0,0.15,11.719414050995866,742,0.9064348016953402,44933.85,1.2,True
00,iso8_matched,10,45112.0,4.0,0.15,13.330942855271076,635,0.8027932255815974,45111.8,1.0,True
00,iso8_matched,11,45255.0,4.0,0.15,13.114906588582263,678,0.9508688399060212,45255.1,1.0,True
00,iso8_matched,12,45358.0,4.0,0.15,12.548496836524686,662,0.9398610150328607,45358.1,1.0,True
00,iso8_matched,13,49392.0,4.0,0.15,35.153742216743375,617,0.9300494996523779,49392.05,0.9,True
00,iso8_matched,14,49549.0,4.0,0.15,39.55518922492411,673,0.0,,,True
00,iso8_matched,15,49701.0,4.0,0.15,34.58114620023325,758,0.0,,,True
00,iso8_matched,16,49891.0,4.0,0.15,56.53198849345993,746,0.8921152655242234,49890.9,1.2,True
00,iso8_matched,17,49977.0,4.0,0.15,55.89001828743722,589,0.8215950694392223,49976.95,0.9,True
00,iso8_matched,18,50144.0,4.0,0.15,44.69828576602639,623,0.8785957456002461,50144.15,0.9,True
00,iso8_matched,19,50401.0,4.0,0.15,19.993462513637915,668,0.8926572249881093,50401.0,1.0,True
00,iso8_matched,0,35974.0,6.0,0.15,11.938637719749703,634,0.897519886854571,35973.9,1.0,True
00,iso8_matched,1,36161.0,6.0,0.15,11.922851731071749,636,0.9475247732770169,36160.9,1.0,True
00,iso8_matched,2,36503.0,6.0,0.15,12.388681105590852,642,0.8822824339793321,36502.95,1.0,True
00,iso8_matched,3,36666.0,6.0,0.15,11.698738615375738,671,0.9354125487336499,36666.05,1.0,True
00,iso8_matched,4,36761.0,6.0,0.15,11.259069100019413,689,0.8973607173889633,36760.8,1.1,True
00,iso8_matched,5,40723.0,6.0,0.15,13.46579601702394,734,0.9207656103062992,40723.15,1.1,True
00,iso8_matched,6,40856.0,6.0,0.15,12.91458021355867,744,0.8107653516677558,40855.8,1.2,True
00,iso8_matched,7,41245.0,6.0,0.15,15.970776229792286,690,0.8786993611981347,41244.9,1.1,True
00,iso8_matched,8,44858.0,6.0,0.15,11.569493414272404,715,0.9063174424534294,44858.0,1.1,True
00,iso8_matched,9,44934.0,6.0,0.15,11.719414050995866,639,0.8950468382264811,44933.9,1.0,True
00,iso8_matched,10,45112.0,6.0,0.15,13.330942855271076,582,0.8293737321392144,45111.9,0.9,True
00,iso8_matched,11,45255.0,6.0,0.15,13.114906588582263,602,0.9372538267898056,45255.0,0.9,True
00,iso8_matched,12,45358.0,6.0,0.15,12.548496836524686,667,0.9137902733572779,45358.05,1.0,True
00,iso8_matched,13,49392.0,6.0,0.15,35.153742216743375,615,0.9016149462618887,49392.0,0.9,True
00,iso8_matched,14,49549.0,6.0,0.15,39.55518922492411,644,0.9481033680479891,49548.95,1.0,True
00,iso8_matched,15,49701.0,6.0,0.15,34.58114620023325,605,0.9092125983327789,49701.05,0.9,True
00,iso8_matched,16,49891.0,6.0,0.15,56.53198849345993,604,0.9569285282867342,49890.95,0.9,True
00,iso8_matched,17,49977.0,6.0,0.15,55.89001828743722,669,0.9461912862055291,49977.1,1.0,True
00,iso8_matched,18,50144.0,6.0,0.15,44.69828576602639,679,0.902900573180087,50144.1,1.0,True
00,iso8_matched,19,50401.0,6.0,0.15,19.993462513637915,691,0.9164503297655798,50400.85,1.1,True
00,iso8_matched,0,35974.0,2.0,0.25,11.938637719749703,655,0.7624402408559843,35974.1,1.0,True
00,iso8_matched,1,36161.0,2.0,0.25,11.922851731071749,714,0.8238874390692292,36160.95,1.1,True
00,iso8_matched,2,36503.0,2.0,0.25,12.388681105590852,596,0.8505721514174741,36503.0,0.9,True
00,iso8_matched,3,36666.0,2.0,0.25,11.698738615375738,698,0.8175599157594517,36666.6,1.1,True
00,iso8_matched,4,36761.0,2.0,0.25,11.259069100019413,630,0.7975680817839867,36760.95,0.9,True
00,iso8_matched,5,40723.0,2.0,0.25,13.46579601702394,609,0.7570185472688347,40723.1,0.9,True
00,iso8_matched,6,40856.0,2.0,0.25,12.91458021355867,634,0.0,,,True
00,iso8_matched,7,41245.0,2.0,0.25,15.970776229792286,751,0.0,,,True
00,iso8_matched,8,44858.0,2.0,0.25,11.569493414272404,740,0.0,,,True
00,iso8_matched,9,44934.0,2.0,0.25,11.719414050995866,676,0.9114082402782262,44934.1,1.0,True
00,iso8_matched,10,45112.0,2.0,0.25,13.330942855271076,703,0.6283194493609968,45111.25,1.1,True
00,iso8_matched,11,45255.0,2.0,0.25,13.114906588582263,599,0.7452851897459393,45255.05,0.9,True
00,iso8_matched,12,45358.0,2.0,0.25,12.548496836524686,587,0.8032481567654723,45357.85,0.9,True
00,iso8_matched,13,49392.0,2.0,0.25,35.153742216743375,751,0.8085664418660434,49392.15,1.1,True
00,iso8_matched,14,49549.0,2.0,0.25,39.55518922492411,679,0.820601841858988,49548.9,1.1,True
00,iso8_matched,15,49701.0,2.0,0.25,34.58114620023325,689,0.6635084582267265,49700.3,1.0,True
00,iso8_matched,16,49891.0,2.0,0.25,56.53198849345993,609,0.8344777864639955,49891.05,0.9,True
00,iso8_matched,17,49977.0,2.0,0.25,55.89001828743722,633,0.0,,,True
00,iso8_matched,18,50144.0,2.0,0.25,44.69828576602639,692,0.777560552038187,50144.1,1.0,True
00,iso8_matched,19,50401.0,2.0,0.25,19.993462513637915,643,0.8754863535318926,50400.85,1.0,True
00,iso8_matched,0,35974.0,4.0,0.25,11.938637719749703,672,0.8098871945190396,35973.75,1.1,True
00,iso8_matched,1,36161.0,4.0,0.25,11.922851731071749,664,0.8356378154649808,36161.0,1.0,True
00,iso8_matched,2,36503.0,4.0,0.25,12.388681105590852,693,0.8842079804181072,36502.9,1.1,True
00,iso8_matched,3,36666.0,4.0,0.25,11.698738615375738,649,0.9316586546115294,36666.1,1.0,True
00,iso8_matched,4,36761.0,4.0,0.25,11.259069100019413,608,0.8807117814281865,36761.1,0.9,True
00,iso8_matched,5,40723.0,4.0,0.25,13.46579601702394,679,0.875946422356383,40723.15,1.0,True
00,iso8_matched,6,40856.0,4.0,0.25,12.91458021355867,660,0.5127636056601778,40855.55,1.0,True
00,iso8_matched,7,41245.0,4.0,0.25,15.970776229792286,651,0.8407385800630525,41244.9,1.0,True
00,iso8_matched,8,44858.0,4.0,0.25,11.569493414272404,673,0.8571847507764633,44858.05,1.0,True
00,iso8_matched,9,44934.0,4.0,0.25,11.719414050995866,665,0.8875722507264373,44934.1,1.0,True
00,iso8_matched,10,45112.0,4.0,0.25,13.330942855271076,715,0.8526704728176602,45112.0,1.1,True
00,iso8_matched,11,45255.0,4.0,0.25,13.114906588582263,672,0.8503198373698697,45255.05,1.0,True
00,iso8_matched,12,45358.0,4.0,0.25,12.548496836524686,707,0.8868046669338382,45358.25,1.0,True
00,iso8_matched,13,49392.0,4.0,0.25,35.153742216743375,705,0.8536219244189485,49392.25,1.0,True
00,iso8_matched,14,49549.0,4.0,0.25,39.55518922492411,653,0.9074937967745464,49549.05,1.0,True
00,iso8_matched,15,49701.0,4.0,0.25,34.58114620023325,583,0.7944031608321644,49700.25,0.9,True
00,iso8_matched,16,49891.0,4.0,0.25,56.53198849345993,657,0.9229983516093286,49890.95,1.0,True
00,iso8_matched,17,49977.0,4.0,0.25,55.89001828743722,717,0.8906169815617745,49977.15,1.1,True
00,iso8_matched,18,50144.0,4.0,0.25,44.69828576602639,785,0.9407424330643054,50144.05,1.2,True
00,iso8_matched,19,50401.0,4.0,0.25,19.993462513637915,637,0.9055222653850922,50400.95,1.0,True
00,iso8_matched,0,35974.0,6.0,0.25,11.938637719749703,723,0.9287341084397,35974.1,1.1,True
00,iso8_matched,1,36161.0,6.0,0.25,11.922851731071749,678,0.9120843866628466,36161.1,1.0,True
00,iso8_matched,2,36503.0,6.0,0.25,12.388681105590852,621,0.8704560507496916,36502.85,1.0,True
00,iso8_matched,3,36666.0,6.0,0.25,11.698738615375738,577,0.9081455712293097,36665.8,0.9,True
00,iso8_matched,4,36761.0,6.0,0.25,11.259069100019413,567,0.8750960903082347,36761.1,0.8,True
00,iso8_matched,5,40723.0,6.0,0.25,13.46579601702394,636,0.8189558960258381,40723.1,1.0,True
00,iso8_matched,6,40856.0,6.0,0.25,12.91458021355867,672,0.77074414945201,40855.85,1.1,True
00,iso8_matched,7,41245.0,6.0,0.25,15.970776229792286,661,0.8049761377480991,41245.1,1.0,True
00,iso8_matched,8,44858.0,6.0,0.25,11.569493414272404,618,0.8933585565450475,44858.05,0.9,True
00,iso8_matched,9,44934.0,6.0,0.25,11.719414050995866,605,0.8582312152984234,44933.8,1.0,True
00,iso8_matched,10,45112.0,6.0,0.25,13.330942855271076,647,0.8693075292588928,45112.0,1.0,True
00,iso8_matched,11,45255.0,6.0,0.25,13.114906588582263,749,0.9290892766104397,45255.15,1.1,True
00,iso8_matched,12,45358.0,6.0,0.25,12.548496836524686,674,0.9166620508601266,45358.0,1.0,True
00,iso8_matched,13,49392.0,6.0,0.25,35.153742216743375,693,0.8475840152630968,49391.9,1.1,True
00,iso8_matched,14,49549.0,6.0,0.25,39.55518922492411,591,0.831085057405931,49548.9,0.9,True
00,iso8_matched,15,49701.0,6.0,0.25,34.58114620023325,637,0.8529543535013617,49700.9,1.0,True
00,iso8_matched,16,49891.0,6.0,0.25,56.53198849345993,664,0.8757126130524365,49891.0,1.0,True
00,iso8_matched,17,49977.0,6.0,0.25,55.89001828743722,681,0.9185971640034398,49976.75,1.1,True
00,iso8_matched,18,50144.0,6.0,0.25,44.69828576602639,665,0.844608760124687,50144.0,1.0,True
00,iso8_matched,19,50401.0,6.0,0.25,19.993462513637915,720,0.8666009867458021,50400.9,1.1,True
00,sync8_c0,0,35974.0,2.0,0.05,11.938637719749703,651,0.8907161830964881,35973.95,1.0,True
00,sync8_c0,1,36161.0,2.0,0.05,11.922851731071749,716,0.8941036030580622,36161.1,1.1,True
00,sync8_c0,2,36503.0,2.0,0.05,12.388681105590852,688,0.8248462761197639,36502.95,1.1,True
00,sync8_c0,3,36666.0,2.0,0.05,11.698738615375738,695,0.902242504710722,36666.0,1.1,True
00,sync8_c0,4,36761.0,2.0,0.05,11.259069100019413,655,0.9307402288827508,36761.0,1.0,True
00,sync8_c0,5,40723.0,2.0,0.05,13.46579601702394,628,0.7570962508509557,40723.05,0.9,True
00,sync8_c0,6,40856.0,2.0,0.05,12.91458021355867,696,0.0,,,True
00,sync8_c0,7,41245.0,2.0,0.05,15.970776229792286,633,0.7056987060795125,41244.9,1.0,True
00,sync8_c0,8,44858.0,2.0,0.05,11.569493414272404,624,0.8429775630156098,44858.1,0.9,True
00,sync8_c0,9,44934.0,2.0,0.05,11.719414050995866,643,0.8867977167876421,44933.95,1.0,True
00,sync8_c0,10,45112.0,2.0,0.05,13.330942855271076,625,0.6117497846522102,45112.05,0.9,True
00,sync8_c0,11,45255.0,2.0,0.05,13.114906588582263,676,0.8485299721539676,45254.9,1.1,True
00,sync8_c0,12,45358.0,2.0,0.05,12.548496836524686,726,0.896258113989807,45358.1,1.1,True
00,sync8_c0,13,49392.0,2.0,0.05,35.153742216743375,705,0.7476147402088138,49392.0,1.1,True
00,sync8_c0,14,49549.0,2.0,0.05,39.55518922492411,628,0.7794155564292227,49549.05,0.9,True
00,sync8_c0,15,49701.0,2.0,0.05,34.58114620023325,614,0.6450955725876543,49701.0,0.9,True
00,sync8_c0,16,49891.0,2.0,0.05,56.53198849345993,695,0.8769213317735685,49890.95,1.1,True
00,sync8_c0,17,49977.0,2.0,0.05,55.89001828743722,726,0.8347929591087176,49977.15,1.1,True
00,sync8_c0,18,50144.0,2.0,0.05,44.69828576602639,719,0.861546254889493,50144.05,1.1,True
00,sync8_c0,19,50401.0,2.0,0.05,19.993462513637915,704,0.9416261939906445,50401.0,1.1,True
00,sync8_c0,0,35974.0,4.0,0.05,11.938637719749703,666,0.9351552030871637,35974.05,1.0,True
00,sync8_c0,1,36161.0,4.0,0.05,11.922851731071749,705,0.9610473829997582,36161.05,1.1,True
00,sync8_c0,2,36503.0,4.0,0.05,12.388681105590852,680,0.862930480895485,36502.9,1.1,True
00,sync8_c0,3,36666.0,4.0,0.05,11.698738615375738,700,0.9559719532620407,36666.05,1.1,True
00,sync8_c0,4,36761.0,4.0,0.05,11.259069100019413,599,0.9558530470513016,36760.95,0.9,True
00,sync8_c0,5,40723.0,4.0,0.05,13.46579601702394,625,0.8714699361164876,40722.85,1.0,True
00,sync8_c0,6,40856.0,4.0,0.05,12.91458021355867,644,0.6420393262668654,40855.95,1.0,True
00,sync8_c0,7,41245.0,4.0,0.05,15.970776229792286,734,0.8035250002981494,41245.15,1.1,True
00,sync8_c0,8,44858.0,4.0,0.05,11.569493414272404,673,0.9156051395157451,44858.1,1.0,True
00,sync8_c0,9,44934.0,4.0,0.05,11.719414050995866,709,0.9710894040840294,44934.05,1.1,True
00,sync8_c0,10,45112.0,4.0,0.05,13.330942855271076,648,0.8778792624387031,45111.95,1.0,True
00,sync8_c0,11,45255.0,4.0,0.05,13.114906588582263,617,0.9244306290235428,45255.05,0.9,True
00,sync8_c0,12,45358.0,4.0,0.05,12.548496836524686,699,0.955289993918554,45358.0,1.1,True
00,sync8_c0,13,49392.0,4.0,0.05,35.153742216743375,736,0.9052891883677154,49392.2,1.1,True
00,sync8_c0,14,49549.0,4.0,0.05,39.55518922492411,631,0.8954794807963886,49548.9,1.0,True
00,sync8_c0,15,49701.0,4.0,0.05,34.58114620023325,702,0.8790006540401909,49701.0,1.1,True
00,sync8_c0,16,49891.0,4.0,0.05,56.53198849345993,694,0.9235028167884527,49890.95,1.1,True
00,sync8_c0,17,49977.0,4.0,0.05,55.89001828743722,682,0.902285902245042,49976.9,1.1,True
00,sync8_c0,18,50144.0,4.0,0.05,44.69828576602639,638,0.9068338903429292,50143.9,1.0,True
00,sync8_c0,19,50401.0,4.0,0.05,19.993462513637915,630,0.8880964639535041,50400.85,1.0,True
00,sync8_c0,0,35974.0,6.0,0.05,11.938637719749703,741,0.8590576499098207,35973.9,1.2,True
00,sync8_c0,1,36161.0,6.0,0.05,11.922851731071749,701,0.9708579450338116,36161.0,1.1,True
00,sync8_c0,2,36503.0,6.0,0.05,12.388681105590852,651,0.9560288076202463,36502.95,1.0,True
00,sync8_c0,3,36666.0,6.0,0.05,11.698738615375738,651,0.9721119781516625,36665.95,1.0,True
00,sync8_c0,4,36761.0,6.0,0.05,11.259069100019413,665,0.9701009094565268,36761.05,1.0,True
00,sync8_c0,5,40723.0,6.0,0.05,13.46579601702394,738,0.8865175143313401,40723.2,1.1,True
00,sync8_c0,6,40856.0,6.0,0.05,12.91458021355867,612,0.8309486842940869,40856.0,0.9,True
00,sync8_c0,7,41245.0,6.0,0.05,15.970776229792286,669,0.8727798028769292,41245.1,1.0,True
00,sync8_c0,8,44858.0,6.0,0.05,11.569493414272404,714,0.9560972184535357,44858.05,1.1,True
00,sync8_c0,9,44934.0,6.0,0.05,11.719414050995866,608,0.9596951831252425,44934.0,0.9,True
00,sync8_c0,10,45112.0,6.0,0.05,13.330942855271076,624,0.8512200095164457,45112.05,0.9,True
00,sync8_c0,11,45255.0,6.0,0.05,13.114906588582263,648,0.9666774404110964,45254.95,1.0,True
00,sync8_c0,12,45358.0,6.0,0.05,12.548496836524686,715,0.9748898864801436,45358.1,1.1,True
00,sync8_c0,13,49392.0,6.0,0.05,35.153742216743375,748,0.8519018060632485,49391.95,1.2,True
00,sync8_c0,14,49549.0,6.0,0.05,39.55518922492411,729,0.9355626550122951,49549.15,1.1,True
00,sync8_c0,15,49701.0,6.0,0.05,34.58114620023325,658,0.9308735114569726,49701.0,1.0,True
00,sync8_c0,16,49891.0,6.0,0.05,56.53198849345993,699,0.9592040510523585,49891.0,1.1,True
00,sync8_c0,17,49977.0,6.0,0.05,55.89001828743722,639,0.9416808574673169,49976.95,1.0,True
00,sync8_c0,18,50144.0,6.0,0.05,44.69828576602639,670,0.9256475348151187,50144.05,1.0,True
00,sync8_c0,19,50401.0,6.0,0.05,19.993462513637915,685,0.9372682341098584,50400.9,1.1,True
00,sync8_c0,0,35974.0,2.0,0.15,11.938637719749703,676,0.8294583109308914,35974.05,1.0,True
00,sync8_c0,1,36161.0,2.0,0.15,11.922851731071749,686,0.8034397117207049,36161.15,1.0,True
00,sync8_c0,2,36503.0,2.0,0.15,12.388681105590852,709,0.8652621887401274,36503.0,1.1,True
00,sync8_c0,3,36666.0,2.0,0.15,11.698738615375738,733,0.9131528564777904,36666.15,1.1,True
00,sync8_c0,4,36761.0,2.0,0.15,11.259069100019413,696,0.9329867275601549,36761.0,1.1,True
00,sync8_c0,5,40723.0,2.0,0.15,13.46579601702394,627,0.8515189180648848,40723.0,0.9,True
00,sync8_c0,6,40856.0,2.0,0.15,12.91458021355867,683,0.0,,,True
00,sync8_c0,7,41245.0,2.0,0.15,15.970776229792286,612,0.5304208163342954,41244.95,0.9,True
00,sync8_c0,8,44858.0,2.0,0.15,11.569493414272404,623,0.7697074133625336,44858.15,0.9,True
00,sync8_c0,9,44934.0,2.0,0.15,11.719414050995866,728,0.7972540754888687,44934.25,1.1,True
00,sync8_c0,10,45112.0,2.0,0.15,13.330942855271076,727,0.681221992845006,45112.15,1.1,True
00,sync8_c0,11,45255.0,2.0,0.15,13.114906588582263,709,0.8197478786884684,45255.1,1.1,True
00,sync8_c0,12,45358.0,2.0,0.15,12.548496836524686,595,0.8635960310497491,45357.95,0.9,True
00,sync8_c0,13,49392.0,2.0,0.15,35.153742216743375,621,0.6895947515599938,49391.95,0.9,True
00,sync8_c0,14,49549.0,2.0,0.15,39.55518922492411,686,0.7509253570990897,49549.05,1.0,True
00,sync8_c0,15,49701.0,2.0,0.15,34.58114620023325,697,0.599669998270534,49701.0,1.1,True
00,sync8_c0,16,49891.0,2.0,0.15,56.53198849345993,656,0.8830433345023125,49891.0,1.0,True
00,sync8_c0,17,49977.0,2.0,0.15,55.89001828743722,688,0.8644267864959987,49976.9,1.1,True
00,sync8_c0,18,50144.0,2.0,0.15,44.69828576602639,725,0.8425541900358168,50144.1,1.1,True
00,sync8_c0,19,50401.0,2.0,0.15,19.993462513637915,628,0.8985685058091561,50400.95,1.0,True
00,sync8_c0,0,35974.0,4.0,0.15,11.938637719749703,702,0.9221551750008038,35974.0,1.1,True
00,sync8_c0,1,36161.0,4.0,0.15,11.922851731071749,697,0.9384054559884254,36160.95,1.1,True
00,sync8_c0,2,36503.0,4.0,0.15,12.388681105590852,651,0.9041071185312861,36502.9,1.0,True
00,sync8_c0,3,36666.0,4.0,0.15,11.698738615375738,697,0.9308532545662638,36665.9,1.1,True
00,sync8_c0,4,36761.0,4.0,0.15,11.259069100019413,633,0.9308612066454064,36760.85,1.0,True
00,sync8_c0,5,40723.0,4.0,0.15,13.46579601702394,675,0.9387073337312276,40723.1,1.0,True
00,sync8_c0,6,40856.0,4.0,0.15,12.91458021355867,631,0.6816646263502222,40855.9,1.0,True
00,sync8_c0,7,41245.0,4.0,0.15,15.970776229792286,697,0.847818084495827,41244.9,1.1,True
00,sync8_c0,8,44858.0,4.0,0.15,11.569493414272404,670,0.9272082881337209,44858.0,1.0,True
00,sync8_c0,9,44934.0,4.0,0.15,11.719414050995866,667,0.92857282495386,44934.0,1.0,True
00,sync8_c0,10,45112.0,4.0,0.15,13.330942855271076,718,0.8933223848587852,45112.15,1.1,True
00,sync8_c0,11,45255.0,4.0,0.15,13.114906588582263,683,0.9082652595934783,45255.0,1.1,True
00,sync8_c0,12,45358.0,4.0,0.15,12.548496836524686,647,0.9460065829968363,45357.95,1.0,True
00,sync8_c0,13,49392.0,4.0,0.15,35.153742216743375,696,0.8933611794514364,49391.95,1.1,True
00,sync8_c0,14,49549.0,4.0,0.15,39.55518922492411,607,0.897402534368444,49549.0,0.9,True
00,sync8_c0,15,49701.0,4.0,0.15,34.58114620023325,667,0.8296478776551995,49701.0,1.0,True
00,sync8_c0,16,49891.0,4.0,0.15,56.53198849345993,687,0.925752389307232,49891.0,1.1,True
00,sync8_c0,17,49977.0,4.0,0.15,55.89001828743722,697,0.8857701978540142,49976.95,1.1,True
00,sync8_c0,18,50144.0,4.0,0.15,44.69828576602639,685,0.8844913220679995,50144.1,1.0,True
00,sync8_c0,19,50401.0,4.0,0.15,19.993462513637915,614,0.8895795005538133,50401.05,0.9,True
00,sync8_c0,0,35974.0,6.0,0.15,11.938637719749703,622,0.8985923880398777,35973.95,0.9,True
00,sync8_c0,1,36161.0,6.0,0.15,11.922851731071749,701,0.9533224901939235,36161.0,1.1,True
00,sync8_c0,2,36503.0,6.0,0.15,12.388681105590852,648,0.9300371004153417,36503.0,1.0,True
00,sync8_c0,3,36666.0,6.0,0.15,11.698738615375738,591,0.9027705483251086,36665.85,0.9,True
00,sync8_c0,4,36761.0,6.0,0.15,11.259069100019413,686,0.9227508129031486,36761.15,1.0,True
00,sync8_c0,5,40723.0,6.0,0.15,13.46579601702394,603,0.9390273774234571,40723.05,0.9,True
00,sync8_c0,6,40856.0,6.0,0.15,12.91458021355867,668,0.7703097774213952,40856.1,1.0,True
00,sync8_c0,7,41245.0,6.0,0.15,15.970776229792286,623,0.8714663584870035,41245.05,0.9,True
00,sync8_c0,8,44858.0,6.0,0.15,11.569493414272404,733,0.924728040896665,44858.2,1.1,True
00,sync8_c0,9,44934.0,6.0,0.15,11.719414050995866,761,0.945588670591964,44933.9,1.2,True
00,sync8_c0,10,45112.0,6.0,0.15,13.330942855271076,681,0.8186522307997075,45112.15,1.0,True
00,sync8_c0,11,45255.0,6.0,0.15,13.114906588582263,688,0.8714157236467773,45255.1,1.0,True
00,sync8_c0,12,45358.0,6.0,0.15,12.548496836524686,628,0.9275890752775097,45358.05,0.9,True
00,sync8_c0,13,49392.0,6.0,0.15,35.153742216743375,649,0.9517549683830341,49391.95,1.0,True
00,sync8_c0,14,49549.0,6.0,0.15,39.55518922492411,608,0.9196691878788706,49549.0,0.9,True
00,sync8_c0,15,49701.0,6.0,0.15,34.58114620023325,704,0.9177326558072931,49700.95,1.1,True
00,sync8_c0,16,49891.0,6.0,0.15,56.53198849345993,732,0.9598210724668483,49891.1,1.1,True
00,sync8_c0,17,49977.0,6.0,0.15,55.89001828743722,678,0.9256070198478203,49977.15,1.0,True
00,sync8_c0,18,50144.0,6.0,0.15,44.69828576602639,593,0.872795452307698,50143.9,0.9,True
00,sync8_c0,19,50401.0,6.0,0.15,19.993462513637915,740,0.9154445275815191,50400.95,1.2,True
00,sync8_c0,0,35974.0,2.0,0.25,11.938637719749703,658,0.8335283299408218,35974.1,1.0,True
00,sync8_c0,1,36161.0,2.0,0.25,11.922851731071749,658,0.8936730088411844,36160.95,1.0,True
00,sync8_c0,2,36503.0,2.0,0.25,12.388681105590852,576,0.7613173432544234,36502.9,0.9,True
00,sync8_c0,3,36666.0,2.0,0.25,11.698738615375738,708,0.8364055978187263,36666.1,1.1,True
00,sync8_c0,4,36761.0,2.0,0.25,11.259069100019413,632,0.8494082035990278,36761.2,0.9,True
00,sync8_c0,5,40723.0,2.0,0.25,13.46579601702394,727,0.7895598360003645,40723.05,1.1,True
00,sync8_c0,6,40856.0,2.0,0.25,12.91458021355867,672,0.46026930942421124,40855.75,1.2,True
00,sync8_c0,7,41245.0,2.0,0.25,15.970776229792286,737,0.6071304696826063,41245.1,1.1,True
00,sync8_c0,8,44858.0,2.0,0.25,11.569493414272404,718,0.6125889701451873,44858.1,1.1,True
00,sync8_c0,9,44934.0,2.0,0.25,11.719414050995866,675,0.8194528247308346,44934.15,1.0,True
00,sync8_c0,10,45112.0,2.0,0.25,13.330942855271076,601,0.6469252796133216,45112.05,0.9,True
00,sync8_c0,11,45255.0,2.0,0.25,13.114906588582263,592,0.8249953657820726,45254.95,0.9,True
00,sync8_c0,12,45358.0,2.0,0.25,12.548496836524686,744,0.8404045198580818,45357.9,1.2,True
00,sync8_c0,13,49392.0,2.0,0.25,35.153742216743375,732,0.6785187796699303,49392.1,1.1,True
00,sync8_c0,14,49549.0,2.0,0.25,39.55518922492411,773,0.8771322586378276,49549.0,1.2,True
00,sync8_c0,15,49701.0,2.0,0.25,34.58114620023325,627,0.5313373783606653,49700.95,0.9,True
00,sync8_c0,16,49891.0,2.0,0.25,56.53198849345993,719,0.8387752494675111,49891.1,1.1,True
00,sync8_c0,17,49977.0,2.0,0.25,55.89001828743722,699,0.8536863297066929,49977.05,1.1,True
00,sync8_c0,18,50144.0,2.0,0.25,44.69828576602639,694,0.8219840263095723,50144.25,1.0,True
00,sync8_c0,19,50401.0,2.0,0.25,19.993462513637915,616,0.8644789840458489,50400.9,0.9,True
00,sync8_c0,0,35974.0,4.0,0.25,11.938637719749703,722,0.9342162943063697,35974.05,1.1,True
00,sync8_c0,1,36161.0,4.0,0.25,11.922851731071749,711,0.9484992245314355,36161.05,1.1,True
00,sync8_c0,2,36503.0,4.0,0.25,12.388681105590852,706,0.8871376208684902,36503.1,1.1,True
00,sync8_c0,3,36666.0,4.0,0.25,11.698738615375738,653,0.8882071090178886,36665.95,1.0,True
00,sync8_c0,4,36761.0,4.0,0.25,11.259069100019413,609,0.8777416946886228,36760.95,0.9,True
00,sync8_c0,5,40723.0,4.0,0.25,13.46579601702394,738,0.8675416789563429,40723.2,1.1,True
00,sync8_c0,6,40856.0,4.0,0.25,12.91458021355867,707,0.6461974093192149,40855.95,1.1,True
00,sync8_c0,7,41245.0,4.0,0.25,15.970776229792286,746,0.760792844409357,41245.0,1.2,True
00,sync8_c0,8,44858.0,4.0,0.25,11.569493414272404,652,0.8378223109361643,44858.05,1.0,True
00,sync8_c0,9,44934.0,4.0,0.25,11.719414050995866,679,0.9024697499522665,44934.25,1.0,True
00,sync8_c0,10,45112.0,4.0,0.25,13.330942855271076,681,0.8510466091370981,45111.85,1.1,True
00,sync8_c0,11,45255.0,4.0,0.25,13.114906588582263,558,0.7896543450198555,45254.95,0.8,True
00,sync8_c0,12,45358.0,4.0,0.25,12.548496836524686,695,0.9345154530244306,45358.0,1.1,True
00,sync8_c0,13,49392.0,4.0,0.25,35.153742216743375,691,0.8489346853404877,49391.9,1.1,True
00,sync8_c0,14,49549.0,4.0,0.25,39.55518922492411,744,0.8147059970619829,49549.2,1.1,True
00,sync8_c0,15,49701.0,4.0,0.25,34.58114620023325,644,0.7645672788684328,49701.05,1.0,True
00,sync8_c0,16,49891.0,4.0,0.25,56.53198849345993,705,0.9200337273815515,49891.0,1.1,True
00,sync8_c0,17,49977.0,4.0,0.25,55.89001828743722,704,0.9256114289092923,49977.1,1.1,True
00,sync8_c0,18,50144.0,4.0,0.25,44.69828576602639,672,0.8890741345018442,50144.1,1.0,True
00,sync8_c0,19,50401.0,4.0,0.25,19.993462513637915,693,0.895126121295184,50400.9,1.1,True
00,sync8_c0,0,35974.0,6.0,0.25,11.938637719749703,648,0.8965896684624918,35973.95,1.0,True
00,sync8_c0,1,36161.0,6.0,0.25,11.922851731071749,718,0.8318148146962195,36160.75,1.2,True
00,sync8_c0,2,36503.0,6.0,0.25,12.388681105590852,610,0.9378919206647883,36503.0,0.9,True
00,sync8_c0,3,36666.0,6.0,0.25,11.698738615375738,678,0.8990623177655265,36666.2,1.0,True
00,sync8_c0,4,36761.0,6.0,0.25,11.259069100019413,646,0.8981383892875792,36761.1,1.0,True
00,sync8_c0,5,40723.0,6.0,0.25,13.46579601702394,678,0.8731358412580288,40723.1,1.0,True
00,sync8_c0,6,40856.0,6.0,0.25,12.91458021355867,700,0.7412349511577785,40855.95,1.1,True
00,sync8_c0,7,41245.0,6.0,0.25,15.970776229792286,661,0.8768290718557548,41245.05,1.0,True
00,sync8_c0,8,44858.0,6.0,0.25,11.569493414272404,631,0.8253431578554161,44857.95,0.9,True
00,sync8_c0,9,44934.0,6.0,0.25,11.719414050995866,788,0.9513710742964466,44934.05,1.2,True
00,sync8_c0,10,45112.0,6.0,0.25,13.330942855271076,715,0.8444854511888454,45112.05,1.1,True
00,sync8_c0,11,45255.0,6.0,0.25,13.114906588582263,662,0.834478756151165,45255.0,1.0,True
00,sync8_c0,12,45358.0,6.0,0.25,12.548496836524686,701,0.9625475624867752,45357.9,1.1,True
00,sync8_c0,13,49392.0,6.0,0.25,35.153742216743375,641,0.8287387686113888,49392.0,0.9,True
00,sync8_c0,14,49549.0,6.0,0.25,39.55518922492411,669,0.8950898827011299,49549.0,1.0,True
00,sync8_c0,15,49701.0,6.0,0.25,34.58114620023325,684,0.8652909478191035,49700.95,1.1,True
00,sync8_c0,16,49891.0,6.0,0.25,56.53198849345993,722,0.8598826211763436,49891.1,1.1,True
00,sync8_c0,17,49977.0,6.0,0.25,55.89001828743722,621,0.8179343740303928,49976.8,1.0,True
00,sync8_c0,18,50144.0,6.0,0.25,44.69828576602639,597,0.9199069127750068,50144.05,0.9,True
00,sync8_c0,19,50401.0,6.0,0.25,19.993462513637915,718,0.8998783421704538,50401.2,1.1,True
00,sync8_c1,0,35974.0,2.0,0.05,11.938637719749703,682,0.7871280677234351,35974.15,1.0,True
00,sync8_c1,1,36161.0,2.0,0.05,11.922851731071749,739,0.829744365053417,36161.15,1.1,True
00,sync8_c1,2,36503.0,2.0,0.05,12.388681105590852,666,0.75234656276088,36503.0,1.0,True
00,sync8_c1,3,36666.0,2.0,0.05,11.698738615375738,618,0.8395811002467718,36666.05,0.9,True
00,sync8_c1,4,36761.0,2.0,0.05,11.259069100019413,672,0.8657621238822085,36761.05,1.0,True
00,sync8_c1,5,40723.0,2.0,0.05,13.46579601702394,673,0.8304002347390872,40723.05,1.0,True
00,sync8_c1,6,40856.0,2.0,0.05,12.91458021355867,634,0.0,,,True
00,sync8_c1,7,41245.0,2.0,0.05,15.970776229792286,683,0.6130811171704628,41244.9,1.1,True
00,sync8_c1,8,44858.0,2.0,0.05,11.569493414272404,634,0.7950457843412632,44857.9,1.0,True
00,sync8_c1,9,44934.0,2.0,0.05,11.719414050995866,619,0.8219764953124935,44933.85,1.0,True
00,sync8_c1,10,45112.0,2.0,0.05,13.330942855271076,638,0.6964989215225665,45111.9,1.0,True
00,sync8_c1,11,45255.0,2.0,0.05,13.114906588582263,708,0.9046830072496616,45255.0,1.1,True
00,sync8_c1,12,45358.0,2.0,0.05,12.548496836524686,615,0.9010126052114807,45358.0,0.9,True
00,sync8_c1,13,49392.0,2.0,0.05,35.153742216743375,712,0.8451592875555682,49392.05,1.1,True
00,sync8_c1,14,49549.0,2.0,0.05,39.55518922492411,617,0.7229235980315404,49549.05,0.9,True
00,sync8_c1,15,49701.0,2.0,0.05,34.58114620023325,675,0.6638781220630742,49701.1,1.0,True
00,sync8_c1,16,49891.0,2.0,0.05,56.53198849345993,697,0.9035266669257099,49890.95,1.1,True
00,sync8_c1,17,49977.0,2.0,0.05,55.89001828743722,634,0.866806020304845,49976.9,1.0,True
00,sync8_c1,18,50144.0,2.0,0.05,44.69828576602639,620,0.7677353072724974,50144.05,0.9,True
00,sync8_c1,19,50401.0,2.0,0.05,19.993462513637915,657,0.9568711418577632,50401.0,1.0,True
00,sync8_c1,0,35974.0,4.0,0.05,11.938637719749703,638,0.9239304000559135,35973.9,1.0,True
00,sync8_c1,1,36161.0,4.0,0.05,11.922851731071749,594,0.9500712208066248,36160.9,0.9,True
00,sync8_c1,2,36503.0,4.0,0.05,12.388681105590852,737,0.8520011294566538,36503.15,1.1,True
00,sync8_c1,3,36666.0,4.0,0.05,11.698738615375738,703,0.9469023522741741,36666.0,1.1,True
00,sync8_c1,4,36761.0,4.0,0.05,11.259069100019413,584,0.9287670160771422,36760.85,0.9,True
00,sync8_c1,5,40723.0,4.0,0.05,13.46579601702394,674,0.9366219324566353,40723.1,1.0,True
00,sync8_c1,6,40856.0,4.0,0.05,12.91458021355867,610,0.6821968416018688,40856.05,0.9,True
00,sync8_c1,7,41245.0,4.0,0.05,15.970776229792286,599,0.8489461691307113,41245.0,0.9,True
00,sync8_c1,8,44858.0,4.0,0.05,11.569493414272404,661,0.9362651498553862,44858.05,1.0,True
00,sync8_c1,9,44934.0,4.0,0.05,11.719414050995866,695,0.9416448517030684,44933.95,1.1,True
00,sync8_c1,10,45112.0,4.0,0.05,13.330942855271076,614,0.845701269407702,45112.0,0.9,True
00,sync8_c1,11,45255.0,4.0,0.05,13.114906588582263,633,0.8844357137918151,45254.9,1.0,True
00,sync8_c1,12,45358.0,4.0,0.05,12.548496836524686,716,0.9722406396422903,45358.05,1.1,True
00,sync8_c1,13,49392.0,4.0,0.05,35.153742216743375,623,0.8549695557246105,49392.05,0.9,True
00,sync8_c1,14,49549.0,4.0,0.05,39.55518922492411,662,0.9069719057572907,49549.05,1.0,True
00,sync8_c1,15,49701.0,4.0,0.05,34.58114620023325,685,0.7752048893643033,49700.9,1.1,True
00,sync8_c1,16,49891.0,4.0,0.05,56.53198849345993,630,0.8881931241237816,49890.85,1.0,True
00,sync8_c1,17,49977.0,4.0,0.05,55.89001828743722,686,0.8831171032002955,49977.1,1.0,True
00,sync8_c1,18,50144.0,4.0,0.05,44.69828576602639,676,0.9073084862395884,50144.1,1.0,True
00,sync8_c1,19,50401.0,4.0,0.05,19.993462513637915,582,0.9035418607634578,50400.85,0.9,True
00,sync8_c1,0,35974.0,6.0,0.05,11.938637719749703,630,0.8566525812815029,35974.1,0.9,True
00,sync8_c1,1,36161.0,6.0,0.05,11.922851731071749,599,0.9594935046086267,36160.95,0.9,True
00,sync8_c1,2,36503.0,6.0,0.05,12.388681105590852,618,0.8700363694152947,36503.05,0.9,True
00,sync8_c1,3,36666.0,6.0,0.05,11.698738615375738,711,0.9790638095839409,36666.05,1.1,True
00,sync8_c1,4,36761.0,6.0,0.05,11.259069100019413,627,0.8899824869156252,36761.1,0.9,True
00,sync8_c1,5,40723.0,6.0,0.05,13.46579601702394,672,0.9274325522095123,40723.1,1.0,True
00,sync8_c1,6,40856.0,6.0,0.05,12.91458021355867,708,0.8180679617609783,40856.0,1.1,True
00,sync8_c1,7,41245.0,6.0,0.05,15.970776229792286,715,0.928967411589534,41245.05,1.1,True
00,sync8_c1,8,44858.0,6.0,0.05,11.569493414272404,592,0.9439944290173549,44857.95,0.9,True
00,sync8_c1,9,44934.0,6.0,0.05,11.719414050995866,633,0.8758822116909615,44933.9,1.0,True
00,sync8_c1,10,45112.0,6.0,0.05,13.330942855271076,647,0.9369396688279026,45112.0,1.0,True
00,sync8_c1,11,45255.0,6.0,0.05,13.114906588582263,612,0.9281620179030794,45255.0,0.9,True
00,sync8_c1,12,45358.0,6.0,0.05,12.548496836524686,665,0.978276996379205,45358.05,1.0,True
00,sync8_c1,13,49392.0,6.0,0.05,35.153742216743375,590,0.9348572505383189,49391.9,0.9,True
00,sync8_c1,14,49549.0,6.0,0.05,39.55518922492411,675,0.9500451529146798,49549.1,1.0,True
00,sync8_c1,15,49701.0,6.0,0.05,34.58114620023325,692,0.8850640850923207,49700.95,1.1,True
00,sync8_c1,16,49891.0,6.0,0.05,56.53198849345993,650,0.9685900634519653,49890.95,1.0,True
00,sync8_c1,17,49977.0,6.0,0.05,55.89001828743722,668,0.9584216404294946,49977.05,1.0,True
00,sync8_c1,18,50144.0,6.0,0.05,44.69828576602639,740,0.8901379724112084,50144.2,1.1,True
00,sync8_c1,19,50401.0,6.0,0.05,19.993462513637915,726,0.955290698558392,50401.1,1.1,True
00,sync8_c1,0,35974.0,2.0,0.15,11.938637719749703,679,0.8004167106824569,35973.85,1.1,True
00,sync8_c1,1,36161.0,2.0,0.15,11.922851731071749,611,0.83319620418289,36160.95,0.9,True
00,sync8_c1,2,36503.0,2.0,0.15,12.388681105590852,635,0.7358923855953843,36502.95,1.0,True
00,sync8_c1,3,36666.0,2.0,0.15,11.698738615375738,616,0.8440446519294008,36665.85,1.0,True
00,sync8_c1,4,36761.0,2.0,0.15,11.259069100019413,698,0.9329526408024885,36761.0,1.1,True
00,sync8_c1,5,40723.0,2.0,0.15,13.46579601702394,683,0.8290327767011035,40722.95,1.1,True
00,sync8_c1,6,40856.0,2.0,0.15,12.91458021355867,652,0.0,,,True
00,sync8_c1,7,41245.0,2.0,0.15,15.970776229792286,682,0.6158738273004158,41245.1,1.0,True
00,sync8_c1,8,44858.0,2.0,0.15,11.569493414272404,638,0.7751372453911978,44858.2,0.9,True
00,sync8_c1,9,44934.0,2.0,0.15,11.719414050995866,714,0.9056870521795319,44934.0,1.1,True
00,sync8_c1,10,45112.0,2.0,0.15,13.330942855271076,606,0.617942885724785,45111.9,0.9,True
00,sync8_c1,11,45255.0,2.0,0.15,13.114906588582263,676,0.8030755433940511,45255.2,1.0,True
00,sync8_c1,12,45358.0,2.0,0.15,12.548496836524686,672,0.8767670639831737,45358.05,1.0,True
00,sync8_c1,13,49392.0,2.0,0.15,35.153742216743375,615,0.664192733525678,49392.15,0.9,True
00,sync8_c1,14,49549.0,2.0,0.15,39.55518922492411,625,0.7130125203299859,49549.15,0.9,True
00,sync8_c1,15,49701.0,2.0,0.15,34.58114620023325,608,0.6067607413283067,49701.05,0.9,True
00,sync8_c1,16,49891.0,2.0,0.15,56.53198849345993,649,0.8297851991928993,49891.0,1.0,True
00,sync8_c1,17,49977.0,2.0,0.15,55.89001828743722,636,0.8761031034706767,49976.9,1.0,True
00,sync8_c1,18,50144.0,2.0,0.15,44.69828576602639,668,0.8607399102157993,50144.0,1.0,True
00,sync8_c1,19,50401.0,2.0,0.15,19.993462513637915,722,0.907549846946135,50401.2,1.1,True
00,sync8_c1,0,35974.0,4.0,0.15,11.938637719749703,622,0.848637056242939,35973.85,1.0,True
00,sync8_c1,1,36161.0,4.0,0.15,11.922851731071749,625,0.8840061304311445,36160.9,1.0,True
00,sync8_c1,2,36503.0,4.0,0.15,12.388681105590852,709,0.9503807114287149,36503.0,1.1,True
00,sync8_c1,3,36666.0,4.0,0.15,11.698738615375738,644,0.9298709084807529,36666.0,1.0,True
00,sync8_c1,4,36761.0,4.0,0.15,11.259069100019413,686,0.9394488886319121,36760.9,1.1,True
00,sync8_c1,5,40723.0,4.0,0.15,13.46579601702394,672,0.8970717794612307,40723.05,1.0,True
00,sync8_c1,6,40856.0,4.0,0.15,12.91458021355867,723,0.6659128956215479,40856.05,1.1,True
00,sync8_c1,7,41245.0,4.0,0.15,15.970776229792286,682,0.7860992529901297,41244.95,1.1,True
00,sync8_c1,8,44858.0,4.0,0.15,11.569493414272404,699,0.8921972070104365,44857.95,1.1,True
00,sync8_c1,9,44934.0,4.0,0.15,11.719414050995866,645,0.918209046728223,44934.0,1.0,True
00,sync8_c1,10,45112.0,4.0,0.15,13.330942855271076,663,0.8764376595248606,45112.1,1.0,True
00,sync8_c1,11,45255.0,4.0,0.15,13.114906588582263,589,0.8460074652193763,45254.9,0.9,True
00,sync8_c1,12,45358.0,4.0,0.15,12.548496836524686,698,0.8802784922878553,45358.15,1.0,True
00,sync8_c1,13,49392.0,4.0,0.15,35.153742216743375,752,0.870601575789191,49391.95,1.2,True
00,sync8_c1,14,49549.0,4.0,0.15,39.55518922492411,705,0.8802797075628125,49549.0,1.1,True
00,sync8_c1,15,49701.0,4.0,0.15,34.58114620023325,694,0.8397560003368532,49700.95,1.1,True
00,sync8_c1,16,49891.0,4.0,0.15,56.53198849345993,736,0.8901046666672694,49891.15,1.1,True
00,sync8_c1,17,49977.0,4.0,0.15,55.89001828743722,717,0.9581020482005809,49977.05,1.1,True
00,sync8_c1,18,50144.0,4.0,0.15,44.69828576602639,731,0.9098881981343747,50144.05,1.1,True
00,sync8_c1,19,50401.0,4.0,0.15,19.993462513637915,705,0.933371067197936,50401.1,1.1,True
00,sync8_c1,0,35974.0,6.0,0.15,11.938637719749703,604,0.898773634401421,35973.95,0.9,True
00,sync8_c1,1,36161.0,6.0,0.15,11.922851731071749,626,0.880735478640633,36160.9,1.0,True
00,sync8_c1,2,36503.0,6.0,0.15,12.388681105590852,632,0.869623895619512,36503.15,0.9,True
00,sync8_c1,3,36666.0,6.0,0.15,11.698738615375738,636,0.8503675212913742,36665.85,1.0,True
00,sync8_c1,4,36761.0,6.0,0.15,11.259069100019413,628,0.9605330311664307,36760.9,1.0,True
00,sync8_c1,5,40723.0,6.0,0.15,13.46579601702394,636,0.9164284878206125,40723.1,0.9,True
00,sync8_c1,6,40856.0,6.0,0.15,12.91458021355867,704,0.7474941522192788,40856.0,1.1,True
00,sync8_c1,7,41245.0,6.0,0.15,15.970776229792286,677,0.8285976801679752,41244.85,1.1,True
00,sync8_c1,8,44858.0,6.0,0.15,11.569493414272404,600,0.9718760148006215,44858.0,0.9,True
00,sync8_c1,9,44934.0,6.0,0.15,11.719414050995866,653,0.9708074708616926,44934.05,1.0,True
00,sync8_c1,10,45112.0,6.0,0.15,13.330942855271076,742,0.8433772561445543,45112.25,1.1,True
00,sync8_c1,11,45255.0,6.0,0.15,13.114906588582263,747,0.8841326705679399,45254.95,1.2,True
00,sync8_c1,12,45358.0,6.0,0.15,12.548496836524686,616,0.8690438785543242,45358.05,0.9,True
00,sync8_c1,13,49392.0,6.0,0.15,35.153742216743375,616,0.9297247947129497,49392.05,0.9,True
00,sync8_c1,14,49549.0,6.0,0.15,39.55518922492411,678,0.8973287731316187,49549.15,1.0,True
00,sync8_c1,15,49701.0,6.0,0.15,34.58114620023325,698,0.9119816481659748,49700.95,1.1,True
00,sync8_c1,16,49891.0,6.0,0.15,56.53198849345993,665,0.957378077179573,49891.0,1.0,True
00,sync8_c1,17,49977.0,6.0,0.15,55.89001828743722,656,0.9562500059168815,49977.0,1.0,True
00,sync8_c1,18,50144.0,6.0,0.15,44.69828576602639,657,0.9459036984036359,50144.0,1.0,True
00,sync8_c1,19,50401.0,6.0,0.15,19.993462513637915,688,0.8861020635889757,50400.85,1.1,True
00,sync8_c1,0,35974.0,2.0,0.25,11.938637719749703,695,0.7744349624024989,35974.0,1.1,True
00,sync8_c1,1,36161.0,2.0,0.25,11.922851731071749,758,0.8298456776000648,36160.9,1.2,True
00,sync8_c1,2,36503.0,2.0,0.25,12.388681105590852,698,0.811206080240481,36502.95,1.1,True
00,sync8_c1,3,36666.0,2.0,0.25,11.698738615375738,693,0.815569118335356,36665.9,1.1,True
00,sync8_c1,4,36761.0,2.0,0.25,11.259069100019413,714,0.8538045760408716,36761.0,1.1,True
00,sync8_c1,5,40723.0,2.0,0.25,13.46579601702394,662,0.762334972770376,40723.05,1.0,True
00,sync8_c1,6,40856.0,2.0,0.25,12.91458021355867,708,0.474231593850479,40856.1,1.1,True
00,sync8_c1,7,41245.0,2.0,0.25,15.970776229792286,711,0.6643589547621056,41245.35,1.0,True
00,sync8_c1,8,44858.0,2.0,0.25,11.569493414272404,660,0.7787993577578675,44857.9,1.0,True
00,sync8_c1,9,44934.0,2.0,0.25,11.719414050995866,646,0.8824787901203832,44933.95,1.0,True
00,sync8_c1,10,45112.0,2.0,0.25,13.330942855271076,679,0.0,,,True
00,sync8_c1,11,45255.0,2.0,0.25,13.114906588582263,662,0.820311638666451,45255.1,1.0,True
00,sync8_c1,12,45358.0,2.0,0.25,12.548496836524686,719,0.922772725888938,45358.05,1.1,True
00,sync8_c1,13,49392.0,2.0,0.25,35.153742216743375,691,0.7106487294141899,49392.1,1.0,True
00,sync8_c1,14,49549.0,2.0,0.25,39.55518922492411,597,0.0,,,True
00,sync8_c1,15,49701.0,2.0,0.25,34.58114620023325,762,0.6947189685335783,49701.1,1.2,True
00,sync8_c1,16,49891.0,2.0,0.25,56.53198849345993,702,0.8815384177317747,49891.15,1.0,True
00,sync8_c1,17,49977.0,2.0,0.25,55.89001828743722,659,0.8778508399751875,49977.1,1.0,True
00,sync8_c1,18,50144.0,2.0,0.25,44.69828576602639,632,0.8335059604459406,50143.9,1.0,True
00,sync8_c1,19,50401.0,2.0,0.25,19.993462513637915,752,0.8375591730775063,50400.95,1.2,True
00,sync8_c1,0,35974.0,4.0,0.25,11.938637719749703,649,0.8827664892432945,35974.0,1.0,True
00,sync8_c1,1,36161.0,4.0,0.25,11.922851731071749,687,0.8417672764044636,36160.85,1.1,True
00,sync8_c1,2,36503.0,4.0,0.25,12.388681105590852,644,0.8074410687350618,36502.8,1.0,True
00,sync8_c1,3,36666.0,4.0,0.25,11.698738615375738,607,0.9390213197406424,36666.0,0.9,True
00,sync8_c1,4,36761.0,4.0,0.25,11.259069100019413,773,0.8844871414300282,36760.95,1.2,True
00,sync8_c1,5,40723.0,4.0,0.25,13.46579601702394,653,0.8481039024618158,40723.05,1.0,True
00,sync8_c1,6,40856.0,4.0,0.25,12.91458021355867,671,0.5741907483172077,40855.95,1.1,True
00,sync8_c1,7,41245.0,4.0,0.25,15.970776229792286,662,0.7403876912208305,41245.15,1.0,True
00,sync8_c1,8,44858.0,4.0,0.25,11.569493414272404,603,0.8256642836364085,44857.95,0.9,True
00,sync8_c1,9,44934.0,4.0,0.25,11.719414050995866,687,0.8835229488714171,44934.25,1.0,True
00,sync8_c1,10,45112.0,4.0,0.25,13.330942855271076,715,0.8473727357782498,45112.05,1.1,True
00,sync8_c1,11,45255.0,4.0,0.25,13.114906588582263,752,0.8581387637347161,45254.9,1.2,True
00,sync8_c1,12,45358.0,4.0,0.25,12.548496836524686,698,0.8848981559040948,45357.9,1.1,True
00,sync8_c1,13,49392.0,4.0,0.25,35.153742216743375,612,0.8048080129797045,49392.0,0.9,True
00,sync8_c1,14,49549.0,4.0,0.25,39.55518922492411,618,0.8360000282260803,49548.8,1.0,True
00,sync8_c1,15,49701.0,4.0,0.25,34.58114620023325,703,0.7594920782025882,49701.0,1.1,True
00,sync8_c1,16,49891.0,4.0,0.25,56.53198849345993,582,0.8266452866198644,49890.75,0.9,True
00,sync8_c1,17,49977.0,4.0,0.25,55.89001828743722,616,0.816919873137139,49976.95,1.0,True
00,sync8_c1,18,50144.0,4.0,0.25,44.69828576602639,681,0.8797125341400579,50143.9,1.1,True
00,sync8_c1,19,50401.0,4.0,0.25,19.993462513637915,677,0.9615031289982141,50401.05,1.0,True
00,sync8_c1,0,35974.0,6.0,0.25,11.938637719749703,636,0.8456274256614057,35974.1,0.9,True
00,sync8_c1,1,36161.0,6.0,0.25,11.922851731071749,640,0.8676300192951018,36161.1,0.9,True
00,sync8_c1,2,36503.0,6.0,0.25,12.388681105590852,689,0.8679929536351032,36502.9,1.1,True
00,sync8_c1,3,36666.0,6.0,0.25,11.698738615375738,641,0.9113981178804906,36665.85,1.0,True
00,sync8_c1,4,36761.0,6.0,0.25,11.259069100019413,702,0.9035148811838093,36761.0,1.1,True
00,sync8_c1,5,40723.0,6.0,0.25,13.46579601702394,731,0.940421236577186,40723.05,1.1,True
00,sync8_c1,6,40856.0,6.0,0.25,12.91458021355867,643,0.7079938974908024,40856.0,1.0,True
00,sync8_c1,7,41245.0,6.0,0.25,15.970776229792286,674,0.7450991023240415,41244.95,1.1,True
00,sync8_c1,8,44858.0,6.0,0.25,11.569493414272404,675,0.9318573876194478,44858.05,1.0,True
00,sync8_c1,9,44934.0,6.0,0.25,11.719414050995866,606,0.8151400442438871,44934.0,0.9,True
00,sync8_c1,10,45112.0,6.0,0.25,13.330942855271076,600,0.8057597565310162,45112.0,0.9,True
00,sync8_c1,11,45255.0,6.0,0.25,13.114906588582263,647,0.9254495366377381,45255.0,1.0,True
00,sync8_c1,12,45358.0,6.0,0.25,12.548496836524686,564,0.867245356590254,45358.05,0.8,True
00,sync8_c1,13,49392.0,6.0,0.25,35.153742216743375,704,0.888111916841871,49392.0,1.1,True
00,sync8_c1,14,49549.0,6.0,0.25,39.55518922492411,731,0.7928213631010329,49549.0,1.1,True
00,sync8_c1,15,49701.0,6.0,0.25,34.58114620023325,603,0.8122460635206105,49700.9,0.9,True
00,sync8_c1,16,49891.0,6.0,0.25,56.53198849345993,579,0.9123377734814763,49890.9,0.9,True
00,sync8_c1,17,49977.0,6.0,0.25,55.89001828743722,692,0.8968712255931425,49976.9,1.1,True
00,sync8_c1,18,50144.0,6.0,0.25,44.69828576602639,737,0.8675977336419305,50144.1,1.1,True
00,sync8_c1,19,50401.0,6.0,0.25,19.993462513637915,651,0.8868760926209234,50400.9,1.0,True
01,legacy_lrl,0,28841.0,2.0,0.05,14.260936558586339,310,0.0,,,True
01,legacy_lrl,1,29879.0,2.0,0.05,30.613378526219275,284,0.9609891023490921,29879.0,0.9,True
01,legacy_lrl,2,30083.0,2.0,0.05,38.548044220949905,342,0.839038884941931,30083.05,1.1,True
01,legacy_lrl,3,30170.0,2.0,0.05,35.999017376975004,307,0.9279800243708025,30169.9,1.1,True
01,legacy_lrl,4,30307.0,2.0,0.05,23.87356988358969,291,0.8631799144124279,30306.95,1.0,True
01,legacy_lrl,5,38647.0,2.0,0.05,9.111289813631412,305,0.9222069424857156,38646.9,1.1,True
01,legacy_lrl,6,38997.0,2.0,0.05,23.861930708000354,331,0.0,,,True
01,legacy_lrl,7,39279.0,2.0,0.05,18.88070752531031,287,0.9053069643807997,39279.0,0.9,True
01,legacy_lrl,8,39518.0,2.0,0.05,30.6181671890483,324,0.9720922365694127,39517.95,1.1,True
01,legacy_lrl,9,45223.0,2.0,0.05,13.366509375012997,302,0.9159646630359916,45223.0,1.0,True
01,legacy_lrl,10,45339.0,2.0,0.05,14.466915907942807,307,0.8321343191257746,45339.0,1.0,True
01,legacy_lrl,11,45513.0,2.0,0.05,22.298706764998148,310,0.9665808601585368,45513.05,1.0,True
01,legacy_lrl,12,45591.0,2.0,0.05,21.205526773103717,345,0.0,,,True
01,legacy_lrl,13,45824.0,2.0,0.05,18.641462470721308,292,0.7993593921710819,45824.75,0.8,True
01,legacy_lrl,14,45973.0,2.0,0.05,21.258643630951962,279,0.8588849369372701,45973.1,0.8,True
01,legacy_lrl,15,46281.0,2.0,0.05,27.922284950166784,286,0.9500509457129651,46281.0,0.9,True
01,legacy_lrl,16,46643.0,2.0,0.05,22.37688423662151,346,0.9785795789624823,46642.95,1.2,True
01,legacy_lrl,17,50145.0,2.0,0.05,8.67058475559825,300,0.0,,,True
01,legacy_lrl,18,50592.0,2.0,0.05,22.42259321489518,313,0.600593815411931,50592.05,1.0,True
01,legacy_lrl,19,50835.0,2.0,0.05,21.519361293428123,346,0.9657921011917912,50834.95,1.2,True
01,legacy_lrl,0,28841.0,4.0,0.05,14.260936558586339,319,0.8741031379352887,28840.95,1.1,True
01,legacy_lrl,1,29879.0,4.0,0.05,30.613378526219275,339,0.9795485228964066,29879.05,1.1,True
01,legacy_lrl,2,30083.0,4.0,0.05,38.548044220949905,339,0.9439790759998594,30083.05,1.1,True
01,legacy_lrl,3,30170.0,4.0,0.05,35.999017376975004,304,0.9652903200472316,30170.0,1.0,True
01,legacy_lrl,4,30307.0,4.0,0.05,23.87356988358969,298,0.9654119620027326,30306.95,1.0,True
01,legacy_lrl,5,38647.0,4.0,0.05,9.111289813631412,345,0.9712956581779114,38647.0,1.2,True
01,legacy_lrl,6,38997.0,4.0,0.05,23.861930708000354,331,0.9211542472040791,38997.1,1.0,True
01,legacy_lrl,7,39279.0,4.0,0.05,18.88070752531031,333,0.9730469603236807,39279.05,1.1,True
01,legacy_lrl,8,39518.0,4.0,0.05,30.6181671890483,345,0.9808045105240775,39517.95,1.2,True
01,legacy_lrl,9,45223.0,4.0,0.05,13.366509375012997,339,0.973775231527132,45223.05,1.1,True
01,legacy_lrl,10,45339.0,4.0,0.05,14.466915907942807,311,0.9383812059933179,45339.05,1.0,True
01,legacy_lrl,11,45513.0,4.0,0.05,22.298706764998148,294,0.9565718422598015,45512.95,1.0,True
01,legacy_lrl,12,45591.0,4.0,0.05,21.205526773103717,309,0.9471522187685918,45591.0,1.0,True
01,legacy_lrl,13,45824.0,4.0,0.05,18.641462470721308,296,0.8558695588309257,45824.7,0.9,True
01,legacy_lrl,14,45973.0,4.0,0.05,21.258643630951962,290,0.9464185252149765,45973.05,0.9,True
01,legacy_lrl,15,46281.0,4.0,0.05,27.922284950166784,326,0.9862955857671069,46281.0,1.1,True
01,legacy_lrl,16,46643.0,4.0,0.05,22.37688423662151,300,0.9837714021022116,46643.0,1.0,True
01,legacy_lrl,17,50145.0,4.0,0.05,8.67058475559825,334,0.9221185918849537,50145.0,1.1,True
01,legacy_lrl,18,50592.0,4.0,0.05,22.42259321489518,335,0.9143599434280186,50592.05,1.1,True
01,legacy_lrl,19,50835.0,4.0,0.05,21.519361293428123,311,0.973021526008286,50835.0,1.0,True
01,legacy_lrl,0,28841.0,6.0,0.05,14.260936558586339,326,0.9353795727454236,28841.0,1.1,True
01,legacy_lrl,1,29879.0,6.0,0.05,30.613378526219275,306,0.9813004805118296,29879.0,1.0,True
01,legacy_lrl,2,30083.0,6.0,0.05,38.548044220949905,286,0.9467634052780364,30082.95,0.9,True
01,legacy_lrl,3,30170.0,6.0,0.05,35.999017376975004,303,0.9667072402147077,30170.0,1.0,True
01,legacy_lrl,4,30307.0,6.0,0.05,23.87356988358969,327,0.9912938833017151,30307.0,1.1,True
01,legacy_lrl,5,38647.0,6.0,0.05,9.111289813631412,286,0.9578797172261626,38647.0,0.9,True
01,legacy_lrl,6,38997.0,6.0,0.05,23.861930708000354,300,0.9743938285404535,38997.0,1.0,True
01,legacy_lrl,7,39279.0,6.0,0.05,18.88070752531031,311,0.9667561858801569,39279.05,1.0,True
01,legacy_lrl,8,39518.0,6.0,0.05,30.6181671890483,311,0.9896250384495715,39518.05,1.0,True
01,legacy_lrl,9,45223.0,6.0,0.05,13.366509375012997,316,0.9774445783613533,45223.05,1.0,True
01,legacy_lrl,10,45339.0,6.0,0.05,14.466915907942807,324,0.9652774920019146,45338.95,1.1,True
01,legacy_lrl,11,45513.0,6.0,0.05,22.298706764998148,321,0.9836944656528148,45512.95,1.1,True
01,legacy_lrl,12,45591.0,6.0,0.05,21.205526773103717,299,0.9347314599852687,45590.95,1.0,True
01,legacy_lrl,13,45824.0,6.0,0.05,18.641462470721308,279,0.9365424817242405,45823.95,0.9,True
01,legacy_lrl,14,45973.0,6.0,0.05,21.258643630951962,289,0.9808722982335557,45973.0,0.9,True
01,legacy_lrl,15,46281.0,6.0,0.05,27.922284950166784,307,0.9894309047489953,46281.0,1.0,True
01,legacy_lrl,16,46643.0,6.0,0.05,22.37688423662151,333,0.9816013424357802,46643.05,1.1,True
01,legacy_lrl,17,50145.0,6.0,0.05,8.67058475559825,319,0.9338713037613365,50145.1,1.0,True
01,legacy_lrl,18,50592.0,6.0,0.05,22.42259321489518,292,0.9273496264521228,50592.0,0.9,True
01,legacy_lrl,19,50835.0,6.0,0.05,21.519361293428123,289,0.986123285624398,50835.0,0.9,True
01,legacy_lrl,0,28841.0,2.0,0.15,14.260936558586339,291,0.6689244162962699,28840.5,0.8,True
01,legacy_lrl,1,29879.0,2.0,0.15,30.613378526219275,321,0.9243102164030266,29879.1,1.0,True
01,legacy_lrl,2,30083.0,2.0,0.15,38.548044220949905,314,0.7694147208209725,30083.1,0.9,True
01,legacy_lrl,3,30170.0,2.0,0.15,35.999017376975004,295,0.8739402887867221,30170.05,0.9,True
01,legacy_lrl,4,30307.0,2.0,0.15,23.87356988358969,288,0.840166057753826,30306.95,1.0,True
01,legacy_lrl,5,38647.0,2.0,0.15,9.111289813631412,303,0.9161078592824305,38647.0,1.0,True
01,legacy_lrl,6,38997.0,2.0,0.15,23.861930708000354,313,0.7909735434543874,38997.7,1.0,True
01,legacy_lrl,7,39279.0,2.0,0.15,18.88070752531031,301,0.9197987592040658,39279.0,1.0,True
01,legacy_lrl,8,39518.0,2.0,0.15,30.6181671890483,338,0.9911171954595466,39518.05,1.1,True
01,legacy_lrl,9,45223.0,2.0,0.15,13.366509375012997,349,0.9022085783406479,45223.0,1.2,True
01,legacy_lrl,10,45339.0,2.0,0.15,14.466915907942807,338,0.884453964980611,45338.45,0.9,True
01,legacy_lrl,11,45513.0,2.0,0.15,22.298706764998148,318,0.9163518456099641,45513.1,1.0,True
01,legacy_lrl,12,45591.0,2.0,0.15,21.205526773103717,321,0.0,,,True
01,legacy_lrl,13,45824.0,2.0,0.15,18.641462470721308,350,0.6261037304992723,45823.55,0.9,True
01,legacy_lrl,14,45973.0,2.0,0.15,21.258643630951962,282,0.9177194448729218,45972.85,1.0,True
01,legacy_lrl,15,46281.0,2.0,0.15,27.922284950166784,326,0.9781060126724673,46281.05,1.1,True
01,legacy_lrl,16,46643.0,2.0,0.15,22.37688423662151,350,0.9823708198087229,46643.0,1.2,True
01,legacy_lrl,17,50145.0,2.0,0.15,8.67058475559825,306,0.0,,,True
01,legacy_lrl,18,50592.0,2.0,0.15,22.42259321489518,331,0.6176631245068244,50592.05,1.1,True
01,legacy_lrl,19,50835.0,2.0,0.15,21.519361293428123,323,0.9490435251818059,50834.95,1.1,True
01,legacy_lrl,0,28841.0,4.0,0.15,14.260936558586339,327,0.8535674624307599,28841.0,1.1,True
01,legacy_lrl,1,29879.0,4.0,0.15,30.613378526219275,299,0.9750741269178946,29878.95,1.0,True
01,legacy_lrl,2,30083.0,4.0,0.15,38.548044220949905,290,0.9320369557708084,30083.0,0.9,True
01,legacy_lrl,3,30170.0,4.0,0.15,35.999017376975004,279,0.9426289048006627,30170.1,0.8,True
01,legacy_lrl,4,30307.0,4.0,0.15,23.87356988358969,343,0.9164167978720003,30306.9,1.2,True
01,legacy_lrl,5,38647.0,4.0,0.15,9.111289813631412,290,0.9351365213440469,38646.95,1.0,True
01,legacy_lrl,6,38997.0,4.0,0.15,23.861930708000354,280,0.8909900907583361,38997.6,0.9,True
01,legacy_lrl,7,39279.0,4.0,0.15,18.88070752531031,327,0.9569021222604075,39279.0,1.1,True
01,legacy_lrl,8,39518.0,4.0,0.15,30.6181671890483,328,0.9946909635311698,39518.0,1.1,True
01,legacy_lrl,9,45223.0,4.0,0.15,13.366509375012997,330,0.9547340963419659,45223.0,1.1,True
01,legacy_lrl,10,45339.0,4.0,0.15,14.466915907942807,281,0.9415489228331512,45339.0,0.9,True
01,legacy_lrl,11,45513.0,4.0,0.15,22.298706764998148,293,0.9785031577666827,45513.05,0.9,True
01,legacy_lrl,12,45591.0,4.0,0.15,21.205526773103717,287,0.9099805440966238,45590.95,1.0,True
01,legacy_lrl,13,45824.0,4.0,0.15,18.641462470721308,306,0.8288777367288325,45824.0,1.0,True
01,legacy_lrl,14,45973.0,4.0,0.15,21.258643630951962,284,0.9516652939985225,45972.9,1.0,True
01,legacy_lrl,15,46281.0,4.0,0.15,27.922284950166784,289,0.972900066838792,46280.85,1.0,True
01,legacy_lrl,16,46643.0,4.0,0.15,22.37688423662151,316,0.9785651898378004,46643.05,1.0,True
01,legacy_lrl,17,50145.0,4.0,0.15,8.67058475559825,328,0.9226789738449965,50144.95,1.1,True
01,legacy_lrl,18,50592.0,4.0,0.15,22.42259321489518,300,0.8383960637486458,50592.65,1.0,True
01,legacy_lrl,19,50835.0,4.0,0.15,21.519361293428123,327,0.9841522363251265,50834.95,1.1,True
01,legacy_lrl,0,28841.0,6.0,0.15,14.260936558586339,304,0.8987666433749919,28841.0,1.0,True
01,legacy_lrl,1,29879.0,6.0,0.15,30.613378526219275,277,0.9803145340048196,29878.95,0.9,True
01,legacy_lrl,2,30083.0,6.0,0.15,38.548044220949905,340,0.979730016095269,30083.05,1.1,True
01,legacy_lrl,3,30170.0,6.0,0.15,35.999017376975004,321,0.9834612911105716,30169.95,1.1,True
01,legacy_lrl,4,30307.0,6.0,0.15,23.87356988358969,271,0.9515320345246985,30306.95,0.9,True
01,legacy_lrl,5,38647.0,6.0,0.15,9.111289813631412,306,0.9704309657372133,38646.95,1.0,True
01,legacy_lrl,6,38997.0,6.0,0.15,23.861930708000354,318,0.9373447754291889,38997.05,1.0,True
01,legacy_lrl,7,39279.0,6.0,0.15,18.88070752531031,282,0.9412912471159285,39279.0,0.9,True
01,legacy_lrl,8,39518.0,6.0,0.15,30.6181671890483,328,0.9704355042399428,39518.0,1.1,True
01,legacy_lrl,9,45223.0,6.0,0.15,13.366509375012997,313,0.9691902025593531,45223.05,1.0,True
01,legacy_lrl,10,45339.0,6.0,0.15,14.466915907942807,322,0.967850477674137,45338.95,1.1,True
01,legacy_lrl,11,45513.0,6.0,0.15,22.298706764998148,292,0.9804857643232235,45513.0,0.9,True
01,legacy_lrl,12,45591.0,6.0,0.15,21.205526773103717,335,0.9754946213513052,45591.0,1.1,True
01,legacy_lrl,13,45824.0,6.0,0.15,18.641462470721308,323,0.9255038393795499,45824.0,1.1,True
01,legacy_lrl,14,45973.0,6.0,0.15,21.258643630951962,292,0.975944086576815,45973.05,0.9,True
01,legacy_lrl,15,46281.0,6.0,0.15,27.922284950166784,324,0.9856443408752275,46281.1,1.0,True
01,legacy_lrl,16,46643.0,6.0,0.15,22.37688423662151,337,0.9953293472375754,46643.05,1.1,True
01,legacy_lrl,17,50145.0,6.0,0.15,8.67058475559825,314,0.9604343684173936,50145.05,1.0,True
01,legacy_lrl,18,50592.0,6.0,0.15,22.42259321489518,295,0.9391522529131131,50592.1,0.9,True
01,legacy_lrl,19,50835.0,6.0,0.15,21.519361293428123,307,0.9791841393837443,50835.0,1.0,True
01,legacy_lrl,0,28841.0,2.0,0.25,14.260936558586339,301,0.5609257791461221,28841.1,0.8,True
01,legacy_lrl,1,29879.0,2.0,0.25,30.613378526219275,315,0.9547293760811313,29879.05,1.0,True
01,legacy_lrl,2,30083.0,2.0,0.25,38.548044220949905,276,0.8147607013103008,30082.25,0.9,True
01,legacy_lrl,3,30170.0,2.0,0.25,35.999017376975004,294,0.8460431735224231,30170.0,0.9,True
01,legacy_lrl,4,30307.0,2.0,0.25,23.87356988358969,302,0.8715315900487325,30306.95,1.0,True
01,legacy_lrl,5,38647.0,2.0,0.25,9.111289813631412,283,0.8753233525320606,38646.9,1.0,True
01,legacy_lrl,6,38997.0,2.0,0.25,23.861930708000354,311,0.9005034515362185,38996.8,1.2,True
01,legacy_lrl,7,39279.0,2.0,0.25,18.88070752531031,317,0.9030482134776499,39278.95,1.1,True
01,legacy_lrl,8,39518.0,2.0,0.25,30.6181671890483,335,0.9639291257661803,39518.0,1.1,True
01,legacy_lrl,9,45223.0,2.0,0.25,13.366509375012997,340,0.9323756740473795,45223.0,1.1,True
01,legacy_lrl,10,45339.0,2.0,0.25,14.466915907942807,319,0.8970422271607259,45338.7,1.2,True
01,legacy_lrl,11,45513.0,2.0,0.25,22.298706764998148,265,0.9471870992066713,45512.95,0.9,True
01,legacy_lrl,12,45591.0,2.0,0.25,21.205526773103717,320,0.823822835989208,45591.05,1.1,True
01,legacy_lrl,13,45824.0,2.0,0.25,18.641462470721308,309,0.7543801171096943,45823.8,1.1,True
01,legacy_lrl,14,45973.0,2.0,0.25,21.258643630951962,335,0.9023494663581235,45973.05,1.1,True
01,legacy_lrl,15,46281.0,2.0,0.25,27.922284950166784,306,0.9626824379306894,46280.95,1.0,True
01,legacy_lrl,16,46643.0,2.0,0.25,22.37688423662151,324,0.9857730250558807,46643.0,1.1,True
01,legacy_lrl,17,50145.0,2.0,0.25,8.67058475559825,332,0.7511693404285403,50145.25,1.0,True
01,legacy_lrl,18,50592.0,2.0,0.25,22.42259321489518,277,0.7452386661399173,50592.15,0.8,True
01,legacy_lrl,19,50835.0,2.0,0.25,21.519361293428123,294,0.9408317666889491,50835.0,0.9,True
01,legacy_lrl,0,28841.0,4.0,0.25,14.260936558586339,279,0.767479065150755,28840.35,0.9,True
01,legacy_lrl,1,29879.0,4.0,0.25,30.613378526219275,308,0.9340516705769188,29878.95,1.1,True
01,legacy_lrl,2,30083.0,4.0,0.25,38.548044220949905,287,0.9143312304671473,30082.95,0.9,True
01,legacy_lrl,3,30170.0,4.0,0.25,35.999017376975004,278,0.9358543171681527,30170.0,0.8,True
01,legacy_lrl,4,30307.0,4.0,0.25,23.87356988358969,313,0.9388416777797015,30306.95,1.0,True
01,legacy_lrl,5,38647.0,4.0,0.25,9.111289813631412,315,0.9489089166914871,38647.2,0.9,True
01,legacy_lrl,6,38997.0,4.0,0.25,23.861930708000354,291,0.8844897356784355,38997.05,0.9,True
01,legacy_lrl,7,39279.0,4.0,0.25,18.88070752531031,367,0.9668944224337244,39279.1,1.2,True
01,legacy_lrl,8,39518.0,4.0,0.25,30.6181671890483,300,0.9567789482095561,39518.05,1.0,True
01,legacy_lrl,9,45223.0,4.0,0.25,13.366509375012997,272,0.947449859255929,45222.9,0.9,True
01,legacy_lrl,10,45339.0,4.0,0.25,14.466915907942807,295,0.890386199534043,45338.9,1.0,True
01,legacy_lrl,11,45513.0,4.0,0.25,22.298706764998148,294,0.9628122689154454,45512.9,1.0,True
01,legacy_lrl,12,45591.0,4.0,0.25,21.205526773103717,301,0.9110939282166918,45591.0,1.0,True
01,legacy_lrl,13,45824.0,4.0,0.25,18.641462470721308,316,0.8843990596366282,45823.95,1.1,True
01,legacy_lrl,14,45973.0,4.0,0.25,21.258643630951962,307,0.9693658564080336,45973.0,1.0,True
01,legacy_lrl,15,46281.0,4.0,0.25,27.922284950166784,302,0.9756576440470227,46280.95,1.0,True
01,legacy_lrl,16,46643.0,4.0,0.25,22.37688423662151,332,0.9796276940636148,46643.0,1.1,True
01,legacy_lrl,17,50145.0,4.0,0.25,8.67058475559825,281,0.9444406020234224,50144.95,0.9,True
01,legacy_lrl,18,50592.0,4.0,0.25,22.42259321489518,348,0.8845926691795692,50592.15,1.0,True
01,legacy_lrl,19,50835.0,4.0,0.25,21.519361293428123,337,0.9776124380511421,50834.9,1.2,True
01,legacy_lrl,0,28841.0,6.0,0.25,14.260936558586339,350,0.9310319039788953,28840.95,1.2,True
01,legacy_lrl,1,29879.0,6.0,0.25,30.613378526219275,308,0.9568730153225937,29878.95,1.0,True
01,legacy_lrl,2,30083.0,6.0,0.25,38.548044220949905,305,0.9402837874478648,30083.05,0.9,True
01,legacy_lrl,3,30170.0,6.0,0.25,35.999017376975004,301,0.9664441703889181,30170.05,0.9,True
01,legacy_lrl,4,30307.0,6.0,0.25,23.87356988358969,311,0.9471510266512378,30307.0,1.1,True
01,legacy_lrl,5,38647.0,6.0,0.25,9.111289813631412,295,0.9887303199717612,38647.0,0.9,True
01,legacy_lrl,6,38997.0,6.0,0.25,23.861930708000354,313,0.9509015554009301,38997.1,0.9,True
01,legacy_lrl,7,39279.0,6.0,0.25,18.88070752531031,326,0.9432030206046853,39278.9,1.2,True
01,legacy_lrl,8,39518.0,6.0,0.25,30.6181671890483,283,0.9465432669415085,39517.9,0.9,True
01,legacy_lrl,9,45223.0,6.0,0.25,13.366509375012997,316,0.9575204123868493,45223.25,0.9,True
01,legacy_lrl,10,45339.0,6.0,0.25,14.466915907942807,335,0.9656592332674636,45339.0,1.1,True
01,legacy_lrl,11,45513.0,6.0,0.25,22.298706764998148,303,0.9518469976397327,45512.9,1.1,True
01,legacy_lrl,12,45591.0,6.0,0.25,21.205526773103717,361,0.9610413058561541,45591.05,1.2,True
01,legacy_lrl,13,45824.0,6.0,0.25,18.641462470721308,284,0.9330752989448311,45824.05,0.9,True
01,legacy_lrl,14,45973.0,6.0,0.25,21.258643630951962,286,0.9602332746912996,45972.9,1.0,True
01,legacy_lrl,15,46281.0,6.0,0.25,27.922284950166784,324,0.9883340932655348,46280.95,1.1,True
01,legacy_lrl,16,46643.0,6.0,0.25,22.37688423662151,333,0.9799870548279442,46642.95,1.2,True
01,legacy_lrl,17,50145.0,6.0,0.25,8.67058475559825,313,0.9100008660689564,50145.0,1.0,True
01,legacy_lrl,18,50592.0,6.0,0.25,22.42259321489518,318,0.9350896291916924,50592.1,1.0,True
01,legacy_lrl,19,50835.0,6.0,0.25,21.519361293428123,356,0.9859627005780205,50835.05,1.2,True
01,legacy_lrlr,0,28841.0,2.0,0.05,14.260936558586339,345,0.7142696754292233,28840.95,0.9,True
01,legacy_lrlr,1,29879.0,2.0,0.05,30.613378526219275,423,0.9532350128188493,29879.1,1.1,True
01,legacy_lrlr,2,30083.0,2.0,0.05,38.548044220949905,358,0.8834399608375729,30083.0,0.9,True
01,legacy_lrlr,3,30170.0,2.0,0.05,35.999017376975004,348,0.9231118959316527,30170.0,0.9,True
01,legacy_lrlr,4,30307.0,2.0,0.05,23.87356988358969,355,0.9152963937154873,30307.0,0.9,True
01,legacy_lrlr,5,38647.0,2.0,0.05,9.111289813631412,379,0.9023383839440854,38647.0,1.0,True
01,legacy_lrlr,6,38997.0,2.0,0.05,23.861930708000354,400,0.8728892930811941,38996.95,1.1,True
01,legacy_lrlr,7,39279.0,2.0,0.05,18.88070752531031,417,0.9089310819837182,39279.05,1.1,True
01,legacy_lrlr,8,39518.0,2.0,0.05,30.6181671890483,396,0.9731995654678036,39517.95,1.1,True
01,legacy_lrlr,9,45223.0,2.0,0.05,13.366509375012997,428,0.9340939433480003,45223.1,1.1,True
01,legacy_lrlr,10,45339.0,2.0,0.05,14.466915907942807,393,0.9070535439227022,45338.35,1.0,True
01,legacy_lrlr,11,45513.0,2.0,0.05,22.298706764998148,382,0.9399514209986072,45513.0,1.0,True
01,legacy_lrlr,12,45591.0,2.0,0.05,21.205526773103717,396,0.7843944558806208,45590.95,1.1,True
01,legacy_lrlr,13,45824.0,2.0,0.05,18.641462470721308,400,0.8245039542605018,45823.95,1.1,True
01,legacy_lrlr,14,45973.0,2.0,0.05,21.258643630951962,417,0.0,,,True
01,legacy_lrlr,15,46281.0,2.0,0.05,27.922284950166784,377,0.9624600563850996,46281.0,1.0,True
01,legacy_lrlr,16,46643.0,2.0,0.05,22.37688423662151,344,0.983694945208362,46642.95,0.9,True
01,legacy_lrlr,17,50145.0,2.0,0.05,8.67058475559825,340,0.8662833807014322,50144.95,0.9,True
01,legacy_lrlr,18,50592.0,2.0,0.05,22.42259321489518,363,0.7576661860698994,50592.1,0.9,True
01,legacy_lrlr,19,50835.0,2.0,0.05,21.519361293428123,413,0.9720758490843574,50835.0,1.1,True
01,legacy_lrlr,0,28841.0,4.0,0.05,14.260936558586339,418,0.855539044439809,28840.9,1.2,True
01,legacy_lrlr,1,29879.0,4.0,0.05,30.613378526219275,373,0.9815445702149296,29879.0,1.0,True
01,legacy_lrlr,2,30083.0,4.0,0.05,38.548044220949905,343,0.9668155299326469,30082.95,0.9,True
01,legacy_lrlr,3,30170.0,4.0,0.05,35.999017376975004,418,0.9717240102867942,30170.1,1.1,True
01,legacy_lrlr,4,30307.0,4.0,0.05,23.87356988358969,342,0.9617463313381848,30306.95,0.9,True
01,legacy_lrlr,5,38647.0,4.0,0.05,9.111289813631412,345,0.9753364747769167,38646.95,0.9,True
01,legacy_lrlr,6,38997.0,4.0,0.05,23.861930708000354,375,0.9067213150276789,38997.0,1.0,True
01,legacy_lrlr,7,39279.0,4.0,0.05,18.88070752531031,367,0.9619770547799019,39278.95,1.0,True
01,legacy_lrlr,8,39518.0,4.0,0.05,30.6181671890483,395,0.9768156761728924,39517.95,1.1,True
01,legacy_lrlr,9,45223.0,4.0,0.05,13.366509375012997,351,0.9533857939312089,45223.0,0.9,True
01,legacy_lrlr,10,45339.0,4.0,0.05,14.466915907942807,409,0.9633967659947812,45339.0,1.1,True
01,legacy_lrlr,11,45513.0,4.0,0.05,22.298706764998148,375,0.9868573867027353,45513.0,1.0,True
01,legacy_lrlr,12,45591.0,4.0,0.05,21.205526773103717,373,0.9375162223649659,45591.0,1.0,True
01,legacy_lrlr,13,45824.0,4.0,0.05,18.641462470721308,344,0.8975297082620518,45823.95,0.9,True
01,legacy_lrlr,14,45973.0,4.0,0.05,21.258643630951962,368,0.9449524704212633,45972.95,1.0,True
01,legacy_lrlr,15,46281.0,4.0,0.05,27.922284950166784,427,0.9763214643760597,46280.95,1.2,True
01,legacy_lrlr,16,46643.0,4.0,0.05,22.37688423662151,347,0.9808346119583975,46643.0,0.9,True
01,legacy_lrlr,17,50145.0,4.0,0.05,8.67058475559825,351,0.8600456418398671,50145.0,0.9,True
01,legacy_lrlr,18,50592.0,4.0,0.05,22.42259321489518,397,0.8450373715335768,50591.95,1.1,True
01,legacy_lrlr,19,50835.0,4.0,0.05,21.519361293428123,387,0.9790559006718054,50835.05,1.0,True
01,legacy_lrlr,0,28841.0,6.0,0.05,14.260936558586339,410,0.9109254857413376,28841.0,1.1,True
01,legacy_lrlr,1,29879.0,6.0,0.05,30.613378526219275,363,0.945652680358731,29878.95,1.0,True
01,legacy_lrlr,2,30083.0,6.0,0.05,38.548044220949905,364,0.9641603627513606,30082.95,1.0,True
01,legacy_lrlr,3,30170.0,6.0,0.05,35.999017376975004,417,0.9841253643148186,30170.05,1.1,True
01,legacy_lrlr,4,30307.0,6.0,0.05,23.87356988358969,343,0.9768345119724069,30306.95,0.9,True
01,legacy_lrlr,5,38647.0,6.0,0.05,9.111289813631412,387,0.9745988793417617,38647.05,1.0,True
01,legacy_lrlr,6,38997.0,6.0,0.05,23.861930708000354,423,0.9709448198150897,38997.1,1.1,True
01,legacy_lrlr,7,39279.0,6.0,0.05,18.88070752531031,385,0.967617663251283,39279.05,1.0,True
01,legacy_lrlr,8,39518.0,6.0,0.05,30.6181671890483,357,0.9722947719047818,39518.0,0.9,True
01,legacy_lrlr,9,45223.0,6.0,0.05,13.366509375012997,375,0.9855456461989741,45223.0,1.0,True
01,legacy_lrlr,10,45339.0,6.0,0.05,14.466915907942807,396,0.9666440963610021,45338.95,1.1,True
01,legacy_lrlr,11,45513.0,6.0,0.05,22.298706764998148,415,0.9820205200823626,45513.05,1.1,True
01,legacy_lrlr,12,45591.0,6.0,0.05,21.205526773103717,383,0.9693970100830899,45591.0,1.0,True
01,legacy_lrlr,13,45824.0,6.0,0.05,18.641462470721308,401,0.9273967595628789,45824.0,1.1,True
01,legacy_lrlr,14,45973.0,6.0,0.05,21.258643630951962,370,0.9724043390332419,45972.95,1.0,True
01,legacy_lrlr,15,46281.0,6.0,0.05,27.922284950166784,384,0.9779883496555475,46281.0,1.0,True
01,legacy_lrlr,16,46643.0,6.0,0.05,22.37688423662151,413,0.9935968264893011,46643.05,1.1,True
01,legacy_lrlr,17,50145.0,6.0,0.05,8.67058475559825,414,0.8614664631331249,50145.1,1.1,True
01,legacy_lrlr,18,50592.0,6.0,0.05,22.42259321489518,405,0.9422631732626561,50592.0,1.1,True
01,legacy_lrlr,19,50835.0,6.0,0.05,21.519361293428123,384,0.963564897019673,50835.0,1.0,True
01,legacy_lrlr,0,28841.0,2.0,0.15,14.260936558586339,409,0.6423403518393013,28841.15,0.9,True
01,legacy_lrlr,1,29879.0,2.0,0.15,30.613378526219275,412,0.9323534362368973,29879.05,1.1,True
01,legacy_lrlr,2,30083.0,2.0,0.15,38.548044220949905,369,0.9140798327878644,30083.0,1.0,True
01,legacy_lrlr,3,30170.0,2.0,0.15,35.999017376975004,406,0.8718600143071198,30170.15,1.0,True
01,legacy_lrlr,4,30307.0,2.0,0.15,23.87356988358969,389,0.8983128691721468,30307.05,1.0,True
01,legacy_lrlr,5,38647.0,2.0,0.15,9.111289813631412,391,0.8583143297901394,38647.0,1.1,True
01,legacy_lrlr,6,38997.0,2.0,0.15,23.861930708000354,398,0.8722555113088691,38996.9,1.1,True
01,legacy_lrlr,7,39279.0,2.0,0.15,18.88070752531031,413,0.9303053226735185,39279.05,1.1,True
01,legacy_lrlr,8,39518.0,2.0,0.15,30.6181671890483,350,0.9662952515067259,39518.0,0.9,True
01,legacy_lrlr,9,45223.0,2.0,0.15,13.366509375012997,338,0.8884382602381116,45223.15,0.8,True
01,legacy_lrlr,10,45339.0,2.0,0.15,14.466915907942807,425,0.8428747145882007,45339.1,1.1,True
01,legacy_lrlr,11,45513.0,2.0,0.15,22.298706764998148,359,0.942759474934042,45513.05,0.9,True
01,legacy_lrlr,12,45591.0,2.0,0.15,21.205526773103717,392,0.7032025007169239,45591.1,1.0,True
01,legacy_lrlr,13,45824.0,2.0,0.15,18.641462470721308,354,0.7343810453245687,45824.0,0.9,True
01,legacy_lrlr,14,45973.0,2.0,0.15,21.258643630951962,363,0.8889682472140273,45973.0,1.0,True
01,legacy_lrlr,15,46281.0,2.0,0.15,27.922284950166784,377,0.9381868457256596,46281.05,1.0,True
01,legacy_lrlr,16,46643.0,2.0,0.15,22.37688423662151,389,0.9586827419403176,46642.95,1.1,True
01,legacy_lrlr,17,50145.0,2.0,0.15,8.67058475559825,383,0.0,,,True
01,legacy_lrlr,18,50592.0,2.0,0.15,22.42259321489518,366,0.7059210378681604,50592.65,1.0,True
01,legacy_lrlr,19,50835.0,2.0,0.15,21.519361293428123,407,0.9384409624393512,50834.95,1.1,True
01,legacy_lrlr,0,28841.0,4.0,0.15,14.260936558586339,414,0.8224358174493326,28841.05,1.1,True
01,legacy_lrlr,1,29879.0,4.0,0.15,30.613378526219275,385,0.9473647508172878,29879.05,1.0,True
01,legacy_lrlr,2,30083.0,4.0,0.15,38.548044220949905,355,0.9180430672561443,30083.05,0.9,True
01,legacy_lrlr,3,30170.0,4.0,0.15,35.999017376975004,388,0.9364324253356445,30169.9,1.1,True
01,legacy_lrlr,4,30307.0,4.0,0.15,23.87356988358969,396,0.9584287012320695,30306.95,1.1,True
01,legacy_lrlr,5,38647.0,4.0,0.15,9.111289813631412,429,0.9465530184489431,38647.15,1.1,True
01,legacy_lrlr,6,38997.0,4.0,0.15,23.861930708000354,382,0.9446661791897853,38997.0,1.0,True
01,legacy_lrlr,7,39279.0,4.0,0.15,18.88070752531031,396,0.9591605355173557,39279.0,1.1,True
01,legacy_lrlr,8,39518.0,4.0,0.15,30.6181671890483,340,0.9650690995371703,39517.95,0.9,True
01,legacy_lrlr,9,45223.0,4.0,0.15,13.366509375012997,425,0.9688123363509167,45222.95,1.2,True
01,legacy_lrlr,10,45339.0,4.0,0.15,14.466915907942807,387,0.9235660409734515,45339.05,1.0,True
01,legacy_lrlr,11,45513.0,4.0,0.15,22.298706764998148,435,0.9658891080365346,45513.1,1.2,True
01,legacy_lrlr,12,45591.0,4.0,0.15,21.205526773103717,347,0.952532667930716,45590.95,0.9,True
01,legacy_lrlr,13,45824.0,4.0,0.15,18.641462470721308,380,0.9043411245399576,45824.0,1.0,True
01,legacy_lrlr,14,45973.0,4.0,0.15,21.258643630951962,357,0.9686433720060491,45973.05,0.9,True
01,legacy_lrlr,15,46281.0,4.0,0.15,27.922284950166784,376,0.9565188727723254,46281.05,1.0,True
01,legacy_lrlr,16,46643.0,4.0,0.15,22.37688423662151,417,0.9761290851781353,46643.1,1.1,True
01,legacy_lrlr,17,50145.0,4.0,0.15,8.67058475559825,363,0.908448430766388,50144.95,1.0,True
01,legacy_lrlr,18,50592.0,4.0,0.15,22.42259321489518,329,0.8692207747668911,50592.05,0.8,True
01,legacy_lrlr,19,50835.0,4.0,0.15,21.519361293428123,368,0.9720914682172989,50835.0,1.0,True
01,legacy_lrlr,0,28841.0,6.0,0.15,14.260936558586339,392,0.8665040277848876,28840.9,1.1,True
01,legacy_lrlr,1,29879.0,6.0,0.15,30.613378526219275,382,0.981095740710799,29879.0,1.0,True
01,legacy_lrlr,2,30083.0,6.0,0.15,38.548044220949905,358,0.9721814097202844,30083.05,0.9,True
01,legacy_lrlr,3,30170.0,6.0,0.15,35.999017376975004,384,0.9464053658396255,30170.05,1.0,True
01,legacy_lrlr,4,30307.0,6.0,0.15,23.87356988358969,366,0.9509721166079023,30306.9,1.0,True
01,legacy_lrlr,5,38647.0,6.0,0.15,9.111289813631412,384,0.9458257212837464,38646.85,1.1,True
01,legacy_lrlr,6,38997.0,6.0,0.15,23.861930708000354,399,0.9806309280350475,38997.0,1.1,True
01,legacy_lrlr,7,39279.0,6.0,0.15,18.88070752531031,335,0.9665686313976737,39278.95,0.9,True
01,legacy_lrlr,8,39518.0,6.0,0.15,30.6181671890483,386,0.9476546023549326,39518.0,1.0,True
01,legacy_lrlr,9,45223.0,6.0,0.15,13.366509375012997,341,0.9823447384941172,45222.95,0.9,True
01,legacy_lrlr,10,45339.0,6.0,0.15,14.466915907942807,420,0.9625430551605626,45339.1,1.1,True
01,legacy_lrlr,11,45513.0,6.0,0.15,22.298706764998148,422,0.9560223035469797,45512.85,1.2,True
01,legacy_lrlr,12,45591.0,6.0,0.15,21.205526773103717,425,0.9555859964775777,45590.95,1.2,True
01,legacy_lrlr,13,45824.0,6.0,0.15,18.641462470721308,371,0.9169748977542889,45824.15,0.9,True
01,legacy_lrlr,14,45973.0,6.0,0.15,21.258643630951962,392,0.9737167819168093,45972.9,1.1,True
01,legacy_lrlr,15,46281.0,6.0,0.15,27.922284950166784,342,0.9661945933252724,46280.9,0.9,True
01,legacy_lrlr,16,46643.0,6.0,0.15,22.37688423662151,378,0.9609248556815749,46642.95,1.0,True
01,legacy_lrlr,17,50145.0,6.0,0.15,8.67058475559825,368,0.9471468571904549,50144.9,1.0,True
01,legacy_lrlr,18,50592.0,6.0,0.15,22.42259321489518,342,0.8777441155097964,50591.9,0.9,True
01,legacy_lrlr,19,50835.0,6.0,0.15,21.519361293428123,377,0.9700394511302203,50834.95,1.0,True
01,legacy_lrlr,0,28841.0,2.0,0.25,14.260936558586339,371,0.7653126316492364,28840.3,1.0,True
01,legacy_lrlr,1,29879.0,2.0,0.25,30.613378526219275,413,0.9642258061313274,29879.05,1.1,True
01,legacy_lrlr,2,30083.0,2.0,0.25,38.548044220949905,351,0.8437971341415594,30082.95,0.9,True
01,legacy_lrlr,3,30170.0,2.0,0.25,35.999017376975004,377,0.8857682221090376,30170.05,1.0,True
01,legacy_lrlr,4,30307.0,2.0,0.25,23.87356988358969,345,0.8600154299582656,30306.95,0.9,True
01,legacy_lrlr,5,38647.0,2.0,0.25,9.111289813631412,410,0.9011658173547216,38647.0,1.1,True
01,legacy_lrlr,6,38997.0,2.0,0.25,23.861930708000354,407,0.8479924383029809,38996.95,1.1,True
01,legacy_lrlr,7,39279.0,2.0,0.25,18.88070752531031,320,0.9062933122285193,39279.05,0.8,True
01,legacy_lrlr,8,39518.0,2.0,0.25,30.6181671890483,406,0.9896458216457904,39518.05,1.1,True
01,legacy_lrlr,9,45223.0,2.0,0.25,13.366509375012997,419,0.9002184508105167,45222.9,1.2,True
01,legacy_lrlr,10,45339.0,2.0,0.25,14.466915907942807,369,0.0,,,True
01,legacy_lrlr,11,45513.0,2.0,0.25,22.298706764998148,349,0.9231084796506478,45513.2,0.8,True
01,legacy_lrlr,12,45591.0,2.0,0.25,21.205526773103717,386,0.7126865851704438,45591.15,1.0,True
01,legacy_lrlr,13,45824.0,2.0,0.25,18.641462470721308,400,0.756640638826447,45823.3,1.1,True
01,legacy_lrlr,14,45973.0,2.0,0.25,21.258643630951962,360,0.8410714927772804,45973.1,0.9,True
01,legacy_lrlr,15,46281.0,2.0,0.25,27.922284950166784,356,0.9434954791893296,46280.95,1.0,True
01,legacy_lrlr,16,46643.0,2.0,0.25,22.37688423662151,400,0.9749948746499824,46643.0,1.1,True
01,legacy_lrlr,17,50145.0,2.0,0.25,8.67058475559825,414,0.0,,,True
01,legacy_lrlr,18,50592.0,2.0,0.25,22.42259321489518,389,0.7873177934414032,50592.2,0.9,True
01,legacy_lrlr,19,50835.0,2.0,0.25,21.519361293428123,386,0.9101103327403749,50835.05,1.0,True
01,legacy_lrlr,0,28841.0,4.0,0.25,14.260936558586339,357,0.8449514119608437,28840.35,0.9,True
01,legacy_lrlr,1,29879.0,4.0,0.25,30.613378526219275,397,0.9733566276388586,29878.9,1.1,True
01,legacy_lrlr,2,30083.0,4.0,0.25,38.548044220949905,418,0.9729060427087654,30082.85,1.2,True
01,legacy_lrlr,3,30170.0,4.0,0.25,35.999017376975004,365,0.9312665776573096,30169.9,1.0,True
01,legacy_lrlr,4,30307.0,4.0,0.25,23.87356988358969,321,0.9102611739213803,30306.9,0.8,True
01,legacy_lrlr,5,38647.0,4.0,0.25,9.111289813631412,359,0.951155907980185,38647.0,0.9,True
01,legacy_lrlr,6,38997.0,4.0,0.25,23.861930708000354,382,0.8869316376193126,38997.1,0.9,True
01,legacy_lrlr,7,39279.0,4.0,0.25,18.88070752531031,407,0.9696290954654543,39279.05,1.1,True
01,legacy_lrlr,8,39518.0,4.0,0.25,30.6181671890483,355,0.9412776386896898,39517.85,1.0,True
01,legacy_lrlr,9,45223.0,4.0,0.25,13.366509375012997,410,0.970971120452681,45223.0,1.1,True
01,legacy_lrlr,10,45339.0,4.0,0.25,14.466915907942807,417,0.9421714889944076,45339.05,1.1,True
01,legacy_lrlr,11,45513.0,4.0,0.25,22.298706764998148,414,0.9617879214641172,45513.0,1.1,True
01,legacy_lrlr,12,45591.0,4.0,0.25,21.205526773103717,422,0.8809403150697678,45591.05,1.1,True
01,legacy_lrlr,13,45824.0,4.0,0.25,18.641462470721308,380,0.8600781550969497,45824.75,1.0,True
01,legacy_lrlr,14,45973.0,4.0,0.25,21.258643630951962,359,0.9272224562625797,45973.05,1.0,True
01,legacy_lrlr,15,46281.0,4.0,0.25,27.922284950166784,360,0.9518491625049185,46281.05,0.9,True
01,legacy_lrlr,16,46643.0,4.0,0.25,22.37688423662151,400,0.9836074815950444,46642.95,1.1,True
01,legacy_lrlr,17,50145.0,4.0,0.25,8.67058475559825,399,0.8443277629078174,50145.6,1.2,True
01,legacy_lrlr,18,50592.0,4.0,0.25,22.42259321489518,386,0.8570466919256209,50592.05,1.0,True
01,legacy_lrlr,19,50835.0,4.0,0.25,21.519361293428123,358,0.948291995146872,50834.95,1.0,True
01,legacy_lrlr,0,28841.0,6.0,0.25,14.260936558586339,400,0.8540514455893239,28841.1,1.0,True
01,legacy_lrlr,1,29879.0,6.0,0.25,30.613378526219275,406,0.9424818071850616,29879.15,1.0,True
01,legacy_lrlr,2,30083.0,6.0,0.25,38.548044220949905,416,0.9372671123083081,30083.1,1.1,True
01,legacy_lrlr,3,30170.0,6.0,0.25,35.999017376975004,366,0.9351132932096874,30170.05,1.0,True
01,legacy_lrlr,4,30307.0,6.0,0.25,23.87356988358969,380,0.9587325391190781,30307.0,1.0,True
01,legacy_lrlr,5,38647.0,6.0,0.25,9.111289813631412,364,0.9634443377514168,38647.0,0.9,True
01,legacy_lrlr,6,38997.0,6.0,0.25,23.861930708000354,315,0.9393665922147443,38996.95,0.8,True
01,legacy_lrlr,7,39279.0,6.0,0.25,18.88070752531031,343,0.9359218859436162,39279.05,0.9,True
01,legacy_lrlr,8,39518.0,6.0,0.25,30.6181671890483,380,0.9522131916837984,39518.0,1.0,True
01,legacy_lrlr,9,45223.0,6.0,0.25,13.366509375012997,394,0.9637949307091257,45223.1,1.0,True
01,legacy_lrlr,10,45339.0,6.0,0.25,14.466915907942807,392,0.949399716605648,45339.0,1.1,True
01,legacy_lrlr,11,45513.0,6.0,0.25,22.298706764998148,434,0.9643400943859581,45513.05,1.2,True
01,legacy_lrlr,12,45591.0,6.0,0.25,21.205526773103717,397,0.9206718330539553,45590.95,1.1,True
01,legacy_lrlr,13,45824.0,6.0,0.25,18.641462470721308,388,0.9202100043202726,45823.9,1.1,True
01,legacy_lrlr,14,45973.0,6.0,0.25,21.258643630951962,425,0.967627872060917,45973.05,1.2,True
01,legacy_lrlr,15,46281.0,6.0,0.25,27.922284950166784,398,0.9883150388515758,46280.95,1.1,True
01,legacy_lrlr,16,46643.0,6.0,0.25,22.37688423662151,388,0.9722652984293944,46643.0,1.0,True
01,legacy_lrlr,17,50145.0,6.0,0.25,8.67058475559825,360,0.922341748146304,50144.95,1.0,True
01,legacy_lrlr,18,50592.0,6.0,0.25,22.42259321489518,327,0.8789798984901698,50592.1,0.8,True
01,legacy_lrlr,19,50835.0,6.0,0.25,21.519361293428123,355,0.9309595393801684,50835.0,0.9,True
01,legacy_lrlrlr,0,28841.0,2.0,0.05,14.260936558586339,551,0.6697044659799103,28840.95,1.1,True
01,legacy_lrlrlr,1,29879.0,2.0,0.05,30.613378526219275,515,0.9615697906374334,29879.0,1.0,True
01,legacy_lrlrlr,2,30083.0,2.0,0.05,38.548044220949905,533,0.8633112469353263,30083.6,1.1,True
01,legacy_lrlrlr,3,30170.0,2.0,0.05,35.999017376975004,529,0.9210197808197397,30170.1,1.0,True
01,legacy_lrlrlr,4,30307.0,2.0,0.05,23.87356988358969,475,0.8701320436346255,30306.95,0.9,True
01,legacy_lrlrlr,5,38647.0,2.0,0.05,9.111289813631412,523,0.8934972774614823,38647.05,1.0,True
01,legacy_lrlrlr,6,38997.0,2.0,0.05,23.861930708000354,567,0.8556234882432374,38997.05,1.1,True
01,legacy_lrlrlr,7,39279.0,2.0,0.05,18.88070752531031,479,0.9202274176138399,39279.0,0.9,True
01,legacy_lrlrlr,8,39518.0,2.0,0.05,30.6181671890483,511,0.9715832575590959,39517.95,1.0,True
01,legacy_lrlrlr,9,45223.0,2.0,0.05,13.366509375012997,487,0.9366784981547912,45223.0,0.9,True
01,legacy_lrlrlr,10,45339.0,2.0,0.05,14.466915907942807,486,0.8935130022563612,45339.05,0.9,True
01,legacy_lrlrlr,11,45513.0,2.0,0.05,22.298706764998148,516,0.9661797026030753,45513.0,1.0,True
01,legacy_lrlrlr,12,45591.0,2.0,0.05,21.205526773103717,543,0.8593327169742139,45590.95,1.1,True
01,legacy_lrlrlr,13,45824.0,2.0,0.05,18.641462470721308,583,0.7278404688269365,45824.65,1.2,True
01,legacy_lrlrlr,14,45973.0,2.0,0.05,21.258643630951962,570,0.0,,,True
01,legacy_lrlrlr,15,46281.0,2.0,0.05,27.922284950166784,542,0.9413072844128679,46280.9,1.1,True
01,legacy_lrlrlr,16,46643.0,2.0,0.05,22.37688423662151,466,0.9845353518253117,46642.95,0.9,True
01,legacy_lrlrlr,17,50145.0,2.0,0.05,8.67058475559825,495,0.48151890001063974,50144.95,1.0,True
01,legacy_lrlrlr,18,50592.0,2.0,0.05,22.42259321489518,532,0.8277563467283159,50592.1,1.0,True
01,legacy_lrlrlr,19,50835.0,2.0,0.05,21.519361293428123,472,0.9757718681334576,50834.95,0.9,True
01,legacy_lrlrlr,0,28841.0,4.0,0.05,14.260936558586339,556,0.8767907136990201,28841.0,1.1,True
01,legacy_lrlrlr,1,29879.0,4.0,0.05,30.613378526219275,565,0.9701055370409658,29879.05,1.1,True
01,legacy_lrlrlr,2,30083.0,4.0,0.05,38.548044220949905,556,0.9344214636008544,30083.75,1.1,True
01,legacy_lrlrlr,3,30170.0,4.0,0.05,35.999017376975004,475,0.9713047464156368,30170.0,0.9,True
01,legacy_lrlrlr,4,30307.0,4.0,0.05,23.87356988358969,530,0.9372601881340668,30307.05,1.0,True
01,legacy_lrlrlr,5,38647.0,4.0,0.05,9.111289813631412,569,0.9567022680698494,38647.05,1.1,True
01,legacy_lrlrlr,6,38997.0,4.0,0.05,23.861930708000354,566,0.9389315802317835,38997.0,1.1,True
01,legacy_lrlrlr,7,39279.0,4.0,0.05,18.88070752531031,477,0.9574668905175455,39279.0,0.9,True
01,legacy_lrlrlr,8,39518.0,4.0,0.05,30.6181671890483,549,0.9670131143891226,39517.95,1.1,True
01,legacy_lrlrlr,9,45223.0,4.0,0.05,13.366509375012997,523,0.9477014854364563,45223.05,1.0,True
01,legacy_lrlrlr,10,45339.0,4.0,0.05,14.466915907942807,504,0.9552996090303065,45338.95,1.0,True
01,legacy_lrlrlr,11,45513.0,4.0,0.05,22.298706764998148,530,0.9453306415146977,45513.05,1.0,True
01,legacy_lrlrlr,12,45591.0,4.0,0.05,21.205526773103717,478,0.937605230468333,45591.0,0.9,True
01,legacy_lrlrlr,13,45824.0,4.0,0.05,18.641462470721308,509,0.8593961188439935,45823.95,1.0,True
01,legacy_lrlrlr,14,45973.0,4.0,0.05,21.258643630951962,583,0.8919863546412914,45973.1,1.1,True
01,legacy_lrlrlr,15,46281.0,4.0,0.05,27.922284950166784,497,0.9473426292758734,46280.9,1.0,True
01,legacy_lrlrlr,16,46643.0,4.0,0.05,22.37688423662151,531,0.9492387699432435,46643.1,1.0,True
01,legacy_lrlrlr,17,50145.0,4.0,0.05,8.67058475559825,523,0.6086938232103108,50145.0,1.0,True
01,legacy_lrlrlr,18,50592.0,4.0,0.05,22.42259321489518,484,0.9141363601956002,50592.05,0.9,True
01,legacy_lrlrlr,19,50835.0,4.0,0.05,21.519361293428123,525,0.9742303383694573,50835.05,1.0,True
01,legacy_lrlrlr,0,28841.0,6.0,0.05,14.260936558586339,518,0.8979300746639591,28841.0,1.0,True
01,legacy_lrlrlr,1,29879.0,6.0,0.05,30.613378526219275,571,0.9817233204270185,29879.05,1.1,True
01,legacy_lrlrlr,2,30083.0,6.0,0.05,38.548044220949905,575,0.9480375027432653,30083.1,1.1,True
01,legacy_lrlrlr,3,30170.0,6.0,0.05,35.999017376975004,549,0.9534971601927552,30169.95,1.1,True
01,legacy_lrlrlr,4,30307.0,6.0,0.05,23.87356988358969,478,0.9863958119601693,30307.0,0.9,True
01,legacy_lrlrlr,5,38647.0,6.0,0.05,9.111289813631412,473,0.9632346596741072,38646.95,0.9,True
01,legacy_lrlrlr,6,38997.0,6.0,0.05,23.861930708000354,518,0.964351685841717,38997.0,1.0,True
01,legacy_lrlrlr,7,39279.0,6.0,0.05,18.88070752531031,531,0.9529863062400837,39279.1,1.0,True
01,legacy_lrlrlr,8,39518.0,6.0,0.05,30.6181671890483,581,0.9681808198151395,39518.1,1.1,True
01,legacy_lrlrlr,9,45223.0,6.0,0.05,13.366509375012997,501,0.9564049438661927,45222.9,1.0,True
01,legacy_lrlrlr,10,45339.0,6.0,0.05,14.466915907942807,591,0.9246285757617962,45339.15,1.1,True
01,legacy_lrlrlr,11,45513.0,6.0,0.05,22.298706764998148,535,0.9488933712063754,45513.1,1.0,True
01,legacy_lrlrlr,12,45591.0,6.0,0.05,21.205526773103717,549,0.9481008411092623,45590.95,1.1,True
01,legacy_lrlrlr,13,45824.0,6.0,0.05,18.641462470721308,549,0.934171856929357,45823.95,1.1,True
01,legacy_lrlrlr,14,45973.0,6.0,0.05,21.258643630951962,530,0.9301215567807384,45973.05,1.0,True
01,legacy_lrlrlr,15,46281.0,6.0,0.05,27.922284950166784,508,0.9771289546709361,46280.95,1.0,True
01,legacy_lrlrlr,16,46643.0,6.0,0.05,22.37688423662151,517,0.9878050440073336,46643.0,1.0,True
01,legacy_lrlrlr,17,50145.0,6.0,0.05,8.67058475559825,524,0.7778625771640019,50145.05,1.0,True
01,legacy_lrlrlr,18,50592.0,6.0,0.05,22.42259321489518,574,0.9594831201037137,50592.05,1.1,True
01,legacy_lrlrlr,19,50835.0,6.0,0.05,21.519361293428123,583,0.9480538146848577,50835.1,1.1,True
01,legacy_lrlrlr,0,28841.0,2.0,0.15,14.260936558586339,491,0.0,,,True
01,legacy_lrlrlr,1,29879.0,2.0,0.15,30.613378526219275,533,0.8772697914112628,29879.05,1.0,True
01,legacy_lrlrlr,2,30083.0,2.0,0.15,38.548044220949905,491,0.8352284052039887,30083.1,0.9,True
01,legacy_lrlrlr,3,30170.0,2.0,0.15,35.999017376975004,569,0.7250015694681385,30169.25,1.1,True
01,legacy_lrlrlr,4,30307.0,2.0,0.15,23.87356988358969,491,0.8367558100058177,30307.05,0.9,True
01,legacy_lrlrlr,5,38647.0,2.0,0.15,9.111289813631412,497,0.8780366639916137,38646.85,1.0,True
01,legacy_lrlrlr,6,38997.0,2.0,0.15,23.861930708000354,530,0.7869965599703094,38997.15,1.0,True
01,legacy_lrlrlr,7,39279.0,2.0,0.15,18.88070752531031,592,0.9386727780712398,39279.0,1.2,True
01,legacy_lrlrlr,8,39518.0,2.0,0.15,30.6181671890483,547,0.9691358225087263,39517.9,1.1,True
01,legacy_lrlrlr,9,45223.0,2.0,0.15,13.366509375012997,455,0.8426266679855121,45222.85,0.9,True
01,legacy_lrlrlr,10,45339.0,2.0,0.15,14.466915907942807,533,0.8769540067882522,45338.35,1.0,True
01,legacy_lrlrlr,11,45513.0,2.0,0.15,22.298706764998148,507,0.8923769432826895,45513.0,1.0,True
01,legacy_lrlrlr,12,45591.0,2.0,0.15,21.205526773103717,570,0.0,,,True
01,legacy_lrlrlr,13,45824.0,2.0,0.15,18.641462470721308,537,0.0,,,True
01,legacy_lrlrlr,14,45973.0,2.0,0.15,21.258643630951962,588,0.8083291119085867,45972.25,1.1,True
01,legacy_lrlrlr,15,46281.0,2.0,0.15,27.922284950166784,472,0.9236274264518208,46280.9,0.9,True
01,legacy_lrlrlr,16,46643.0,2.0,0.15,22.37688423662151,591,0.9468488323421215,46642.85,1.2,True
01,legacy_lrlrlr,17,50145.0,2.0,0.15,8.67058475559825,546,0.0,,,True
01,legacy_lrlrlr,18,50592.0,2.0,0.15,22.42259321489518,545,0.0,,,True
01,legacy_lrlrlr,19,50835.0,2.0,0.15,21.519361293428123,470,0.8817701169825363,50835.0,0.9,True
01,legacy_lrlrlr,0,28841.0,4.0,0.15,14.260936558586339,467,0.7967096559017658,28840.95,0.9,True
01,legacy_lrlrlr,1,29879.0,4.0,0.15,30.613378526219275,531,0.909700442372104,29879.05,1.0,True
01,legacy_lrlrlr,2,30083.0,4.0,0.15,38.548044220949905,535,0.9518962316815233,30083.1,1.0,True
01,legacy_lrlrlr,3,30170.0,4.0,0.15,35.999017376975004,506,0.9472444632854821,30169.95,1.0,True
01,legacy_lrlrlr,4,30307.0,4.0,0.15,23.87356988358969,494,0.9261007422172386,30306.9,1.0,True
01,legacy_lrlrlr,5,38647.0,4.0,0.15,9.111289813631412,565,0.9024633140953777,38647.05,1.1,True
01,legacy_lrlrlr,6,38997.0,4.0,0.15,23.861930708000354,536,0.8952196860159144,38997.0,1.0,True
01,legacy_lrlrlr,7,39279.0,4.0,0.15,18.88070752531031,494,0.8951603449931763,39278.95,1.0,True
01,legacy_lrlrlr,8,39518.0,4.0,0.15,30.6181671890483,502,0.9488043846878221,39517.95,1.0,True
01,legacy_lrlrlr,9,45223.0,4.0,0.15,13.366509375012997,536,0.9188929606545951,45223.1,1.0,True
01,legacy_lrlrlr,10,45339.0,4.0,0.15,14.466915907942807,494,0.9083445406742675,45339.1,0.9,True
01,legacy_lrlrlr,11,45513.0,4.0,0.15,22.298706764998148,541,0.9216821731055181,45513.15,1.0,True
01,legacy_lrlrlr,12,45591.0,4.0,0.15,21.205526773103717,527,0.9214654808110514,45591.1,1.0,True
01,legacy_lrlrlr,13,45824.0,4.0,0.15,18.641462470721308,509,0.8753113593869337,45824.0,1.0,True
01,legacy_lrlrlr,14,45973.0,4.0,0.15,21.258643630951962,544,0.9214630222707133,45972.9,1.1,True
01,legacy_lrlrlr,15,46281.0,4.0,0.15,27.922284950166784,591,0.9540990939509757,46280.9,1.2,True
01,legacy_lrlrlr,16,46643.0,4.0,0.15,22.37688423662151,558,0.969898254438838,46643.0,1.1,True
01,legacy_lrlrlr,17,50145.0,4.0,0.15,8.67058475559825,558,0.5982027713113666,50145.75,1.1,True
01,legacy_lrlrlr,18,50592.0,4.0,0.15,22.42259321489518,516,0.9127254286351024,50591.95,1.0,True
01,legacy_lrlrlr,19,50835.0,4.0,0.15,21.519361293428123,512,0.9692130369414681,50835.0,1.0,True
01,legacy_lrlrlr,0,28841.0,6.0,0.15,14.260936558586339,521,0.8835365489824144,28841.0,1.0,True
01,legacy_lrlrlr,1,29879.0,6.0,0.15,30.613378526219275,544,0.96301920690652,29878.9,1.1,True
01,legacy_lrlrlr,2,30083.0,6.0,0.15,38.548044220949905,464,0.9453318910176453,30082.95,0.9,True
01,legacy_lrlrlr,3,30170.0,6.0,0.15,35.999017376975004,508,0.972144858775762,30169.95,1.0,True
01,legacy_lrlrlr,4,30307.0,6.0,0.15,23.87356988358969,510,0.9433673489617138,30307.0,1.0,True
01,legacy_lrlrlr,5,38647.0,6.0,0.15,9.111289813631412,522,0.9415195596183336,38647.05,1.0,True
01,legacy_lrlrlr,6,38997.0,6.0,0.15,23.861930708000354,511,0.9321257923629662,38996.95,1.0,True
01,legacy_lrlrlr,7,39279.0,6.0,0.15,18.88070752531031,495,0.9336611290959593,39279.15,0.9,True
01,legacy_lrlrlr,8,39518.0,6.0,0.15,30.6181671890483,504,0.9598955011455529,39518.0,1.0,True
01,legacy_lrlrlr,9,45223.0,6.0,0.15,13.366509375012997,488,0.9203295812141614,45223.0,0.9,True
01,legacy_lrlrlr,10,45339.0,6.0,0.15,14.466915907942807,480,0.9452423260433811,45339.0,0.9,True
01,legacy_lrlrlr,11,45513.0,6.0,0.15,22.298706764998148,580,0.9617238246810306,45513.1,1.1,True
01,legacy_lrlrlr,12,45591.0,6.0,0.15,21.205526773103717,541,0.9483907654912899,45591.15,1.0,True
01,legacy_lrlrlr,13,45824.0,6.0,0.15,18.641462470721308,577,0.9224411166050216,45824.15,1.1,True
01,legacy_lrlrlr,14,45973.0,6.0,0.15,21.258643630951962,522,0.9491987380031299,45973.1,1.0,True
01,legacy_lrlrlr,15,46281.0,6.0,0.15,27.922284950166784,561,0.951034858635124,46281.0,1.1,True
01,legacy_lrlrlr,16,46643.0,6.0,0.15,22.37688423662151,512,0.9660850763396575,46642.9,1.0,True
01,legacy_lrlrlr,17,50145.0,6.0,0.15,8.67058475559825,498,0.8032110179643497,50145.1,0.9,True
01,legacy_lrlrlr,18,50592.0,6.0,0.15,22.42259321489518,453,0.821296263330229,50591.8,0.9,True
01,legacy_lrlrlr,19,50835.0,6.0,0.15,21.519361293428123,526,0.9368341053903537,50835.05,1.0,True
01,legacy_lrlrlr,0,28841.0,2.0,0.25,14.260936558586339,508,0.5183038190734671,28841.75,1.0,True
01,legacy_lrlrlr,1,29879.0,2.0,0.25,30.613378526219275,552,0.8841098656663945,29879.2,1.0,True
01,legacy_lrlrlr,2,30083.0,2.0,0.25,38.548044220949905,472,0.8852300148652575,30083.0,0.9,True
01,legacy_lrlrlr,3,30170.0,2.0,0.25,35.999017376975004,504,0.9037041428306033,30170.2,0.9,True
01,legacy_lrlrlr,4,30307.0,2.0,0.25,23.87356988358969,463,0.8474833196281601,30306.9,0.9,True
01,legacy_lrlrlr,5,38647.0,2.0,0.25,9.111289813631412,454,0.8167559661126567,38647.05,0.8,True
01,legacy_lrlrlr,6,38997.0,2.0,0.25,23.861930708000354,542,0.7932723947503736,38996.8,1.1,True
01,legacy_lrlrlr,7,39279.0,2.0,0.25,18.88070752531031,555,0.892839760362354,39278.95,1.1,True
01,legacy_lrlrlr,8,39518.0,2.0,0.25,30.6181671890483,521,0.9579080222840369,39518.0,1.0,True
01,legacy_lrlrlr,9,45223.0,2.0,0.25,13.366509375012997,518,0.8724993273405551,45223.05,1.0,True
01,legacy_lrlrlr,10,45339.0,2.0,0.25,14.466915907942807,556,0.8562570559738336,45339.75,1.1,True
01,legacy_lrlrlr,11,45513.0,2.0,0.25,22.298706764998148,510,0.7704111387517608,45513.6,1.0,True
01,legacy_lrlrlr,12,45591.0,2.0,0.25,21.205526773103717,481,0.7795053350477915,45590.9,0.9,True
01,legacy_lrlrlr,13,45824.0,2.0,0.25,18.641462470721308,484,0.7181120578744076,45823.95,0.9,True
01,legacy_lrlrlr,14,45973.0,2.0,0.25,21.258643630951962,498,0.8284470473205586,45972.45,0.9,True
01,legacy_lrlrlr,15,46281.0,2.0,0.25,27.922284950166784,514,0.8482026259285551,46280.95,1.0,True
01,legacy_lrlrlr,16,46643.0,2.0,0.25,22.37688423662151,469,0.9205924838267987,46642.85,0.9,True
01,legacy_lrlrlr,17,50145.0,2.0,0.25,8.67058475559825,506,0.5100649165740726,50144.7,1.2,True
01,legacy_lrlrlr,18,50592.0,2.0,0.25,22.42259321489518,501,0.8354431162809097,50592.25,0.9,True
01,legacy_lrlrlr,19,50835.0,2.0,0.25,21.519361293428123,513,0.9150648877465826,50834.95,1.0,True
01,legacy_lrlrlr,0,28841.0,4.0,0.25,14.260936558586339,513,0.7894511075882052,28841.1,0.9,True
01,legacy_lrlrlr,1,29879.0,4.0,0.25,30.613378526219275,571,0.9110213828014937,29879.1,1.1,True
01,legacy_lrlrlr,2,30083.0,4.0,0.25,38.548044220949905,494,0.8657897963251138,30083.0,0.9,True
01,legacy_lrlrlr,3,30170.0,4.0,0.25,35.999017376975004,476,0.9064302080309742,30170.05,0.9,True
01,legacy_lrlrlr,4,30307.0,4.0,0.25,23.87356988358969,565,0.8964585866980984,30307.05,1.1,True
01,legacy_lrlrlr,5,38647.0,4.0,0.25,9.111289813631412,493,0.9128177089825638,38647.15,0.9,True
01,legacy_lrlrlr,6,38997.0,4.0,0.25,23.861930708000354,562,0.9264292904721553,38997.0,1.1,True
01,legacy_lrlrlr,7,39279.0,4.0,0.25,18.88070752531031,558,0.9269142922537384,39278.95,1.1,True
01,legacy_lrlrlr,8,39518.0,4.0,0.25,30.6181671890483,545,0.8981641376934579,39518.05,1.0,True
01,legacy_lrlrlr,9,45223.0,4.0,0.25,13.366509375012997,489,0.9431354791685658,45223.05,0.9,True
01,legacy_lrlrlr,10,45339.0,4.0,0.25,14.466915907942807,575,0.9119639444124787,45339.05,1.1,True
01,legacy_lrlrlr,11,45513.0,4.0,0.25,22.298706764998148,584,0.9379445207791655,45513.15,1.1,True
01,legacy_lrlrlr,12,45591.0,4.0,0.25,21.205526773103717,435,0.8961973210917925,45591.0,0.8,True
01,legacy_lrlrlr,13,45824.0,4.0,0.25,18.641462470721308,490,0.8260517588328807,45824.55,1.0,True
01,legacy_lrlrlr,14,45973.0,4.0,0.25,21.258643630951962,517,0.8579935957135985,45973.1,1.0,True
01,legacy_lrlrlr,15,46281.0,4.0,0.25,27.922284950166784,472,0.888147935919218,46280.85,0.9,True
01,legacy_lrlrlr,16,46643.0,4.0,0.25,22.37688423662151,519,0.9561965607133119,46643.1,1.0,True
01,legacy_lrlrlr,17,50145.0,4.0,0.25,8.67058475559825,501,0.6964022877599625,50145.1,0.9,True
01,legacy_lrlrlr,18,50592.0,4.0,0.25,22.42259321489518,528,0.7147524525642367,50592.65,1.0,True
01,legacy_lrlrlr,19,50835.0,4.0,0.25,21.519361293428123,502,0.9417765582673571,50835.1,0.9,True
01,legacy_lrlrlr,0,28841.0,6.0,0.25,14.260936558586339,545,0.9062393846466008,28840.9,1.1,True
01,legacy_lrlrlr,1,29879.0,6.0,0.25,30.613378526219275,580,0.9434383618724262,29879.05,1.1,True
01,legacy_lrlrlr,2,30083.0,6.0,0.25,38.548044220949905,462,0.9270627891004568,30082.85,0.9,True
01,legacy_lrlrlr,3,30170.0,6.0,0.25,35.999017376975004,546,0.9478837954322763,30169.85,1.1,True
01,legacy_lrlrlr,4,30307.0,6.0,0.25,23.87356988358969,560,0.914072093054194,30307.05,1.1,True
01,legacy_lrlrlr,5,38647.0,6.0,0.25,9.111289813631412,493,0.911961293636056,38647.1,0.9,True
01,legacy_lrlrlr,6,38997.0,6.0,0.25,23.861930708000354,525,0.9016050952173399,38997.05,1.0,True
01,legacy_lrlrlr,7,39279.0,6.0,0.25,18.88070752531031,565,0.879860491782926,39278.9,1.1,True
01,legacy_lrlrlr,8,39518.0,6.0,0.25,30.6181671890483,506,0.8932452221615873,39517.9,1.0,True
01,legacy_lrlrlr,9,45223.0,6.0,0.25,13.366509375012997,510,0.9337390058679792,45222.9,1.0,True
01,legacy_lrlrlr,10,45339.0,6.0,0.25,14.466915907942807,500,0.9266760548783466,45339.0,1.0,True
01,legacy_lrlrlr,11,45513.0,6.0,0.25,22.298706764998148,584,0.9200788532677837,45513.0,1.2,True
01,legacy_lrlrlr,12,45591.0,6.0,0.25,21.205526773103717,558,0.8977143891507614,45590.9,1.1,True
01,legacy_lrlrlr,13,45824.0,6.0,0.25,18.641462470721308,558,0.9278499809305112,45823.95,1.1,True
01,legacy_lrlrlr,14,45973.0,6.0,0.25,21.258643630951962,527,0.9286809891317255,45973.0,1.0,True
01,legacy_lrlrlr,15,46281.0,6.0,0.25,27.922284950166784,507,0.9462111335290956,46280.9,1.0,True
01,legacy_lrlrlr,16,46643.0,6.0,0.25,22.37688423662151,576,0.9774742899415653,46643.1,1.1,True
01,legacy_lrlrlr,17,50145.0,6.0,0.25,8.67058475559825,591,0.0,,,True
01,legacy_lrlrlr,18,50592.0,6.0,0.25,22.42259321489518,452,0.0,,,True
01,legacy_lrlrlr,19,50835.0,6.0,0.25,21.519361293428123,605,0.9835581988060865,50835.05,1.2,True
01,double_lrlr_pause,0,28841.0,2.0,0.05,14.260936558586339,725,0.7441489405909361,28840.4,0.9,True
01,double_lrlr_pause,1,29879.0,2.0,0.05,30.613378526219275,766,0.8878460590043518,29878.95,1.0,True
01,double_lrlr_pause,2,30083.0,2.0,0.05,38.548044220949905,734,0.6605456352541837,30083.05,0.9,True
01,double_lrlr_pause,3,30170.0,2.0,0.05,35.999017376975004,723,0.7945257959640786,30170.1,0.9,True
01,double_lrlr_pause,4,30307.0,2.0,0.05,23.87356988358969,828,0.7903019655459438,30306.95,1.1,True
01,double_lrlr_pause,5,38647.0,2.0,0.05,9.111289813631412,747,0.8663811363747992,38646.9,1.0,True
01,double_lrlr_pause,6,38997.0,2.0,0.05,23.861930708000354,858,0.8048475256835703,38997.1,1.1,True
01,double_lrlr_pause,7,39279.0,2.0,0.05,18.88070752531031,706,0.9468384549779807,39278.95,0.9,True
01,double_lrlr_pause,8,39518.0,2.0,0.05,30.6181671890483,768,0.9500772562733617,39517.95,1.0,True
01,double_lrlr_pause,9,45223.0,2.0,0.05,13.366509375012997,809,0.7397460033849339,45223.15,1.0,True
01,double_lrlr_pause,10,45339.0,2.0,0.05,14.466915907942807,850,0.8429870189077486,45339.1,1.1,True
01,double_lrlr_pause,11,45513.0,2.0,0.05,22.298706764998148,848,0.9316332896498037,45513.05,1.1,True
01,double_lrlr_pause,12,45591.0,2.0,0.05,21.205526773103717,742,0.8120351984704272,45590.85,1.0,True
01,double_lrlr_pause,13,45824.0,2.0,0.05,18.641462470721308,734,0.690614547057407,45823.85,1.0,True
01,double_lrlr_pause,14,45973.0,2.0,0.05,21.258643630951962,769,0.8133857105785453,45973.7,1.0,True
01,double_lrlr_pause,15,46281.0,2.0,0.05,27.922284950166784,720,0.9264675490758929,46281.0,0.9,True
01,double_lrlr_pause,16,46643.0,2.0,0.05,22.37688423662151,766,0.9775766673128559,46643.0,1.0,True
01,double_lrlr_pause,17,50145.0,2.0,0.05,8.67058475559825,741,0.0,,,True
01,double_lrlr_pause,18,50592.0,2.0,0.05,22.42259321489518,863,0.8438471009725964,50592.15,1.1,True
01,double_lrlr_pause,19,50835.0,2.0,0.05,21.519361293428123,821,0.9251463427359644,50834.9,1.1,True
01,double_lrlr_pause,0,28841.0,4.0,0.05,14.260936558586339,734,0.7590436028706459,28840.45,0.9,True
01,double_lrlr_pause,1,29879.0,4.0,0.05,30.613378526219275,702,0.9420344569112893,29878.95,0.9,True
01,double_lrlr_pause,2,30083.0,4.0,0.05,38.548044220949905,743,0.8578957693809733,30082.85,1.0,True
01,double_lrlr_pause,3,30170.0,4.0,0.05,35.999017376975004,776,0.9612417774477915,30170.0,1.0,True
01,double_lrlr_pause,4,30307.0,4.0,0.05,23.87356988358969,778,0.9254824900276764,30307.05,1.0,True
01,double_lrlr_pause,5,38647.0,4.0,0.05,9.111289813631412,760,0.9427928306985348,38646.95,1.0,True
01,double_lrlr_pause,6,38997.0,4.0,0.05,23.861930708000354,732,0.8131399156932366,38996.85,1.0,True
01,double_lrlr_pause,7,39279.0,4.0,0.05,18.88070752531031,722,0.9068500474080516,39279.05,0.9,True
01,double_lrlr_pause,8,39518.0,4.0,0.05,30.6181671890483,793,0.8758128713680975,39518.15,1.0,True
01,double_lrlr_pause,9,45223.0,4.0,0.05,13.366509375012997,743,0.8756069897350486,45222.9,1.0,True
01,double_lrlr_pause,10,45339.0,4.0,0.05,14.466915907942807,745,0.8833576793991634,45338.85,1.0,True
01,double_lrlr_pause,11,45513.0,4.0,0.05,22.298706764998148,863,0.9309779858593918,45513.15,1.1,True
01,double_lrlr_pause,12,45591.0,4.0,0.05,21.205526773103717,833,0.9380081638725342,45590.95,1.1,True
01,double_lrlr_pause,13,45824.0,4.0,0.05,18.641462470721308,753,0.8274686123139705,45823.9,1.0,True
01,double_lrlr_pause,14,45973.0,4.0,0.05,21.258643630951962,774,0.949583603251101,45973.0,1.0,True
01,double_lrlr_pause,15,46281.0,4.0,0.05,27.922284950166784,711,0.9641911957681204,46281.0,0.9,True
01,double_lrlr_pause,16,46643.0,4.0,0.05,22.37688423662151,854,0.9805549617224392,46643.1,1.1,True
01,double_lrlr_pause,17,50145.0,4.0,0.05,8.67058475559825,861,0.0,,,True
01,double_lrlr_pause,18,50592.0,4.0,0.05,22.42259321489518,722,0.8808331864100217,50592.05,0.9,True
01,double_lrlr_pause,19,50835.0,4.0,0.05,21.519361293428123,760,0.9734058599022577,50834.95,1.0,True
01,double_lrlr_pause,0,28841.0,6.0,0.05,14.260936558586339,754,0.8773783249665745,28840.9,1.0,True
01,double_lrlr_pause,1,29879.0,6.0,0.05,30.613378526219275,831,0.9558925222316749,29878.95,1.1,True
01,double_lrlr_pause,2,30083.0,6.0,0.05,38.548044220949905,844,0.9298613331982153,30083.05,1.1,True
01,double_lrlr_pause,3,30170.0,6.0,0.05,35.999017376975004,713,0.948206548379762,30170.0,0.9,True
01,double_lrlr_pause,4,30307.0,6.0,0.05,23.87356988358969,791,0.8505007855176091,30307.1,1.0,True
01,double_lrlr_pause,5,38647.0,6.0,0.05,9.111289813631412,794,0.8790748852366695,38647.1,1.0,True
01,double_lrlr_pause,6,38997.0,6.0,0.05,23.861930708000354,852,0.9727416255688998,38997.05,1.1,True
01,double_lrlr_pause,7,39279.0,6.0,0.05,18.88070752531031,837,0.9723691818033767,39279.0,1.1,True
01,double_lrlr_pause,8,39518.0,6.0,0.05,30.6181671890483,795,0.8598739620256013,39518.15,1.0,True
01,double_lrlr_pause,9,45223.0,6.0,0.05,13.366509375012997,858,0.9347916568258613,45223.1,1.1,True
01,double_lrlr_pause,10,45339.0,6.0,0.05,14.466915907942807,818,0.849284331705725,45338.9,1.1,True
01,double_lrlr_pause,11,45513.0,6.0,0.05,22.298706764998148,829,0.9432295503927502,45512.95,1.1,True
01,double_lrlr_pause,12,45591.0,6.0,0.05,21.205526773103717,875,0.8834397887823527,45591.15,1.1,True
01,double_lrlr_pause,13,45824.0,6.0,0.05,18.641462470721308,871,0.8543499898409622,45824.2,1.1,True
01,double_lrlr_pause,14,45973.0,6.0,0.05,21.258643630951962,849,0.9717979259763061,45973.05,1.1,True
01,double_lrlr_pause,15,46281.0,6.0,0.05,27.922284950166784,766,0.9826547967306645,46281.0,1.0,True
01,double_lrlr_pause,16,46643.0,6.0,0.05,22.37688423662151,811,0.8897131984639758,46642.85,1.1,True
01,double_lrlr_pause,17,50145.0,6.0,0.05,8.67058475559825,717,0.6774514937864575,50144.4,0.9,True
01,double_lrlr_pause,18,50592.0,6.0,0.05,22.42259321489518,792,0.8957945409565515,50592.1,1.0,True
01,double_lrlr_pause,19,50835.0,6.0,0.05,21.519361293428123,778,0.9620694401770197,50835.05,1.0,True
01,double_lrlr_pause,0,28841.0,2.0,0.15,14.260936558586339,747,0.6811092130883013,28840.8,1.0,True
01,double_lrlr_pause,1,29879.0,2.0,0.15,30.613378526219275,774,0.8398385627174526,29879.0,1.0,True
01,double_lrlr_pause,2,30083.0,2.0,0.15,38.548044220949905,824,0.0,,,True
01,double_lrlr_pause,3,30170.0,2.0,0.15,35.999017376975004,870,0.8942312274704913,30170.15,1.1,True
01,double_lrlr_pause,4,30307.0,2.0,0.15,23.87356988358969,879,0.7296844974543865,30306.85,1.2,True
01,double_lrlr_pause,5,38647.0,2.0,0.15,9.111289813631412,825,0.7680433102706736,38646.95,1.1,True
01,double_lrlr_pause,6,38997.0,2.0,0.15,23.861930708000354,792,0.809659026988605,38997.1,1.0,True
01,double_lrlr_pause,7,39279.0,2.0,0.15,18.88070752531031,746,0.8628983513391555,39278.8,1.0,True
01,double_lrlr_pause,8,39518.0,2.0,0.15,30.6181671890483,863,0.9415036967792735,39518.2,1.1,True
01,double_lrlr_pause,9,45223.0,2.0,0.15,13.366509375012997,828,0.8301489069179954,45222.95,1.1,True
01,double_lrlr_pause,10,45339.0,2.0,0.15,14.466915907942807,797,0.8165665563138904,45339.15,1.0,True
01,double_lrlr_pause,11,45513.0,2.0,0.15,22.298706764998148,728,0.7589126792942746,45513.15,0.9,True
01,double_lrlr_pause,12,45591.0,2.0,0.15,21.205526773103717,822,0.7572863797827557,45590.95,1.1,True
01,double_lrlr_pause,13,45824.0,2.0,0.15,18.641462470721308,812,0.0,,,True
01,double_lrlr_pause,14,45973.0,2.0,0.15,21.258643630951962,745,0.7056317527982491,45973.1,0.9,True
01,double_lrlr_pause,15,46281.0,2.0,0.15,27.922284950166784,793,0.9110881388936586,46281.1,1.0,True
01,double_lrlr_pause,16,46643.0,2.0,0.15,22.37688423662151,697,0.9606898866864322,46642.9,0.9,True
01,double_lrlr_pause,17,50145.0,2.0,0.15,8.67058475559825,830,0.0,,,True
01,double_lrlr_pause,18,50592.0,2.0,0.15,22.42259321489518,832,0.709856032417192,50592.0,1.1,True
01,double_lrlr_pause,19,50835.0,2.0,0.15,21.519361293428123,704,0.937536588259611,50834.95,0.9,True
01,double_lrlr_pause,0,28841.0,4.0,0.15,14.260936558586339,792,0.7926067636832624,28841.1,1.0,True
01,double_lrlr_pause,1,29879.0,4.0,0.15,30.613378526219275,843,0.8609977514027615,29879.0,1.1,True
01,double_lrlr_pause,2,30083.0,4.0,0.15,38.548044220949905,755,0.8220662909612599,30082.9,1.0,True
01,double_lrlr_pause,3,30170.0,4.0,0.15,35.999017376975004,724,0.9151258370824534,30170.05,0.9,True
01,double_lrlr_pause,4,30307.0,4.0,0.15,23.87356988358969,728,0.896970768266251,30307.05,0.9,True
01,double_lrlr_pause,5,38647.0,4.0,0.15,9.111289813631412,808,0.820315938547149,38646.8,1.1,True
01,double_lrlr_pause,6,38997.0,4.0,0.15,23.861930708000354,859,0.8853865647168292,38997.1,1.1,True
01,double_lrlr_pause,7,39279.0,4.0,0.15,18.88070752531031,781,0.9457984791387084,39279.1,1.0,True
01,double_lrlr_pause,8,39518.0,4.0,0.15,30.6181671890483,769,0.9357154724049935,39517.95,1.0,True
01,double_lrlr_pause,9,45223.0,4.0,0.15,13.366509375012997,691,0.8682365975612268,45223.0,0.9,True
01,double_lrlr_pause,10,45339.0,4.0,0.15,14.466915907942807,696,0.8430942119790178,45338.95,0.9,True
01,double_lrlr_pause,11,45513.0,4.0,0.15,22.298706764998148,791,0.9393930851554448,45513.05,1.0,True
01,double_lrlr_pause,12,45591.0,4.0,0.15,21.205526773103717,763,0.9167954728336346,45591.0,1.0,True
01,double_lrlr_pause,13,45824.0,4.0,0.15,18.641462470721308,722,0.753575013716522,45824.1,0.9,True
01,double_lrlr_pause,14,45973.0,4.0,0.15,21.258643630951962,714,0.8765477085776259,45973.0,0.9,True
01,double_lrlr_pause,15,46281.0,4.0,0.15,27.922284950166784,726,0.8537105598894968,46281.1,0.9,True
01,double_lrlr_pause,16,46643.0,4.0,0.15,22.37688423662151,750,0.8873604153546164,46642.9,1.0,True
01,double_lrlr_pause,17,50145.0,4.0,0.15,8.67058475559825,825,0.47998308658898015,50144.9,1.1,True
01,double_lrlr_pause,18,50592.0,4.0,0.15,22.42259321489518,729,0.8911682096099792,50592.15,0.9,True
01,double_lrlr_pause,19,50835.0,4.0,0.15,21.519361293428123,795,0.835191465709093,50834.8,1.1,True
01,double_lrlr_pause,0,28841.0,6.0,0.15,14.260936558586339,879,0.8565989342417569,28841.2,1.1,True
01,double_lrlr_pause,1,29879.0,6.0,0.15,30.613378526219275,731,0.8646912929594776,29879.05,0.9,True
01,double_lrlr_pause,2,30083.0,6.0,0.15,38.548044220949905,865,0.9042849159145562,30083.15,1.1,True
01,double_lrlr_pause,3,30170.0,6.0,0.15,35.999017376975004,721,0.8841087286488665,30170.05,0.9,True
01,double_lrlr_pause,4,30307.0,6.0,0.15,23.87356988358969,738,0.8513741322799946,30306.85,1.0,True
01,double_lrlr_pause,5,38647.0,6.0,0.15,9.111289813631412,774,0.8993228314842759,38647.0,1.0,True
01,double_lrlr_pause,6,38997.0,6.0,0.15,23.861930708000354,791,0.828476782688473,38997.15,1.0,True
01,double_lrlr_pause,7,39279.0,6.0,0.15,18.88070752531031,812,0.8481021743313363,39279.25,1.0,True
01,double_lrlr_pause,8,39518.0,6.0,0.15,30.6181671890483,793,0.9347220371497039,39518.2,1.0,True
01,double_lrlr_pause,9,45223.0,6.0,0.15,13.366509375012997,800,0.8720258503551742,45223.2,1.0,True
01,double_lrlr_pause,10,45339.0,6.0,0.15,14.466915907942807,773,0.8801898441647376,45339.0,1.0,True
01,double_lrlr_pause,11,45513.0,6.0,0.15,22.298706764998148,808,0.874898968558825,45513.2,1.0,True
01,double_lrlr_pause,12,45591.0,6.0,0.15,21.205526773103717,733,0.8801860223572636,45591.1,0.9,True
01,double_lrlr_pause,13,45824.0,6.0,0.15,18.641462470721308,783,0.8260033779028575,45824.1,1.0,True
01,double_lrlr_pause,14,45973.0,6.0,0.15,21.258643630951962,728,0.8522586619972393,45973.1,0.9,True
01,double_lrlr_pause,15,46281.0,6.0,0.15,27.922284950166784,725,0.8749787717195586,46281.0,0.9,True
01,double_lrlr_pause,16,46643.0,6.0,0.15,22.37688423662151,860,0.9695218025054227,46643.1,1.1,True
01,double_lrlr_pause,17,50145.0,6.0,0.15,8.67058475559825,855,0.4752415329400295,50144.3,1.1,True
01,double_lrlr_pause,18,50592.0,6.0,0.15,22.42259321489518,825,0.8343369852173139,50591.85,1.1,True
01,double_lrlr_pause,19,50835.0,6.0,0.15,21.519361293428123,791,0.9198976972048087,50835.15,1.0,True
01,double_lrlr_pause,0,28841.0,2.0,0.25,14.260936558586339,793,0.7048758541506311,28840.3,1.0,True
01,double_lrlr_pause,1,29879.0,2.0,0.25,30.613378526219275,874,0.7989556725669343,29879.25,1.1,True
01,double_lrlr_pause,2,30083.0,2.0,0.25,38.548044220949905,784,0.0,,,True
01,double_lrlr_pause,3,30170.0,2.0,0.25,35.999017376975004,665,0.0,,,True
01,double_lrlr_pause,4,30307.0,2.0,0.25,23.87356988358969,818,0.0,,,True
01,double_lrlr_pause,5,38647.0,2.0,0.25,9.111289813631412,767,0.8022983214368818,38646.95,1.0,True
01,double_lrlr_pause,6,38997.0,2.0,0.25,23.861930708000354,802,0.726551463788019,38997.2,1.0,True
01,double_lrlr_pause,7,39279.0,2.0,0.25,18.88070752531031,753,0.8532786329552622,39278.95,1.0,True
01,double_lrlr_pause,8,39518.0,2.0,0.25,30.6181671890483,724,0.9659353200775936,39518.1,0.9,True
01,double_lrlr_pause,9,45223.0,2.0,0.25,13.366509375012997,850,0.7267422774310598,45222.7,1.2,True
01,double_lrlr_pause,10,45339.0,2.0,0.25,14.466915907942807,729,0.7380279505554833,45338.95,0.9,True
01,double_lrlr_pause,11,45513.0,2.0,0.25,22.298706764998148,682,0.7683895347371743,45512.9,0.9,True
01,double_lrlr_pause,12,45591.0,2.0,0.25,21.205526773103717,745,0.6927058065381883,45591.0,1.0,True
01,double_lrlr_pause,13,45824.0,2.0,0.25,18.641462470721308,802,0.5887703777115455,45823.3,1.0,True
01,double_lrlr_pause,14,45973.0,2.0,0.25,21.258643630951962,830,0.8034909303516631,45973.6,1.1,True
01,double_lrlr_pause,15,46281.0,2.0,0.25,27.922284950166784,690,0.7233042465773076,46281.4,0.8,True
01,double_lrlr_pause,16,46643.0,2.0,0.25,22.37688423662151,811,0.8907216753589504,46643.35,1.0,True
01,double_lrlr_pause,17,50145.0,2.0,0.25,8.67058475559825,813,0.0,,,True
01,double_lrlr_pause,18,50592.0,2.0,0.25,22.42259321489518,700,0.674892602321658,50591.95,0.9,True
01,double_lrlr_pause,19,50835.0,2.0,0.25,21.519361293428123,712,0.8126686648473127,50834.9,0.9,True
01,double_lrlr_pause,0,28841.0,4.0,0.25,14.260936558586339,839,0.8384612317763367,28840.95,1.1,True
01,double_lrlr_pause,1,29879.0,4.0,0.25,30.613378526219275,750,0.9116058051590759,29878.85,1.0,True
01,double_lrlr_pause,2,30083.0,4.0,0.25,38.548044220949905,787,0.7837501850739735,30083.0,1.0,True
01,double_lrlr_pause,3,30170.0,4.0,0.25,35.999017376975004,811,0.9053351580144078,30169.75,1.1,True
01,double_lrlr_pause,4,30307.0,4.0,0.25,23.87356988358969,854,0.8574293624525355,30307.1,1.1,True
01,double_lrlr_pause,5,38647.0,4.0,0.25,9.111289813631412,847,0.8855338150264339,38647.0,1.1,True
01,double_lrlr_pause,6,38997.0,4.0,0.25,23.861930708000354,759,0.9253248823450587,38996.95,1.0,True
01,double_lrlr_pause,7,39279.0,4.0,0.25,18.88070752531031,827,0.8275161165891711,39278.9,1.1,True
01,double_lrlr_pause,8,39518.0,4.0,0.25,30.6181671890483,845,0.9540481477011239,39517.95,1.1,True
01,double_lrlr_pause,9,45223.0,4.0,0.25,13.366509375012997,844,0.9101308071291965,45223.05,1.1,True
01,double_lrlr_pause,10,45339.0,4.0,0.25,14.466915907942807,703,0.8144029853828262,45339.05,0.9,True
01,double_lrlr_pause,11,45513.0,4.0,0.25,22.298706764998148,741,0.8716292602155468,45512.8,1.0,True
01,double_lrlr_pause,12,45591.0,4.0,0.25,21.205526773103717,740,0.8238854387868386,45591.2,0.9,True
01,double_lrlr_pause,13,45824.0,4.0,0.25,18.641462470721308,796,0.8019466949304807,45824.05,1.0,True
01,double_lrlr_pause,14,45973.0,4.0,0.25,21.258643630951962,750,0.8333218808162175,45973.25,0.9,True
01,double_lrlr_pause,15,46281.0,4.0,0.25,27.922284950166784,772,0.9172857451316679,46280.85,1.0,True
01,double_lrlr_pause,16,46643.0,4.0,0.25,22.37688423662151,708,0.8890384013064186,46642.95,0.9,True
01,double_lrlr_pause,17,50145.0,4.0,0.25,8.67058475559825,881,0.726122044703139,50145.65,1.2,True
01,double_lrlr_pause,18,50592.0,4.0,0.25,22.42259321489518,862,0.8971132735477461,50592.15,1.1,True
01,double_lrlr_pause,19,50835.0,4.0,0.25,21.519361293428123,695,0.9057915037208158,50834.95,0.9,True
01,double_lrlr_pause,0,28841.0,6.0,0.25,14.260936558586339,883,0.8239141320313437,28840.8,1.2,True
01,double_lrlr_pause,1,29879.0,6.0,0.25,30.613378526219275,879,0.8830492256626555,29878.95,1.2,True
01,double_lrlr_pause,2,30083.0,6.0,0.25,38.548044220949905,782,0.8127373629298935,30083.05,1.0,True
01,double_lrlr_pause,3,30170.0,6.0,0.25,35.999017376975004,718,0.9349336450228105,30170.0,0.9,True
01,double_lrlr_pause,4,30307.0,6.0,0.25,23.87356988358969,733,0.8424566779533313,30307.1,0.9,True
01,double_lrlr_pause,5,38647.0,6.0,0.25,9.111289813631412,815,0.9097101383982638,38646.9,1.1,True
01,double_lrlr_pause,6,38997.0,6.0,0.25,23.861930708000354,819,0.9114059762890099,38996.9,1.1,True
01,double_lrlr_pause,7,39279.0,6.0,0.25,18.88070752531031,717,0.8683769926512567,39279.0,0.9,True
01,double_lrlr_pause,8,39518.0,6.0,0.25,30.6181671890483,804,0.9069845984520514,39517.85,1.1,True
01,double_lrlr_pause,9,45223.0,6.0,0.25,13.366509375012997,747,0.858530014969561,45223.2,0.9,True
01,double_lrlr_pause,10,45339.0,6.0,0.25,14.466915907942807,867,0.8906458698067974,45338.75,1.2,True
01,double_lrlr_pause,11,45513.0,6.0,0.25,22.298706764998148,825,0.9100014849305912,45512.95,1.1,True
01,double_lrlr_pause,12,45591.0,6.0,0.25,21.205526773103717,831,0.9372202733277263,45591.0,1.1,True
01,double_lrlr_pause,13,45824.0,6.0,0.25,18.641462470721308,899,0.8707115707397788,45824.0,1.2,True
01,double_lrlr_pause,14,45973.0,6.0,0.25,21.258643630951962,808,0.8656177501403549,45972.85,1.1,True
01,double_lrlr_pause,15,46281.0,6.0,0.25,27.922284950166784,881,0.8633004765606771,46280.75,1.2,True
01,double_lrlr_pause,16,46643.0,6.0,0.25,22.37688423662151,813,0.8344370425939972,46643.2,1.0,True
01,double_lrlr_pause,17,50145.0,6.0,0.25,8.67058475559825,848,0.0,,,True
01,double_lrlr_pause,18,50592.0,6.0,0.25,22.42259321489518,766,0.8934075309904911,50591.85,1.0,True
01,double_lrlr_pause,19,50835.0,6.0,0.25,21.519361293428123,860,0.9219874006953724,50835.15,1.1,True
01,iso8_matched,0,28841.0,2.0,0.05,14.260936558586339,737,0.6356973453310947,28841.1,1.1,True
01,iso8_matched,1,29879.0,2.0,0.05,30.613378526219275,701,0.879268363775256,29878.95,1.1,True
01,iso8_matched,2,30083.0,2.0,0.05,38.548044220949905,631,0.8067115871411805,30083.1,0.9,True
01,iso8_matched,3,30170.0,2.0,0.05,35.999017376975004,628,0.8558182843163197,30170.1,0.9,True
01,iso8_matched,4,30307.0,2.0,0.05,23.87356988358969,674,0.8555065352369394,30307.1,1.0,True
01,iso8_matched,5,38647.0,2.0,0.05,9.111289813631412,727,0.8736961341015181,38647.05,1.1,True
01,iso8_matched,6,38997.0,2.0,0.05,23.861930708000354,634,0.7944211971932641,38996.9,1.0,True
01,iso8_matched,7,39279.0,2.0,0.05,18.88070752531031,625,0.858520915209595,39279.1,0.9,True
01,iso8_matched,8,39518.0,2.0,0.05,30.6181671890483,663,0.9511214920192349,39518.05,1.0,True
01,iso8_matched,9,45223.0,2.0,0.05,13.366509375012997,701,0.8688353932846314,45222.95,1.1,True
01,iso8_matched,10,45339.0,2.0,0.05,14.466915907942807,694,0.8112969581504997,45338.9,1.1,True
01,iso8_matched,11,45513.0,2.0,0.05,22.298706764998148,658,0.9299303292029302,45513.0,1.0,True
01,iso8_matched,12,45591.0,2.0,0.05,21.205526773103717,688,0.0,,,True
01,iso8_matched,13,45824.0,2.0,0.05,18.641462470721308,697,0.8670830473906606,45824.7,1.1,True
01,iso8_matched,14,45973.0,2.0,0.05,21.258643630951962,692,0.7846513237977263,45972.9,1.1,True
01,iso8_matched,15,46281.0,2.0,0.05,27.922284950166784,653,0.9756577380314605,46281.0,1.0,True
01,iso8_matched,16,46643.0,2.0,0.05,22.37688423662151,638,0.9394043412021784,46642.9,1.0,True
01,iso8_matched,17,50145.0,2.0,0.05,8.67058475559825,684,0.4675687350021937,50145.05,1.0,True
01,iso8_matched,18,50592.0,2.0,0.05,22.42259321489518,608,0.8251936921319296,50592.65,0.9,True
01,iso8_matched,19,50835.0,2.0,0.05,21.519361293428123,704,0.932807838559638,50834.95,1.1,True
01,iso8_matched,0,28841.0,4.0,0.05,14.260936558586339,627,0.0,,,True
01,iso8_matched,1,29879.0,4.0,0.05,30.613378526219275,702,0.9491011921878938,29878.95,1.1,True
01,iso8_matched,2,30083.0,4.0,0.05,38.548044220949905,752,0.0,,,True
01,iso8_matched,3,30170.0,4.0,0.05,35.999017376975004,678,0.883593172737426,30170.1,1.0,True
01,iso8_matched,4,30307.0,4.0,0.05,23.87356988358969,618,0.8935979359461573,30307.05,0.9,True
01,iso8_matched,5,38647.0,4.0,0.05,9.111289813631412,591,0.9483313094669604,38646.9,0.9,True
01,iso8_matched,6,38997.0,4.0,0.05,23.861930708000354,599,0.9476507317911002,38996.95,0.9,True
01,iso8_matched,7,39279.0,4.0,0.05,18.88070752531031,678,0.9099531888489371,39279.1,1.0,True
01,iso8_matched,8,39518.0,4.0,0.05,30.6181671890483,651,0.9756988819100829,39518.0,1.0,True
01,iso8_matched,9,45223.0,4.0,0.05,13.366509375012997,659,0.9511268234300949,45223.05,1.0,True
01,iso8_matched,10,45339.0,4.0,0.05,14.466915907942807,645,0.9378198869164508,45338.95,1.0,True
01,iso8_matched,11,45513.0,4.0,0.05,22.298706764998148,662,0.9687791547605803,45513.05,1.0,True
01,iso8_matched,12,45591.0,4.0,0.05,21.205526773103717,697,0.8621739555838851,45590.9,1.1,True
01,iso8_matched,13,45824.0,4.0,0.05,18.641462470721308,608,0.8866888937078287,45824.65,0.9,True
01,iso8_matched,14,45973.0,4.0,0.05,21.258643630951962,721,0.9489376263508195,45973.05,1.1,True
01,iso8_matched,15,46281.0,4.0,0.05,27.922284950166784,628,0.9054564218819052,46281.1,0.9,True
01,iso8_matched,16,46643.0,4.0,0.05,22.37688423662151,687,0.892533622116359,46643.15,1.0,True
01,iso8_matched,17,50145.0,4.0,0.05,8.67058475559825,653,0.6860315037439411,50145.0,1.0,True
01,iso8_matched,18,50592.0,4.0,0.05,22.42259321489518,604,0.9211239827033785,50592.0,0.9,True
01,iso8_matched,19,50835.0,4.0,0.05,21.519361293428123,629,0.9172818779534029,50834.85,1.0,True
01,iso8_matched,0,28841.0,6.0,0.05,14.260936558586339,728,0.911595008231552,28841.1,1.1,True
01,iso8_matched,1,29879.0,6.0,0.05,30.613378526219275,624,0.886251571052851,29878.85,1.0,True
01,iso8_matched,2,30083.0,6.0,0.05,38.548044220949905,618,0.9312227130306927,30083.05,0.9,True
01,iso8_matched,3,30170.0,6.0,0.05,35.999017376975004,670,0.9471946614601633,30170.05,1.0,True
01,iso8_matched,4,30307.0,6.0,0.05,23.87356988358969,692,0.9246482672187644,30306.9,1.1,True
01,iso8_matched,5,38647.0,6.0,0.05,9.111289813631412,605,0.9682701406456481,38647.0,0.9,True
01,iso8_matched,6,38997.0,6.0,0.05,23.861930708000354,630,0.8931635389365827,38996.85,1.0,True
01,iso8_matched,7,39279.0,6.0,0.05,18.88070752531031,626,0.8944527590973183,39278.85,1.0,True
01,iso8_matched,8,39518.0,6.0,0.05,30.6181671890483,706,0.9568170056883315,39517.95,1.1,True
01,iso8_matched,9,45223.0,6.0,0.05,13.366509375012997,733,0.9444823545226851,45223.1,1.1,True
01,iso8_matched,10,45339.0,6.0,0.05,14.466915907942807,664,0.9630377230718374,45339.05,1.0,True
01,iso8_matched,11,45513.0,6.0,0.05,22.298706764998148,613,0.9789881945606896,45513.05,0.9,True
01,iso8_matched,12,45591.0,6.0,0.05,21.205526773103717,715,0.9757713651223052,45591.0,1.1,True
01,iso8_matched,13,45824.0,6.0,0.05,18.641462470721308,741,0.908982283976793,45824.15,1.1,True
01,iso8_matched,14,45973.0,6.0,0.05,21.258643630951962,617,0.9398107905555648,45973.05,0.9,True
01,iso8_matched,15,46281.0,6.0,0.05,27.922284950166784,690,0.881727672482148,46280.9,1.1,True
01,iso8_matched,16,46643.0,6.0,0.05,22.37688423662151,745,0.9249896793367773,46643.15,1.1,True
01,iso8_matched,17,50145.0,6.0,0.05,8.67058475559825,726,0.0,,,True
01,iso8_matched,18,50592.0,6.0,0.05,22.42259321489518,639,0.9248194891852661,50591.9,1.0,True
01,iso8_matched,19,50835.0,6.0,0.05,21.519361293428123,604,0.9902612289798084,50835.0,0.9,True
01,iso8_matched,0,28841.0,2.0,0.15,14.260936558586339,702,0.6395741040248973,28840.95,1.1,True
01,iso8_matched,1,29879.0,2.0,0.15,30.613378526219275,653,0.8356652460900958,29879.0,1.0,True
01,iso8_matched,2,30083.0,2.0,0.15,38.548044220949905,635,0.0,,,True
01,iso8_matched,3,30170.0,2.0,0.15,35.999017376975004,727,0.8653146481383802,30169.3,1.1,True
01,iso8_matched,4,30307.0,2.0,0.15,23.87356988358969,672,0.8334573200322539,30306.4,1.0,True
01,iso8_matched,5,38647.0,2.0,0.15,9.111289813631412,738,0.8833826196801958,38647.05,1.1,True
01,iso8_matched,6,38997.0,2.0,0.15,23.861930708000354,647,0.8335661579005093,38997.55,1.0,True
01,iso8_matched,7,39279.0,2.0,0.15,18.88070752531031,659,0.9346386189079697,39279.0,1.0,True
01,iso8_matched,8,39518.0,2.0,0.15,30.6181671890483,642,0.7443625152720766,39517.3,1.0,True
01,iso8_matched,9,45223.0,2.0,0.15,13.366509375012997,726,0.8659184511505226,45223.05,1.1,True
01,iso8_matched,10,45339.0,2.0,0.15,14.466915907942807,717,0.8736675144419219,45339.1,1.1,True
01,iso8_matched,11,45513.0,2.0,0.15,22.298706764998148,658,0.8861630936525114,45513.1,1.0,True
01,iso8_matched,12,45591.0,2.0,0.15,21.205526773103717,623,0.7848312641962544,45591.05,0.9,True
01,iso8_matched,13,45824.0,2.0,0.15,18.641462470721308,652,0.8267286120849632,45824.7,1.0,True
01,iso8_matched,14,45973.0,2.0,0.15,21.258643630951962,713,0.8325787644755445,45973.0,1.1,True
01,iso8_matched,15,46281.0,2.0,0.15,27.922284950166784,678,0.8574537821301658,46280.8,1.1,True
01,iso8_matched,16,46643.0,2.0,0.15,22.37688423662151,673,0.9028984706881513,46643.2,1.0,True
01,iso8_matched,17,50145.0,2.0,0.15,8.67058475559825,680,0.0,,,True
01,iso8_matched,18,50592.0,2.0,0.15,22.42259321489518,726,0.0,,,True
01,iso8_matched,19,50835.0,2.0,0.15,21.519361293428123,720,0.9342515947538443,50835.05,1.1,True
01,iso8_matched,0,28841.0,4.0,0.15,14.260936558586339,608,0.7874355849828436,28840.4,0.9,True
01,iso8_matched,1,29879.0,4.0,0.15,30.613378526219275,730,0.9267687520566394,29879.05,1.1,True
01,iso8_matched,2,30083.0,4.0,0.15,38.548044220949905,680,0.8636703873332089,30083.15,1.0,True
01,iso8_matched,3,30170.0,4.0,0.15,35.999017376975004,680,0.8933750373666639,30170.2,1.0,True
01,iso8_matched,4,30307.0,4.0,0.15,23.87356988358969,678,0.8873740992210337,30307.15,1.0,True
01,iso8_matched,5,38647.0,4.0,0.15,9.111289813631412,729,0.9638529727715974,38647.05,1.1,True
01,iso8_matched,6,38997.0,4.0,0.15,23.861930708000354,715,0.9450479847622902,38997.0,1.1,True
01,iso8_matched,7,39279.0,4.0,0.15,18.88070752531031,736,0.9330522337390805,39279.1,1.1,True
01,iso8_matched,8,39518.0,4.0,0.15,30.6181671890483,678,0.885512778727333,39517.8,1.1,True
01,iso8_matched,9,45223.0,4.0,0.15,13.366509375012997,618,0.8737058436278907,45223.05,0.9,True
01,iso8_matched,10,45339.0,4.0,0.15,14.466915907942807,624,0.9092907079022274,45339.05,0.9,True
01,iso8_matched,11,45513.0,4.0,0.15,22.298706764998148,653,0.9411520986909736,45512.95,1.0,True
01,iso8_matched,12,45591.0,4.0,0.15,21.205526773103717,713,0.9464217468530526,45591.0,1.1,True
01,iso8_matched,13,45824.0,4.0,0.15,18.641462470721308,633,0.825776770512632,45824.15,0.9,True
01,iso8_matched,14,45973.0,4.0,0.15,21.258643630951962,651,0.905749387373463,45972.95,1.0,True
01,iso8_matched,15,46281.0,4.0,0.15,27.922284950166784,709,0.9417673445840214,46281.0,1.1,True
01,iso8_matched,16,46643.0,4.0,0.15,22.37688423662151,683,0.9013993750198732,46643.1,1.0,True
01,iso8_matched,17,50145.0,4.0,0.15,8.67058475559825,727,0.0,,,True
01,iso8_matched,18,50592.0,4.0,0.15,22.42259321489518,606,0.9025773968184655,50591.9,0.9,True
01,iso8_matched,19,50835.0,4.0,0.15,21.519361293428123,591,0.9468140562569225,50834.85,0.9,True
01,iso8_matched,0,28841.0,6.0,0.15,14.260936558586339,667,0.8501502026771621,28841.15,1.0,True
01,iso8_matched,1,29879.0,6.0,0.15,30.613378526219275,699,0.8978735559436493,29878.95,1.1,True
01,iso8_matched,2,30083.0,6.0,0.15,38.548044220949905,692,0.8606063105214952,30082.8,1.1,True
01,iso8_matched,3,30170.0,6.0,0.15,35.999017376975004,577,0.827140345032747,30169.85,0.9,True
01,iso8_matched,4,30307.0,6.0,0.15,23.87356988358969,655,0.9215106738053964,30306.95,1.0,True
01,iso8_matched,5,38647.0,6.0,0.15,9.111289813631412,640,0.9224094784087514,38646.95,1.0,True
01,iso8_matched,6,38997.0,6.0,0.15,23.861930708000354,749,0.8824158958870365,38996.85,1.2,True
01,iso8_matched,7,39279.0,6.0,0.15,18.88070752531031,692,0.8990546277586567,39278.95,1.1,True
01,iso8_matched,8,39518.0,6.0,0.15,30.6181671890483,755,0.9484858368893924,39517.95,1.2,True
01,iso8_matched,9,45223.0,6.0,0.15,13.366509375012997,734,0.951183630094107,45223.1,1.1,True
01,iso8_matched,10,45339.0,6.0,0.15,14.466915907942807,717,0.9117098357768012,45338.9,1.1,True
01,iso8_matched,11,45513.0,6.0,0.15,22.298706764998148,645,0.9485426355064532,45513.05,1.0,True
01,iso8_matched,12,45591.0,6.0,0.15,21.205526773103717,633,0.8953112906238769,45590.9,1.0,True
01,iso8_matched,13,45824.0,6.0,0.15,18.641462470721308,676,0.895546219730198,45824.1,1.0,True
01,iso8_matched,14,45973.0,6.0,0.15,21.258643630951962,609,0.9219213810935415,45973.0,0.9,True
01,iso8_matched,15,46281.0,6.0,0.15,27.922284950166784,604,0.9525376508514349,46280.9,0.9,True
01,iso8_matched,16,46643.0,6.0,0.15,22.37688423662151,604,0.9759400565124084,46642.95,0.9,True
01,iso8_matched,17,50145.0,6.0,0.15,8.67058475559825,662,0.7752578227359676,50144.35,1.0,True
01,iso8_matched,18,50592.0,6.0,0.15,22.42259321489518,675,0.6427320047974161,50591.4,1.0,True
01,iso8_matched,19,50835.0,6.0,0.15,21.519361293428123,600,0.9487417693483713,50834.9,0.9,True
01,iso8_matched,0,28841.0,2.0,0.25,14.260936558586339,741,0.5862648721492104,28841.2,1.1,True
01,iso8_matched,1,29879.0,2.0,0.25,30.613378526219275,623,0.8689740089758295,29878.8,1.0,True
01,iso8_matched,2,30083.0,2.0,0.25,38.548044220949905,585,0.7756869062565297,30082.9,0.9,True
01,iso8_matched,3,30170.0,2.0,0.25,35.999017376975004,643,0.7956902937078684,30169.4,0.9,True
01,iso8_matched,4,30307.0,2.0,0.25,23.87356988358969,684,0.8188742641132999,30306.9,1.1,True
01,iso8_matched,5,38647.0,2.0,0.25,9.111289813631412,657,0.817312068080976,38647.0,1.0,True
01,iso8_matched,6,38997.0,2.0,0.25,23.861930708000354,592,0.7774483547969828,38997.55,0.9,True
01,iso8_matched,7,39279.0,2.0,0.25,18.88070752531031,584,0.8242475342098078,39278.8,0.9,True
01,iso8_matched,8,39518.0,2.0,0.25,30.6181671890483,631,0.8403703897553996,39517.7,1.0,True
01,iso8_matched,9,45223.0,2.0,0.25,13.366509375012997,631,0.7694059704055783,45223.2,0.9,True
01,iso8_matched,10,45339.0,2.0,0.25,14.466915907942807,643,0.8916793838513931,45338.3,1.0,True
01,iso8_matched,11,45513.0,2.0,0.25,22.298706764998148,711,0.867198659145667,45513.0,1.1,True
01,iso8_matched,12,45591.0,2.0,0.25,21.205526773103717,655,0.8708558507134153,45591.7,1.0,True
01,iso8_matched,13,45824.0,2.0,0.25,18.641462470721308,638,0.7099222674196477,45824.65,1.0,True
01,iso8_matched,14,45973.0,2.0,0.25,21.258643630951962,620,0.7178245891904292,45973.05,0.9,True
01,iso8_matched,15,46281.0,2.0,0.25,27.922284950166784,665,0.9127413292503469,46281.2,1.0,True
01,iso8_matched,16,46643.0,2.0,0.25,22.37688423662151,692,0.8596705440993802,46642.85,1.1,True
01,iso8_matched,17,50145.0,2.0,0.25,8.67058475559825,676,0.0,,,True
01,iso8_matched,18,50592.0,2.0,0.25,22.42259321489518,724,0.8224325614594645,50592.1,1.1,True
01,iso8_matched,19,50835.0,2.0,0.25,21.519361293428123,654,0.9122294195215468,50835.0,1.0,True
01,iso8_matched,0,28841.0,4.0,0.25,14.260936558586339,664,0.7526463526943737,28840.25,1.0,True
01,iso8_matched,1,29879.0,4.0,0.25,30.613378526219275,600,0.9062570572229516,29879.0,0.9,True
01,iso8_matched,2,30083.0,4.0,0.25,38.548044220949905,628,0.8069770657047332,30082.5,0.9,True
01,iso8_matched,3,30170.0,4.0,0.25,35.999017376975004,643,0.8540846581666558,30170.15,0.9,True
01,iso8_matched,4,30307.0,4.0,0.25,23.87356988358969,731,0.8742085223597416,30306.8,1.2,True
01,iso8_matched,5,38647.0,4.0,0.25,9.111289813631412,649,0.889902708494604,38647.0,1.0,True
01,iso8_matched,6,38997.0,4.0,0.25,23.861930708000354,631,0.8475539019757363,38996.75,1.0,True
01,iso8_matched,7,39279.0,4.0,0.25,18.88070752531031,609,0.8960643846568148,39279.05,0.9,True
01,iso8_matched,8,39518.0,4.0,0.25,30.6181671890483,601,0.9582802228298524,39517.9,0.9,True
01,iso8_matched,9,45223.0,4.0,0.25,13.366509375012997,654,0.9071367419208861,45222.9,1.0,True
01,iso8_matched,10,45339.0,4.0,0.25,14.466915907942807,750,0.8996018215471774,45338.95,1.2,True
01,iso8_matched,11,45513.0,4.0,0.25,22.298706764998148,735,0.9379945207006153,45513.15,1.1,True
01,iso8_matched,12,45591.0,4.0,0.25,21.205526773103717,711,0.885617444134257,45591.0,1.1,True
01,iso8_matched,13,45824.0,4.0,0.25,18.641462470721308,623,0.7875834308266039,45824.55,1.0,True
01,iso8_matched,14,45973.0,4.0,0.25,21.258643630951962,638,0.8256967486504839,45973.0,1.0,True
01,iso8_matched,15,46281.0,4.0,0.25,27.922284950166784,633,0.8920092657423208,46281.05,0.9,True
01,iso8_matched,16,46643.0,4.0,0.25,22.37688423662151,579,0.8591769190474062,46642.9,0.9,True
01,iso8_matched,17,50145.0,4.0,0.25,8.67058475559825,715,0.5891993663992362,50145.2,1.1,True
01,iso8_matched,18,50592.0,4.0,0.25,22.42259321489518,638,0.8721624366142308,50591.9,1.0,True
01,iso8_matched,19,50835.0,4.0,0.25,21.519361293428123,704,0.9391520830279085,50835.0,1.1,True
01,iso8_matched,0,28841.0,6.0,0.25,14.260936558586339,631,0.8471746535593793,28840.95,1.0,True
01,iso8_matched,1,29879.0,6.0,0.25,30.613378526219275,643,0.8805817027598526,29879.05,1.0,True
01,iso8_matched,2,30083.0,6.0,0.25,38.548044220949905,640,0.8738319433014933,30082.8,1.0,True
01,iso8_matched,3,30170.0,6.0,0.25,35.999017376975004,693,0.8663182904469026,30169.95,1.1,True
01,iso8_matched,4,30307.0,6.0,0.25,23.87356988358969,698,0.9148765387292693,30306.95,1.1,True
01,iso8_matched,5,38647.0,6.0,0.25,9.111289813631412,632,0.8741283517718775,38646.85,1.0,True
01,iso8_matched,6,38997.0,6.0,0.25,23.861930708000354,717,0.9413738872808536,38996.95,1.1,True
01,iso8_matched,7,39279.0,6.0,0.25,18.88070752531031,680,0.8937625800458207,39278.95,1.1,True
01,iso8_matched,8,39518.0,6.0,0.25,30.6181671890483,670,0.9490577704760509,39518.0,1.0,True
01,iso8_matched,9,45223.0,6.0,0.25,13.366509375012997,717,0.7628770859603947,45222.4,1.1,True
01,iso8_matched,10,45339.0,6.0,0.25,14.466915907942807,696,0.918444241187356,45339.25,1.0,True
01,iso8_matched,11,45513.0,6.0,0.25,22.298706764998148,717,0.9802282262612749,45513.0,1.1,True
01,iso8_matched,12,45591.0,6.0,0.25,21.205526773103717,640,0.9184797200143211,45590.9,1.0,True
01,iso8_matched,13,45824.0,6.0,0.25,18.641462470721308,739,0.8731602367575418,45824.1,1.1,True
01,iso8_matched,14,45973.0,6.0,0.25,21.258643630951962,711,0.8784939819172315,45973.1,1.1,True
01,iso8_matched,15,46281.0,6.0,0.25,27.922284950166784,620,0.922542606239477,46281.05,0.9,True
01,iso8_matched,16,46643.0,6.0,0.25,22.37688423662151,703,0.9035597936967055,46643.05,1.1,True
01,iso8_matched,17,50145.0,6.0,0.25,8.67058475559825,624,0.7536562456993471,50144.9,1.0,True
01,iso8_matched,18,50592.0,6.0,0.25,22.42259321489518,588,0.868242913749416,50591.95,0.9,True
01,iso8_matched,19,50835.0,6.0,0.25,21.519361293428123,641,0.7280283205224537,50834.35,1.0,True
01,sync8_c0,0,28841.0,2.0,0.05,14.260936558586339,617,0.5403008525626778,28841.05,0.9,True
01,sync8_c0,1,29879.0,2.0,0.05,30.613378526219275,683,0.7716250924103268,29879.15,1.0,True
01,sync8_c0,2,30083.0,2.0,0.05,38.548044220949905,735,0.8198676594365502,30083.2,1.1,True
01,sync8_c0,3,30170.0,2.0,0.05,35.999017376975004,729,0.8940985834068655,30170.15,1.1,True
01,sync8_c0,4,30307.0,2.0,0.05,23.87356988358969,621,0.7830827875272117,30307.0,0.9,True
01,sync8_c0,5,38647.0,2.0,0.05,9.111289813631412,681,0.814984968606599,38647.15,1.0,True
01,sync8_c0,6,38997.0,2.0,0.05,23.861930708000354,627,0.7885475287083924,38997.0,0.9,True
01,sync8_c0,7,39279.0,2.0,0.05,18.88070752531031,693,0.914105164361789,39279.0,1.1,True
01,sync8_c0,8,39518.0,2.0,0.05,30.6181671890483,691,0.9296200193402153,39517.95,1.1,True
01,sync8_c0,9,45223.0,2.0,0.05,13.366509375012997,715,0.8816977123197437,45223.1,1.1,True
01,sync8_c0,10,45339.0,2.0,0.05,14.466915907942807,650,0.8254232859212438,45339.0,1.0,True
01,sync8_c0,11,45513.0,2.0,0.05,22.298706764998148,611,0.9383634697959145,45513.0,0.9,True
01,sync8_c0,12,45591.0,2.0,0.05,21.205526773103717,607,0.8448207837692349,45591.0,0.9,True
01,sync8_c0,13,45824.0,2.0,0.05,18.641462470721308,624,0.639359455566553,45823.9,1.0,True
01,sync8_c0,14,45973.0,2.0,0.05,21.258643630951962,689,0.7757718571901443,45972.95,1.1,True
01,sync8_c0,15,46281.0,2.0,0.05,27.922284950166784,678,0.925230860886847,46281.1,1.0,True
01,sync8_c0,16,46643.0,2.0,0.05,22.37688423662151,737,0.9033282444516648,46643.2,1.1,True
01,sync8_c0,17,50145.0,2.0,0.05,8.67058475559825,664,0.0,,,True
01,sync8_c0,18,50592.0,2.0,0.05,22.42259321489518,684,0.7574450701008233,50591.95,1.1,True
01,sync8_c0,19,50835.0,2.0,0.05,21.519361293428123,711,0.9748962180326902,50835.05,1.1,True
01,sync8_c0,0,28841.0,4.0,0.05,14.260936558586339,673,0.8372568477742067,28841.1,1.0,True
01,sync8_c0,1,29879.0,4.0,0.05,30.613378526219275,726,0.9589129430008343,29879.15,1.1,True
01,sync8_c0,2,30083.0,4.0,0.05,38.548044220949905,715,0.9316897634795149,30083.05,1.1,True
01,sync8_c0,3,30170.0,4.0,0.05,35.999017376975004,678,0.9137066400651802,30170.1,1.0,True
01,sync8_c0,4,30307.0,4.0,0.05,23.87356988358969,621,0.8732831467146668,30307.05,0.9,True
01,sync8_c0,5,38647.0,4.0,0.05,9.111289813631412,640,0.9415755190758699,38646.9,1.0,True
01,sync8_c0,6,38997.0,4.0,0.05,23.861930708000354,664,0.9392817682538693,38997.0,1.0,True
01,sync8_c0,7,39279.0,4.0,0.05,18.88070752531031,593,0.9577961984212404,39278.9,0.9,True
01,sync8_c0,8,39518.0,4.0,0.05,30.6181671890483,637,0.9041867260612424,39517.9,1.0,True
01,sync8_c0,9,45223.0,4.0,0.05,13.366509375012997,655,0.9451280517096325,45222.95,1.0,True
01,sync8_c0,10,45339.0,4.0,0.05,14.466915907942807,651,0.9368498615828015,45338.95,1.0,True
01,sync8_c0,11,45513.0,4.0,0.05,22.298706764998148,626,0.8738955204008286,45513.1,0.9,True
01,sync8_c0,12,45591.0,4.0,0.05,21.205526773103717,665,0.9505775871684287,45591.05,1.0,True
01,sync8_c0,13,45824.0,4.0,0.05,18.641462470721308,727,0.8921537351867312,45824.15,1.1,True
01,sync8_c0,14,45973.0,4.0,0.05,21.258643630951962,749,0.8491455606737804,45972.9,1.2,True
01,sync8_c0,15,46281.0,4.0,0.05,27.922284950166784,733,0.9222809739981203,46281.15,1.1,True
01,sync8_c0,16,46643.0,4.0,0.05,22.37688423662151,735,0.9099083508306339,46643.2,1.1,True
01,sync8_c0,17,50145.0,4.0,0.05,8.67058475559825,622,0.6721915684348604,50145.05,0.9,True
01,sync8_c0,18,50592.0,4.0,0.05,22.42259321489518,627,0.8575614901914118,50591.85,1.0,True
01,sync8_c0,19,50835.0,4.0,0.05,21.519361293428123,682,0.9234054839557818,50834.95,1.1,True
01,sync8_c0,0,28841.0,6.0,0.05,14.260936558586339,693,0.8989957082981093,28840.95,1.1,True
01,sync8_c0,1,29879.0,6.0,0.05,30.613378526219275,685,0.8975637023463028,29878.9,1.1,True
01,sync8_c0,2,30083.0,6.0,0.05,38.548044220949905,680,0.9453250025368946,30083.1,1.0,True
01,sync8_c0,3,30170.0,6.0,0.05,35.999017376975004,702,0.9743361845212585,30170.05,1.1,True
01,sync8_c0,4,30307.0,6.0,0.05,23.87356988358969,615,0.9504399744523265,30307.0,0.9,True
01,sync8_c0,5,38647.0,6.0,0.05,9.111289813631412,620,0.9142438434768465,38647.05,0.9,True
01,sync8_c0,6,38997.0,6.0,0.05,23.861930708000354,728,0.9434406827080066,38997.15,1.1,True
01,sync8_c0,7,39279.0,6.0,0.05,18.88070752531031,725,0.9617483673135976,39279.15,1.1,True
01,sync8_c0,8,39518.0,6.0,0.05,30.6181671890483,698,0.9673210223548392,39518.0,1.1,True
01,sync8_c0,9,45223.0,6.0,0.05,13.366509375012997,753,0.8842753701235817,45222.95,1.2,True
01,sync8_c0,10,45339.0,6.0,0.05,14.466915907942807,695,0.9243849522921688,45338.95,1.1,True
01,sync8_c0,11,45513.0,6.0,0.05,22.298706764998148,753,0.9194446964198019,45513.0,1.2,True
01,sync8_c0,12,45591.0,6.0,0.05,21.205526773103717,694,0.9291600469695122,45590.95,1.1,True
01,sync8_c0,13,45824.0,6.0,0.05,18.641462470721308,599,0.9434325646854682,45823.95,0.9,True
01,sync8_c0,14,45973.0,6.0,0.05,21.258643630951962,611,0.9342138322072315,45972.95,0.9,True
01,sync8_c0,15,46281.0,6.0,0.05,27.922284950166784,729,0.9187868731524125,46281.15,1.1,True
01,sync8_c0,16,46643.0,6.0,0.05,22.37688423662151,609,0.9823676213180252,46643.0,0.9,True
01,sync8_c0,17,50145.0,6.0,0.05,8.67058475559825,654,0.6442286325267407,50145.0,1.0,True
01,sync8_c0,18,50592.0,6.0,0.05,22.42259321489518,675,0.9317255725752693,50592.1,1.0,True
01,sync8_c0,19,50835.0,6.0,0.05,21.519361293428123,595,0.9704412908285753,50834.9,0.9,True
01,sync8_c0,0,28841.0,2.0,0.15,14.260936558586339,639,0.0,,,True
01,sync8_c0,1,29879.0,2.0,0.15,30.613378526219275,688,0.863621180508014,29879.15,1.0,True
01,sync8_c0,2,30083.0,2.0,0.15,38.548044220949905,616,0.6875731924644894,30083.0,0.9,True
01,sync8_c0,3,30170.0,2.0,0.15,35.999017376975004,688,0.8995979214194499,30169.95,1.1,True
01,sync8_c0,4,30307.0,2.0,0.15,23.87356988358969,680,0.8068607317116849,30306.9,1.1,True
01,sync8_c0,5,38647.0,2.0,0.15,9.111289813631412,674,0.8537658102762886,38647.1,1.0,True
01,sync8_c0,6,38997.0,2.0,0.15,23.861930708000354,595,0.7531635691202996,38996.85,0.9,True
01,sync8_c0,7,39279.0,2.0,0.15,18.88070752531031,754,0.9242156921131671,39279.05,1.2,True
01,sync8_c0,8,39518.0,2.0,0.15,30.6181671890483,601,0.9578326327775407,39518.0,0.9,True
01,sync8_c0,9,45223.0,2.0,0.15,13.366509375012997,727,0.7109913576004079,45222.95,1.2,True
01,sync8_c0,10,45339.0,2.0,0.15,14.466915907942807,629,0.8017342579310923,45339.05,0.9,True
01,sync8_c0,11,45513.0,2.0,0.15,22.298706764998148,691,0.9161151715778845,45513.0,1.1,True
01,sync8_c0,12,45591.0,2.0,0.15,21.205526773103717,652,0.8498433450974572,45590.95,1.0,True
01,sync8_c0,13,45824.0,2.0,0.15,18.641462470721308,599,0.6802869720006308,45823.9,0.9,True
01,sync8_c0,14,45973.0,2.0,0.15,21.258643630951962,615,0.7903345822000518,45973.05,0.9,True
01,sync8_c0,15,46281.0,2.0,0.15,27.922284950166784,625,0.8849642313563089,46280.85,1.0,True
01,sync8_c0,16,46643.0,2.0,0.15,22.37688423662151,734,0.8775400121899847,46643.2,1.1,True
01,sync8_c0,17,50145.0,2.0,0.15,8.67058475559825,638,0.0,,,True
01,sync8_c0,18,50592.0,2.0,0.15,22.42259321489518,610,0.7104219748433093,50592.0,0.9,True
01,sync8_c0,19,50835.0,2.0,0.15,21.519361293428123,692,0.8594298433888348,50835.0,1.1,True
01,sync8_c0,0,28841.0,4.0,0.15,14.260936558586339,707,0.7899356316914146,28841.05,1.1,True
01,sync8_c0,1,29879.0,4.0,0.15,30.613378526219275,629,0.9386457966692852,29878.95,1.0,True
01,sync8_c0,2,30083.0,4.0,0.15,38.548044220949905,625,0.8894063957066395,30083.05,0.9,True
01,sync8_c0,3,30170.0,4.0,0.15,35.999017376975004,698,0.9017195605180334,30170.1,1.0,True
01,sync8_c0,4,30307.0,4.0,0.15,23.87356988358969,657,0.9254074171307635,30307.05,1.0,True
01,sync8_c0,5,38647.0,4.0,0.15,9.111289813631412,636,0.8842928228188457,38646.9,1.0,True
01,sync8_c0,6,38997.0,4.0,0.15,23.861930708000354,649,0.9291423494455342,38996.95,1.0,True
01,sync8_c0,7,39279.0,4.0,0.15,18.88070752531031,600,0.9643279454645896,39278.95,0.9,True
01,sync8_c0,8,39518.0,4.0,0.15,30.6181671890483,718,0.9286268962444117,39518.05,1.1,True
01,sync8_c0,9,45223.0,4.0,0.15,13.366509375012997,686,0.9039666511895245,45222.85,1.1,True
01,sync8_c0,10,45339.0,4.0,0.15,14.466915907942807,720,0.9517627163539923,45339.1,1.1,True
01,sync8_c0,11,45513.0,4.0,0.15,22.298706764998148,728,0.8772603403146012,45513.15,1.1,True
01,sync8_c0,12,45591.0,4.0,0.15,21.205526773103717,727,0.8082916545808536,45591.15,1.1,True
01,sync8_c0,13,45824.0,4.0,0.15,18.641462470721308,756,0.8242281702476348,45823.9,1.2,True
01,sync8_c0,14,45973.0,4.0,0.15,21.258643630951962,611,0.8469395682048007,45973.05,0.9,True
01,sync8_c0,15,46281.0,4.0,0.15,27.922284950166784,681,0.8626165953666756,46281.0,1.0,True
01,sync8_c0,16,46643.0,4.0,0.15,22.37688423662151,648,0.9224503898305803,46643.0,1.0,True
01,sync8_c0,17,50145.0,4.0,0.15,8.67058475559825,670,0.7280323113803395,50145.05,1.0,True
01,sync8_c0,18,50592.0,4.0,0.15,22.42259321489518,703,0.9065506239194779,50591.95,1.1,True
01,sync8_c0,19,50835.0,4.0,0.15,21.519361293428123,612,0.910363172506619,50835.1,0.9,True
01,sync8_c0,0,28841.0,6.0,0.15,14.260936558586339,726,0.8824976959035958,28841.1,1.1,True
01,sync8_c0,1,29879.0,6.0,0.15,30.613378526219275,665,0.9499064215463903,29879.0,1.0,True
01,sync8_c0,2,30083.0,6.0,0.15,38.548044220949905,719,0.8813192696207774,30083.15,1.1,True
01,sync8_c0,3,30170.0,6.0,0.15,35.999017376975004,699,0.9396869071182037,30170.0,1.1,True
01,sync8_c0,4,30307.0,6.0,0.15,23.87356988358969,661,0.9648120191384798,30307.0,1.0,True
01,sync8_c0,5,38647.0,6.0,0.15,9.111289813631412,680,0.8976303675310986,38647.15,1.0,True
01,sync8_c0,6,38997.0,6.0,0.15,23.861930708000354,657,0.9064359193535162,38997.1,1.0,True
01,sync8_c0,7,39279.0,6.0,0.15,18.88070752531031,688,0.8823196747546171,39279.1,1.0,True
01,sync8_c0,8,39518.0,6.0,0.15,30.6181671890483,643,0.9243115714131964,39517.95,1.0,True
01,sync8_c0,9,45223.0,6.0,0.15,13.366509375012997,716,0.9287699961412365,45223.15,1.1,True
01,sync8_c0,10,45339.0,6.0,0.15,14.466915907942807,640,0.9334345381887396,45339.0,1.0,True
01,sync8_c0,11,45513.0,6.0,0.15,22.298706764998148,680,0.8993020953914056,45513.1,1.0,True
01,sync8_c0,12,45591.0,6.0,0.15,21.205526773103717,696,0.9489464458862218,45591.0,1.1,True
01,sync8_c0,13,45824.0,6.0,0.15,18.641462470721308,730,0.9345477078660167,45824.1,1.1,True
01,sync8_c0,14,45973.0,6.0,0.15,21.258643630951962,754,0.8686194821838013,45972.9,1.2,True
01,sync8_c0,15,46281.0,6.0,0.15,27.922284950166784,748,0.9146873371567521,46281.0,1.2,True
01,sync8_c0,16,46643.0,6.0,0.15,22.37688423662151,753,0.9216159217553518,46642.95,1.2,True
01,sync8_c0,17,50145.0,6.0,0.15,8.67058475559825,679,0.7949685855073789,50145.15,1.0,True
01,sync8_c0,18,50592.0,6.0,0.15,22.42259321489518,612,0.9312260586247303,50592.0,0.9,True
01,sync8_c0,19,50835.0,6.0,0.15,21.519361293428123,674,0.931351596445786,50835.15,1.0,True
01,sync8_c0,0,28841.0,2.0,0.25,14.260936558586339,585,0.4977787840726655,28841.55,0.9,True
01,sync8_c0,1,29879.0,2.0,0.25,30.613378526219275,648,0.8265910902350883,29879.0,1.0,True
01,sync8_c0,2,30083.0,2.0,0.25,38.548044220949905,705,0.7648420196131579,30083.05,1.1,True
01,sync8_c0,3,30170.0,2.0,0.25,35.999017376975004,678,0.849318339505714,30170.1,1.0,True
01,sync8_c0,4,30307.0,2.0,0.25,23.87356988358969,649,0.8244535736297474,30307.05,1.0,True
01,sync8_c0,5,38647.0,2.0,0.25,9.111289813631412,729,0.8754127615659599,38647.1,1.1,True
01,sync8_c0,6,38997.0,2.0,0.25,23.861930708000354,563,0.7788613186910389,38996.95,0.8,True
01,sync8_c0,7,39279.0,2.0,0.25,18.88070752531031,703,0.805802708772005,39279.1,1.0,True
01,sync8_c0,8,39518.0,2.0,0.25,30.6181671890483,748,0.9350280962550307,39517.95,1.2,True
01,sync8_c0,9,45223.0,2.0,0.25,13.366509375012997,731,0.8149856129167338,45222.85,1.2,True
01,sync8_c0,10,45339.0,2.0,0.25,14.466915907942807,643,0.7920751292326672,45338.95,1.0,True
01,sync8_c0,11,45513.0,2.0,0.25,22.298706764998148,613,0.8905744851022017,45513.0,0.9,True
01,sync8_c0,12,45591.0,2.0,0.25,21.205526773103717,608,0.7671550679802389,45591.0,0.9,True
01,sync8_c0,13,45824.0,2.0,0.25,18.641462470721308,671,0.6933749429362032,45824.2,0.9,True
01,sync8_c0,14,45973.0,2.0,0.25,21.258643630951962,574,0.69904470124281,45972.85,0.9,True
01,sync8_c0,15,46281.0,2.0,0.25,27.922284950166784,736,0.7974392404784325,46280.8,1.2,True
01,sync8_c0,16,46643.0,2.0,0.25,22.37688423662151,666,0.9615604925651351,46642.95,1.0,True
01,sync8_c0,17,50145.0,2.0,0.25,8.67058475559825,669,0.5383889581594413,50145.0,1.0,True
01,sync8_c0,18,50592.0,2.0,0.25,22.42259321489518,706,0.7753151530183767,50592.05,1.1,True
01,sync8_c0,19,50835.0,2.0,0.25,21.519361293428123,667,0.8951941822072355,50835.05,1.0,True
01,sync8_c0,0,28841.0,4.0,0.25,14.260936558586339,659,0.8215738734025771,28841.1,1.0,True
01,sync8_c0,1,29879.0,4.0,0.25,30.613378526219275,702,0.882196250969645,29879.1,1.1,True
01,sync8_c0,2,30083.0,4.0,0.25,38.548044220949905,708,0.851726942893006,30083.15,1.1,True
01,sync8_c0,3,30170.0,4.0,0.25,35.999017376975004,718,0.8317608191043175,30170.05,1.1,True
01,sync8_c0,4,30307.0,4.0,0.25,23.87356988358969,719,0.8568325851605492,30307.2,1.1,True
01,sync8_c0,5,38647.0,4.0,0.25,9.111289813631412,703,0.8645365960622634,38647.0,1.1,True
01,sync8_c0,6,38997.0,4.0,0.25,23.861930708000354,677,0.8865956724751487,38996.85,1.1,True
01,sync8_c0,7,39279.0,4.0,0.25,18.88070752531031,589,0.8711391754614106,39278.95,0.9,True
01,sync8_c0,8,39518.0,4.0,0.25,30.6181671890483,611,0.9090681964655014,39517.95,0.9,True
01,sync8_c0,9,45223.0,4.0,0.25,13.366509375012997,744,0.8724960301371519,45223.15,1.1,True
01,sync8_c0,10,45339.0,4.0,0.25,14.466915907942807,789,0.9054876298897108,45339.0,1.2,True
01,sync8_c0,11,45513.0,4.0,0.25,22.298706764998148,651,0.9034065421082339,45513.0,1.0,True
01,sync8_c0,12,45591.0,4.0,0.25,21.205526773103717,685,0.8783250609226654,45591.2,1.0,True
01,sync8_c0,13,45824.0,4.0,0.25,18.641462470721308,721,0.8721698471462132,45824.05,1.1,True
01,sync8_c0,14,45973.0,4.0,0.25,21.258643630951962,661,0.9093716576775912,45973.1,1.0,True
01,sync8_c0,15,46281.0,4.0,0.25,27.922284950166784,680,0.862171322844848,46280.95,1.1,True
01,sync8_c0,16,46643.0,4.0,0.25,22.37688423662151,606,0.8770521109930448,46642.95,0.9,True
01,sync8_c0,17,50145.0,4.0,0.25,8.67058475559825,586,0.6718840693338423,50145.4,0.9,True
01,sync8_c0,18,50592.0,4.0,0.25,22.42259321489518,674,0.9233796645417878,50592.1,1.0,True
01,sync8_c0,19,50835.0,4.0,0.25,21.519361293428123,739,0.8939993187380261,50835.25,1.1,True
01,sync8_c0,0,28841.0,6.0,0.25,14.260936558586339,646,0.7501633393354902,28840.95,1.0,True
01,sync8_c0,1,29879.0,6.0,0.25,30.613378526219275,644,0.8967733663163111,29879.15,0.9,True
01,sync8_c0,2,30083.0,6.0,0.25,38.548044220949905,687,0.8401384574731742,30083.15,1.0,True
01,sync8_c0,3,30170.0,6.0,0.25,35.999017376975004,729,0.9024540310538369,30169.95,1.2,True
01,sync8_c0,4,30307.0,6.0,0.25,23.87356988358969,662,0.867705135262303,30307.1,1.0,True
01,sync8_c0,5,38647.0,6.0,0.25,9.111289813631412,727,0.7973963671837556,38646.95,1.2,True
01,sync8_c0,6,38997.0,6.0,0.25,23.861930708000354,655,0.8563372626099363,38997.0,1.0,True
01,sync8_c0,7,39279.0,6.0,0.25,18.88070752531031,668,0.9196046690580617,39279.1,1.0,True
01,sync8_c0,8,39518.0,6.0,0.25,30.6181671890483,769,0.9344909775157023,39517.95,1.2,True
01,sync8_c0,9,45223.0,6.0,0.25,13.366509375012997,622,0.9205650479655767,45223.0,0.9,True
01,sync8_c0,10,45339.0,6.0,0.25,14.466915907942807,740,0.8988499119766356,45339.1,1.1,True
01,sync8_c0,11,45513.0,6.0,0.25,22.298706764998148,712,0.946335822774931,45513.05,1.1,True
01,sync8_c0,12,45591.0,6.0,0.25,21.205526773103717,741,0.8786239445163201,45591.05,1.1,True
01,sync8_c0,13,45824.0,6.0,0.25,18.641462470721308,705,0.8731904383515013,45824.05,1.1,True
01,sync8_c0,14,45973.0,6.0,0.25,21.258643630951962,613,0.8136134116218279,45973.0,0.9,True
01,sync8_c0,15,46281.0,6.0,0.25,27.922284950166784,601,0.7916364799612011,46280.8,0.9,True
01,sync8_c0,16,46643.0,6.0,0.25,22.37688423662151,727,0.9397366832051475,46643.15,1.1,True
01,sync8_c0,17,50145.0,6.0,0.25,8.67058475559825,624,0.7506073997566624,50145.0,0.9,True
01,sync8_c0,18,50592.0,6.0,0.25,22.42259321489518,674,0.8943723710939144,50591.9,1.1,True
01,sync8_c0,19,50835.0,6.0,0.25,21.519361293428123,613,0.8854133370810356,50834.95,0.9,True
01,sync8_c1,0,28841.0,2.0,0.05,14.260936558586339,600,0.66044951071472,28840.95,0.9,True
01,sync8_c1,1,29879.0,2.0,0.05,30.613378526219275,627,0.8241010210990012,29878.85,1.0,True
01,sync8_c1,2,30083.0,2.0,0.05,38.548044220949905,651,0.7332945673242732,30083.0,1.0,True
01,sync8_c1,3,30170.0,2.0,0.05,35.999017376975004,721,0.9147866959092736,30170.1,1.1,True
01,sync8_c1,4,30307.0,2.0,0.05,23.87356988358969,709,0.8376717654684551,30307.05,1.1,True
01,sync8_c1,5,38647.0,2.0,0.05,9.111289813631412,616,0.840723947976185,38647.0,0.9,True
01,sync8_c1,6,38997.0,2.0,0.05,23.861930708000354,711,0.8457809466873938,38997.1,1.1,True
01,sync8_c1,7,39279.0,2.0,0.05,18.88070752531031,627,0.8614980462568504,39278.85,1.0,True
01,sync8_c1,8,39518.0,2.0,0.05,30.6181671890483,671,0.9186086536910347,39518.1,1.0,True
01,sync8_c1,9,45223.0,2.0,0.05,13.366509375012997,668,0.8633723226829662,45223.05,1.0,True
01,sync8_c1,10,45339.0,2.0,0.05,14.466915907942807,626,0.0,,,True
01,sync8_c1,11,45513.0,2.0,0.05,22.298706764998148,722,0.918636513568919,45513.1,1.1,True
01,sync8_c1,12,45591.0,2.0,0.05,21.205526773103717,749,0.0,,,True
01,sync8_c1,13,45824.0,2.0,0.05,18.641462470721308,604,0.7619167355574609,45823.95,0.9,True
01,sync8_c1,14,45973.0,2.0,0.05,21.258643630951962,621,0.718011535059047,45973.05,0.9,True
01,sync8_c1,15,46281.0,2.0,0.05,27.922284950166784,745,0.8654796095272712,46280.9,1.2,True
01,sync8_c1,16,46643.0,2.0,0.05,22.37688423662151,637,0.9023484534640034,46642.9,1.0,True
01,sync8_c1,17,50145.0,2.0,0.05,8.67058475559825,597,0.0,,,True
01,sync8_c1,18,50592.0,2.0,0.05,22.42259321489518,727,0.8751580778381156,50592.15,1.1,True
01,sync8_c1,19,50835.0,2.0,0.05,21.519361293428123,725,0.9600857730352459,50835.15,1.1,True
01,sync8_c1,0,28841.0,4.0,0.05,14.260936558586339,650,0.780330937746767,28840.95,1.0,True
01,sync8_c1,1,29879.0,4.0,0.05,30.613378526219275,588,0.9380007546010009,29878.9,0.9,True
01,sync8_c1,2,30083.0,4.0,0.05,38.548044220949905,655,0.921193084829279,30083.0,1.0,True
01,sync8_c1,3,30170.0,4.0,0.05,35.999017376975004,682,0.9273025245842692,30169.9,1.1,True
01,sync8_c1,4,30307.0,4.0,0.05,23.87356988358969,647,0.9363546958448576,30306.95,1.0,True
01,sync8_c1,5,38647.0,4.0,0.05,9.111289813631412,737,0.8626194096702476,38647.2,1.1,True
01,sync8_c1,6,38997.0,4.0,0.05,23.861930708000354,631,0.8700201616411031,38996.85,1.0,True
01,sync8_c1,7,39279.0,4.0,0.05,18.88070752531031,632,0.9129050708084473,39278.85,1.0,True
01,sync8_c1,8,39518.0,4.0,0.05,30.6181671890483,619,0.907904468126701,39518.05,0.9,True
01,sync8_c1,9,45223.0,4.0,0.05,13.366509375012997,727,0.9374807287128428,45223.1,1.1,True
01,sync8_c1,10,45339.0,4.0,0.05,14.466915907942807,716,0.9286022494405346,45339.05,1.1,True
01,sync8_c1,11,45513.0,4.0,0.05,22.298706764998148,609,0.9308764279422783,45513.0,0.9,True
01,sync8_c1,12,45591.0,4.0,0.05,21.205526773103717,632,0.8585151804117024,45590.9,1.0,True
01,sync8_c1,13,45824.0,4.0,0.05,18.641462470721308,627,0.8409259237487178,45823.9,1.0,True
01,sync8_c1,14,45973.0,4.0,0.05,21.258643630951962,730,0.910265739121563,45973.1,1.1,True
01,sync8_c1,15,46281.0,4.0,0.05,27.922284950166784,637,0.9631139141295744,46280.9,1.0,True
01,sync8_c1,16,46643.0,4.0,0.05,22.37688423662151,729,0.9361620930029038,46643.15,1.1,True
01,sync8_c1,17,50145.0,4.0,0.05,8.67058475559825,601,0.6064845004665119,50144.95,0.9,True
01,sync8_c1,18,50592.0,4.0,0.05,22.42259321489518,596,0.8864128552272387,50591.9,0.9,True
01,sync8_c1,19,50835.0,4.0,0.05,21.519361293428123,609,0.9709549727851154,50835.0,0.9,True
01,sync8_c1,0,28841.0,6.0,0.05,14.260936558586339,660,0.9339515271893742,28841.0,1.0,True
01,sync8_c1,1,29879.0,6.0,0.05,30.613378526219275,631,0.8985381207457507,29878.9,1.0,True
01,sync8_c1,2,30083.0,6.0,0.05,38.548044220949905,732,0.9363537042688881,30083.15,1.1,True
01,sync8_c1,3,30170.0,6.0,0.05,35.999017376975004,712,0.9796517783271218,30170.05,1.1,True
01,sync8_c1,4,30307.0,6.0,0.05,23.87356988358969,731,0.9383476201459118,30307.15,1.1,True
01,sync8_c1,5,38647.0,6.0,0.05,9.111289813631412,646,0.9722511234659611,38646.95,1.0,True
01,sync8_c1,6,38997.0,6.0,0.05,23.861930708000354,638,0.916877446728561,38996.9,1.0,True
01,sync8_c1,7,39279.0,6.0,0.05,18.88070752531031,728,0.9623902621625946,39279.1,1.1,True
01,sync8_c1,8,39518.0,6.0,0.05,30.6181671890483,618,0.9280687567977598,39518.05,0.9,True
01,sync8_c1,9,45223.0,6.0,0.05,13.366509375012997,736,0.9256289288672316,45223.2,1.1,True
01,sync8_c1,10,45339.0,6.0,0.05,14.466915907942807,630,0.8947782267304207,45338.85,1.0,True
01,sync8_c1,11,45513.0,6.0,0.05,22.298706764998148,715,0.9745307994124297,45513.05,1.1,True
01,sync8_c1,12,45591.0,6.0,0.05,21.205526773103717,611,0.960288854057268,45591.0,0.9,True
01,sync8_c1,13,45824.0,6.0,0.05,18.641462470721308,647,0.9371170910948433,45823.95,1.0,True
01,sync8_c1,14,45973.0,6.0,0.05,21.258643630951962,689,0.9064743007560209,45972.95,1.1,True
01,sync8_c1,15,46281.0,6.0,0.05,27.922284950166784,682,0.9263069992100085,46281.1,1.0,True
01,sync8_c1,16,46643.0,6.0,0.05,22.37688423662151,651,0.9806340868452514,46643.0,1.0,True
01,sync8_c1,17,50145.0,6.0,0.05,8.67058475559825,624,0.6966927474812895,50144.85,1.0,True
01,sync8_c1,18,50592.0,6.0,0.05,22.42259321489518,641,0.9274166910136382,50591.95,1.0,True
01,sync8_c1,19,50835.0,6.0,0.05,21.519361293428123,645,0.9712836785418656,50834.95,1.0,True
01,sync8_c1,0,28841.0,2.0,0.15,14.260936558586339,724,0.6246606691148672,28841.6,1.2,True
01,sync8_c1,1,29879.0,2.0,0.15,30.613378526219275,693,0.8711574104099705,29879.0,1.1,True
01,sync8_c1,2,30083.0,2.0,0.15,38.548044220949905,562,0.6993789178188276,30083.05,0.8,True
01,sync8_c1,3,30170.0,2.0,0.15,35.999017376975004,689,0.8533357357515319,30169.95,1.1,True
01,sync8_c1,4,30307.0,2.0,0.15,23.87356988358969,616,0.829211003049611,30307.05,0.9,True
01,sync8_c1,5,38647.0,2.0,0.15,9.111289813631412,695,0.8504219877522677,38646.95,1.1,True
01,sync8_c1,6,38997.0,2.0,0.15,23.861930708000354,664,0.7797371887855297,38996.9,1.1,True
01,sync8_c1,7,39279.0,2.0,0.15,18.88070752531031,655,0.923036656822143,39278.95,1.0,True
01,sync8_c1,8,39518.0,2.0,0.15,30.6181671890483,733,0.9410634961470596,39518.15,1.1,True
01,sync8_c1,9,45223.0,2.0,0.15,13.366509375012997,639,0.7854878056609652,45222.95,1.0,True
01,sync8_c1,10,45339.0,2.0,0.15,14.466915907942807,657,0.7769405022836954,45338.85,1.1,True
01,sync8_c1,11,45513.0,2.0,0.15,22.298706764998148,633,0.8726540396473741,45512.85,1.0,True
01,sync8_c1,12,45591.0,2.0,0.15,21.205526773103717,627,0.7834112688918091,45591.15,0.9,True
01,sync8_c1,13,45824.0,2.0,0.15,18.641462470721308,711,0.707813712049204,45824.0,1.1,True
01,sync8_c1,14,45973.0,2.0,0.15,21.258643630951962,669,0.8176426860442696,45973.05,1.0,True
01,sync8_c1,15,46281.0,2.0,0.15,27.922284950166784,703,0.9347709660777397,46281.0,1.1,True
01,sync8_c1,16,46643.0,2.0,0.15,22.37688423662151,701,0.9637374984177678,46643.0,1.1,True
01,sync8_c1,17,50145.0,2.0,0.15,8.67058475559825,701,0.4694848939967075,50145.15,1.0,True
01,sync8_c1,18,50592.0,2.0,0.15,22.42259321489518,720,0.8422446613952876,50592.1,1.1,True
01,sync8_c1,19,50835.0,2.0,0.15,21.519361293428123,602,0.9501685374579631,50834.95,0.9,True
01,sync8_c1,0,28841.0,4.0,0.15,14.260936558586339,724,0.8744089542414393,28841.05,1.1,True
01,sync8_c1,1,29879.0,4.0,0.15,30.613378526219275,688,0.9308289982215526,29879.1,1.0,True
01,sync8_c1,2,30083.0,4.0,0.15,38.548044220949905,710,0.9058491707711064,30083.05,1.1,True
01,sync8_c1,3,30170.0,4.0,0.15,35.999017376975004,743,0.878554474898118,30170.25,1.1,True
01,sync8_c1,4,30307.0,4.0,0.15,23.87356988358969,589,0.9154966644275181,30306.95,0.9,True
01,sync8_c1,5,38647.0,4.0,0.15,9.111289813631412,631,0.8571862902970052,38646.95,1.0,True
01,sync8_c1,6,38997.0,4.0,0.15,23.861930708000354,665,0.8666753738055251,38997.05,1.0,True
01,sync8_c1,7,39279.0,4.0,0.15,18.88070752531031,710,0.945608589929781,39279.0,1.1,True
01,sync8_c1,8,39518.0,4.0,0.15,30.6181671890483,745,0.8850622674836054,39517.9,1.2,True
01,sync8_c1,9,45223.0,4.0,0.15,13.366509375012997,714,0.887768224533863,45223.1,1.1,True
01,sync8_c1,10,45339.0,4.0,0.15,14.466915907942807,688,0.9247727567711209,45338.9,1.1,True
01,sync8_c1,11,45513.0,4.0,0.15,22.298706764998148,628,0.8852264171325599,45512.85,1.0,True
01,sync8_c1,12,45591.0,4.0,0.15,21.205526773103717,752,0.9042367737271843,45590.95,1.2,True
01,sync8_c1,13,45824.0,4.0,0.15,18.641462470721308,584,0.7348724675883492,45823.85,0.9,True
01,sync8_c1,14,45973.0,4.0,0.15,21.258643630951962,655,0.8862367818060748,45972.9,1.0,True
01,sync8_c1,15,46281.0,4.0,0.15,27.922284950166784,692,0.897156161206703,46281.0,1.1,True
01,sync8_c1,16,46643.0,4.0,0.15,22.37688423662151,625,0.8725801502409571,46642.8,1.0,True
01,sync8_c1,17,50145.0,4.0,0.15,8.67058475559825,625,0.5055540441085657,50144.85,1.0,True
01,sync8_c1,18,50592.0,4.0,0.15,22.42259321489518,732,0.8688408149409651,50592.05,1.1,True
01,sync8_c1,19,50835.0,4.0,0.15,21.519361293428123,709,0.9514054690118702,50835.05,1.1,True
01,sync8_c1,0,28841.0,6.0,0.15,14.260936558586339,619,0.8615535588950403,28840.8,1.0,True
01,sync8_c1,1,29879.0,6.0,0.15,30.613378526219275,699,0.8956439216892736,29878.95,1.1,True
01,sync8_c1,2,30083.0,6.0,0.15,38.548044220949905,625,0.8647398952067425,30083.1,0.9,True
01,sync8_c1,3,30170.0,6.0,0.15,35.999017376975004,635,0.8853116613139553,30169.9,1.0,True
01,sync8_c1,4,30307.0,6.0,0.15,23.87356988358969,670,0.9481508479826701,30307.1,1.0,True
01,sync8_c1,5,38647.0,6.0,0.15,9.111289813631412,616,0.9131602179873024,38647.0,0.9,True
01,sync8_c1,6,38997.0,6.0,0.15,23.861930708000354,668,0.8928959877354492,38997.05,1.0,True
01,sync8_c1,7,39279.0,6.0,0.15,18.88070752531031,697,0.9175872063571515,39278.9,1.1,True
01,sync8_c1,8,39518.0,6.0,0.15,30.6181671890483,606,0.9564859787869797,39517.9,0.9,True
01,sync8_c1,9,45223.0,6.0,0.15,13.366509375012997,692,0.9037984205446674,45223.15,1.0,True
01,sync8_c1,10,45339.0,6.0,0.15,14.466915907942807,602,0.9273017605773787,45339.0,0.9,True
01,sync8_c1,11,45513.0,6.0,0.15,22.298706764998148,697,0.9094964893692419,45513.0,1.1,True
01,sync8_c1,12,45591.0,6.0,0.15,21.205526773103717,703,0.9587204361464636,45591.0,1.1,True
01,sync8_c1,13,45824.0,6.0,0.15,18.641462470721308,719,0.8866550443736687,45824.1,1.1,True
01,sync8_c1,14,45973.0,6.0,0.15,21.258643630951962,648,0.9229186494381111,45972.9,1.0,True
01,sync8_c1,15,46281.0,6.0,0.15,27.922284950166784,615,0.8811578227262842,46281.1,0.9,True
01,sync8_c1,16,46643.0,6.0,0.15,22.37688423662151,659,0.9472790436218503,46643.0,1.0,True
01,sync8_c1,17,50145.0,6.0,0.15,8.67058475559825,718,0.7489058473116019,50145.05,1.1,True
01,sync8_c1,18,50592.0,6.0,0.15,22.42259321489518,630,0.9023083532106454,50592.05,0.9,True
01,sync8_c1,19,50835.0,6.0,0.15,21.519361293428123,602,0.9123827503867733,50834.95,0.9,True
01,sync8_c1,0,28841.0,2.0,0.25,14.260936558586339,700,0.6671235141339024,28840.9,1.1,True
01,sync8_c1,1,29879.0,2.0,0.25,30.613378526219275,655,0.8317058948108198,29879.15,0.9,True
01,sync8_c1,2,30083.0,2.0,0.25,38.548044220949905,667,0.7948465499155178,30082.95,1.0,True
01,sync8_c1,3,30170.0,2.0,0.25,35.999017376975004,624,0.8458550174370546,30169.9,1.0,True
01,sync8_c1,4,30307.0,2.0,0.25,23.87356988358969,696,0.7567475777277433,30306.9,1.1,True
01,sync8_c1,5,38647.0,2.0,0.25,9.111289813631412,704,0.8657259051598216,38647.0,1.1,True
01,sync8_c1,6,38997.0,2.0,0.25,23.861930708000354,740,0.8218425618075346,38996.75,1.2,True
01,sync8_c1,7,39279.0,2.0,0.25,18.88070752531031,548,0.8716578245907571,39279.05,0.8,True
01,sync8_c1,8,39518.0,2.0,0.25,30.6181671890483,696,0.8878773708262168,39518.05,1.1,True
01,sync8_c1,9,45223.0,2.0,0.25,13.366509375012997,750,0.7429201589246718,45223.1,1.1,True
01,sync8_c1,10,45339.0,2.0,0.25,14.466915907942807,708,0.0,,,True
01,sync8_c1,11,45513.0,2.0,0.25,22.298706764998148,664,0.8936049420614408,45513.1,1.0,True
01,sync8_c1,12,45591.0,2.0,0.25,21.205526773103717,621,0.8335527680960058,45591.05,0.9,True
01,sync8_c1,13,45824.0,2.0,0.25,18.641462470721308,691,0.6504519518006416,45823.9,1.1,True
01,sync8_c1,14,45973.0,2.0,0.25,21.258643630951962,642,0.8058513629151359,45973.0,1.0,True
01,sync8_c1,15,46281.0,2.0,0.25,27.922284950166784,756,0.8424191433651952,46281.25,1.1,True
01,sync8_c1,16,46643.0,2.0,0.25,22.37688423662151,639,0.8713981355455359,46643.15,0.9,True
01,sync8_c1,17,50145.0,2.0,0.25,8.67058475559825,684,0.0,,,True
01,sync8_c1,18,50592.0,2.0,0.25,22.42259321489518,757,0.7324545833894214,50592.05,1.2,True
01,sync8_c1,19,50835.0,2.0,0.25,21.519361293428123,731,0.8494854797687859,50834.9,1.2,True
01,sync8_c1,0,28841.0,4.0,0.25,14.260936558586339,623,0.7759973046679957,28840.7,1.0,True
01,sync8_c1,1,29879.0,4.0,0.25,30.613378526219275,705,0.9400867972440193,29879.0,1.1,True
01,sync8_c1,2,30083.0,4.0,0.25,38.548044220949905,662,0.811442472959727,30082.75,1.1,True
01,sync8_c1,3,30170.0,4.0,0.25,35.999017376975004,579,0.8656145733832771,30169.85,0.9,True
01,sync8_c1,4,30307.0,4.0,0.25,23.87356988358969,608,0.8713352809645389,30307.1,0.9,True
01,sync8_c1,5,38647.0,4.0,0.25,9.111289813631412,618,0.8849250446033998,38647.0,0.9,True
01,sync8_c1,6,38997.0,4.0,0.25,23.861930708000354,651,0.839703236408699,38997.1,0.9,True
01,sync8_c1,7,39279.0,4.0,0.25,18.88070752531031,641,0.8698265631127794,39278.9,1.0,True
01,sync8_c1,8,39518.0,4.0,0.25,30.6181671890483,676,0.8173190098150027,39518.15,1.0,True
01,sync8_c1,9,45223.0,4.0,0.25,13.366509375012997,692,0.8995093326742002,45223.0,1.1,True
01,sync8_c1,10,45339.0,4.0,0.25,14.466915907942807,607,0.8679321332291727,45338.95,0.9,True
01,sync8_c1,11,45513.0,4.0,0.25,22.298706764998148,694,0.9019902259490102,45513.15,1.0,True
01,sync8_c1,12,45591.0,4.0,0.25,21.205526773103717,725,0.867377385617889,45591.15,1.1,True
01,sync8_c1,13,45824.0,4.0,0.25,18.641462470721308,690,0.8021190537617537,45823.9,1.1,True
01,sync8_c1,14,45973.0,4.0,0.25,21.258643630951962,614,0.8033483374667506,45972.85,1.0,True
01,sync8_c1,15,46281.0,4.0,0.25,27.922284950166784,619,0.8336524998678148,46280.95,0.9,True
01,sync8_c1,16,46643.0,4.0,0.25,22.37688423662151,613,0.8789514752753491,46642.95,0.9,True
01,sync8_c1,17,50145.0,4.0,0.25,8.67058475559825,608,0.6319780619407526,50145.0,0.9,True
01,sync8_c1,18,50592.0,4.0,0.25,22.42259321489518,626,0.8718478257180161,50592.05,0.9,True
01,sync8_c1,19,50835.0,4.0,0.25,21.519361293428123,711,0.9072214229128657,50835.15,1.1,True
01,sync8_c1,0,28841.0,6.0,0.25,14.260936558586339,606,0.7805817949202487,28841.0,0.9,True
01,sync8_c1,1,29879.0,6.0,0.25,30.613378526219275,649,0.8580088299923716,29879.2,0.9,True
01,sync8_c1,2,30083.0,6.0,0.25,38.548044220949905,715,0.8869950872037904,30082.95,1.1,True
01,sync8_c1,3,30170.0,6.0,0.25,35.999017376975004,702,0.8481313858192338,30170.15,1.0,True
01,sync8_c1,4,30307.0,6.0,0.25,23.87356988358969,643,0.9505360019140645,30307.0,1.0,True
01,sync8_c1,5,38647.0,6.0,0.25,9.111289813631412,634,0.852932110372836,38646.85,1.0,True
01,sync8_c1,6,38997.0,6.0,0.25,23.861930708000354,715,0.8810629873010679,38997.1,1.1,True
01,sync8_c1,7,39279.0,6.0,0.25,18.88070752531031,680,0.9259096738847032,39279.0,1.0,True
01,sync8_c1,8,39518.0,6.0,0.25,30.6181671890483,655,0.9261024143208996,39518.0,1.0,True
01,sync8_c1,9,45223.0,6.0,0.25,13.366509375012997,666,0.8242907472886115,45222.9,1.0,True
01,sync8_c1,10,45339.0,6.0,0.25,14.466915907942807,734,0.85308994827497,45338.75,1.2,True
01,sync8_c1,11,45513.0,6.0,0.25,22.298706764998148,717,0.8582609477894624,45513.1,1.1,True
01,sync8_c1,12,45591.0,6.0,0.25,21.205526773103717,734,0.8128214177142961,45591.15,1.1,True
01,sync8_c1,13,45824.0,6.0,0.25,18.641462470721308,713,0.8740884455183805,45824.0,1.1,True
01,sync8_c1,14,45973.0,6.0,0.25,21.258643630951962,607,0.8247733353404177,45972.9,0.9,True
01,sync8_c1,15,46281.0,6.0,0.25,27.922284950166784,712,0.9148428872520137,46281.0,1.1,True
01,sync8_c1,16,46643.0,6.0,0.25,22.37688423662151,656,0.9346913736703725,46643.0,1.0,True
01,sync8_c1,17,50145.0,6.0,0.25,8.67058475559825,657,0.7238526277511839,50144.9,1.0,True
01,sync8_c1,18,50592.0,6.0,0.25,22.42259321489518,792,0.9256687533427691,50592.15,1.2,True
01,sync8_c1,19,50835.0,6.0,0.25,21.519361293428123,568,0.8185289015847974,50834.8,0.9,True
02,legacy_lrl,0,30722.0,2.0,0.05,17.98456380998437,275,0.9232622637853717,30721.95,0.9,True
02,legacy_lrl,1,31206.0,2.0,0.05,20.820996161522473,281,0.0,,,True
02,legacy_lrl,2,31326.0,2.0,0.05,17.409362742940587,307,0.9259766801564171,31326.05,1.0,True
02,legacy_lrl,3,36097.0,2.0,0.05,8.929575832645948,287,0.6585963588337029,36096.25,1.0,True
02,legacy_lrl,4,36347.0,2.0,0.05,12.281643774782301,333,0.5812673909927609,36347.45,1.1,True
02,legacy_lrl,5,36416.0,2.0,0.05,15.022799477737568,326,0.9542099012987203,36416.0,1.1,True
02,legacy_lrl,6,36613.0,2.0,0.05,11.692911161509235,348,0.876370399558463,36613.0,1.2,True
02,legacy_lrl,7,40396.0,2.0,0.05,17.313309075697347,343,0.9676824606937428,40395.95,1.2,True
02,legacy_lrl,8,40616.0,2.0,0.05,20.578740040216143,344,0.9346303566592084,40615.95,1.2,True
02,legacy_lrl,9,40758.0,2.0,0.05,21.75940546948131,321,0.9114987933107432,40758.0,1.1,True
02,legacy_lrl,10,40986.0,2.0,0.05,15.074565854949002,297,0.9559223885729754,40985.95,1.0,True
02,legacy_lrl,11,41047.0,2.0,0.05,14.064096133390509,299,0.6549119418367261,41046.25,1.1,True
02,legacy_lrl,12,41118.0,2.0,0.05,11.995163455722347,319,0.5243825703587311,41117.6,1.2,True
02,legacy_lrl,13,42145.0,2.0,0.05,9.89825696730755,329,0.9119242468074654,42145.05,1.1,True
02,legacy_lrl,14,42299.0,2.0,0.05,9.656950025840239,309,0.9004567339238531,42299.05,0.9,True
02,legacy_lrl,15,42474.0,2.0,0.05,9.99625604679516,332,0.889516370040967,42474.05,1.1,True
02,legacy_lrl,16,42607.0,2.0,0.05,10.890285810322252,339,0.9033779263494219,42606.25,1.1,True
02,legacy_lrl,17,45558.0,2.0,0.05,23.776768669569474,289,0.0,,,True
02,legacy_lrl,18,45688.0,2.0,0.05,29.105613615055645,329,0.760686474574451,45687.25,1.1,True
02,legacy_lrl,19,45808.0,2.0,0.05,37.18650884136548,316,0.9691556240209532,45808.05,1.0,True
02,legacy_lrl,0,30722.0,4.0,0.05,17.98456380998437,284,0.965204311481593,30722.0,0.9,True
02,legacy_lrl,1,31206.0,4.0,0.05,20.820996161522473,341,0.0,,,True
02,legacy_lrl,2,31326.0,4.0,0.05,17.409362742940587,287,0.990355975177777,31326.0,0.9,True
02,legacy_lrl,3,36097.0,4.0,0.05,8.929575832645948,315,0.8956094398928065,36096.9,1.1,True
02,legacy_lrl,4,36347.0,4.0,0.05,12.281643774782301,314,0.5522140307922935,36347.15,0.8,True
02,legacy_lrl,5,36416.0,4.0,0.05,15.022799477737568,279,0.9603221390503242,36415.95,0.9,True
02,legacy_lrl,6,36613.0,4.0,0.05,11.692911161509235,336,0.9152238262063851,36613.0,1.1,True
02,legacy_lrl,7,40396.0,4.0,0.05,17.313309075697347,327,0.9876991569882769,40396.0,1.1,True
02,legacy_lrl,8,40616.0,4.0,0.05,20.578740040216143,342,0.9599726778892187,40616.05,1.1,True
02,legacy_lrl,9,40758.0,4.0,0.05,21.75940546948131,287,0.9822016337110476,40758.0,0.9,True
02,legacy_lrl,10,40986.0,4.0,0.05,15.074565854949002,305,0.985586701651133,40986.0,1.0,True
02,legacy_lrl,11,41047.0,4.0,0.05,14.064096133390509,298,0.8419017009027896,41047.55,1.2,True
02,legacy_lrl,12,41118.0,4.0,0.05,11.995163455722347,317,0.9089166688352806,41117.8,1.2,True
02,legacy_lrl,13,42145.0,4.0,0.05,9.89825696730755,335,0.9719513530606618,42145.0,1.1,True
02,legacy_lrl,14,42299.0,4.0,0.05,9.656950025840239,284,0.9588492816181724,42298.9,1.0,True
02,legacy_lrl,15,42474.0,4.0,0.05,9.99625604679516,335,0.9661726172142666,42474.05,1.1,True
02,legacy_lrl,16,42607.0,4.0,0.05,10.890285810322252,293,0.9359375418090031,42606.95,1.0,True
02,legacy_lrl,17,45558.0,4.0,0.05,23.776768669569474,341,0.0,,,True
02,legacy_lrl,18,45688.0,4.0,0.05,29.105613615055645,319,0.9383489451711079,45688.1,1.0,True
02,legacy_lrl,19,45808.0,4.0,0.05,37.18650884136548,323,0.9804238443895065,45807.95,1.1,True
02,legacy_lrl,0,30722.0,6.0,0.05,17.98456380998437,283,0.9784745664008376,30722.0,0.9,True
02,legacy_lrl,1,31206.0,6.0,0.05,20.820996161522473,304,0.0,,,True
02,legacy_lrl,2,31326.0,6.0,0.05,17.409362742940587,336,0.9767516758060758,31326.05,1.1,True
02,legacy_lrl,3,36097.0,6.0,0.05,8.929575832645948,293,0.9347785076614205,36097.05,0.9,True
02,legacy_lrl,4,36347.0,6.0,0.05,12.281643774782301,315,0.7486762666055671,36347.65,1.1,True
02,legacy_lrl,5,36416.0,6.0,0.05,15.022799477737568,315,0.9749304925158038,36415.9,1.1,True
02,legacy_lrl,6,36613.0,6.0,0.05,11.692911161509235,328,0.9611382047785793,36613.0,1.1,True
02,legacy_lrl,7,40396.0,6.0,0.05,17.313309075697347,342,0.9910563612323027,40396.05,1.1,True
02,legacy_lrl,8,40616.0,6.0,0.05,20.578740040216143,275,0.9733860270411485,40615.95,0.9,True
02,legacy_lrl,9,40758.0,6.0,0.05,21.75940546948131,285,0.9791089290590582,40757.95,0.9,True
02,legacy_lrl,10,40986.0,6.0,0.05,15.074565854949002,309,0.9895125184459432,40986.0,1.0,True
02,legacy_lrl,11,41047.0,6.0,0.05,14.064096133390509,334,0.8009479806909601,41046.3,1.1,True
02,legacy_lrl,12,41118.0,6.0,0.05,11.995163455722347,320,0.8195125368565146,41117.5,0.9,True
02,legacy_lrl,13,42145.0,6.0,0.05,9.89825696730755,313,0.9764206023677937,42145.05,1.0,True
02,legacy_lrl,14,42299.0,6.0,0.05,9.656950025840239,304,0.9742105152660574,42299.0,1.0,True
02,legacy_lrl,15,42474.0,6.0,0.05,9.99625604679516,310,0.973415208304545,42473.9,1.1,True
02,legacy_lrl,16,42607.0,6.0,0.05,10.890285810322252,317,0.9292087712134338,42607.05,1.0,True
02,legacy_lrl,17,45558.0,6.0,0.05,23.776768669569474,333,0.9303173733923598,45557.3,1.1,True
02,legacy_lrl,18,45688.0,6.0,0.05,29.105613615055645,341,0.9620009677649785,45687.95,1.2,True
02,legacy_lrl,19,45808.0,6.0,0.05,37.18650884136548,335,0.9823784342113457,45808.0,1.1,True
02,legacy_lrl,0,30722.0,2.0,0.15,17.98456380998437,331,0.0,,,True
02,legacy_lrl,1,31206.0,2.0,0.15,20.820996161522473,339,0.0,,,True
02,legacy_lrl,2,31326.0,2.0,0.15,17.409362742940587,283,0.9294814749216722,31326.0,0.9,True
02,legacy_lrl,3,36097.0,2.0,0.15,8.929575832645948,293,0.0,,,True
02,legacy_lrl,4,36347.0,2.0,0.15,12.281643774782301,289,0.629435016912321,36347.1,1.2,True
02,legacy_lrl,5,36416.0,2.0,0.15,15.022799477737568,277,0.8939358509405437,36416.55,0.9,True
02,legacy_lrl,6,36613.0,2.0,0.15,11.692911161509235,290,0.7466987977057018,36613.0,0.9,True
02,legacy_lrl,7,40396.0,2.0,0.15,17.313309075697347,321,0.974823064573824,40395.95,1.1,True
02,legacy_lrl,8,40616.0,2.0,0.15,20.578740040216143,314,0.9321276199759665,40615.9,1.1,True
02,legacy_lrl,9,40758.0,2.0,0.15,21.75940546948131,290,0.9317271594774911,40757.9,1.0,True
02,legacy_lrl,10,40986.0,2.0,0.15,15.074565854949002,267,0.9419065919947696,40985.9,0.9,True
02,legacy_lrl,11,41047.0,2.0,0.15,14.064096133390509,301,0.663784922648964,41046.25,1.1,True
02,legacy_lrl,12,41118.0,2.0,0.15,11.995163455722347,336,0.665767174194123,41117.6,1.2,True
02,legacy_lrl,13,42145.0,2.0,0.15,9.89825696730755,331,0.9423392702793875,42145.0,1.1,True
02,legacy_lrl,14,42299.0,2.0,0.15,9.656950025840239,302,0.9078305357450962,42299.05,0.9,True
02,legacy_lrl,15,42474.0,2.0,0.15,9.99625604679516,314,0.924250627452062,42473.95,1.1,True
02,legacy_lrl,16,42607.0,2.0,0.15,10.890285810322252,314,0.7922061906960105,42606.95,1.1,True
02,legacy_lrl,17,45558.0,2.0,0.15,23.776768669569474,328,0.7038376698494971,45557.4,1.2,True
02,legacy_lrl,18,45688.0,2.0,0.15,29.105613615055645,280,0.9193143163052665,45688.55,0.9,True
02,legacy_lrl,19,45808.0,2.0,0.15,37.18650884136548,334,0.9671199905997735,45808.05,1.1,True
02,legacy_lrl,0,30722.0,4.0,0.15,17.98456380998437,314,0.9787575131188505,30722.05,1.0,True
02,legacy_lrl,1,31206.0,4.0,0.15,20.820996161522473,282,0.5482363868510237,31205.3,1.2,True
02,legacy_lrl,2,31326.0,4.0,0.15,17.409362742940587,312,0.9705774726480827,31326.0,1.0,True
02,legacy_lrl,3,36097.0,4.0,0.15,8.929575832645948,316,0.9170594770977535,36097.05,1.0,True
02,legacy_lrl,4,36347.0,4.0,0.15,12.281643774782301,334,0.5203849054660232,36347.2,0.8,True
02,legacy_lrl,5,36416.0,4.0,0.15,15.022799477737568,310,0.9642561690332989,36416.05,1.0,True
02,legacy_lrl,6,36613.0,4.0,0.15,11.692911161509235,326,0.8787169038346145,36612.25,1.1,True
02,legacy_lrl,7,40396.0,4.0,0.15,17.313309075697347,335,0.9907262041129639,40396.05,1.1,True
02,legacy_lrl,8,40616.0,4.0,0.15,20.578740040216143,301,0.9545561141861066,40615.95,1.0,True
02,legacy_lrl,9,40758.0,4.0,0.15,21.75940546948131,308,0.9841222383422671,40758.0,1.0,True
02,legacy_lrl,10,40986.0,4.0,0.15,15.074565854949002,354,0.9834584462073367,40986.0,1.2,True
02,legacy_lrl,11,41047.0,4.0,0.15,14.064096133390509,330,0.0,,,True
02,legacy_lrl,12,41118.0,4.0,0.15,11.995163455722347,303,0.8799587775971132,41117.9,1.1,True
02,legacy_lrl,13,42145.0,4.0,0.15,9.89825696730755,338,0.9618177158004863,42145.05,1.1,True
02,legacy_lrl,14,42299.0,4.0,0.15,9.656950025840239,286,0.9617748270162201,42299.05,0.9,True
02,legacy_lrl,15,42474.0,4.0,0.15,9.99625604679516,330,0.9722640065768129,42474.0,1.1,True
02,legacy_lrl,16,42607.0,4.0,0.15,10.890285810322252,298,0.9225011360523495,42607.0,1.0,True
02,legacy_lrl,17,45558.0,4.0,0.15,23.776768669569474,345,0.0,,,True
02,legacy_lrl,18,45688.0,4.0,0.15,29.105613615055645,322,0.9452710722095925,45688.0,1.1,True
02,legacy_lrl,19,45808.0,4.0,0.15,37.18650884136548,332,0.9756361152472438,45808.0,1.1,True
02,legacy_lrl,0,30722.0,6.0,0.15,17.98456380998437,326,0.9886936148527479,30721.95,1.1,True
02,legacy_lrl,1,31206.0,6.0,0.15,20.820996161522473,326,0.0,,,True
02,legacy_lrl,2,31326.0,6.0,0.15,17.409362742940587,285,0.9661157414645031,31326.05,0.9,True
02,legacy_lrl,3,36097.0,6.0,0.15,8.929575832645948,288,0.9248887493559712,36096.95,0.9,True
02,legacy_lrl,4,36347.0,6.0,0.15,12.281643774782301,339,0.641909455970463,36347.25,0.8,True
02,legacy_lrl,5,36416.0,6.0,0.15,15.022799477737568,314,0.9692176476681844,36416.0,1.0,True
02,legacy_lrl,6,36613.0,6.0,0.15,11.692911161509235,343,0.9374521262736994,36613.1,1.1,True
02,legacy_lrl,7,40396.0,6.0,0.15,17.313309075697347,283,0.9726123142154356,40395.95,0.9,True
02,legacy_lrl,8,40616.0,6.0,0.15,20.578740040216143,299,0.9653674261762847,40616.1,0.9,True
02,legacy_lrl,9,40758.0,6.0,0.15,21.75940546948131,356,0.9804853047353485,40758.0,1.2,True
02,legacy_lrl,10,40986.0,6.0,0.15,15.074565854949002,268,0.9589378829802776,40986.05,0.8,True
02,legacy_lrl,11,41047.0,6.0,0.15,14.064096133390509,342,0.0,,,True
02,legacy_lrl,12,41118.0,6.0,0.15,11.995163455722347,291,0.7738453394458505,41117.4,0.9,True
02,legacy_lrl,13,42145.0,6.0,0.15,9.89825696730755,307,0.9687276262850577,42145.0,1.0,True
02,legacy_lrl,14,42299.0,6.0,0.15,9.656950025840239,328,0.9651979535468791,42298.95,1.1,True
02,legacy_lrl,15,42474.0,6.0,0.15,9.99625604679516,295,0.9590647981115703,42474.0,0.9,True
02,legacy_lrl,16,42607.0,6.0,0.15,10.890285810322252,337,0.9621393797601918,42607.05,1.1,True
02,legacy_lrl,17,45558.0,6.0,0.15,23.776768669569474,341,0.0,,,True
02,legacy_lrl,18,45688.0,6.0,0.15,29.105613615055645,310,0.9628006301425348,45688.0,1.0,True
02,legacy_lrl,19,45808.0,6.0,0.15,37.18650884136548,355,0.9904602662793333,45808.05,1.2,True
02,legacy_lrl,0,30722.0,2.0,0.25,17.98456380998437,334,0.9599041165144919,30722.0,1.1,True
02,legacy_lrl,1,31206.0,2.0,0.25,20.820996161522473,276,0.0,,,True
02,legacy_lrl,2,31326.0,2.0,0.25,17.409362742940587,321,0.8815732828388041,31326.05,1.0,True
02,legacy_lrl,3,36097.0,2.0,0.25,8.929575832645948,291,0.7984383622275193,36097.0,0.9,True
02,legacy_lrl,4,36347.0,2.0,0.25,12.281643774782301,312,0.6707982781960041,36347.1,1.2,True
02,legacy_lrl,5,36416.0,2.0,0.25,15.022799477737568,302,0.9138095623051886,36415.95,1.1,True
02,legacy_lrl,6,36613.0,2.0,0.25,11.692911161509235,298,0.812699389764751,36613.05,1.0,True
02,legacy_lrl,7,40396.0,2.0,0.25,17.313309075697347,306,0.9611573474172604,40396.1,0.9,True
02,legacy_lrl,8,40616.0,2.0,0.25,20.578740040216143,318,0.8813211830110196,40616.05,1.0,True
02,legacy_lrl,9,40758.0,2.0,0.25,21.75940546948131,303,0.8945414044335083,40758.1,0.9,True
02,legacy_lrl,10,40986.0,2.0,0.25,15.074565854949002,293,0.9287017855616173,40985.85,1.0,True
02,legacy_lrl,11,41047.0,2.0,0.25,14.064096133390509,271,0.0,,,True
02,legacy_lrl,12,41118.0,2.0,0.25,11.995163455722347,323,0.5070751335646071,41117.6,1.2,True
02,legacy_lrl,13,42145.0,2.0,0.25,9.89825696730755,295,0.9181609605147422,42144.95,0.9,True
02,legacy_lrl,14,42299.0,2.0,0.25,9.656950025840239,336,0.9064781643093685,42299.05,1.1,True
02,legacy_lrl,15,42474.0,2.0,0.25,9.99625604679516,309,0.9295604194508996,42473.85,1.1,True
02,legacy_lrl,16,42607.0,2.0,0.25,10.890285810322252,325,0.8014087763224401,42606.8,1.2,True
02,legacy_lrl,17,45558.0,2.0,0.25,23.776768669569474,308,0.5374143438026019,45557.45,1.2,True
02,legacy_lrl,18,45688.0,2.0,0.25,29.105613615055645,301,0.6894596987920255,45687.3,1.0,True
02,legacy_lrl,19,45808.0,2.0,0.25,37.18650884136548,256,0.9564543076547114,45808.0,0.8,True
02,legacy_lrl,0,30722.0,4.0,0.25,17.98456380998437,268,0.9651045073683076,30721.9,0.9,True
02,legacy_lrl,1,31206.0,4.0,0.25,20.820996161522473,275,0.6051748274227976,31205.25,1.2,True
02,legacy_lrl,2,31326.0,4.0,0.25,17.409362742940587,319,0.9403299213639675,31326.0,1.0,True
02,legacy_lrl,3,36097.0,4.0,0.25,8.929575832645948,313,0.8944589697195662,36097.05,1.0,True
02,legacy_lrl,4,36347.0,4.0,0.25,12.281643774782301,322,0.5680647793018752,36347.7,0.9,True
02,legacy_lrl,5,36416.0,4.0,0.25,15.022799477737568,352,0.9625266366022887,36415.95,1.2,True
02,legacy_lrl,6,36613.0,4.0,0.25,11.692911161509235,323,0.9514594803606679,36612.95,1.2,True
02,legacy_lrl,7,40396.0,4.0,0.25,17.313309075697347,366,0.962951528789409,40396.05,1.2,True
02,legacy_lrl,8,40616.0,4.0,0.25,20.578740040216143,330,0.9475741016321303,40616.0,1.2,True
02,legacy_lrl,9,40758.0,4.0,0.25,21.75940546948131,316,0.9657224996004703,40757.9,1.1,True
02,legacy_lrl,10,40986.0,4.0,0.25,15.074565854949002,339,0.9732914926559607,40986.1,1.1,True
02,legacy_lrl,11,41047.0,4.0,0.25,14.064096133390509,320,0.7924145038864551,41046.25,1.1,True
02,legacy_lrl,12,41118.0,4.0,0.25,11.995163455722347,344,0.5689951862765424,41118.4,0.8,True
02,legacy_lrl,13,42145.0,4.0,0.25,9.89825696730755,286,0.9363432226323168,42144.9,0.9,True
02,legacy_lrl,14,42299.0,4.0,0.25,9.656950025840239,323,0.9319392545514523,42299.05,0.9,True
02,legacy_lrl,15,42474.0,4.0,0.25,9.99625604679516,299,0.9656485203658837,42473.95,1.0,True
02,legacy_lrl,16,42607.0,4.0,0.25,10.890285810322252,283,0.9135918917966462,42607.0,0.9,True
02,legacy_lrl,17,45558.0,4.0,0.25,23.776768669569474,322,0.8642487955744413,45558.0,1.1,True
02,legacy_lrl,18,45688.0,4.0,0.25,29.105613615055645,292,0.890090463566661,45687.95,0.9,True
02,legacy_lrl,19,45808.0,4.0,0.25,37.18650884136548,307,0.9700079346374655,45807.95,1.0,True
02,legacy_lrl,0,30722.0,6.0,0.25,17.98456380998437,278,0.946206407110936,30722.05,0.8,True
02,legacy_lrl,1,31206.0,6.0,0.25,20.820996161522473,333,0.0,,,True
02,legacy_lrl,2,31326.0,6.0,0.25,17.409362742940587,294,0.9536593308187225,31325.95,1.0,True
02,legacy_lrl,3,36097.0,6.0,0.25,8.929575832645948,333,0.9083398592517057,36096.95,1.1,True
02,legacy_lrl,4,36347.0,6.0,0.25,12.281643774782301,360,0.818260598547,36347.05,1.2,True
02,legacy_lrl,5,36416.0,6.0,0.25,15.022799477737568,323,0.9599115396722044,36416.0,1.0,True
02,legacy_lrl,6,36613.0,6.0,0.25,11.692911161509235,295,0.9610439222869557,36612.9,1.0,True
02,legacy_lrl,7,40396.0,6.0,0.25,17.313309075697347,363,0.9755344980034953,40396.1,1.2,True
02,legacy_lrl,8,40616.0,6.0,0.25,20.578740040216143,323,0.9683854378969678,40615.95,1.1,True
02,legacy_lrl,9,40758.0,6.0,0.25,21.75940546948131,310,0.9622346293172641,40758.0,1.0,True
02,legacy_lrl,10,40986.0,6.0,0.25,15.074565854949002,307,0.9695289571850506,40985.95,1.0,True
02,legacy_lrl,11,41047.0,6.0,0.25,14.064096133390509,294,0.8951456974165239,41047.0,0.9,True
02,legacy_lrl,12,41118.0,6.0,0.25,11.995163455722347,346,0.9118271102307302,41118.05,1.1,True
02,legacy_lrl,13,42145.0,6.0,0.25,9.89825696730755,287,0.9484978469094603,42144.85,1.0,True
02,legacy_lrl,14,42299.0,6.0,0.25,9.656950025840239,312,0.9673861336298608,42299.1,1.0,True
02,legacy_lrl,15,42474.0,6.0,0.25,9.99625604679516,308,0.9765588948950727,42474.05,1.0,True
02,legacy_lrl,16,42607.0,6.0,0.25,10.890285810322252,336,0.9738729325116513,42607.05,1.1,True
02,legacy_lrl,17,45558.0,6.0,0.25,23.776768669569474,345,0.0,,,True
02,legacy_lrl,18,45688.0,6.0,0.25,29.105613615055645,334,0.9423858098281852,45688.1,1.0,True
02,legacy_lrl,19,45808.0,6.0,0.25,37.18650884136548,328,0.9592469344827638,45808.05,1.1,True
02,legacy_lrlr,0,30722.0,2.0,0.05,17.98456380998437,355,0.893088402369055,30722.0,0.9,True
02,legacy_lrlr,1,31206.0,2.0,0.05,20.820996161522473,406,0.0,,,True
02,legacy_lrlr,2,31326.0,2.0,0.05,17.409362742940587,397,0.903550448434568,31325.95,1.1,True
02,legacy_lrlr,3,36097.0,2.0,0.05,8.929575832645948,356,0.7351548638869023,36097.05,0.9,True
02,legacy_lrlr,4,36347.0,2.0,0.05,12.281643774782301,392,0.5315843737437995,36346.5,0.8,True
02,legacy_lrlr,5,36416.0,2.0,0.05,15.022799477737568,353,0.9360148663898408,36416.0,0.9,True
02,legacy_lrlr,6,36613.0,2.0,0.05,11.692911161509235,394,0.7937305243277725,36612.95,1.1,True
02,legacy_lrlr,7,40396.0,2.0,0.05,17.313309075697347,393,0.9580300742071692,40395.95,1.1,True
02,legacy_lrlr,8,40616.0,2.0,0.05,20.578740040216143,371,0.9408694456693069,40616.0,1.0,True
02,legacy_lrlr,9,40758.0,2.0,0.05,21.75940546948131,404,0.9185032016633392,40757.95,1.1,True
02,legacy_lrlr,10,40986.0,2.0,0.05,15.074565854949002,361,0.9319576726764319,40985.95,1.0,True
02,legacy_lrlr,11,41047.0,2.0,0.05,14.064096133390509,375,0.0,,,True
02,legacy_lrlr,12,41118.0,2.0,0.05,11.995163455722347,359,0.7050259656713398,41118.1,1.2,True
02,legacy_lrlr,13,42145.0,2.0,0.05,9.89825696730755,414,0.9278949178023657,42145.05,1.1,True
02,legacy_lrlr,14,42299.0,2.0,0.05,9.656950025840239,405,0.9134094740319111,42299.0,1.1,True
02,legacy_lrlr,15,42474.0,2.0,0.05,9.99625604679516,358,0.9139977744701349,42474.05,0.9,True
02,legacy_lrlr,16,42607.0,2.0,0.05,10.890285810322252,392,0.8380884716548248,42607.1,1.0,True
02,legacy_lrlr,17,45558.0,2.0,0.05,23.776768669569474,371,0.5452896007100144,45558.2,0.8,True
02,legacy_lrlr,18,45688.0,2.0,0.05,29.105613615055645,420,0.8442102045995284,45687.25,1.1,True
02,legacy_lrlr,19,45808.0,2.0,0.05,37.18650884136548,364,0.9660535130634119,45807.9,1.0,True
02,legacy_lrlr,0,30722.0,4.0,0.05,17.98456380998437,384,0.9033074614902075,30722.0,1.0,True
02,legacy_lrlr,1,31206.0,4.0,0.05,20.820996161522473,341,0.5850401653939864,31206.15,0.8,True
02,legacy_lrlr,2,31326.0,4.0,0.05,17.409362742940587,412,0.9814096217506727,31326.0,1.1,True
02,legacy_lrlr,3,36097.0,4.0,0.05,8.929575832645948,411,0.8892824624136693,36097.05,1.1,True
02,legacy_lrlr,4,36347.0,4.0,0.05,12.281643774782301,370,0.0,,,True
02,legacy_lrlr,5,36416.0,4.0,0.05,15.022799477737568,408,0.9702355517217371,36416.05,1.1,True
02,legacy_lrlr,6,36613.0,4.0,0.05,11.692911161509235,346,0.916816869836773,36612.95,0.9,True
02,legacy_lrlr,7,40396.0,4.0,0.05,17.313309075697347,338,0.9872870121606537,40395.95,0.9,True
02,legacy_lrlr,8,40616.0,4.0,0.05,20.578740040216143,358,0.9481772914386695,40616.0,0.9,True
02,legacy_lrlr,9,40758.0,4.0,0.05,21.75940546948131,418,0.9715960251637932,40758.05,1.1,True
02,legacy_lrlr,10,40986.0,4.0,0.05,15.074565854949002,349,0.9733591347022543,40986.0,0.9,True
02,legacy_lrlr,11,41047.0,4.0,0.05,14.064096133390509,379,0.0,,,True
02,legacy_lrlr,12,41118.0,4.0,0.05,11.995163455722347,374,0.6273835138680618,41118.2,0.8,True
02,legacy_lrlr,13,42145.0,4.0,0.05,9.89825696730755,383,0.9647373456478214,42145.0,1.0,True
02,legacy_lrlr,14,42299.0,4.0,0.05,9.656950025840239,396,0.9439971201877181,42298.95,1.1,True
02,legacy_lrlr,15,42474.0,4.0,0.05,9.99625604679516,409,0.9706335310202729,42474.05,1.1,True
02,legacy_lrlr,16,42607.0,4.0,0.05,10.890285810322252,367,0.9459013753941519,42606.95,1.0,True
02,legacy_lrlr,17,45558.0,4.0,0.05,23.776768669569474,404,0.8898863324634662,45558.0,1.1,True
02,legacy_lrlr,18,45688.0,4.0,0.05,29.105613615055645,354,0.9371495766307848,45687.9,1.0,True
02,legacy_lrlr,19,45808.0,4.0,0.05,37.18650884136548,380,0.9900664320146783,45808.0,1.0,True
02,legacy_lrlr,0,30722.0,6.0,0.05,17.98456380998437,398,0.915118237032038,30721.95,1.1,True
02,legacy_lrlr,1,31206.0,6.0,0.05,20.820996161522473,391,0.7445039166593692,31206.1,1.0,True
02,legacy_lrlr,2,31326.0,6.0,0.05,17.409362742940587,369,0.9941010671823306,31325.95,1.0,True
02,legacy_lrlr,3,36097.0,6.0,0.05,8.929575832645948,392,0.9231984710917301,36097.05,1.0,True
02,legacy_lrlr,4,36347.0,6.0,0.05,12.281643774782301,365,0.0,,,True
02,legacy_lrlr,5,36416.0,6.0,0.05,15.022799477737568,411,0.9916486765916854,36416.0,1.1,True
02,legacy_lrlr,6,36613.0,6.0,0.05,11.692911161509235,419,0.9420940380340918,36612.9,1.2,True
02,legacy_lrlr,7,40396.0,6.0,0.05,17.313309075697347,351,0.9750384952866348,40396.0,0.9,True
02,legacy_lrlr,8,40616.0,6.0,0.05,20.578740040216143,348,0.9822908453011805,40616.0,0.9,True
02,legacy_lrlr,9,40758.0,6.0,0.05,21.75940546948131,377,0.9854399734243248,40758.0,1.0,True
02,legacy_lrlr,10,40986.0,6.0,0.05,15.074565854949002,378,0.9891562035463509,40986.0,1.0,True
02,legacy_lrlr,11,41047.0,6.0,0.05,14.064096133390509,420,0.0,,,True
02,legacy_lrlr,12,41118.0,6.0,0.05,11.995163455722347,385,0.8728890224722403,41117.85,1.2,True
02,legacy_lrlr,13,42145.0,6.0,0.05,9.89825696730755,412,0.9854451994841087,42145.05,1.1,True
02,legacy_lrlr,14,42299.0,6.0,0.05,9.656950025840239,360,0.9607057515109645,42299.05,0.9,True
02,legacy_lrlr,15,42474.0,6.0,0.05,9.99625604679516,381,0.9723313981550357,42474.0,1.0,True
02,legacy_lrlr,16,42607.0,6.0,0.05,10.890285810322252,400,0.950979688896656,42607.0,1.1,True
02,legacy_lrlr,17,45558.0,6.0,0.05,23.776768669569474,348,0.8919613339640066,45557.9,1.0,True
02,legacy_lrlr,18,45688.0,6.0,0.05,29.105613615055645,396,0.963170369291687,45687.95,1.1,True
02,legacy_lrlr,19,45808.0,6.0,0.05,37.18650884136548,342,0.977073157529845,45807.95,0.9,True
02,legacy_lrlr,0,30722.0,2.0,0.15,17.98456380998437,367,0.8706166007217282,30721.95,1.0,True
02,legacy_lrlr,1,31206.0,2.0,0.15,20.820996161522473,410,0.0,,,True
02,legacy_lrlr,2,31326.0,2.0,0.15,17.409362742940587,396,0.9103896040704943,31325.95,1.1,True
02,legacy_lrlr,3,36097.0,2.0,0.15,8.929575832645948,395,0.8213439856566577,36097.7,1.1,True
02,legacy_lrlr,4,36347.0,2.0,0.15,12.281643774782301,359,0.5690427226401442,36346.5,0.8,True
02,legacy_lrlr,5,36416.0,2.0,0.15,15.022799477737568,390,0.9170287418569966,36415.95,1.1,True
02,legacy_lrlr,6,36613.0,2.0,0.15,11.692911161509235,400,0.7735436547691431,36613.1,1.0,True
02,legacy_lrlr,7,40396.0,2.0,0.15,17.313309075697347,407,0.9723489271033176,40396.0,1.1,True
02,legacy_lrlr,8,40616.0,2.0,0.15,20.578740040216143,350,0.9372690522333954,40616.05,0.9,True
02,legacy_lrlr,9,40758.0,2.0,0.15,21.75940546948131,363,0.8888577638708177,40758.1,0.9,True
02,legacy_lrlr,10,40986.0,2.0,0.15,15.074565854949002,406,0.9369641242561596,40985.95,1.1,True
02,legacy_lrlr,11,41047.0,2.0,0.15,14.064096133390509,322,0.7215320388870649,41046.45,0.8,True
02,legacy_lrlr,12,41118.0,2.0,0.15,11.995163455722347,363,0.768032962147506,41117.85,1.2,True
02,legacy_lrlr,13,42145.0,2.0,0.15,9.89825696730755,433,0.8910097010931494,42144.95,1.2,True
02,legacy_lrlr,14,42299.0,2.0,0.15,9.656950025840239,417,0.8922324304149497,42299.05,1.1,True
02,legacy_lrlr,15,42474.0,2.0,0.15,9.99625604679516,416,0.9122597572350543,42474.05,1.1,True
02,legacy_lrlr,16,42607.0,2.0,0.15,10.890285810322252,345,0.8469017996504185,42606.95,0.9,True
02,legacy_lrlr,17,45558.0,2.0,0.15,23.776768669569474,346,0.8167339516268526,45557.65,1.2,True
02,legacy_lrlr,18,45688.0,2.0,0.15,29.105613615055645,343,0.7827580316512381,45687.9,0.9,True
02,legacy_lrlr,19,45808.0,2.0,0.15,37.18650884136548,376,0.9430514874079285,45808.15,0.9,True
02,legacy_lrlr,0,30722.0,4.0,0.15,17.98456380998437,345,0.944060437206684,30722.0,0.9,True
02,legacy_lrlr,1,31206.0,4.0,0.15,20.820996161522473,395,0.6200317321403773,31206.1,1.0,True
02,legacy_lrlr,2,31326.0,4.0,0.15,17.409362742940587,373,0.9633155089891354,31325.95,1.0,True
02,legacy_lrlr,3,36097.0,4.0,0.15,8.929575832645948,349,0.8484292571751281,36097.05,0.9,True
02,legacy_lrlr,4,36347.0,4.0,0.15,12.281643774782301,363,0.6582326876733063,36346.95,1.0,True
02,legacy_lrlr,5,36416.0,4.0,0.15,15.022799477737568,372,0.9583912955558277,36416.0,1.0,True
02,legacy_lrlr,6,36613.0,4.0,0.15,11.692911161509235,371,0.9169402857130317,36612.95,1.0,True
02,legacy_lrlr,7,40396.0,4.0,0.15,17.313309075697347,372,0.9686135247476146,40396.0,1.0,True
02,legacy_lrlr,8,40616.0,4.0,0.15,20.578740040216143,411,0.9635460706111219,40616.05,1.1,True
02,legacy_lrlr,9,40758.0,4.0,0.15,21.75940546948131,423,0.9653799594129231,40757.9,1.2,True
02,legacy_lrlr,10,40986.0,4.0,0.15,15.074565854949002,388,0.9521251327487873,40986.0,1.0,True
02,legacy_lrlr,11,41047.0,4.0,0.15,14.064096133390509,358,0.78783333823424,41046.8,1.1,True
02,legacy_lrlr,12,41118.0,4.0,0.15,11.995163455722347,354,0.7910563971561692,41117.8,1.2,True
02,legacy_lrlr,13,42145.0,4.0,0.15,9.89825696730755,371,0.9502208407501154,42145.0,1.0,True
02,legacy_lrlr,14,42299.0,4.0,0.15,9.656950025840239,352,0.9625722825323958,42298.95,0.9,True
02,legacy_lrlr,15,42474.0,4.0,0.15,9.99625604679516,406,0.9620441660708827,42474.0,1.1,True
02,legacy_lrlr,16,42607.0,4.0,0.15,10.890285810322252,376,0.9301686925167633,42607.0,1.0,True
02,legacy_lrlr,17,45558.0,4.0,0.15,23.776768669569474,362,0.7464728617603876,45558.15,0.8,True
02,legacy_lrlr,18,45688.0,4.0,0.15,29.105613615055645,365,0.9316325219121286,45687.95,1.0,True
02,legacy_lrlr,19,45808.0,4.0,0.15,37.18650884136548,367,0.971055075788918,45808.0,1.0,True
02,legacy_lrlr,0,30722.0,6.0,0.15,17.98456380998437,390,0.9201572508143216,30722.05,1.0,True
02,legacy_lrlr,1,31206.0,6.0,0.15,20.820996161522473,363,0.6663544464589223,31206.1,0.9,True
02,legacy_lrlr,2,31326.0,6.0,0.15,17.409362742940587,394,0.9621962118345628,31325.9,1.1,True
02,legacy_lrlr,3,36097.0,6.0,0.15,8.929575832645948,336,0.9221862939704732,36096.9,0.9,True
02,legacy_lrlr,4,36347.0,6.0,0.15,12.281643774782301,420,0.0,,,True
02,legacy_lrlr,5,36416.0,6.0,0.15,15.022799477737568,412,0.9731378353682433,36416.0,1.1,True
02,legacy_lrlr,6,36613.0,6.0,0.15,11.692911161509235,326,0.9238978573190892,36613.0,0.8,True
02,legacy_lrlr,7,40396.0,6.0,0.15,17.313309075697347,370,0.9797311005101482,40395.95,1.0,True
02,legacy_lrlr,8,40616.0,6.0,0.15,20.578740040216143,372,0.9887261679696479,40615.95,1.0,True
02,legacy_lrlr,9,40758.0,6.0,0.15,21.75940546948131,404,0.9799385276172324,40758.0,1.1,True
02,legacy_lrlr,10,40986.0,6.0,0.15,15.074565854949002,354,0.959742830011436,40985.95,0.9,True
02,legacy_lrlr,11,41047.0,6.0,0.15,14.064096133390509,385,0.87668900885702,41046.95,1.1,True
02,legacy_lrlr,12,41118.0,6.0,0.15,11.995163455722347,369,0.8154489921819651,41117.8,1.2,True
02,legacy_lrlr,13,42145.0,6.0,0.15,9.89825696730755,345,0.9675294861498015,42144.95,0.9,True
02,legacy_lrlr,14,42299.0,6.0,0.15,9.656950025840239,344,0.9648510222906812,42298.95,0.9,True
02,legacy_lrlr,15,42474.0,6.0,0.15,9.99625604679516,390,0.9417179642989509,42473.95,1.1,True
02,legacy_lrlr,16,42607.0,6.0,0.15,10.890285810322252,427,0.9656466234232789,42606.9,1.2,True
02,legacy_lrlr,17,45558.0,6.0,0.15,23.776768669569474,432,0.9109920945503271,45557.95,1.2,True
02,legacy_lrlr,18,45688.0,6.0,0.15,29.105613615055645,403,0.9489306025937437,45688.05,1.1,True
02,legacy_lrlr,19,45808.0,6.0,0.15,37.18650884136548,370,0.9656239115714489,45807.95,1.0,True
02,legacy_lrlr,0,30722.0,2.0,0.25,17.98456380998437,374,0.8578072041754805,30722.15,0.9,True
02,legacy_lrlr,1,31206.0,2.0,0.25,20.820996161522473,339,0.4761780171156069,31206.15,1.2,True
02,legacy_lrlr,2,31326.0,2.0,0.25,17.409362742940587,378,0.9275009196319994,31326.0,1.0,True
02,legacy_lrlr,3,36097.0,2.0,0.25,8.929575832645948,356,0.7748041180850822,36097.55,1.0,True
02,legacy_lrlr,4,36347.0,2.0,0.25,12.281643774782301,381,0.0,,,True
02,legacy_lrlr,5,36416.0,2.0,0.25,15.022799477737568,366,0.9005597548113948,36416.0,1.0,True
02,legacy_lrlr,6,36613.0,2.0,0.25,11.692911161509235,377,0.8357897346288897,36613.05,1.0,True
02,legacy_lrlr,7,40396.0,2.0,0.25,17.313309075697347,395,0.9541127380975131,40395.95,1.1,True
02,legacy_lrlr,8,40616.0,2.0,0.25,20.578740040216143,382,0.9159714563169107,40616.0,1.0,True
02,legacy_lrlr,9,40758.0,2.0,0.25,21.75940546948131,389,0.8829495539355552,40758.0,1.0,True
02,legacy_lrlr,10,40986.0,2.0,0.25,15.074565854949002,361,0.929159482993401,40985.95,1.0,True
02,legacy_lrlr,11,41047.0,2.0,0.25,14.064096133390509,409,0.7251378586116819,41046.8,1.2,True
02,legacy_lrlr,12,41118.0,2.0,0.25,11.995163455722347,418,0.8204017668502477,41117.9,1.2,True
02,legacy_lrlr,13,42145.0,2.0,0.25,9.89825696730755,350,0.8899654287366369,42145.0,0.9,True
02,legacy_lrlr,14,42299.0,2.0,0.25,9.656950025840239,348,0.8007855235791784,42298.8,1.0,True
02,legacy_lrlr,15,42474.0,2.0,0.25,9.99625604679516,385,0.900734996384337,42473.9,1.1,True
02,legacy_lrlr,16,42607.0,2.0,0.25,10.890285810322252,372,0.8258976046705716,42607.05,1.0,True
02,legacy_lrlr,17,45558.0,2.0,0.25,23.776768669569474,338,0.46500299854165733,45558.1,0.8,True
02,legacy_lrlr,18,45688.0,2.0,0.25,29.105613615055645,423,0.898453520017629,45687.95,1.2,True
02,legacy_lrlr,19,45808.0,2.0,0.25,37.18650884136548,353,0.8957083939877953,45807.9,1.0,True
02,legacy_lrlr,0,30722.0,4.0,0.25,17.98456380998437,379,0.8821636734799501,30722.05,1.0,True
02,legacy_lrlr,1,31206.0,4.0,0.25,20.820996161522473,406,0.0,,,True
02,legacy_lrlr,2,31326.0,4.0,0.25,17.409362742940587,367,0.9378352253140237,31325.95,1.0,True
02,legacy_lrlr,3,36097.0,4.0,0.25,8.929575832645948,393,0.9160837660058652,36097.1,1.0,True
02,legacy_lrlr,4,36347.0,4.0,0.25,12.281643774782301,362,0.0,,,True
02,legacy_lrlr,5,36416.0,4.0,0.25,15.022799477737568,388,0.8982129305455991,36415.8,1.1,True
02,legacy_lrlr,6,36613.0,4.0,0.25,11.692911161509235,435,0.9261175362060341,36612.95,1.2,True
02,legacy_lrlr,7,40396.0,4.0,0.25,17.313309075697347,394,0.9678427792795496,40395.95,1.1,True
02,legacy_lrlr,8,40616.0,4.0,0.25,20.578740040216143,446,0.957183441556324,40616.1,1.2,True
02,legacy_lrlr,9,40758.0,4.0,0.25,21.75940546948131,393,0.9536364700321351,40758.05,1.0,True
02,legacy_lrlr,10,40986.0,4.0,0.25,15.074565854949002,396,0.9599095602488966,40986.05,1.0,True
02,legacy_lrlr,11,41047.0,4.0,0.25,14.064096133390509,375,0.0,,,True
02,legacy_lrlr,12,41118.0,4.0,0.25,11.995163455722347,356,0.7786509703719463,41117.8,1.2,True
02,legacy_lrlr,13,42145.0,4.0,0.25,9.89825696730755,370,0.9302265871164305,42145.05,1.0,True
02,legacy_lrlr,14,42299.0,4.0,0.25,9.656950025840239,352,0.9315347675337453,42299.0,0.9,True
02,legacy_lrlr,15,42474.0,4.0,0.25,9.99625604679516,416,0.9583624574822724,42473.9,1.2,True
02,legacy_lrlr,16,42607.0,4.0,0.25,10.890285810322252,394,0.9025878469454047,42606.95,1.1,True
02,legacy_lrlr,17,45558.0,4.0,0.25,23.776768669569474,421,0.8918303794335477,45557.9,1.2,True
02,legacy_lrlr,18,45688.0,4.0,0.25,29.105613615055645,372,0.9200333970934371,45688.05,0.9,True
02,legacy_lrlr,19,45808.0,4.0,0.25,37.18650884136548,390,0.9660566076496402,45808.1,1.0,True
02,legacy_lrlr,0,30722.0,6.0,0.25,17.98456380998437,363,0.9625855584240975,30721.9,1.0,True
02,legacy_lrlr,1,31206.0,6.0,0.25,20.820996161522473,419,0.4664408435232594,31205.9,0.8,True
02,legacy_lrlr,2,31326.0,6.0,0.25,17.409362742940587,369,0.9489962566128677,31326.1,0.9,True
02,legacy_lrlr,3,36097.0,6.0,0.25,8.929575832645948,413,0.9343973705759933,36097.05,1.1,True
02,legacy_lrlr,4,36347.0,6.0,0.25,12.281643774782301,400,0.7217417103605299,36347.05,1.0,True
02,legacy_lrlr,5,36416.0,6.0,0.25,15.022799477737568,333,0.9590516596389396,36415.95,0.9,True
02,legacy_lrlr,6,36613.0,6.0,0.25,11.692911161509235,343,0.9236637384966778,36612.9,0.9,True
02,legacy_lrlr,7,40396.0,6.0,0.25,17.313309075697347,326,0.9356346012929665,40395.85,0.9,True
02,legacy_lrlr,8,40616.0,6.0,0.25,20.578740040216143,410,0.9562808715757612,40616.05,1.1,True
02,legacy_lrlr,9,40758.0,6.0,0.25,21.75940546948131,387,0.9625992346562743,40758.05,1.0,True
02,legacy_lrlr,10,40986.0,6.0,0.25,15.074565854949002,376,0.9645435624121603,40986.05,1.0,True
02,legacy_lrlr,11,41047.0,6.0,0.25,14.064096133390509,388,0.8878826723390757,41046.85,1.1,True
02,legacy_lrlr,12,41118.0,6.0,0.25,11.995163455722347,386,0.8258663866323621,41117.75,1.2,True
02,legacy_lrlr,13,42145.0,6.0,0.25,9.89825696730755,369,0.9615751325103392,42144.9,1.0,True
02,legacy_lrlr,14,42299.0,6.0,0.25,9.656950025840239,422,0.921606915162767,42299.15,1.1,True
02,legacy_lrlr,15,42474.0,6.0,0.25,9.99625604679516,365,0.95759701569197,42473.95,1.0,True
02,legacy_lrlr,16,42607.0,6.0,0.25,10.890285810322252,358,0.9054493014192954,42607.15,0.9,True
02,legacy_lrlr,17,45558.0,6.0,0.25,23.776768669569474,349,0.8672775674568978,45558.0,0.9,True
02,legacy_lrlr,18,45688.0,6.0,0.25,29.105613615055645,353,0.887717916080838,45688.15,0.9,True
02,legacy_lrlr,19,45808.0,6.0,0.25,37.18650884136548,431,0.9667591977626201,45808.05,1.2,True
02,legacy_lrlrlr,0,30722.0,2.0,0.05,17.98456380998437,479,0.671559621065849,30722.65,0.9,True
02,legacy_lrlrlr,1,31206.0,2.0,0.05,20.820996161522473,545,0.0,,,True
02,legacy_lrlrlr,2,31326.0,2.0,0.05,17.409362742940587,559,0.9092878992686777,31326.0,1.1,True
02,legacy_lrlrlr,3,36097.0,2.0,0.05,8.929575832645948,529,0.7297236767780455,36097.1,1.0,True
02,legacy_lrlrlr,4,36347.0,2.0,0.05,12.281643774782301,563,0.517264260303325,36347.6,1.2,True
02,legacy_lrlrlr,5,36416.0,2.0,0.05,15.022799477737568,518,0.9189648190535571,36416.0,1.0,True
02,legacy_lrlrlr,6,36613.0,2.0,0.05,11.692911161509235,527,0.807771151153053,36612.3,1.0,True
02,legacy_lrlrlr,7,40396.0,2.0,0.05,17.313309075697347,532,0.9441813939945395,40396.1,1.0,True
02,legacy_lrlrlr,8,40616.0,2.0,0.05,20.578740040216143,579,0.9153769876916789,40616.1,1.1,True
02,legacy_lrlrlr,9,40758.0,2.0,0.05,21.75940546948131,466,0.9011821324648028,40757.9,0.9,True
02,legacy_lrlrlr,10,40986.0,2.0,0.05,15.074565854949002,482,0.9391896854127891,40986.0,0.9,True
02,legacy_lrlrlr,11,41047.0,2.0,0.05,14.064096133390509,479,0.5459894947999998,41047.0,0.9,True
02,legacy_lrlrlr,12,41118.0,2.0,0.05,11.995163455722347,496,0.0,,,True
02,legacy_lrlrlr,13,42145.0,2.0,0.05,9.89825696730755,564,0.8471013941899896,42144.25,1.1,True
02,legacy_lrlrlr,14,42299.0,2.0,0.05,9.656950025840239,548,0.85990360707513,42298.95,1.1,True
02,legacy_lrlrlr,15,42474.0,2.0,0.05,9.99625604679516,461,0.9222526575720876,42473.9,0.9,True
02,legacy_lrlrlr,16,42607.0,2.0,0.05,10.890285810322252,551,0.8472616314239458,42606.95,1.1,True
02,legacy_lrlrlr,17,45558.0,2.0,0.05,23.776768669569474,565,0.7371366502068534,45557.8,1.2,True
02,legacy_lrlrlr,18,45688.0,2.0,0.05,29.105613615055645,484,0.7826478140153007,45688.0,0.9,True
02,legacy_lrlrlr,19,45808.0,2.0,0.05,37.18650884136548,583,0.9063518714168752,45807.3,1.1,True
02,legacy_lrlrlr,0,30722.0,4.0,0.05,17.98456380998437,521,0.8290583865132761,30722.05,1.0,True
02,legacy_lrlrlr,1,31206.0,4.0,0.05,20.820996161522473,559,0.6170431376840917,31206.75,1.1,True
02,legacy_lrlrlr,2,31326.0,4.0,0.05,17.409362742940587,544,0.9364689856550709,31325.95,1.1,True
02,legacy_lrlrlr,3,36097.0,4.0,0.05,8.929575832645948,483,0.9040144725114333,36097.0,0.9,True
02,legacy_lrlrlr,4,36347.0,4.0,0.05,12.281643774782301,500,0.5813388676630892,36346.95,1.0,True
02,legacy_lrlrlr,5,36416.0,4.0,0.05,15.022799477737568,492,0.9262068607617232,36416.1,0.9,True
02,legacy_lrlrlr,6,36613.0,4.0,0.05,11.692911161509235,584,0.9088817746482311,36613.1,1.1,True
02,legacy_lrlrlr,7,40396.0,4.0,0.05,17.313309075697347,578,0.9662834248856441,40396.1,1.1,True
02,legacy_lrlrlr,8,40616.0,4.0,0.05,20.578740040216143,484,0.958357477065544,40616.05,0.9,True
02,legacy_lrlrlr,9,40758.0,4.0,0.05,21.75940546948131,480,0.9587453084251627,40758.0,0.9,True
02,legacy_lrlrlr,10,40986.0,4.0,0.05,15.074565854949002,496,0.9238781204162596,40986.1,0.9,True
02,legacy_lrlrlr,11,41047.0,4.0,0.05,14.064096133390509,480,0.7496547404051075,41047.0,0.9,True
02,legacy_lrlrlr,12,41118.0,4.0,0.05,11.995163455722347,518,0.5945670120897468,41118.75,1.0,True
02,legacy_lrlrlr,13,42145.0,4.0,0.05,9.89825696730755,511,0.9448837283961535,42145.0,1.0,True
02,legacy_lrlrlr,14,42299.0,4.0,0.05,9.656950025840239,505,0.9656999556662444,42298.95,1.0,True
02,legacy_lrlrlr,15,42474.0,4.0,0.05,9.99625604679516,531,0.9622972729678356,42474.05,1.0,True
02,legacy_lrlrlr,16,42607.0,4.0,0.05,10.890285810322252,555,0.9383207477505942,42606.95,1.1,True
02,legacy_lrlrlr,17,45558.0,4.0,0.05,23.776768669569474,473,0.7451788410755237,45558.0,0.9,True
02,legacy_lrlrlr,18,45688.0,4.0,0.05,29.105613615055645,490,0.8968687259140405,45687.9,1.0,True
02,legacy_lrlrlr,19,45808.0,4.0,0.05,37.18650884136548,516,0.9797056301462801,45808.0,1.0,True
02,legacy_lrlrlr,0,30722.0,6.0,0.05,17.98456380998437,553,0.7143435125613322,30722.75,1.1,True
02,legacy_lrlrlr,1,31206.0,6.0,0.05,20.820996161522473,560,0.7446852194723149,31206.75,1.1,True
02,legacy_lrlrlr,2,31326.0,6.0,0.05,17.409362742940587,500,0.9492535426347893,31325.95,1.0,True
02,legacy_lrlrlr,3,36097.0,6.0,0.05,8.929575832645948,526,0.9441990107502652,36097.05,1.0,True
02,legacy_lrlrlr,4,36347.0,6.0,0.05,12.281643774782301,560,0.7295623133004365,36347.0,1.1,True
02,legacy_lrlrlr,5,36416.0,6.0,0.05,15.022799477737568,527,0.9707801746404262,36416.05,1.0,True
02,legacy_lrlrlr,6,36613.0,6.0,0.05,11.692911161509235,476,0.9660542125910488,36613.0,0.9,True
02,legacy_lrlrlr,7,40396.0,6.0,0.05,17.313309075697347,563,0.9920909002662377,40396.0,1.1,True
02,legacy_lrlrlr,8,40616.0,6.0,0.05,20.578740040216143,538,0.9330096880265077,40615.9,1.1,True
02,legacy_lrlrlr,9,40758.0,6.0,0.05,21.75940546948131,563,0.9813188188265006,40758.05,1.1,True
02,legacy_lrlrlr,10,40986.0,6.0,0.05,15.074565854949002,463,0.961215493373686,40985.95,0.9,True
02,legacy_lrlrlr,11,41047.0,6.0,0.05,14.064096133390509,471,0.7986403892193705,41046.95,0.9,True
02,legacy_lrlrlr,12,41118.0,6.0,0.05,11.995163455722347,558,0.6562363689002662,41117.4,1.0,True
02,legacy_lrlrlr,13,42145.0,6.0,0.05,9.89825696730755,580,0.9763110599810483,42145.1,1.1,True
02,legacy_lrlrlr,14,42299.0,6.0,0.05,9.656950025840239,565,0.9804648715612907,42299.0,1.1,True
02,legacy_lrlrlr,15,42474.0,6.0,0.05,9.99625604679516,487,0.9325211673380305,42474.05,0.9,True
02,legacy_lrlrlr,16,42607.0,6.0,0.05,10.890285810322252,567,0.9802989800169618,42607.05,1.1,True
02,legacy_lrlrlr,17,45558.0,6.0,0.05,23.776768669569474,508,0.8479057291795529,45558.0,1.0,True
02,legacy_lrlrlr,18,45688.0,6.0,0.05,29.105613615055645,516,0.9501488232676126,45688.0,1.0,True
02,legacy_lrlrlr,19,45808.0,6.0,0.05,37.18650884136548,570,0.9733125197399399,45808.05,1.1,True
02,legacy_lrlrlr,0,30722.0,2.0,0.15,17.98456380998437,533,0.0,,,True
02,legacy_lrlrlr,1,31206.0,2.0,0.15,20.820996161522473,462,0.0,,,True
02,legacy_lrlrlr,2,31326.0,2.0,0.15,17.409362742940587,567,0.9239411930274847,31326.05,1.1,True
02,legacy_lrlrlr,3,36097.0,2.0,0.15,8.929575832645948,504,0.8224806484680706,36096.95,1.0,True
02,legacy_lrlrlr,4,36347.0,2.0,0.15,12.281643774782301,544,0.0,,,True
02,legacy_lrlrlr,5,36416.0,2.0,0.15,15.022799477737568,526,0.9052567733036953,36416.05,1.0,True
02,legacy_lrlrlr,6,36613.0,2.0,0.15,11.692911161509235,545,0.0,,,True
02,legacy_lrlrlr,7,40396.0,2.0,0.15,17.313309075697347,561,0.9602451767166601,40396.05,1.1,True
02,legacy_lrlrlr,8,40616.0,2.0,0.15,20.578740040216143,520,0.9090936675829507,40615.95,1.0,True
02,legacy_lrlrlr,9,40758.0,2.0,0.15,21.75940546948131,506,0.9036162300009659,40758.15,0.9,True
02,legacy_lrlrlr,10,40986.0,2.0,0.15,15.074565854949002,553,0.9116356198277823,40985.9,1.1,True
02,legacy_lrlrlr,11,41047.0,2.0,0.15,14.064096133390509,544,0.45673148507039707,41047.1,1.0,True
02,legacy_lrlrlr,12,41118.0,2.0,0.15,11.995163455722347,562,0.0,,,True
02,legacy_lrlrlr,13,42145.0,2.0,0.15,9.89825696730755,585,0.8520952710977113,42144.85,1.2,True
02,legacy_lrlrlr,14,42299.0,2.0,0.15,9.656950025840239,494,0.8835600307284732,42299.1,0.9,True
02,legacy_lrlrlr,15,42474.0,2.0,0.15,9.99625604679516,466,0.8783287276973302,42474.0,0.9,True
02,legacy_lrlrlr,16,42607.0,2.0,0.15,10.890285810322252,520,0.8500364752011096,42606.95,1.0,True
02,legacy_lrlrlr,17,45558.0,2.0,0.15,23.776768669569474,489,0.6213563038820065,45557.35,0.9,True
02,legacy_lrlrlr,18,45688.0,2.0,0.15,29.105613615055645,517,0.8370536500745471,45688.05,1.0,True
02,legacy_lrlrlr,19,45808.0,2.0,0.15,37.18650884136548,533,0.8929599175576156,45808.1,1.0,True
02,legacy_lrlrlr,0,30722.0,4.0,0.15,17.98456380998437,504,0.0,,,True
02,legacy_lrlrlr,1,31206.0,4.0,0.15,20.820996161522473,503,0.0,,,True
02,legacy_lrlrlr,2,31326.0,4.0,0.15,17.409362742940587,592,0.9211803418051413,31326.15,1.1,True
02,legacy_lrlrlr,3,36097.0,4.0,0.15,8.929575832645948,487,0.8915089888569554,36097.05,0.9,True
02,legacy_lrlrlr,4,36347.0,4.0,0.15,12.281643774782301,531,0.0,,,True
02,legacy_lrlrlr,5,36416.0,4.0,0.15,15.022799477737568,470,0.9444146868536855,36415.95,0.9,True
02,legacy_lrlrlr,6,36613.0,4.0,0.15,11.692911161509235,542,0.8978305720893651,36612.9,1.1,True
02,legacy_lrlrlr,7,40396.0,4.0,0.15,17.313309075697347,516,0.9329243702729249,40396.0,1.0,True
02,legacy_lrlrlr,8,40616.0,4.0,0.15,20.578740040216143,527,0.9581752508757264,40616.1,1.0,True
02,legacy_lrlrlr,9,40758.0,4.0,0.15,21.75940546948131,477,0.937556822206293,40758.0,0.9,True
02,legacy_lrlrlr,10,40986.0,4.0,0.15,15.074565854949002,470,0.9315481306895271,40985.95,0.9,True
02,legacy_lrlrlr,11,41047.0,4.0,0.15,14.064096133390509,483,0.7632413573811475,41047.0,0.9,True
02,legacy_lrlrlr,12,41118.0,4.0,0.15,11.995163455722347,545,0.6255216392208873,41117.35,1.0,True
02,legacy_lrlrlr,13,42145.0,4.0,0.15,9.89825696730755,553,0.9181811648028184,42145.2,1.0,True
02,legacy_lrlrlr,14,42299.0,4.0,0.15,9.656950025840239,501,0.91928814965306,42298.9,1.0,True
02,legacy_lrlrlr,15,42474.0,4.0,0.15,9.99625604679516,515,0.9248672533834839,42473.95,1.0,True
02,legacy_lrlrlr,16,42607.0,4.0,0.15,10.890285810322252,547,0.9072944917304807,42606.9,1.1,True
02,legacy_lrlrlr,17,45558.0,4.0,0.15,23.776768669569474,543,0.7248560395072694,45557.3,1.0,True
02,legacy_lrlrlr,18,45688.0,4.0,0.15,29.105613615055645,565,0.9506404183723511,45688.1,1.1,True
02,legacy_lrlrlr,19,45808.0,4.0,0.15,37.18650884136548,457,0.9356555803536366,45807.85,0.9,True
02,legacy_lrlrlr,0,30722.0,6.0,0.15,17.98456380998437,526,0.8986577035660935,30721.8,1.1,True
02,legacy_lrlrlr,1,31206.0,6.0,0.15,20.820996161522473,473,0.6928910422451144,31206.6,0.9,True
02,legacy_lrlrlr,2,31326.0,6.0,0.15,17.409362742940587,538,0.9482958684776752,31326.15,1.0,True
02,legacy_lrlrlr,3,36097.0,6.0,0.15,8.929575832645948,482,0.9346121161536656,36097.0,0.9,True
02,legacy_lrlrlr,4,36347.0,6.0,0.15,12.281643774782301,535,0.7186949979411894,36346.8,1.1,True
02,legacy_lrlrlr,5,36416.0,6.0,0.15,15.022799477737568,527,0.9641107053401263,36416.0,1.0,True
02,legacy_lrlrlr,6,36613.0,6.0,0.15,11.692911161509235,521,0.9416934033634788,36613.05,1.0,True
02,legacy_lrlrlr,7,40396.0,6.0,0.15,17.313309075697347,547,0.9495241385930636,40396.1,1.0,True
02,legacy_lrlrlr,8,40616.0,6.0,0.15,20.578740040216143,584,0.9664380664857427,40615.9,1.2,True
02,legacy_lrlrlr,9,40758.0,6.0,0.15,21.75940546948131,508,0.959269436973452,40757.95,1.0,True
02,legacy_lrlrlr,10,40986.0,6.0,0.15,15.074565854949002,499,0.9281261398245123,40985.95,1.0,True
02,legacy_lrlrlr,11,41047.0,6.0,0.15,14.064096133390509,559,0.8601783262709795,41046.95,1.1,True
02,legacy_lrlrlr,12,41118.0,6.0,0.15,11.995163455722347,559,0.6863393486560522,41117.45,1.0,True
02,legacy_lrlrlr,13,42145.0,6.0,0.15,9.89825696730755,550,0.9680074419766549,42145.0,1.1,True
02,legacy_lrlrlr,14,42299.0,6.0,0.15,9.656950025840239,516,0.9643068422897282,42299.0,1.0,True
02,legacy_lrlrlr,15,42474.0,6.0,0.15,9.99625604679516,484,0.9503998385031777,42474.05,0.9,True
02,legacy_lrlrlr,16,42607.0,6.0,0.15,10.890285810322252,577,0.9568192738370283,42607.05,1.1,True
02,legacy_lrlrlr,17,45558.0,6.0,0.15,23.776768669569474,551,0.8868443892258283,45557.9,1.1,True
02,legacy_lrlrlr,18,45688.0,6.0,0.15,29.105613615055645,543,0.924061405032521,45687.9,1.1,True
02,legacy_lrlrlr,19,45808.0,6.0,0.15,37.18650884136548,532,0.9537103112498689,45808.1,1.0,True
02,legacy_lrlrlr,0,30722.0,2.0,0.25,17.98456380998437,536,0.734057488001727,30721.95,1.1,True
02,legacy_lrlrlr,1,31206.0,2.0,0.25,20.820996161522473,529,0.0,,,True
02,legacy_lrlrlr,2,31326.0,2.0,0.25,17.409362742940587,546,0.8681086937282072,31326.0,1.1,True
02,legacy_lrlrlr,3,36097.0,2.0,0.25,8.929575832645948,524,0.7437508150786913,36097.2,0.9,True
02,legacy_lrlrlr,4,36347.0,2.0,0.25,12.281643774782301,454,0.0,,,True
02,legacy_lrlrlr,5,36416.0,2.0,0.25,15.022799477737568,534,0.8352645459139924,36416.05,1.0,True
02,legacy_lrlrlr,6,36613.0,2.0,0.25,11.692911161509235,484,0.7976400942980632,36612.75,1.0,True
02,legacy_lrlrlr,7,40396.0,2.0,0.25,17.313309075697347,534,0.9277581752439349,40395.85,1.1,True
02,legacy_lrlrlr,8,40616.0,2.0,0.25,20.578740040216143,573,0.8950426461571744,40616.2,1.1,True
02,legacy_lrlrlr,9,40758.0,2.0,0.25,21.75940546948131,484,0.8624533370826991,40758.05,0.9,True
02,legacy_lrlrlr,10,40986.0,2.0,0.25,15.074565854949002,567,0.9116557319101286,40986.0,1.1,True
02,legacy_lrlrlr,11,41047.0,2.0,0.25,14.064096133390509,592,0.0,,,True
02,legacy_lrlrlr,12,41118.0,2.0,0.25,11.995163455722347,566,0.5382228193086683,41118.0,1.2,True
02,legacy_lrlrlr,13,42145.0,2.0,0.25,9.89825696730755,510,0.8102598461012791,42145.6,1.0,True
02,legacy_lrlrlr,14,42299.0,2.0,0.25,9.656950025840239,481,0.8218091125137751,42298.9,0.9,True
02,legacy_lrlrlr,15,42474.0,2.0,0.25,9.99625604679516,523,0.8931669864348363,42473.8,1.1,True
02,legacy_lrlrlr,16,42607.0,2.0,0.25,10.890285810322252,506,0.8257995142657523,42607.75,1.0,True
02,legacy_lrlrlr,17,45558.0,2.0,0.25,23.776768669569474,540,0.5450327044144628,45557.45,0.9,True
02,legacy_lrlrlr,18,45688.0,2.0,0.25,29.105613615055645,510,0.7608555339325497,45687.9,1.0,True
02,legacy_lrlrlr,19,45808.0,2.0,0.25,37.18650884136548,557,0.86360315759417,45808.7,1.1,True
02,legacy_lrlrlr,0,30722.0,4.0,0.25,17.98456380998437,568,0.5377421149056437,30722.65,1.1,True
02,legacy_lrlrlr,1,31206.0,4.0,0.25,20.820996161522473,513,0.6020529387665576,31206.65,1.0,True
02,legacy_lrlrlr,2,31326.0,4.0,0.25,17.409362742940587,541,0.8928968545358267,31326.25,1.0,True
02,legacy_lrlrlr,3,36097.0,4.0,0.25,8.929575832645948,488,0.8853943620738496,36097.0,0.9,True
02,legacy_lrlrlr,4,36347.0,4.0,0.25,12.281643774782301,462,0.0,,,True
02,legacy_lrlrlr,5,36416.0,4.0,0.25,15.022799477737568,591,0.931357251872481,36416.1,1.1,True
02,legacy_lrlrlr,6,36613.0,4.0,0.25,11.692911161509235,479,0.8499357977648513,36613.0,0.9,True
02,legacy_lrlrlr,7,40396.0,4.0,0.25,17.313309075697347,547,0.9200805911097066,40396.15,1.0,True
02,legacy_lrlrlr,8,40616.0,4.0,0.25,20.578740040216143,511,0.9564193371393991,40615.95,1.0,True
02,legacy_lrlrlr,9,40758.0,4.0,0.25,21.75940546948131,458,0.8574308908987237,40757.85,0.9,True
02,legacy_lrlrlr,10,40986.0,4.0,0.25,15.074565854949002,528,0.9613493537412015,40985.95,1.1,True
02,legacy_lrlrlr,11,41047.0,4.0,0.25,14.064096133390509,481,0.7143531535507948,41047.1,0.9,True
02,legacy_lrlrlr,12,41118.0,4.0,0.25,11.995163455722347,559,0.5932397124481882,41117.4,1.0,True
02,legacy_lrlrlr,13,42145.0,4.0,0.25,9.89825696730755,466,0.8690256466622394,42145.0,0.9,True
02,legacy_lrlrlr,14,42299.0,4.0,0.25,9.656950025840239,515,0.92085292785006,42298.95,1.0,True
02,legacy_lrlrlr,15,42474.0,4.0,0.25,9.99625604679516,516,0.8437668986795531,42474.15,1.0,True
02,legacy_lrlrlr,16,42607.0,4.0,0.25,10.890285810322252,573,0.9294061884234037,42607.1,1.1,True
02,legacy_lrlrlr,17,45558.0,4.0,0.25,23.776768669569474,515,0.718708072320475,45557.3,0.9,True
02,legacy_lrlrlr,18,45688.0,4.0,0.25,29.105613615055645,456,0.8841675172762185,45687.85,0.9,True
02,legacy_lrlrlr,19,45808.0,4.0,0.25,37.18650884136548,580,0.9054117402264404,45807.8,1.2,True
02,legacy_lrlrlr,0,30722.0,6.0,0.25,17.98456380998437,478,0.8946375017203417,30721.3,0.9,True
02,legacy_lrlrlr,1,31206.0,6.0,0.25,20.820996161522473,558,0.6843735127591933,31206.65,1.1,True
02,legacy_lrlrlr,2,31326.0,6.0,0.25,17.409362742940587,564,0.9259806107360706,31326.2,1.0,True
02,legacy_lrlrlr,3,36097.0,6.0,0.25,8.929575832645948,552,0.0,,,True
02,legacy_lrlrlr,4,36347.0,6.0,0.25,12.281643774782301,521,0.6201663386446665,36347.15,0.9,True
02,legacy_lrlrlr,5,36416.0,6.0,0.25,15.022799477737568,521,0.9157754515413123,36416.05,1.0,True
02,legacy_lrlrlr,6,36613.0,6.0,0.25,11.692911161509235,532,0.9360399903803346,36613.0,1.0,True
02,legacy_lrlrlr,7,40396.0,6.0,0.25,17.313309075697347,564,0.9086740375282879,40396.15,1.1,True
02,legacy_lrlrlr,8,40616.0,6.0,0.25,20.578740040216143,563,0.9249803791292058,40616.05,1.1,True
02,legacy_lrlrlr,9,40758.0,6.0,0.25,21.75940546948131,564,0.9349007923928041,40758.1,1.1,True
02,legacy_lrlrlr,10,40986.0,6.0,0.25,15.074565854949002,616,0.9652139331643302,40986.05,1.2,True
02,legacy_lrlrlr,11,41047.0,6.0,0.25,14.064096133390509,526,0.8249946138685172,41047.0,1.0,True
02,legacy_lrlrlr,12,41118.0,6.0,0.25,11.995163455722347,509,0.7576014277555837,41117.5,0.9,True
02,legacy_lrlrlr,13,42145.0,6.0,0.25,9.89825696730755,455,0.9289139432083502,42145.2,0.8,True
02,legacy_lrlrlr,14,42299.0,6.0,0.25,9.656950025840239,566,0.9400161504272636,42299.05,1.1,True
02,legacy_lrlrlr,15,42474.0,6.0,0.25,9.99625604679516,499,0.9376515222808577,42474.15,0.9,True
02,legacy_lrlrlr,16,42607.0,6.0,0.25,10.890285810322252,528,0.9143047132114964,42607.1,1.0,True
02,legacy_lrlrlr,17,45558.0,6.0,0.25,23.776768669569474,576,0.8977840679455839,45557.95,1.2,True
02,legacy_lrlrlr,18,45688.0,6.0,0.25,29.105613615055645,605,0.9641706375752195,45687.9,1.2,True
02,legacy_lrlrlr,19,45808.0,6.0,0.25,37.18650884136548,582,0.9088580066040535,45808.1,1.1,True
02,double_lrlr_pause,0,30722.0,2.0,0.05,17.98456380998437,865,0.0,,,True
02,double_lrlr_pause,1,31206.0,2.0,0.05,20.820996161522473,792,0.0,,,True
02,double_lrlr_pause,2,31326.0,2.0,0.05,17.409362742940587,741,0.7262335451242969,31325.9,1.0,True
02,double_lrlr_pause,3,36097.0,2.0,0.05,8.929575832645948,730,0.0,,,True
02,double_lrlr_pause,4,36347.0,2.0,0.05,12.281643774782301,833,0.0,,,True
02,double_lrlr_pause,5,36416.0,2.0,0.05,15.022799477737568,712,0.9101401703289672,36416.0,0.9,True
02,double_lrlr_pause,6,36613.0,2.0,0.05,11.692911161509235,744,0.7499301498685537,36612.85,1.0,True
02,double_lrlr_pause,7,40396.0,2.0,0.05,17.313309075697347,790,0.9211141245468443,40396.05,1.0,True
02,double_lrlr_pause,8,40616.0,2.0,0.05,20.578740040216143,801,0.7452233176704771,40616.15,1.0,True
02,double_lrlr_pause,9,40758.0,2.0,0.05,21.75940546948131,785,0.7250408619964855,40758.1,1.0,True
02,double_lrlr_pause,10,40986.0,2.0,0.05,15.074565854949002,773,0.9458786186761585,40986.0,1.0,True
02,double_lrlr_pause,11,41047.0,2.0,0.05,14.064096133390509,805,0.0,,,True
02,double_lrlr_pause,12,41118.0,2.0,0.05,11.995163455722347,824,0.5052283103016838,41118.2,1.2,True
02,double_lrlr_pause,13,42145.0,2.0,0.05,9.89825696730755,757,0.7647855555174146,42144.95,1.0,True
02,double_lrlr_pause,14,42299.0,2.0,0.05,9.656950025840239,855,0.9070247855489122,42299.05,1.1,True
02,double_lrlr_pause,15,42474.0,2.0,0.05,9.99625604679516,798,0.8213137863382433,42474.15,1.0,True
02,double_lrlr_pause,16,42607.0,2.0,0.05,10.890285810322252,806,0.7273446581704206,42606.85,1.1,True
02,double_lrlr_pause,17,45558.0,2.0,0.05,23.776768669569474,833,0.0,,,True
02,double_lrlr_pause,18,45688.0,2.0,0.05,29.105613615055645,791,0.5830695369538332,45688.15,1.0,True
02,double_lrlr_pause,19,45808.0,2.0,0.05,37.18650884136548,805,0.6482347199968342,45807.95,1.1,True
02,double_lrlr_pause,0,30722.0,4.0,0.05,17.98456380998437,772,0.8106021804316188,30722.7,1.0,True
02,double_lrlr_pause,1,31206.0,4.0,0.05,20.820996161522473,726,0.5589166766609033,31206.75,0.9,True
02,double_lrlr_pause,2,31326.0,4.0,0.05,17.409362742940587,809,0.7416624136512727,31325.9,1.1,True
02,double_lrlr_pause,3,36097.0,4.0,0.05,8.929575832645948,723,0.7977288223868872,36097.0,0.9,True
02,double_lrlr_pause,4,36347.0,4.0,0.05,12.281643774782301,705,0.6305731985757504,36347.0,0.9,True
02,double_lrlr_pause,5,36416.0,4.0,0.05,15.022799477737568,783,0.9552085683388689,36416.05,1.0,True
02,double_lrlr_pause,6,36613.0,4.0,0.05,11.692911161509235,869,0.8190423279493642,36613.1,1.1,True
02,double_lrlr_pause,7,40396.0,4.0,0.05,17.313309075697347,740,0.8889230572323006,40395.85,1.0,True
02,double_lrlr_pause,8,40616.0,4.0,0.05,20.578740040216143,721,0.9175167890746739,40616.1,0.9,True
02,double_lrlr_pause,9,40758.0,4.0,0.05,21.75940546948131,798,0.8197796547348072,40758.15,1.0,True
02,double_lrlr_pause,10,40986.0,4.0,0.05,15.074565854949002,701,0.9785887573109345,40985.95,0.9,True
02,double_lrlr_pause,11,41047.0,4.0,0.05,14.064096133390509,752,0.7958794356438412,41046.9,1.0,True
02,double_lrlr_pause,12,41118.0,4.0,0.05,11.995163455722347,777,0.7797347047159178,41118.05,1.0,True
02,double_lrlr_pause,13,42145.0,4.0,0.05,9.89825696730755,882,0.8521648730199698,42145.25,1.1,True
02,double_lrlr_pause,14,42299.0,4.0,0.05,9.656950025840239,718,0.896305198190612,42299.05,0.9,True
02,double_lrlr_pause,15,42474.0,4.0,0.05,9.99625604679516,721,0.8758663681857967,42474.05,0.9,True
02,double_lrlr_pause,16,42607.0,4.0,0.05,10.890285810322252,785,0.9244902437452177,42607.1,1.0,True
02,double_lrlr_pause,17,45558.0,4.0,0.05,23.776768669569474,820,0.6086941346280754,45558.3,1.0,True
02,double_lrlr_pause,18,45688.0,4.0,0.05,29.105613615055645,726,0.78738965530573,45688.05,0.9,True
02,double_lrlr_pause,19,45808.0,4.0,0.05,37.18650884136548,811,0.7990529293019714,45808.2,1.0,True
02,double_lrlr_pause,0,30722.0,6.0,0.05,17.98456380998437,757,0.8580045609234306,30721.9,1.0,True
02,double_lrlr_pause,1,31206.0,6.0,0.05,20.820996161522473,727,0.7306126667628253,31206.1,0.9,True
02,double_lrlr_pause,2,31326.0,6.0,0.05,17.409362742940587,778,0.9305443609599302,31326.05,1.0,True
02,double_lrlr_pause,3,36097.0,6.0,0.05,8.929575832645948,718,0.8618184268572752,36097.05,0.9,True
02,double_lrlr_pause,4,36347.0,6.0,0.05,12.281643774782301,725,0.7306988382762549,36347.05,0.9,True
02,double_lrlr_pause,5,36416.0,6.0,0.05,15.022799477737568,783,0.9760341196032922,36416.05,1.0,True
02,double_lrlr_pause,6,36613.0,6.0,0.05,11.692911161509235,724,0.8175358103904334,36613.1,0.9,True
02,double_lrlr_pause,7,40396.0,6.0,0.05,17.313309075697347,767,0.9921071981406446,40396.0,1.0,True
02,double_lrlr_pause,8,40616.0,6.0,0.05,20.578740040216143,734,0.8319248692127665,40615.85,1.0,True
02,double_lrlr_pause,9,40758.0,6.0,0.05,21.75940546948131,827,0.9083414402477589,40757.9,1.1,True
02,double_lrlr_pause,10,40986.0,6.0,0.05,15.074565854949002,768,0.9623436261923752,40986.0,1.0,True
02,double_lrlr_pause,11,41047.0,6.0,0.05,14.064096133390509,732,0.767410008972252,41047.15,0.9,True
02,double_lrlr_pause,12,41118.0,6.0,0.05,11.995163455722347,714,0.7613577284973764,41118.65,0.9,True
02,double_lrlr_pause,13,42145.0,6.0,0.05,9.89825696730755,773,0.9562375603471223,42145.0,1.0,True
02,double_lrlr_pause,14,42299.0,6.0,0.05,9.656950025840239,843,0.9728070483369158,42299.05,1.1,True
02,double_lrlr_pause,15,42474.0,6.0,0.05,9.99625604679516,736,0.8338271384914379,42473.8,1.0,True
02,double_lrlr_pause,16,42607.0,6.0,0.05,10.890285810322252,814,0.8735071216482555,42606.9,1.1,True
02,double_lrlr_pause,17,45558.0,6.0,0.05,23.776768669569474,705,0.8578308810983098,45558.0,0.9,True
02,double_lrlr_pause,18,45688.0,6.0,0.05,29.105613615055645,844,0.8351432096204853,45688.0,1.1,True
02,double_lrlr_pause,19,45808.0,6.0,0.05,37.18650884136548,810,0.8230520112553039,45807.9,1.1,True
02,double_lrlr_pause,0,30722.0,2.0,0.15,17.98456380998437,828,0.6840502428550501,30721.95,1.1,True
02,double_lrlr_pause,1,31206.0,2.0,0.15,20.820996161522473,813,0.0,,,True
02,double_lrlr_pause,2,31326.0,2.0,0.15,17.409362742940587,823,0.6350800028621342,31326.3,1.0,True
02,double_lrlr_pause,3,36097.0,2.0,0.15,8.929575832645948,774,0.7840209001052407,36096.95,1.0,True
02,double_lrlr_pause,4,36347.0,2.0,0.15,12.281643774782301,788,0.4945643951734724,36347.0,1.0,True
02,double_lrlr_pause,5,36416.0,2.0,0.15,15.022799477737568,834,0.9288843454819864,36416.0,1.1,True
02,double_lrlr_pause,6,36613.0,2.0,0.15,11.692911161509235,762,0.7769795741259193,36613.0,1.0,True
02,double_lrlr_pause,7,40396.0,2.0,0.15,17.313309075697347,733,0.8925042392825171,40395.8,1.0,True
02,double_lrlr_pause,8,40616.0,2.0,0.15,20.578740040216143,816,0.7360259256109897,40615.95,1.1,True
02,double_lrlr_pause,9,40758.0,2.0,0.15,21.75940546948131,701,0.0,,,True
02,double_lrlr_pause,10,40986.0,2.0,0.15,15.074565854949002,700,0.9089235611836963,40986.0,0.9,True
02,double_lrlr_pause,11,41047.0,2.0,0.15,14.064096133390509,800,0.0,,,True
02,double_lrlr_pause,12,41118.0,2.0,0.15,11.995163455722347,834,0.519982813083543,41118.15,1.2,True
02,double_lrlr_pause,13,42145.0,2.0,0.15,9.89825696730755,821,0.7710239582973485,42144.9,1.1,True
02,double_lrlr_pause,14,42299.0,2.0,0.15,9.656950025840239,825,0.8794590542307734,42299.0,1.1,True
02,double_lrlr_pause,15,42474.0,2.0,0.15,9.99625604679516,747,0.8014419330771954,42473.95,1.0,True
02,double_lrlr_pause,16,42607.0,2.0,0.15,10.890285810322252,784,0.8127203958677043,42607.15,1.0,True
02,double_lrlr_pause,17,45558.0,2.0,0.15,23.776768669569474,784,0.7054103619184234,45557.8,1.1,True
02,double_lrlr_pause,18,45688.0,2.0,0.15,29.105613615055645,819,0.6050268908514816,45687.95,1.1,True
02,double_lrlr_pause,19,45808.0,2.0,0.15,37.18650884136548,801,0.0,,,True
02,double_lrlr_pause,0,30722.0,4.0,0.15,17.98456380998437,705,0.7182160085578427,30721.95,0.9,True
02,double_lrlr_pause,1,31206.0,4.0,0.15,20.820996161522473,868,0.6387790297616852,31206.2,1.1,True
02,double_lrlr_pause,2,31326.0,4.0,0.15,17.409362742940587,814,0.812882316181887,31326.25,1.0,True
02,double_lrlr_pause,3,36097.0,4.0,0.15,8.929575832645948,720,0.8438117545548612,36097.1,0.9,True
02,double_lrlr_pause,4,36347.0,4.0,0.15,12.281643774782301,806,0.5842342009853756,36346.75,1.1,True
02,double_lrlr_pause,5,36416.0,4.0,0.15,15.022799477737568,788,0.9442454229028031,36416.05,1.0,True
02,double_lrlr_pause,6,36613.0,4.0,0.15,11.692911161509235,777,0.8849738236955291,36613.1,1.0,True
02,double_lrlr_pause,7,40396.0,4.0,0.15,17.313309075697347,722,0.8914924860876788,40396.05,0.9,True
02,double_lrlr_pause,8,40616.0,4.0,0.15,20.578740040216143,759,0.9365554050601475,40615.95,1.0,True
02,double_lrlr_pause,9,40758.0,4.0,0.15,21.75940546948131,788,0.787423379026051,40757.75,1.1,True
02,double_lrlr_pause,10,40986.0,4.0,0.15,15.074565854949002,784,0.9346071715963332,40986.05,1.0,True
02,double_lrlr_pause,11,41047.0,4.0,0.15,14.064096133390509,742,0.7364197256043586,41046.95,1.0,True
02,double_lrlr_pause,12,41118.0,4.0,0.15,11.995163455722347,784,0.6181436479622001,41118.75,1.0,True
02,double_lrlr_pause,13,42145.0,4.0,0.15,9.89825696730755,762,0.9315736867065553,42145.0,1.0,True
02,double_lrlr_pause,14,42299.0,4.0,0.15,9.656950025840239,748,0.840623650089658,42299.1,0.9,True
02,double_lrlr_pause,15,42474.0,4.0,0.15,9.99625604679516,866,0.9399313417986861,42474.15,1.1,True
02,double_lrlr_pause,16,42607.0,4.0,0.15,10.890285810322252,835,0.9196372244611741,42606.95,1.1,True
02,double_lrlr_pause,17,45558.0,4.0,0.15,23.776768669569474,845,0.8795123054596811,45558.0,1.1,True
02,double_lrlr_pause,18,45688.0,4.0,0.15,29.105613615055645,779,0.8329793851215785,45688.0,1.0,True
02,double_lrlr_pause,19,45808.0,4.0,0.15,37.18650884136548,752,0.804561447884647,45807.9,1.0,True
02,double_lrlr_pause,0,30722.0,6.0,0.15,17.98456380998437,879,0.8320101758136009,30722.2,1.1,True
02,double_lrlr_pause,1,31206.0,6.0,0.15,20.820996161522473,836,0.7270310741993958,31206.0,1.1,True
02,double_lrlr_pause,2,31326.0,6.0,0.15,17.409362742940587,734,0.8451942916783698,31325.7,1.0,True
02,double_lrlr_pause,3,36097.0,6.0,0.15,8.929575832645948,839,0.9124385795017285,36097.0,1.1,True
02,double_lrlr_pause,4,36347.0,6.0,0.15,12.281643774782301,712,0.724831379048552,36346.95,0.9,True
02,double_lrlr_pause,5,36416.0,6.0,0.15,15.022799477737568,725,0.8601303877165957,36416.05,0.9,True
02,double_lrlr_pause,6,36613.0,6.0,0.15,11.692911161509235,854,0.894727571377857,36613.05,1.1,True
02,double_lrlr_pause,7,40396.0,6.0,0.15,17.313309075697347,725,0.888662131558051,40396.05,0.9,True
02,double_lrlr_pause,8,40616.0,6.0,0.15,20.578740040216143,726,0.8544925222887834,40616.15,0.9,True
02,double_lrlr_pause,9,40758.0,6.0,0.15,21.75940546948131,704,0.9112607023890636,40757.9,0.9,True
02,double_lrlr_pause,10,40986.0,6.0,0.15,15.074565854949002,862,0.9366798404049859,40986.1,1.1,True
02,double_lrlr_pause,11,41047.0,6.0,0.15,14.064096133390509,801,0.8002413280307877,41047.1,1.0,True
02,double_lrlr_pause,12,41118.0,6.0,0.15,11.995163455722347,781,0.6930514565150403,41118.75,1.0,True
02,double_lrlr_pause,13,42145.0,6.0,0.15,9.89825696730755,734,0.87575745078419,42145.1,0.9,True
02,double_lrlr_pause,14,42299.0,6.0,0.15,9.656950025840239,849,0.9711121532306639,42299.0,1.1,True
02,double_lrlr_pause,15,42474.0,6.0,0.15,9.99625604679516,769,0.9466421659397524,42473.95,1.0,True
02,double_lrlr_pause,16,42607.0,6.0,0.15,10.890285810322252,813,0.8760332049007127,42606.85,1.1,True
02,double_lrlr_pause,17,45558.0,6.0,0.15,23.776768669569474,738,0.7787679723413459,45557.9,1.0,True
02,double_lrlr_pause,18,45688.0,6.0,0.15,29.105613615055645,732,0.767817721803084,45688.0,0.9,True
02,double_lrlr_pause,19,45808.0,6.0,0.15,37.18650884136548,774,0.9398287257349048,45808.1,1.0,True
02,double_lrlr_pause,0,30722.0,2.0,0.25,17.98456380998437,751,0.5874326319859352,30722.55,1.0,True
02,double_lrlr_pause,1,31206.0,2.0,0.25,20.820996161522473,756,0.0,,,True
02,double_lrlr_pause,2,31326.0,2.0,0.25,17.409362742940587,811,0.6576447720125841,31326.0,1.1,True
02,double_lrlr_pause,3,36097.0,2.0,0.25,8.929575832645948,872,0.7067578293519672,36097.2,1.1,True
02,double_lrlr_pause,4,36347.0,2.0,0.25,12.281643774782301,844,0.0,,,True
02,double_lrlr_pause,5,36416.0,2.0,0.25,15.022799477737568,685,0.7569559576969056,36415.7,0.9,True
02,double_lrlr_pause,6,36613.0,2.0,0.25,11.692911161509235,773,0.7459752957524398,36612.45,1.0,True
02,double_lrlr_pause,7,40396.0,2.0,0.25,17.313309075697347,759,0.913591973869411,40395.95,1.0,True
02,double_lrlr_pause,8,40616.0,2.0,0.25,20.578740040216143,744,0.7710351952394677,40615.7,1.0,True
02,double_lrlr_pause,9,40758.0,2.0,0.25,21.75940546948131,791,0.6247271201245734,40757.7,1.1,True
02,double_lrlr_pause,10,40986.0,2.0,0.25,15.074565854949002,719,0.8557662162501479,40986.15,0.9,True
02,double_lrlr_pause,11,41047.0,2.0,0.25,14.064096133390509,869,0.6671405511195201,41047.0,1.1,True
02,double_lrlr_pause,12,41118.0,2.0,0.25,11.995163455722347,744,0.6108635079885538,41118.4,1.0,True
02,double_lrlr_pause,13,42145.0,2.0,0.25,9.89825696730755,759,0.7527507002516576,42144.9,1.0,True
02,double_lrlr_pause,14,42299.0,2.0,0.25,9.656950025840239,745,0.772993633599939,42298.85,1.0,True
02,double_lrlr_pause,15,42474.0,2.0,0.25,9.99625604679516,814,0.7827863596187948,42473.95,1.1,True
02,double_lrlr_pause,16,42607.0,2.0,0.25,10.890285810322252,837,0.8049015693735676,42607.0,1.1,True
02,double_lrlr_pause,17,45558.0,2.0,0.25,23.776768669569474,800,0.0,,,True
02,double_lrlr_pause,18,45688.0,2.0,0.25,29.105613615055645,795,0.6683880336234977,45688.35,0.9,True
02,double_lrlr_pause,19,45808.0,2.0,0.25,37.18650884136548,792,0.0,,,True
02,double_lrlr_pause,0,30722.0,4.0,0.25,17.98456380998437,797,0.4515197260046049,30721.35,1.0,True
02,double_lrlr_pause,1,31206.0,4.0,0.25,20.820996161522473,762,0.6076846185195975,31206.6,1.0,True
02,double_lrlr_pause,2,31326.0,4.0,0.25,17.409362742940587,737,0.722371237333487,31326.05,0.9,True
02,double_lrlr_pause,3,36097.0,4.0,0.25,8.929575832645948,874,0.7343536086284123,36097.15,1.1,True
02,double_lrlr_pause,4,36347.0,4.0,0.25,12.281643774782301,732,0.0,,,True
02,double_lrlr_pause,5,36416.0,4.0,0.25,15.022799477737568,721,0.7887146590301554,36416.05,0.9,True
02,double_lrlr_pause,6,36613.0,4.0,0.25,11.692911161509235,771,0.7374350766423476,36613.0,1.0,True
02,double_lrlr_pause,7,40396.0,4.0,0.25,17.313309075697347,819,0.8733268074257245,40395.85,1.1,True
02,double_lrlr_pause,8,40616.0,4.0,0.25,20.578740040216143,837,0.9126817767773269,40616.05,1.1,True
02,double_lrlr_pause,9,40758.0,4.0,0.25,21.75940546948131,733,0.7078723981950545,40757.3,1.0,True
02,double_lrlr_pause,10,40986.0,4.0,0.25,15.074565854949002,809,0.8863072493819839,40986.15,1.0,True
02,double_lrlr_pause,11,41047.0,4.0,0.25,14.064096133390509,800,0.7345208817933359,41046.8,1.1,True
02,double_lrlr_pause,12,41118.0,4.0,0.25,11.995163455722347,688,0.6851215021918456,41118.5,0.9,True
02,double_lrlr_pause,13,42145.0,4.0,0.25,9.89825696730755,864,0.9159682272502465,42145.05,1.1,True
02,double_lrlr_pause,14,42299.0,4.0,0.25,9.656950025840239,748,0.7968619551933845,42299.4,0.9,True
02,double_lrlr_pause,15,42474.0,4.0,0.25,9.99625604679516,726,0.8629342741576894,42473.9,1.0,True
02,double_lrlr_pause,16,42607.0,4.0,0.25,10.890285810322252,762,0.7994470223521344,42606.85,1.0,True
02,double_lrlr_pause,17,45558.0,4.0,0.25,23.776768669569474,770,0.659511435945336,45557.85,1.0,True
02,double_lrlr_pause,18,45688.0,4.0,0.25,29.105613615055645,828,0.7400619779058456,45687.9,1.1,True
02,double_lrlr_pause,19,45808.0,4.0,0.25,37.18650884136548,791,0.8114234122203495,45808.05,1.0,True
02,double_lrlr_pause,0,30722.0,6.0,0.25,17.98456380998437,756,0.8963993235132235,30721.95,1.0,True
02,double_lrlr_pause,1,31206.0,6.0,0.25,20.820996161522473,720,0.7366031147634169,31206.05,0.9,True
02,double_lrlr_pause,2,31326.0,6.0,0.25,17.409362742940587,692,0.8532667146700313,31326.05,0.9,True
02,double_lrlr_pause,3,36097.0,6.0,0.25,8.929575832645948,769,0.8262209685899691,36097.1,1.0,True
02,double_lrlr_pause,4,36347.0,6.0,0.25,12.281643774782301,690,0.0,,,True
02,double_lrlr_pause,5,36416.0,6.0,0.25,15.022799477737568,711,0.9086613819883449,36415.9,0.9,True
02,double_lrlr_pause,6,36613.0,6.0,0.25,11.692911161509235,812,0.8032644832824454,36612.9,1.1,True
02,double_lrlr_pause,7,40396.0,6.0,0.25,17.313309075697347,851,0.8823227463617352,40396.1,1.1,True
02,double_lrlr_pause,8,40616.0,6.0,0.25,20.578740040216143,798,0.8530600549109798,40616.1,1.0,True
02,double_lrlr_pause,9,40758.0,6.0,0.25,21.75940546948131,736,0.8329351591740654,40757.8,1.0,True
02,double_lrlr_pause,10,40986.0,6.0,0.25,15.074565854949002,841,0.9072006461387397,40986.05,1.1,True
02,double_lrlr_pause,11,41047.0,6.0,0.25,14.064096133390509,830,0.7605885337065624,41046.9,1.1,True
02,double_lrlr_pause,12,41118.0,6.0,0.25,11.995163455722347,786,0.774985849416424,41117.85,1.1,True
02,double_lrlr_pause,13,42145.0,6.0,0.25,9.89825696730755,762,0.9054079001059202,42145.2,0.9,True
02,double_lrlr_pause,14,42299.0,6.0,0.25,9.656950025840239,765,0.8544591304994036,42298.85,1.0,True
02,double_lrlr_pause,15,42474.0,6.0,0.25,9.99625604679516,742,0.8476524824419187,42474.15,0.9,True
02,double_lrlr_pause,16,42607.0,6.0,0.25,10.890285810322252,665,0.7903112778608514,42606.85,0.9,True
02,double_lrlr_pause,17,45558.0,6.0,0.25,23.776768669569474,713,0.8317938635116385,45558.0,0.9,True
02,double_lrlr_pause,18,45688.0,6.0,0.25,29.105613615055645,778,0.8439504122155842,45687.95,1.0,True
02,double_lrlr_pause,19,45808.0,6.0,0.25,37.18650884136548,821,0.8981080224026581,45807.9,1.1,True
02,iso8_matched,0,30722.0,2.0,0.05,17.98456380998437,718,0.6920192939800816,30721.25,1.1,True
02,iso8_matched,1,31206.0,2.0,0.05,20.820996161522473,664,0.0,,,True
02,iso8_matched,2,31326.0,2.0,0.05,17.409362742940587,649,0.8416220791319059,31326.65,1.0,True
02,iso8_matched,3,36097.0,2.0,0.05,8.929575832645948,711,0.7974965822352534,36097.0,1.1,True
02,iso8_matched,4,36347.0,2.0,0.05,12.281643774782301,692,0.45138711111113705,36347.25,1.0,True
02,iso8_matched,5,36416.0,2.0,0.05,15.022799477737568,622,0.8307707592086134,36415.85,1.0,True
02,iso8_matched,6,36613.0,2.0,0.05,11.692911161509235,662,0.7765224128592295,36613.0,1.0,True
02,iso8_matched,7,40396.0,2.0,0.05,17.313309075697347,607,0.9613020693503864,40396.0,0.9,True
02,iso8_matched,8,40616.0,2.0,0.05,20.578740040216143,718,0.9148841482857674,40616.05,1.1,True
02,iso8_matched,9,40758.0,2.0,0.05,21.75940546948131,690,0.8351776888892088,40757.95,1.1,True
02,iso8_matched,10,40986.0,2.0,0.05,15.074565854949002,711,0.9630460263570413,40985.95,1.1,True
02,iso8_matched,11,41047.0,2.0,0.05,14.064096133390509,748,0.0,,,True
02,iso8_matched,12,41118.0,2.0,0.05,11.995163455722347,731,0.5454322449640028,41117.95,1.2,True
02,iso8_matched,13,42145.0,2.0,0.05,9.89825696730755,752,0.8314147676613086,42144.9,1.2,True
02,iso8_matched,14,42299.0,2.0,0.05,9.656950025840239,619,0.8599225514855762,42299.05,0.9,True
02,iso8_matched,15,42474.0,2.0,0.05,9.99625604679516,712,0.8947174832448253,42473.95,1.1,True
02,iso8_matched,16,42607.0,2.0,0.05,10.890285810322252,665,0.8565146814858832,42607.05,1.0,True
02,iso8_matched,17,45558.0,2.0,0.05,23.776768669569474,646,0.5502399543936399,45557.25,1.0,True
02,iso8_matched,18,45688.0,2.0,0.05,29.105613615055645,742,0.7905053562645064,45688.15,1.1,True
02,iso8_matched,19,45808.0,2.0,0.05,37.18650884136548,681,0.0,,,True
02,iso8_matched,0,30722.0,4.0,0.05,17.98456380998437,681,0.7424569987798462,30722.1,1.0,True
02,iso8_matched,1,31206.0,4.0,0.05,20.820996161522473,701,0.621250239245256,31206.0,1.1,True
02,iso8_matched,2,31326.0,4.0,0.05,17.409362742940587,737,0.9171807113468567,31326.1,1.1,True
02,iso8_matched,3,36097.0,4.0,0.05,8.929575832645948,655,0.9445685460011782,36097.0,1.0,True
02,iso8_matched,4,36347.0,4.0,0.05,12.281643774782301,640,0.5914646944719937,36347.6,1.0,True
02,iso8_matched,5,36416.0,4.0,0.05,15.022799477737568,650,0.9579547710443602,36415.95,1.0,True
02,iso8_matched,6,36613.0,4.0,0.05,11.692911161509235,670,0.8908835401598147,36613.05,1.0,True
02,iso8_matched,7,40396.0,4.0,0.05,17.313309075697347,694,0.9347240659953577,40395.9,1.1,True
02,iso8_matched,8,40616.0,4.0,0.05,20.578740040216143,624,0.9111049154235099,40616.05,0.9,True
02,iso8_matched,9,40758.0,4.0,0.05,21.75940546948131,691,0.8337829304733979,40757.9,1.1,True
02,iso8_matched,10,40986.0,4.0,0.05,15.074565854949002,737,0.9374797204849229,40986.1,1.1,True
02,iso8_matched,11,41047.0,4.0,0.05,14.064096133390509,744,0.7730003403640041,41046.85,1.2,True
02,iso8_matched,12,41118.0,4.0,0.05,11.995163455722347,693,0.5972644433612949,41117.9,1.1,True
02,iso8_matched,13,42145.0,4.0,0.05,9.89825696730755,723,0.9615315097686753,42145.05,1.1,True
02,iso8_matched,14,42299.0,4.0,0.05,9.656950025840239,704,0.9439118086789559,42298.95,1.1,True
02,iso8_matched,15,42474.0,4.0,0.05,9.99625604679516,622,0.8928539363284403,42474.1,0.9,True
02,iso8_matched,16,42607.0,4.0,0.05,10.890285810322252,671,0.917760995652806,42607.05,1.0,True
02,iso8_matched,17,45558.0,4.0,0.05,23.776768669569474,621,0.7574021899673236,45557.45,0.9,True
02,iso8_matched,18,45688.0,4.0,0.05,29.105613615055645,617,0.9113693149855708,45688.05,0.9,True
02,iso8_matched,19,45808.0,4.0,0.05,37.18650884136548,591,0.9128450750841524,45807.9,0.9,True
02,iso8_matched,0,30722.0,6.0,0.05,17.98456380998437,611,0.8757159256194426,30722.05,0.9,True
02,iso8_matched,1,31206.0,6.0,0.05,20.820996161522473,663,0.767335572586837,31206.05,1.0,True
02,iso8_matched,2,31326.0,6.0,0.05,17.409362742940587,625,0.8754847128787199,31326.05,0.9,True
02,iso8_matched,3,36097.0,6.0,0.05,8.929575832645948,735,0.9362022536836556,36097.1,1.1,True
02,iso8_matched,4,36347.0,6.0,0.05,12.281643774782301,659,0.7246727853713678,36347.05,1.0,True
02,iso8_matched,5,36416.0,6.0,0.05,15.022799477737568,607,0.9707107219983806,36416.0,0.9,True
02,iso8_matched,6,36613.0,6.0,0.05,11.692911161509235,682,0.8521692188925609,36613.1,1.0,True
02,iso8_matched,7,40396.0,6.0,0.05,17.313309075697347,652,0.9725786099715313,40395.95,1.0,True
02,iso8_matched,8,40616.0,6.0,0.05,20.578740040216143,728,0.9649376813697903,40616.05,1.1,True
02,iso8_matched,9,40758.0,6.0,0.05,21.75940546948131,641,0.9251498168029769,40757.95,1.0,True
02,iso8_matched,10,40986.0,6.0,0.05,15.074565854949002,743,0.9493058172434488,40986.15,1.1,True
02,iso8_matched,11,41047.0,6.0,0.05,14.064096133390509,641,0.8284596854705223,41046.9,1.0,True
02,iso8_matched,12,41118.0,6.0,0.05,11.995163455722347,697,0.7191467231912502,41118.7,1.1,True
02,iso8_matched,13,42145.0,6.0,0.05,9.89825696730755,689,0.9117825765905913,42144.9,1.1,True
02,iso8_matched,14,42299.0,6.0,0.05,9.656950025840239,706,0.9547474642551641,42299.0,1.1,True
02,iso8_matched,15,42474.0,6.0,0.05,9.99625604679516,705,0.9552582962952653,42474.0,1.1,True
02,iso8_matched,16,42607.0,6.0,0.05,10.890285810322252,647,0.9649098988021504,42606.95,1.0,True
02,iso8_matched,17,45558.0,6.0,0.05,23.776768669569474,681,0.7083851793850738,45557.4,1.0,True
02,iso8_matched,18,45688.0,6.0,0.05,29.105613615055645,729,0.9303050752123624,45688.1,1.1,True
02,iso8_matched,19,45808.0,6.0,0.05,37.18650884136548,712,0.9536432374323683,45808.0,1.1,True
02,iso8_matched,0,30722.0,2.0,0.15,17.98456380998437,630,0.0,,,True
02,iso8_matched,1,31206.0,2.0,0.15,20.820996161522473,710,0.0,,,True
02,iso8_matched,2,31326.0,2.0,0.15,17.409362742940587,660,0.7671790242291254,31326.65,1.0,True
02,iso8_matched,3,36097.0,2.0,0.15,8.929575832645948,603,0.7721005232489637,36097.6,0.9,True
02,iso8_matched,4,36347.0,2.0,0.15,12.281643774782301,683,0.0,,,True
02,iso8_matched,5,36416.0,2.0,0.15,15.022799477737568,644,0.8860388066212571,36416.0,1.0,True
02,iso8_matched,6,36613.0,2.0,0.15,11.692911161509235,607,0.7736831627708166,36613.0,0.9,True
02,iso8_matched,7,40396.0,2.0,0.15,17.313309075697347,689,0.92892792339342,40395.9,1.1,True
02,iso8_matched,8,40616.0,2.0,0.15,20.578740040216143,617,0.9345312042819623,40616.05,0.9,True
02,iso8_matched,9,40758.0,2.0,0.15,21.75940546948131,748,0.0,,,True
02,iso8_matched,10,40986.0,2.0,0.15,15.074565854949002,661,0.9155068236279864,40986.0,1.0,True
02,iso8_matched,11,41047.0,2.0,0.15,14.064096133390509,617,0.4553833575391323,41047.7,0.9,True
02,iso8_matched,12,41118.0,2.0,0.15,11.995163455722347,701,0.5216230843774187,41118.3,1.2,True
02,iso8_matched,13,42145.0,2.0,0.15,9.89825696730755,639,0.8629190386978769,42145.6,1.0,True
02,iso8_matched,14,42299.0,2.0,0.15,9.656950025840239,616,0.8638686701428374,42299.05,0.9,True
02,iso8_matched,15,42474.0,2.0,0.15,9.99625604679516,673,0.8789602512634958,42474.05,1.0,True
02,iso8_matched,16,42607.0,2.0,0.15,10.890285810322252,694,0.8344070563966811,42606.9,1.1,True
02,iso8_matched,17,45558.0,2.0,0.15,23.776768669569474,679,0.0,,,True
02,iso8_matched,18,45688.0,2.0,0.15,29.105613615055645,633,0.7976022951603038,45687.9,1.0,True
02,iso8_matched,19,45808.0,2.0,0.15,37.18650884136548,680,0.8010827981974036,45807.8,1.1,True
02,iso8_matched,0,30722.0,4.0,0.15,17.98456380998437,627,0.7722891477038955,30721.85,1.0,True
02,iso8_matched,1,31206.0,4.0,0.15,20.820996161522473,685,0.6549376655710349,31206.55,1.1,True
02,iso8_matched,2,31326.0,4.0,0.15,17.409362742940587,612,0.9363483630015937,31325.95,0.9,True
02,iso8_matched,3,36097.0,4.0,0.15,8.929575832645948,721,0.9300779676585026,36097.05,1.1,True
02,iso8_matched,4,36347.0,4.0,0.15,12.281643774782301,683,0.0,,,True
02,iso8_matched,5,36416.0,4.0,0.15,15.022799477737568,673,0.8896011688939877,36415.8,1.1,True
02,iso8_matched,6,36613.0,4.0,0.15,11.692911161509235,636,0.8443708942250829,36612.9,1.0,True
02,iso8_matched,7,40396.0,4.0,0.15,17.313309075697347,704,0.9556053577468357,40395.9,1.1,True
02,iso8_matched,8,40616.0,4.0,0.15,20.578740040216143,705,0.9502624131761185,40615.95,1.1,True
02,iso8_matched,9,40758.0,4.0,0.15,21.75940546948131,712,0.8962186089389382,40758.0,1.1,True
02,iso8_matched,10,40986.0,4.0,0.15,15.074565854949002,694,0.9029640444263426,40986.0,1.1,True
02,iso8_matched,11,41047.0,4.0,0.15,14.064096133390509,690,0.6855038859143997,41047.25,1.0,True
02,iso8_matched,12,41118.0,4.0,0.15,11.995163455722347,682,0.588101825874202,41118.2,1.0,True
02,iso8_matched,13,42145.0,4.0,0.15,9.89825696730755,660,0.9475927680960564,42145.1,1.0,True
02,iso8_matched,14,42299.0,4.0,0.15,9.656950025840239,661,0.9056876180637105,42299.0,1.0,True
02,iso8_matched,15,42474.0,4.0,0.15,9.99625604679516,652,0.9495652046973736,42474.0,1.0,True
02,iso8_matched,16,42607.0,4.0,0.15,10.890285810322252,663,0.9251671642869326,42607.1,1.0,True
02,iso8_matched,17,45558.0,4.0,0.15,23.776768669569474,597,0.765044855679674,45557.3,0.9,True
02,iso8_matched,18,45688.0,4.0,0.15,29.105613615055645,733,0.8782101435731198,45688.15,1.1,True
02,iso8_matched,19,45808.0,4.0,0.15,37.18650884136548,656,0.8918296092678949,45808.05,1.0,True
02,iso8_matched,0,30722.0,6.0,0.15,17.98456380998437,623,0.8857261235123646,30722.05,0.9,True
02,iso8_matched,1,31206.0,6.0,0.15,20.820996161522473,658,0.7843374379406686,31206.7,1.0,True
02,iso8_matched,2,31326.0,6.0,0.15,17.409362742940587,716,0.7907768729009709,31326.75,1.1,True
02,iso8_matched,3,36097.0,6.0,0.15,8.929575832645948,646,0.9375526550494514,36097.0,1.0,True
02,iso8_matched,4,36347.0,6.0,0.15,12.281643774782301,716,0.7470559951282281,36346.25,1.1,True
02,iso8_matched,5,36416.0,6.0,0.15,15.022799477737568,707,0.959815941806187,36416.0,1.1,True
02,iso8_matched,6,36613.0,6.0,0.15,11.692911161509235,640,0.9103920249616394,36612.9,1.0,True
02,iso8_matched,7,40396.0,6.0,0.15,17.313309075697347,604,0.935334831662414,40395.95,0.9,True
02,iso8_matched,8,40616.0,6.0,0.15,20.578740040216143,602,0.9295523370762359,40616.0,0.9,True
02,iso8_matched,9,40758.0,6.0,0.15,21.75940546948131,712,0.949711283545752,40758.05,1.1,True
02,iso8_matched,10,40986.0,6.0,0.15,15.074565854949002,648,0.9521459443387941,40985.9,1.0,True
02,iso8_matched,11,41047.0,6.0,0.15,14.064096133390509,690,0.7769336875674081,41046.85,1.1,True
02,iso8_matched,12,41118.0,6.0,0.15,11.995163455722347,615,0.719982086864825,41118.05,0.9,True
02,iso8_matched,13,42145.0,6.0,0.15,9.89825696730755,737,0.9224492787040267,42145.2,1.1,True
02,iso8_matched,14,42299.0,6.0,0.15,9.656950025840239,687,0.8855528084872172,42298.8,1.1,True
02,iso8_matched,15,42474.0,6.0,0.15,9.99625604679516,609,0.9115866054308375,42474.1,0.9,True
02,iso8_matched,16,42607.0,6.0,0.15,10.890285810322252,736,0.8965725930682402,42607.15,1.1,True
02,iso8_matched,17,45558.0,6.0,0.15,23.776768669569474,660,0.6787104824956706,45557.35,1.0,True
02,iso8_matched,18,45688.0,6.0,0.15,29.105613615055645,607,0.9181172558394859,45688.05,0.9,True
02,iso8_matched,19,45808.0,6.0,0.15,37.18650884136548,677,0.9015315970803086,45808.15,1.0,True
02,iso8_matched,0,30722.0,2.0,0.25,17.98456380998437,658,0.5611921162656439,30721.95,1.0,True
02,iso8_matched,1,31206.0,2.0,0.25,20.820996161522473,732,0.4819120131014607,31206.15,1.1,True
02,iso8_matched,2,31326.0,2.0,0.25,17.409362742940587,687,0.7527729808694181,31325.3,1.0,True
02,iso8_matched,3,36097.0,2.0,0.25,8.929575832645948,674,0.774345738969878,36097.05,1.0,True
02,iso8_matched,4,36347.0,2.0,0.25,12.281643774782301,631,0.0,,,True
02,iso8_matched,5,36416.0,2.0,0.25,15.022799477737568,725,0.9041679663617529,36416.1,1.1,True
02,iso8_matched,6,36613.0,2.0,0.25,11.692911161509235,676,0.7109648949577714,36613.25,1.0,True
02,iso8_matched,7,40396.0,2.0,0.25,17.313309075697347,609,0.8550564658427862,40396.05,0.9,True
02,iso8_matched,8,40616.0,2.0,0.25,20.578740040216143,593,0.8520895538652415,40615.85,0.9,True
02,iso8_matched,9,40758.0,2.0,0.25,21.75940546948131,754,0.8424201033882336,40757.9,1.2,True
02,iso8_matched,10,40986.0,2.0,0.25,15.074565854949002,664,0.8858855006154298,40986.05,1.0,True
02,iso8_matched,11,41047.0,2.0,0.25,14.064096133390509,700,0.6020179316750592,41046.75,1.2,True
02,iso8_matched,12,41118.0,2.0,0.25,11.995163455722347,654,0.0,,,True
02,iso8_matched,13,42145.0,2.0,0.25,9.89825696730755,641,0.811766956067336,42145.05,1.0,True
02,iso8_matched,14,42299.0,2.0,0.25,9.656950025840239,717,0.8708564988022068,42299.05,1.1,True
02,iso8_matched,15,42474.0,2.0,0.25,9.99625604679516,603,0.8404500061946392,42473.9,0.9,True
02,iso8_matched,16,42607.0,2.0,0.25,10.890285810322252,722,0.8274599294075758,42607.0,1.1,True
02,iso8_matched,17,45558.0,2.0,0.25,23.776768669569474,730,0.6433847554071308,45558.7,1.1,True
02,iso8_matched,18,45688.0,2.0,0.25,29.105613615055645,621,0.8222629608657828,45688.15,0.9,True
02,iso8_matched,19,45808.0,2.0,0.25,37.18650884136548,714,0.0,,,True
02,iso8_matched,0,30722.0,4.0,0.25,17.98456380998437,616,0.6059391051493839,30722.25,0.9,True
02,iso8_matched,1,31206.0,4.0,0.25,20.820996161522473,694,0.687770567768983,31206.6,1.1,True
02,iso8_matched,2,31326.0,4.0,0.25,17.409362742940587,725,0.8704207016555134,31326.0,1.1,True
02,iso8_matched,3,36097.0,4.0,0.25,8.929575832645948,737,0.9147295381184554,36097.15,1.1,True
02,iso8_matched,4,36347.0,4.0,0.25,12.281643774782301,704,0.0,,,True
02,iso8_matched,5,36416.0,4.0,0.25,15.022799477737568,645,0.9202960741455878,36416.0,1.0,True
02,iso8_matched,6,36613.0,4.0,0.25,11.692911161509235,655,0.8910738376448355,36613.0,1.0,True
02,iso8_matched,7,40396.0,4.0,0.25,17.313309075697347,623,0.8611582786204403,40395.8,1.0,True
02,iso8_matched,8,40616.0,4.0,0.25,20.578740040216143,695,0.891935384057799,40615.85,1.1,True
02,iso8_matched,9,40758.0,4.0,0.25,21.75940546948131,675,0.8713553744387885,40758.45,1.1,True
02,iso8_matched,10,40986.0,4.0,0.25,15.074565854949002,558,0.7707150172717498,40985.75,0.9,True
02,iso8_matched,11,41047.0,4.0,0.25,14.064096133390509,700,0.7245098378737784,41046.85,1.1,True
02,iso8_matched,12,41118.0,4.0,0.25,11.995163455722347,645,0.5695262498063222,41118.6,1.0,True
02,iso8_matched,13,42145.0,4.0,0.25,9.89825696730755,737,0.8899329633207782,42145.25,1.1,True
02,iso8_matched,14,42299.0,4.0,0.25,9.656950025840239,601,0.861617748601193,42299.1,0.9,True
02,iso8_matched,15,42474.0,4.0,0.25,9.99625604679516,628,0.8406357455071304,42473.7,1.0,True
02,iso8_matched,16,42607.0,4.0,0.25,10.890285810322252,662,0.9061415350209769,42606.95,1.0,True
02,iso8_matched,17,45558.0,4.0,0.25,23.776768669569474,768,0.7391492881262757,45558.35,1.1,True
02,iso8_matched,18,45688.0,4.0,0.25,29.105613615055645,679,0.7914389352436869,45688.25,1.0,True
02,iso8_matched,19,45808.0,4.0,0.25,37.18650884136548,723,0.818176029181588,45808.1,1.1,True
02,iso8_matched,0,30722.0,6.0,0.25,17.98456380998437,634,0.8318252765003442,30722.0,1.0,True
02,iso8_matched,1,31206.0,6.0,0.25,20.820996161522473,642,0.638049667710174,31206.1,0.9,True
02,iso8_matched,2,31326.0,6.0,0.25,17.409362742940587,665,0.9023622403995384,31326.05,1.0,True
02,iso8_matched,3,36097.0,6.0,0.25,8.929575832645948,721,0.9230472025834839,36097.1,1.1,True
02,iso8_matched,4,36347.0,6.0,0.25,12.281643774782301,664,0.0,,,True
02,iso8_matched,5,36416.0,6.0,0.25,15.022799477737568,623,0.934590160729023,36416.05,0.9,True
02,iso8_matched,6,36613.0,6.0,0.25,11.692911161509235,613,0.8904971073882112,36612.9,0.9,True
02,iso8_matched,7,40396.0,6.0,0.25,17.313309075697347,616,0.8790996376429893,40395.9,0.9,True
02,iso8_matched,8,40616.0,6.0,0.25,20.578740040216143,685,0.9242478352856468,40615.8,1.1,True
02,iso8_matched,9,40758.0,6.0,0.25,21.75940546948131,655,0.8444728558284252,40757.95,1.0,True
02,iso8_matched,10,40986.0,6.0,0.25,15.074565854949002,638,0.8922393600277148,40985.9,1.0,True
02,iso8_matched,11,41047.0,6.0,0.25,14.064096133390509,690,0.7948184743122033,41046.85,1.1,True
02,iso8_matched,12,41118.0,6.0,0.25,11.995163455722347,603,0.6306178847942381,41118.05,0.9,True
02,iso8_matched,13,42145.0,6.0,0.25,9.89825696730755,546,0.781549607554589,42145.1,0.8,True
02,iso8_matched,14,42299.0,6.0,0.25,9.656950025840239,592,0.8810380451034648,42298.85,0.9,True
02,iso8_matched,15,42474.0,6.0,0.25,9.99625604679516,715,0.9396903629614819,42474.0,1.1,True
02,iso8_matched,16,42607.0,6.0,0.25,10.890285810322252,669,0.8890977003297481,42607.05,1.0,True
02,iso8_matched,17,45558.0,6.0,0.25,23.776768669569474,686,0.8556475744455441,45557.8,1.1,True
02,iso8_matched,18,45688.0,6.0,0.25,29.105613615055645,700,0.8619575644808679,45688.15,1.0,True
02,iso8_matched,19,45808.0,6.0,0.25,37.18650884136548,647,0.9137767589271265,45807.9,1.0,True
02,sync8_c0,0,30722.0,2.0,0.05,17.98456380998437,649,0.0,,,True
02,sync8_c0,1,31206.0,2.0,0.05,20.820996161522473,705,0.0,,,True
02,sync8_c0,2,31326.0,2.0,0.05,17.409362742940587,656,0.7976846985822507,31326.0,1.0,True
02,sync8_c0,3,36097.0,2.0,0.05,8.929575832645948,612,0.783587220813741,36097.0,0.9,True
02,sync8_c0,4,36347.0,2.0,0.05,12.281643774782301,629,0.0,,,True
02,sync8_c0,5,36416.0,2.0,0.05,15.022799477737568,652,0.9437821051325448,36416.0,1.0,True
02,sync8_c0,6,36613.0,2.0,0.05,11.692911161509235,650,0.8250960955665079,36613.0,1.0,True
02,sync8_c0,7,40396.0,2.0,0.05,17.313309075697347,693,0.9573473652355334,40395.95,1.1,True
02,sync8_c0,8,40616.0,2.0,0.05,20.578740040216143,720,0.8933121095458029,40616.1,1.1,True
02,sync8_c0,9,40758.0,2.0,0.05,21.75940546948131,634,0.8452228087153268,40757.9,1.0,True
02,sync8_c0,10,40986.0,2.0,0.05,15.074565854949002,687,0.896887567607804,40986.1,1.0,True
02,sync8_c0,11,41047.0,2.0,0.05,14.064096133390509,628,0.0,,,True
02,sync8_c0,12,41118.0,2.0,0.05,11.995163455722347,601,0.0,,,True
02,sync8_c0,13,42145.0,2.0,0.05,9.89825696730755,613,0.8582879223474527,42145.0,0.9,True
02,sync8_c0,14,42299.0,2.0,0.05,9.656950025840239,605,0.9014041758917837,42299.0,0.9,True
02,sync8_c0,15,42474.0,2.0,0.05,9.99625604679516,673,0.8852550044801164,42474.1,1.0,True
02,sync8_c0,16,42607.0,2.0,0.05,10.890285810322252,724,0.8374299437774899,42607.15,1.1,True
02,sync8_c0,17,45558.0,2.0,0.05,23.776768669569474,679,0.495607844490638,45557.85,1.1,True
02,sync8_c0,18,45688.0,2.0,0.05,29.105613615055645,731,0.7762495977523518,45688.2,1.1,True
02,sync8_c0,19,45808.0,2.0,0.05,37.18650884136548,680,0.8239592436794491,45807.95,1.1,True
02,sync8_c0,0,30722.0,4.0,0.05,17.98456380998437,658,0.8594350509193058,30722.0,1.0,True
02,sync8_c0,1,31206.0,4.0,0.05,20.820996161522473,693,0.4817549068360476,31206.2,1.0,True
02,sync8_c0,2,31326.0,4.0,0.05,17.409362742940587,675,0.872237929121757,31325.9,1.1,True
02,sync8_c0,3,36097.0,4.0,0.05,8.929575832645948,610,0.9066594054167815,36097.0,0.9,True
02,sync8_c0,4,36347.0,4.0,0.05,12.281643774782301,755,0.6248127817568718,36346.95,1.2,True
02,sync8_c0,5,36416.0,4.0,0.05,15.022799477737568,695,0.9320730966631107,36415.95,1.1,True
02,sync8_c0,6,36613.0,4.0,0.05,11.692911161509235,651,0.9195990590630636,36613.0,1.0,True
02,sync8_c0,7,40396.0,4.0,0.05,17.313309075697347,739,0.8997449860792971,40396.2,1.1,True
02,sync8_c0,8,40616.0,4.0,0.05,20.578740040216143,686,0.9074570076501669,40615.95,1.1,True
02,sync8_c0,9,40758.0,4.0,0.05,21.75940546948131,694,0.8891277377273,40757.95,1.1,True
02,sync8_c0,10,40986.0,4.0,0.05,15.074565854949002,690,0.9282773008369805,40985.95,1.1,True
02,sync8_c0,11,41047.0,4.0,0.05,14.064096133390509,633,0.7188661316939158,41046.9,1.0,True
02,sync8_c0,12,41118.0,4.0,0.05,11.995163455722347,733,0.6589488548306306,41118.6,1.2,True
02,sync8_c0,13,42145.0,4.0,0.05,9.89825696730755,723,0.9135775680941909,42145.15,1.1,True
02,sync8_c0,14,42299.0,4.0,0.05,9.656950025840239,583,0.8954405773691244,42298.9,0.9,True
02,sync8_c0,15,42474.0,4.0,0.05,9.99625604679516,694,0.9377632448089152,42474.0,1.1,True
02,sync8_c0,16,42607.0,4.0,0.05,10.890285810322252,709,0.9581139030993122,42607.05,1.1,True
02,sync8_c0,17,45558.0,4.0,0.05,23.776768669569474,652,0.7613961078152651,45558.0,1.0,True
02,sync8_c0,18,45688.0,4.0,0.05,29.105613615055645,632,0.8642894914693785,45688.15,0.9,True
02,sync8_c0,19,45808.0,4.0,0.05,37.18650884136548,666,0.9150811736674115,45808.0,1.0,True
02,sync8_c0,0,30722.0,6.0,0.05,17.98456380998437,711,0.8913644427920193,30722.05,1.1,True
02,sync8_c0,1,31206.0,6.0,0.05,20.820996161522473,666,0.7216937571288082,31206.05,1.0,True
02,sync8_c0,2,31326.0,6.0,0.05,17.409362742940587,686,0.9257736429073767,31325.95,1.1,True
02,sync8_c0,3,36097.0,6.0,0.05,8.929575832645948,734,0.9129824294861667,36097.15,1.1,True
02,sync8_c0,4,36347.0,6.0,0.05,12.281643774782301,729,0.6031682516451198,36347.1,1.1,True
02,sync8_c0,5,36416.0,6.0,0.05,15.022799477737568,697,0.9586616567612658,36416.0,1.1,True
02,sync8_c0,6,36613.0,6.0,0.05,11.692911161509235,702,0.9485722910188933,36613.05,1.1,True
02,sync8_c0,7,40396.0,6.0,0.05,17.313309075697347,626,0.9002461257268961,40396.1,0.9,True
02,sync8_c0,8,40616.0,6.0,0.05,20.578740040216143,717,0.9704473817928758,40616.1,1.1,True
02,sync8_c0,9,40758.0,6.0,0.05,21.75940546948131,699,0.9640161561741711,40758.05,1.1,True
02,sync8_c0,10,40986.0,6.0,0.05,15.074565854949002,601,0.9652189856120945,40985.95,0.9,True
02,sync8_c0,11,41047.0,6.0,0.05,14.064096133390509,742,0.765401892304718,41047.2,1.1,True
02,sync8_c0,12,41118.0,6.0,0.05,11.995163455722347,720,0.7655798524459244,41118.1,1.1,True
02,sync8_c0,13,42145.0,6.0,0.05,9.89825696730755,730,0.8889183422861356,42145.2,1.1,True
02,sync8_c0,14,42299.0,6.0,0.05,9.656950025840239,734,0.9312802091146167,42299.15,1.1,True
02,sync8_c0,15,42474.0,6.0,0.05,9.99625604679516,660,0.9730532424025322,42474.0,1.0,True
02,sync8_c0,16,42607.0,6.0,0.05,10.890285810322252,657,0.979131036961405,42607.0,1.0,True
02,sync8_c0,17,45558.0,6.0,0.05,23.776768669569474,734,0.8325370888420897,45558.15,1.1,True
02,sync8_c0,18,45688.0,6.0,0.05,29.105613615055645,589,0.9106870347369943,45687.9,0.9,True
02,sync8_c0,19,45808.0,6.0,0.05,37.18650884136548,727,0.8491062053979789,45808.15,1.1,True
02,sync8_c0,0,30722.0,2.0,0.15,17.98456380998437,692,0.6346315916288221,30721.6,0.9,True
02,sync8_c0,1,31206.0,2.0,0.15,20.820996161522473,635,0.0,,,True
02,sync8_c0,2,31326.0,2.0,0.15,17.409362742940587,634,0.8231655464029386,31326.1,0.9,True
02,sync8_c0,3,36097.0,2.0,0.15,8.929575832645948,778,0.7976357236164534,36097.0,1.2,True
02,sync8_c0,4,36347.0,2.0,0.15,12.281643774782301,598,0.0,,,True
02,sync8_c0,5,36416.0,2.0,0.15,15.022799477737568,702,0.9198685259297433,36416.1,1.1,True
02,sync8_c0,6,36613.0,2.0,0.15,11.692911161509235,733,0.6950163356722565,36613.15,1.1,True
02,sync8_c0,7,40396.0,2.0,0.15,17.313309075697347,669,0.9643158686617909,40396.05,1.0,True
02,sync8_c0,8,40616.0,2.0,0.15,20.578740040216143,613,0.8489051806325983,40615.8,1.0,True
02,sync8_c0,9,40758.0,2.0,0.15,21.75940546948131,691,0.7911357636137242,40758.15,1.0,True
02,sync8_c0,10,40986.0,2.0,0.15,15.074565854949002,673,0.9031653849697672,40986.05,1.0,True
02,sync8_c0,11,41047.0,2.0,0.15,14.064096133390509,641,0.0,,,True
02,sync8_c0,12,41118.0,2.0,0.15,11.995163455722347,600,0.0,,,True
02,sync8_c0,13,42145.0,2.0,0.15,9.89825696730755,664,0.7979867966825921,42145.05,1.0,True
02,sync8_c0,14,42299.0,2.0,0.15,9.656950025840239,727,0.8804350224874126,42299.1,1.1,True
02,sync8_c0,15,42474.0,2.0,0.15,9.99625604679516,707,0.9306140029958209,42474.0,1.1,True
02,sync8_c0,16,42607.0,2.0,0.15,10.890285810322252,724,0.821053333996205,42607.05,1.1,True
02,sync8_c0,17,45558.0,2.0,0.15,23.776768669569474,633,0.5318441904382817,45557.8,1.0,True
02,sync8_c0,18,45688.0,2.0,0.15,29.105613615055645,669,0.693356694211879,45687.95,1.0,True
02,sync8_c0,19,45808.0,2.0,0.15,37.18650884136548,613,0.8100625141091542,45807.95,0.9,True
02,sync8_c0,0,30722.0,4.0,0.15,17.98456380998437,645,0.8017293278633908,30721.9,1.0,True
02,sync8_c0,1,31206.0,4.0,0.15,20.820996161522473,633,0.4715319530515251,31206.05,0.9,True
02,sync8_c0,2,31326.0,4.0,0.15,17.409362742940587,716,0.8297430928179589,31326.1,1.1,True
02,sync8_c0,3,36097.0,4.0,0.15,8.929575832645948,721,0.903807873792341,36097.15,1.1,True
02,sync8_c0,4,36347.0,4.0,0.15,12.281643774782301,567,0.4578385997245352,36346.85,0.9,True
02,sync8_c0,5,36416.0,4.0,0.15,15.022799477737568,708,0.919864512579698,36416.15,1.1,True
02,sync8_c0,6,36613.0,4.0,0.15,11.692911161509235,717,0.8277094745740643,36613.15,1.1,True
02,sync8_c0,7,40396.0,4.0,0.15,17.313309075697347,714,0.9606450306049844,40396.05,1.1,True
02,sync8_c0,8,40616.0,4.0,0.15,20.578740040216143,708,0.9457956817333202,40616.05,1.1,True
02,sync8_c0,9,40758.0,4.0,0.15,21.75940546948131,601,0.889528349248137,40758.0,0.9,True
02,sync8_c0,10,40986.0,4.0,0.15,15.074565854949002,681,0.9382325886089828,40986.1,1.0,True
02,sync8_c0,11,41047.0,4.0,0.15,14.064096133390509,726,0.67736240797741,41047.2,1.1,True
02,sync8_c0,12,41118.0,4.0,0.15,11.995163455722347,693,0.6561547145184974,41117.95,1.1,True
02,sync8_c0,13,42145.0,4.0,0.15,9.89825696730755,715,0.9232691369911674,42145.0,1.1,True
02,sync8_c0,14,42299.0,4.0,0.15,9.656950025840239,712,0.9046503226619521,42299.0,1.1,True
02,sync8_c0,15,42474.0,4.0,0.15,9.99625604679516,728,0.9275242193432204,42474.15,1.1,True
02,sync8_c0,16,42607.0,4.0,0.15,10.890285810322252,653,0.8946728801902724,42607.05,1.0,True
02,sync8_c0,17,45558.0,4.0,0.15,23.776768669569474,607,0.7697311155016587,45558.05,0.9,True
02,sync8_c0,18,45688.0,4.0,0.15,29.105613615055645,623,0.8776067749656696,45688.0,0.9,True
02,sync8_c0,19,45808.0,4.0,0.15,37.18650884136548,670,0.8548741545342249,45807.9,1.1,True
02,sync8_c0,0,30722.0,6.0,0.15,17.98456380998437,711,0.8679763709313804,30722.0,1.1,True
02,sync8_c0,1,31206.0,6.0,0.15,20.820996161522473,673,0.6721208333151738,31206.1,1.0,True
02,sync8_c0,2,31326.0,6.0,0.15,17.409362742940587,631,0.8412631456606771,31326.0,0.9,True
02,sync8_c0,3,36097.0,6.0,0.15,8.929575832645948,658,0.9254882827256221,36097.05,1.0,True
02,sync8_c0,4,36347.0,6.0,0.15,12.281643774782301,647,0.6641054940204069,36346.95,1.0,True
02,sync8_c0,5,36416.0,6.0,0.15,15.022799477737568,678,0.9475060790557794,36416.15,1.0,True
02,sync8_c0,6,36613.0,6.0,0.15,11.692911161509235,675,0.9429402960840938,36613.05,1.0,True
02,sync8_c0,7,40396.0,6.0,0.15,17.313309075697347,704,0.9581195319119863,40396.0,1.1,True
02,sync8_c0,8,40616.0,6.0,0.15,20.578740040216143,657,0.9601985132133627,40616.0,1.0,True
02,sync8_c0,9,40758.0,6.0,0.15,21.75940546948131,696,0.919288680577577,40757.95,1.1,True
02,sync8_c0,10,40986.0,6.0,0.15,15.074565854949002,742,0.9094335851290151,40986.15,1.1,True
02,sync8_c0,11,41047.0,6.0,0.15,14.064096133390509,691,0.8262740258522607,41046.9,1.1,True
02,sync8_c0,12,41118.0,6.0,0.15,11.995163455722347,664,0.7032115527885522,41118.1,1.0,True
02,sync8_c0,13,42145.0,6.0,0.15,9.89825696730755,579,0.8583405602160731,42144.8,0.9,True
02,sync8_c0,14,42299.0,6.0,0.15,9.656950025840239,592,0.8897361206501484,42298.9,0.9,True
02,sync8_c0,15,42474.0,6.0,0.15,9.99625604679516,676,0.926876871082523,42474.15,1.0,True
02,sync8_c0,16,42607.0,6.0,0.15,10.890285810322252,721,0.9515432120999001,42607.1,1.1,True
02,sync8_c0,17,45558.0,6.0,0.15,23.776768669569474,636,0.8424983116189892,45558.0,1.0,True
02,sync8_c0,18,45688.0,6.0,0.15,29.105613615055645,681,0.9151668593467319,45688.0,1.1,True
02,sync8_c0,19,45808.0,6.0,0.15,37.18650884136548,690,0.932209431819129,45807.9,1.1,True
02,sync8_c0,0,30722.0,2.0,0.25,17.98456380998437,625,0.6485139929526353,30721.8,0.9,True
02,sync8_c0,1,31206.0,2.0,0.25,20.820996161522473,645,0.0,,,True
02,sync8_c0,2,31326.0,2.0,0.25,17.409362742940587,618,0.834221118906148,31325.95,0.9,True
02,sync8_c0,3,36097.0,2.0,0.25,8.929575832645948,773,0.7183493714111756,36097.0,1.2,True
02,sync8_c0,4,36347.0,2.0,0.25,12.281643774782301,738,0.0,,,True
02,sync8_c0,5,36416.0,2.0,0.25,15.022799477737568,716,0.8889403189135799,36416.05,1.1,True
02,sync8_c0,6,36613.0,2.0,0.25,11.692911161509235,627,0.604142786148395,36613.05,0.9,True
02,sync8_c0,7,40396.0,2.0,0.25,17.313309075697347,623,0.8413517571671587,40395.8,1.0,True
02,sync8_c0,8,40616.0,2.0,0.25,20.578740040216143,711,0.8553871458640958,40616.05,1.1,True
02,sync8_c0,9,40758.0,2.0,0.25,21.75940546948131,634,0.0,,,True
02,sync8_c0,10,40986.0,2.0,0.25,15.074565854949002,723,0.8631810247556074,40986.15,1.1,True
02,sync8_c0,11,41047.0,2.0,0.25,14.064096133390509,717,0.5600831449671329,41046.95,1.2,True
02,sync8_c0,12,41118.0,2.0,0.25,11.995163455722347,700,0.0,,,True
02,sync8_c0,13,42145.0,2.0,0.25,9.89825696730755,646,0.7836699892076197,42145.0,1.0,True
02,sync8_c0,14,42299.0,2.0,0.25,9.656950025840239,661,0.8188232784579548,42299.15,0.9,True
02,sync8_c0,15,42474.0,2.0,0.25,9.99625604679516,611,0.797508632460245,42473.95,0.9,True
02,sync8_c0,16,42607.0,2.0,0.25,10.890285810322252,655,0.7647784567751054,42607.1,1.0,True
02,sync8_c0,17,45558.0,2.0,0.25,23.776768669569474,676,0.4981949032071244,45557.55,1.2,True
02,sync8_c0,18,45688.0,2.0,0.25,29.105613615055645,612,0.736197371445158,45688.05,0.9,True
02,sync8_c0,19,45808.0,2.0,0.25,37.18650884136548,653,0.7881169991388557,45807.95,1.0,True
02,sync8_c0,0,30722.0,4.0,0.25,17.98456380998437,672,0.7897519920338485,30722.05,1.0,True
02,sync8_c0,1,31206.0,4.0,0.25,20.820996161522473,700,0.4621840534883028,31205.95,1.1,True
02,sync8_c0,2,31326.0,4.0,0.25,17.409362742940587,681,0.8641434870853213,31325.9,1.1,True
02,sync8_c0,3,36097.0,4.0,0.25,8.929575832645948,784,0.9051964482110391,36097.1,1.2,True
02,sync8_c0,4,36347.0,4.0,0.25,12.281643774782301,678,0.0,,,True
02,sync8_c0,5,36416.0,4.0,0.25,15.022799477737568,775,0.9491094294320566,36416.0,1.2,True
02,sync8_c0,6,36613.0,4.0,0.25,11.692911161509235,769,0.8684699201427338,36613.05,1.2,True
02,sync8_c0,7,40396.0,4.0,0.25,17.313309075697347,624,0.8328519965658365,40396.0,0.9,True
02,sync8_c0,8,40616.0,4.0,0.25,20.578740040216143,648,0.9016073124981115,40615.95,1.0,True
02,sync8_c0,9,40758.0,4.0,0.25,21.75940546948131,624,0.8437526060819456,40758.05,0.9,True
02,sync8_c0,10,40986.0,4.0,0.25,15.074565854949002,655,0.9224343471500932,40985.9,1.0,True
02,sync8_c0,11,41047.0,4.0,0.25,14.064096133390509,688,0.7599552737889228,41046.85,1.1,True
02,sync8_c0,12,41118.0,4.0,0.25,11.995163455722347,730,0.7133219584539775,41118.6,1.2,True
02,sync8_c0,13,42145.0,4.0,0.25,9.89825696730755,700,0.8643907740462246,42145.05,1.1,True
02,sync8_c0,14,42299.0,4.0,0.25,9.656950025840239,703,0.8946363941338503,42299.05,1.1,True
02,sync8_c0,15,42474.0,4.0,0.25,9.99625604679516,681,0.8998302385870717,42474.15,1.0,True
02,sync8_c0,16,42607.0,4.0,0.25,10.890285810322252,695,0.8319972901637683,42607.15,1.0,True
02,sync8_c0,17,45558.0,4.0,0.25,23.776768669569474,676,0.7400431843257911,45557.9,1.1,True
02,sync8_c0,18,45688.0,4.0,0.25,29.105613615055645,714,0.8816070176518618,45688.05,1.1,True
02,sync8_c0,19,45808.0,4.0,0.25,37.18650884136548,706,0.8902161723502371,45808.05,1.1,True
02,sync8_c0,0,30722.0,6.0,0.25,17.98456380998437,684,0.7844238105336494,30721.75,1.1,True
02,sync8_c0,1,31206.0,6.0,0.25,20.820996161522473,704,0.6683997009740221,31206.05,1.1,True
02,sync8_c0,2,31326.0,6.0,0.25,17.409362742940587,722,0.8774943892807793,31326.0,1.1,True
02,sync8_c0,3,36097.0,6.0,0.25,8.929575832645948,687,0.8671799062886061,36097.15,1.0,True
02,sync8_c0,4,36347.0,6.0,0.25,12.281643774782301,582,0.6571063898746048,36346.95,0.9,True
02,sync8_c0,5,36416.0,6.0,0.25,15.022799477737568,705,0.9011482334772778,36416.05,1.1,True
02,sync8_c0,6,36613.0,6.0,0.25,11.692911161509235,682,0.8498552443276814,36612.8,1.1,True
02,sync8_c0,7,40396.0,6.0,0.25,17.313309075697347,681,0.905524834046375,40396.0,1.1,True
02,sync8_c0,8,40616.0,6.0,0.25,20.578740040216143,718,0.9050224620316589,40615.95,1.1,True
02,sync8_c0,9,40758.0,6.0,0.25,21.75940546948131,647,0.8012521934109162,40757.95,1.0,True
02,sync8_c0,10,40986.0,6.0,0.25,15.074565854949002,676,0.9341712153959301,40985.9,1.1,True
02,sync8_c0,11,41047.0,6.0,0.25,14.064096133390509,652,0.7601363148956539,41046.9,1.0,True
02,sync8_c0,12,41118.0,6.0,0.25,11.995163455722347,633,0.6954227232278282,41118.0,1.0,True
02,sync8_c0,13,42145.0,6.0,0.25,9.89825696730755,630,0.8360504343755939,42145.0,0.9,True
02,sync8_c0,14,42299.0,6.0,0.25,9.656950025840239,665,0.8976382655140835,42298.95,1.1,True
02,sync8_c0,15,42474.0,6.0,0.25,9.99625604679516,723,0.885339309239061,42474.1,1.1,True
02,sync8_c0,16,42607.0,6.0,0.25,10.890285810322252,669,0.9085751348090041,42607.1,1.0,True
02,sync8_c0,17,45558.0,6.0,0.25,23.776768669569474,611,0.7753186075947152,45558.05,0.9,True
02,sync8_c0,18,45688.0,6.0,0.25,29.105613615055645,631,0.9114837788445583,45688.0,0.9,True
02,sync8_c0,19,45808.0,6.0,0.25,37.18650884136548,657,0.9095182238311125,45807.9,1.0,True
02,sync8_c1,0,30722.0,2.0,0.05,17.98456380998437,619,0.5760590376949603,30721.8,1.0,True
02,sync8_c1,1,31206.0,2.0,0.05,20.820996161522473,727,0.0,,,True
02,sync8_c1,2,31326.0,2.0,0.05,17.409362742940587,665,0.7707528159967842,31326.05,1.0,True
02,sync8_c1,3,36097.0,2.0,0.05,8.929575832645948,679,0.7548011425207682,36097.15,1.0,True
02,sync8_c1,4,36347.0,2.0,0.05,12.281643774782301,610,0.5476111672757717,36347.05,0.9,True
02,sync8_c1,5,36416.0,2.0,0.05,15.022799477737568,671,0.8997933207376111,36416.05,1.0,True
02,sync8_c1,6,36613.0,2.0,0.05,11.692911161509235,720,0.6728158465329845,36613.1,1.1,True
02,sync8_c1,7,40396.0,2.0,0.05,17.313309075697347,628,0.8535839394448894,40396.05,0.9,True
02,sync8_c1,8,40616.0,2.0,0.05,20.578740040216143,658,0.9578249477535126,40616.0,1.0,True
02,sync8_c1,9,40758.0,2.0,0.05,21.75940546948131,653,0.8258062533375202,40757.95,1.0,True
02,sync8_c1,10,40986.0,2.0,0.05,15.074565854949002,683,0.880644645378021,40986.1,1.0,True
02,sync8_c1,11,41047.0,2.0,0.05,14.064096133390509,716,0.0,,,True
02,sync8_c1,12,41118.0,2.0,0.05,11.995163455722347,680,0.0,,,True
02,sync8_c1,13,42145.0,2.0,0.05,9.89825696730755,659,0.8318627713541618,42145.0,1.0,True
02,sync8_c1,14,42299.0,2.0,0.05,9.656950025840239,649,0.9129964739591301,42298.95,1.0,True
02,sync8_c1,15,42474.0,2.0,0.05,9.99625604679516,692,0.8795427025323238,42473.9,1.1,True
02,sync8_c1,16,42607.0,2.0,0.05,10.890285810322252,630,0.8202556656011706,42606.9,1.0,True
02,sync8_c1,17,45558.0,2.0,0.05,23.776768669569474,677,0.637442007219403,45558.1,1.0,True
02,sync8_c1,18,45688.0,2.0,0.05,29.105613615055645,644,0.8069083796768728,45687.9,1.0,True
02,sync8_c1,19,45808.0,2.0,0.05,37.18650884136548,731,0.0,,,True
02,sync8_c1,0,30722.0,4.0,0.05,17.98456380998437,624,0.7361349273478252,30722.1,0.9,True
02,sync8_c1,1,31206.0,4.0,0.05,20.820996161522473,701,0.5802167702285872,31206.0,1.1,True
02,sync8_c1,2,31326.0,4.0,0.05,17.409362742940587,715,0.9257746277015766,31326.05,1.1,True
02,sync8_c1,3,36097.0,4.0,0.05,8.929575832645948,730,0.8902167373726679,36097.1,1.1,True
02,sync8_c1,4,36347.0,4.0,0.05,12.281643774782301,593,0.4596613040652492,36347.4,0.9,True
02,sync8_c1,5,36416.0,4.0,0.05,15.022799477737568,667,0.9441750429150136,36416.1,1.0,True
02,sync8_c1,6,36613.0,4.0,0.05,11.692911161509235,689,0.8551095877359149,36612.95,1.1,True
02,sync8_c1,7,40396.0,4.0,0.05,17.313309075697347,635,0.9325696682196848,40395.9,1.0,True
02,sync8_c1,8,40616.0,4.0,0.05,20.578740040216143,723,0.9571231941595542,40616.1,1.1,True
02,sync8_c1,9,40758.0,4.0,0.05,21.75940546948131,622,0.8956099719512658,40758.05,0.9,True
02,sync8_c1,10,40986.0,4.0,0.05,15.074565854949002,665,0.9633150210417251,40986.05,1.0,True
02,sync8_c1,11,41047.0,4.0,0.05,14.064096133390509,676,0.673857007603775,41047.05,1.0,True
02,sync8_c1,12,41118.0,4.0,0.05,11.995163455722347,606,0.66699561065385,41118.0,0.9,True
02,sync8_c1,13,42145.0,4.0,0.05,9.89825696730755,672,0.9018776143995401,42145.05,1.0,True
02,sync8_c1,14,42299.0,4.0,0.05,9.656950025840239,690,0.8967291453638466,42298.95,1.1,True
02,sync8_c1,15,42474.0,4.0,0.05,9.99625604679516,612,0.9439973279080525,42474.0,0.9,True
02,sync8_c1,16,42607.0,4.0,0.05,10.890285810322252,666,0.9177089788160092,42607.05,1.0,True
02,sync8_c1,17,45558.0,4.0,0.05,23.776768669569474,683,0.7924623433098265,45558.2,1.0,True
02,sync8_c1,18,45688.0,4.0,0.05,29.105613615055645,713,0.8894525565542392,45688.05,1.1,True
02,sync8_c1,19,45808.0,4.0,0.05,37.18650884136548,592,0.9223235525266618,45807.95,0.9,True
02,sync8_c1,0,30722.0,6.0,0.05,17.98456380998437,638,0.8229403064069841,30721.9,1.0,True
02,sync8_c1,1,31206.0,6.0,0.05,20.820996161522473,641,0.6371146528403564,31205.9,1.0,True
02,sync8_c1,2,31326.0,6.0,0.05,17.409362742940587,674,0.9333947017166608,31326.05,1.0,True
02,sync8_c1,3,36097.0,6.0,0.05,8.929575832645948,633,0.9045956957295763,36096.95,1.0,True
02,sync8_c1,4,36347.0,6.0,0.05,12.281643774782301,679,0.7614665274459744,36347.1,1.0,True
02,sync8_c1,5,36416.0,6.0,0.05,15.022799477737568,610,0.9748875593275976,36416.0,0.9,True
02,sync8_c1,6,36613.0,6.0,0.05,11.692911161509235,663,0.9417899133785832,36613.05,1.0,True
02,sync8_c1,7,40396.0,6.0,0.05,17.313309075697347,696,0.9272366586736194,40395.95,1.1,True
02,sync8_c1,8,40616.0,6.0,0.05,20.578740040216143,684,0.9241206353486691,40615.9,1.1,True
02,sync8_c1,9,40758.0,6.0,0.05,21.75940546948131,608,0.9591369825852158,40758.0,0.9,True
02,sync8_c1,10,40986.0,6.0,0.05,15.074565854949002,656,0.96481700265749,40986.0,1.0,True
02,sync8_c1,11,41047.0,6.0,0.05,14.064096133390509,698,0.8192686133062396,41046.95,1.1,True
02,sync8_c1,12,41118.0,6.0,0.05,11.995163455722347,595,0.7229631949458896,41117.95,0.9,True
02,sync8_c1,13,42145.0,6.0,0.05,9.89825696730755,655,0.9667415378532251,42145.0,1.0,True
02,sync8_c1,14,42299.0,6.0,0.05,9.656950025840239,673,0.9643686758597345,42299.1,1.0,True
02,sync8_c1,15,42474.0,6.0,0.05,9.99625604679516,678,0.9337813761421714,42474.1,1.0,True
02,sync8_c1,16,42607.0,6.0,0.05,10.890285810322252,651,0.9570641634107377,42607.0,1.0,True
02,sync8_c1,17,45558.0,6.0,0.05,23.776768669569474,684,0.8082730332978568,45557.9,1.1,True
02,sync8_c1,18,45688.0,6.0,0.05,29.105613615055645,599,0.9519239319706425,45687.95,0.9,True
02,sync8_c1,19,45808.0,6.0,0.05,37.18650884136548,668,0.9385771163101595,45808.05,1.0,True
02,sync8_c1,0,30722.0,2.0,0.15,17.98456380998437,728,0.0,,,True
02,sync8_c1,1,31206.0,2.0,0.15,20.820996161522473,681,0.0,,,True
02,sync8_c1,2,31326.0,2.0,0.15,17.409362742940587,614,0.7881072611487316,31326.0,0.9,True
02,sync8_c1,3,36097.0,2.0,0.15,8.929575832645948,691,0.6950570782087717,36097.15,1.0,True
02,sync8_c1,4,36347.0,2.0,0.15,12.281643774782301,618,0.0,,,True
02,sync8_c1,5,36416.0,2.0,0.15,15.022799477737568,647,0.8891991304723761,36415.95,1.0,True
02,sync8_c1,6,36613.0,2.0,0.15,11.692911161509235,730,0.6889600087301524,36613.15,1.1,True
02,sync8_c1,7,40396.0,2.0,0.15,17.313309075697347,585,0.8595633431360123,40395.85,0.9,True
02,sync8_c1,8,40616.0,2.0,0.15,20.578740040216143,716,0.89401947339249,40616.05,1.1,True
02,sync8_c1,9,40758.0,2.0,0.15,21.75940546948131,673,0.8217953195157505,40758.05,1.0,True
02,sync8_c1,10,40986.0,2.0,0.15,15.074565854949002,702,0.9162846626570498,40986.0,1.1,True
02,sync8_c1,11,41047.0,2.0,0.15,14.064096133390509,638,0.4694961251394052,41047.15,0.9,True
02,sync8_c1,12,41118.0,2.0,0.15,11.995163455722347,706,0.655454807638601,41118.5,1.2,True
02,sync8_c1,13,42145.0,2.0,0.15,9.89825696730755,709,0.7573130981832881,42145.05,1.1,True
02,sync8_c1,14,42299.0,2.0,0.15,9.656950025840239,727,0.8773234781119004,42299.1,1.1,True
02,sync8_c1,15,42474.0,2.0,0.15,9.99625604679516,644,0.9107178270067017,42473.95,1.0,True
02,sync8_c1,16,42607.0,2.0,0.15,10.890285810322252,647,0.8695322821862164,42606.95,1.0,True
02,sync8_c1,17,45558.0,2.0,0.15,23.776768669569474,698,0.6145467368000158,45558.0,1.1,True
02,sync8_c1,18,45688.0,2.0,0.15,29.105613615055645,676,0.7673109770749489,45688.05,1.0,True
02,sync8_c1,19,45808.0,2.0,0.15,37.18650884136548,650,0.7677011318833278,45808.15,0.9,True
02,sync8_c1,0,30722.0,4.0,0.15,17.98456380998437,610,0.6986932793824258,30722.0,0.9,True
02,sync8_c1,1,31206.0,4.0,0.15,20.820996161522473,722,0.5332665373118858,31206.15,1.1,True
02,sync8_c1,2,31326.0,4.0,0.15,17.409362742940587,625,0.9428695196633806,31326.05,0.9,True
02,sync8_c1,3,36097.0,4.0,0.15,8.929575832645948,704,0.9059538795611115,36096.95,1.1,True
02,sync8_c1,4,36347.0,4.0,0.15,12.281643774782301,705,0.0,,,True
02,sync8_c1,5,36416.0,4.0,0.15,15.022799477737568,752,0.885370539741521,36415.95,1.2,True
02,sync8_c1,6,36613.0,4.0,0.15,11.692911161509235,659,0.8651621274154635,36613.0,1.0,True
02,sync8_c1,7,40396.0,4.0,0.15,17.313309075697347,764,0.9467320761530117,40395.95,1.2,True
02,sync8_c1,8,40616.0,4.0,0.15,20.578740040216143,704,0.9352427251539556,40616.1,1.1,True
02,sync8_c1,9,40758.0,4.0,0.15,21.75940546948131,686,0.8751834248711904,40758.1,1.0,True
02,sync8_c1,10,40986.0,4.0,0.15,15.074565854949002,657,0.955301612285074,40985.95,1.0,True
02,sync8_c1,11,41047.0,4.0,0.15,14.064096133390509,601,0.7188719510104951,41046.95,0.9,True
02,sync8_c1,12,41118.0,4.0,0.15,11.995163455722347,629,0.5744786043602585,41117.9,1.0,True
02,sync8_c1,13,42145.0,4.0,0.15,9.89825696730755,631,0.8568236019835515,42144.85,1.0,True
02,sync8_c1,14,42299.0,4.0,0.15,9.656950025840239,684,0.9397641819077545,42298.9,1.1,True
02,sync8_c1,15,42474.0,4.0,0.15,9.99625604679516,658,0.9250934153310723,42474.05,1.0,True
02,sync8_c1,16,42607.0,4.0,0.15,10.890285810322252,716,0.9502519842081721,42607.1,1.1,True
02,sync8_c1,17,45558.0,4.0,0.15,23.776768669569474,679,0.6858823412124426,45557.8,1.1,True
02,sync8_c1,18,45688.0,4.0,0.15,29.105613615055645,709,0.8977098037603953,45688.05,1.1,True
02,sync8_c1,19,45808.0,4.0,0.15,37.18650884136548,716,0.9010873038406735,45808.05,1.1,True
02,sync8_c1,0,30722.0,6.0,0.15,17.98456380998437,696,0.8817116994148126,30722.0,1.1,True
02,sync8_c1,1,31206.0,6.0,0.15,20.820996161522473,717,0.6277385279482679,31206.05,1.1,True
02,sync8_c1,2,31326.0,6.0,0.15,17.409362742940587,681,0.8717882679752341,31326.05,1.0,True
02,sync8_c1,3,36097.0,6.0,0.15,8.929575832645948,618,0.9064788722334178,36097.0,0.9,True
02,sync8_c1,4,36347.0,6.0,0.15,12.281643774782301,607,0.7819002817011704,36347.0,0.9,True
02,sync8_c1,5,36416.0,6.0,0.15,15.022799477737568,675,0.9501774661344533,36416.0,1.0,True
02,sync8_c1,6,36613.0,6.0,0.15,11.692911161509235,706,0.9458353505546713,36613.05,1.1,True
02,sync8_c1,7,40396.0,6.0,0.15,17.313309075697347,692,0.9222302018782335,40395.9,1.1,True
02,sync8_c1,8,40616.0,6.0,0.15,20.578740040216143,613,0.9482638738531041,40616.0,0.9,True
02,sync8_c1,9,40758.0,6.0,0.15,21.75940546948131,694,0.9511272119515377,40758.0,1.1,True
02,sync8_c1,10,40986.0,6.0,0.15,15.074565854949002,696,0.9540018852158049,40985.95,1.1,True
02,sync8_c1,11,41047.0,6.0,0.15,14.064096133390509,693,0.8017194443948628,41046.95,1.1,True
02,sync8_c1,12,41118.0,6.0,0.15,11.995163455722347,699,0.7371592287630284,41118.2,1.0,True
02,sync8_c1,13,42145.0,6.0,0.15,9.89825696730755,600,0.9278052952365036,42144.9,0.9,True
02,sync8_c1,14,42299.0,6.0,0.15,9.656950025840239,656,0.9434035681429751,42298.95,1.0,True
02,sync8_c1,15,42474.0,6.0,0.15,9.99625604679516,682,0.9102304312001641,42473.9,1.1,True
02,sync8_c1,16,42607.0,6.0,0.15,10.890285810322252,594,0.9334499819571079,42606.95,0.9,True
02,sync8_c1,17,45558.0,6.0,0.15,23.776768669569474,707,0.8455304025086176,45558.05,1.1,True
02,sync8_c1,18,45688.0,6.0,0.15,29.105613615055645,718,0.8669416341946339,45688.15,1.1,True
02,sync8_c1,19,45808.0,6.0,0.15,37.18650884136548,655,0.9438750180614945,45808.05,1.0,True
02,sync8_c1,0,30722.0,2.0,0.25,17.98456380998437,740,0.0,,,True
02,sync8_c1,1,31206.0,2.0,0.25,20.820996161522473,628,0.0,,,True
02,sync8_c1,2,31326.0,2.0,0.25,17.409362742940587,759,0.7473591281959857,31325.85,1.2,True
02,sync8_c1,3,36097.0,2.0,0.25,8.929575832645948,633,0.7175913118610959,36097.0,0.9,True
02,sync8_c1,4,36347.0,2.0,0.25,12.281643774782301,592,0.5049738757528889,36347.0,0.9,True
02,sync8_c1,5,36416.0,2.0,0.25,15.022799477737568,687,0.8246064215475115,36416.0,1.1,True
02,sync8_c1,6,36613.0,2.0,0.25,11.692911161509235,730,0.6352680798000971,36613.0,1.1,True
02,sync8_c1,7,40396.0,2.0,0.25,17.313309075697347,709,0.8624179663562253,40396.05,1.1,True
02,sync8_c1,8,40616.0,2.0,0.25,20.578740040216143,610,0.8161862356801299,40615.85,1.0,True
02,sync8_c1,9,40758.0,2.0,0.25,21.75940546948131,649,0.773190898933401,40757.9,1.0,True
02,sync8_c1,10,40986.0,2.0,0.25,15.074565854949002,740,0.8832867008439617,40986.15,1.1,True
02,sync8_c1,11,41047.0,2.0,0.25,14.064096133390509,603,0.48558105105932525,41046.9,0.9,True
02,sync8_c1,12,41118.0,2.0,0.25,11.995163455722347,707,0.6357578476227764,41118.45,1.2,True
02,sync8_c1,13,42145.0,2.0,0.25,9.89825696730755,719,0.7509436393721087,42145.25,1.1,True
02,sync8_c1,14,42299.0,2.0,0.25,9.656950025840239,714,0.807992417176033,42299.0,1.1,True
02,sync8_c1,15,42474.0,2.0,0.25,9.99625604679516,747,0.8713182480738445,42473.8,1.2,True
02,sync8_c1,16,42607.0,2.0,0.25,10.890285810322252,666,0.7172811781992499,42607.0,1.0,True
02,sync8_c1,17,45558.0,2.0,0.25,23.776768669569474,621,0.4727828737071528,45558.15,0.9,True
02,sync8_c1,18,45688.0,2.0,0.25,29.105613615055645,640,0.7540902823080722,45687.85,1.0,True
02,sync8_c1,19,45808.0,2.0,0.25,37.18650884136548,721,0.7983569868127705,45808.1,1.1,True
02,sync8_c1,0,30722.0,4.0,0.25,17.98456380998437,626,0.6249448743694324,30721.9,1.0,True
02,sync8_c1,1,31206.0,4.0,0.25,20.820996161522473,659,0.5524630490782366,31205.95,1.0,True
02,sync8_c1,2,31326.0,4.0,0.25,17.409362742940587,660,0.8637617151577104,31326.15,1.0,True
02,sync8_c1,3,36097.0,4.0,0.25,8.929575832645948,767,0.8636310000151534,36097.05,1.2,True
02,sync8_c1,4,36347.0,4.0,0.25,12.281643774782301,614,0.6422345245787942,36347.15,0.9,True
02,sync8_c1,5,36416.0,4.0,0.25,15.022799477737568,696,0.8691860293628918,36416.1,1.0,True
02,sync8_c1,6,36613.0,4.0,0.25,11.692911161509235,583,0.7413805023526021,36612.8,0.9,True
02,sync8_c1,7,40396.0,4.0,0.25,17.313309075697347,538,0.8908925620080994,40396.0,0.8,True
02,sync8_c1,8,40616.0,4.0,0.25,20.578740040216143,629,0.9251102379721514,40616.1,0.9,True
02,sync8_c1,9,40758.0,4.0,0.25,21.75940546948131,699,0.8833514007810175,40758.1,1.1,True
02,sync8_c1,10,40986.0,4.0,0.25,15.074565854949002,688,0.8861832570682305,40985.9,1.1,True
02,sync8_c1,11,41047.0,4.0,0.25,14.064096133390509,671,0.7326473248211796,41047.15,1.0,True
02,sync8_c1,12,41118.0,4.0,0.25,11.995163455722347,585,0.4809292184375668,41117.9,0.9,True
02,sync8_c1,13,42145.0,4.0,0.25,9.89825696730755,642,0.8848281593624661,42144.95,1.0,True
02,sync8_c1,14,42299.0,4.0,0.25,9.656950025840239,603,0.876564298558903,42299.0,0.9,True
02,sync8_c1,15,42474.0,4.0,0.25,9.99625604679516,592,0.8614831121086018,42473.9,0.9,True
02,sync8_c1,16,42607.0,4.0,0.25,10.890285810322252,583,0.764667746017133,42606.85,0.9,True
02,sync8_c1,17,45558.0,4.0,0.25,23.776768669569474,682,0.7047370239652483,45557.8,1.1,True
02,sync8_c1,18,45688.0,4.0,0.25,29.105613615055645,656,0.9080034468589199,45688.0,1.0,True
02,sync8_c1,19,45808.0,4.0,0.25,37.18650884136548,648,0.8248843797886659,45807.9,1.0,True
02,sync8_c1,0,30722.0,6.0,0.25,17.98456380998437,739,0.7736487000482664,30722.2,1.1,True
02,sync8_c1,1,31206.0,6.0,0.25,20.820996161522473,652,0.6237958007719434,31205.9,1.0,True
02,sync8_c1,2,31326.0,6.0,0.25,17.409362742940587,564,0.8428849829447291,31326.1,0.8,True
02,sync8_c1,3,36097.0,6.0,0.25,8.929575832645948,591,0.9199388907617375,36096.9,0.9,True
02,sync8_c1,4,36347.0,6.0,0.25,12.281643774782301,692,0.7312716146259357,36346.95,1.1,True
02,sync8_c1,5,36416.0,6.0,0.25,15.022799477737568,577,0.8781508391409337,36416.0,0.9,True
02,sync8_c1,6,36613.0,6.0,0.25,11.692911161509235,618,0.8764555948392072,36612.8,1.0,True
02,sync8_c1,7,40396.0,6.0,0.25,17.313309075697347,565,0.9286349824050494,40396.15,0.8,True
02,sync8_c1,8,40616.0,6.0,0.25,20.578740040216143,607,0.8791928971600086,40615.9,0.9,True
02,sync8_c1,9,40758.0,6.0,0.25,21.75940546948131,707,0.8728096312247705,40758.1,1.1,True
02,sync8_c1,10,40986.0,6.0,0.25,15.074565854949002,672,0.8864653685889162,40986.05,1.0,True
02,sync8_c1,11,41047.0,6.0,0.25,14.064096133390509,655,0.7665738956288547,41046.9,1.0,True
02,sync8_c1,12,41118.0,6.0,0.25,11.995163455722347,679,0.6853844248971555,41118.15,1.0,True
02,sync8_c1,13,42145.0,6.0,0.25,9.89825696730755,632,0.9053982344760635,42144.95,1.0,True
02,sync8_c1,14,42299.0,6.0,0.25,9.656950025840239,737,0.8252486472909221,42298.9,1.2,True
02,sync8_c1,15,42474.0,6.0,0.25,9.99625604679516,591,0.885595401746306,42473.95,0.9,True
02,sync8_c1,16,42607.0,6.0,0.25,10.890285810322252,691,0.8887280964871724,42607.0,1.1,True
02,sync8_c1,17,45558.0,6.0,0.25,23.776768669569474,677,0.8555890973559994,45558.1,1.0,True
02,sync8_c1,18,45688.0,6.0,0.25,29.105613615055645,678,0.8949694346000132,45687.95,1.1,True
02,sync8_c1,19,45808.0,6.0,0.25,37.18650884136548,658,0.8738074559779088,45808.0,1.0,True
03,legacy_lrl,0,32672.0,2.0,0.05,11.379116244271357,301,0.8278689153661118,32671.95,1.0,True
03,legacy_lrl,1,33025.0,2.0,0.05,16.460524772740314,310,0.7253174464581383,33024.35,1.0,True
03,legacy_lrl,2,33143.0,2.0,0.05,19.008709007225967,287,0.8201071583259694,33142.9,1.0,True
03,legacy_lrl,3,38589.0,2.0,0.05,20.768487375591796,327,0.0,,,True
03,legacy_lrl,4,38811.0,2.0,0.05,49.64284219858517,317,0.8205673802401725,38811.5,1.2,True
03,legacy_lrl,5,38914.0,2.0,0.05,38.291355136090345,317,0.9798070285864406,38914.05,1.0,True
03,legacy_lrl,6,39018.0,2.0,0.05,28.65165489065905,326,0.9747630225204074,39018.0,1.1,True
03,legacy_lrl,7,39160.0,2.0,0.05,19.203233453768078,337,0.9502683645659955,39160.05,1.1,True
03,legacy_lrl,8,39662.0,2.0,0.05,14.604181544455324,277,0.9826775790569147,39661.95,0.9,True
03,legacy_lrl,9,39927.0,2.0,0.05,8.944409328796358,336,0.6272866074740333,39927.0,1.1,True
03,legacy_lrl,10,39997.0,2.0,0.05,9.9704964623255,322,0.7526273852818497,39997.05,1.0,True
03,legacy_lrl,11,40524.0,2.0,0.05,17.178718518082277,318,0.939601660349572,40523.95,1.1,True
03,legacy_lrl,12,45263.0,2.0,0.05,12.36097865288638,328,0.9083739198721176,45263.0,1.1,True
03,legacy_lrl,13,45738.0,2.0,0.05,15.121873608487661,297,0.926403454136897,45738.05,0.9,True
03,legacy_lrl,14,49671.0,2.0,0.05,36.038872719394575,296,0.9734168523946752,49670.95,1.0,True
03,legacy_lrl,15,49988.0,2.0,0.05,11.734980061183553,284,0.9206883341421241,49988.0,0.9,True
03,legacy_lrl,16,50245.0,2.0,0.05,19.560032606727326,330,0.9706923587141865,50245.0,1.1,True
03,legacy_lrl,17,50372.0,2.0,0.05,22.836886128050686,322,0.9436151969416541,50372.1,1.0,True
03,legacy_lrl,18,50438.0,2.0,0.05,16.418249062838235,337,0.9272218850106511,50438.05,1.1,True
03,legacy_lrl,19,50929.0,2.0,0.05,10.738503576399838,329,0.9226074450546013,50929.0,1.1,True
03,legacy_lrl,0,32672.0,4.0,0.05,11.379116244271357,331,0.9116987976562402,32672.05,1.1,True
03,legacy_lrl,1,33025.0,4.0,0.05,16.460524772740314,327,0.9055482845801692,33024.25,1.1,True
03,legacy_lrl,2,33143.0,4.0,0.05,19.008709007225967,340,0.6783128880300323,33142.75,0.8,True
03,legacy_lrl,3,38589.0,4.0,0.05,20.768487375591796,311,0.0,,,True
03,legacy_lrl,4,38811.0,4.0,0.05,49.64284219858517,339,0.8262400359056375,38811.0,1.2,True
03,legacy_lrl,5,38914.0,4.0,0.05,38.291355136090345,291,0.9717986168334898,38913.95,1.0,True
03,legacy_lrl,6,39018.0,4.0,0.05,28.65165489065905,337,0.9935723677531795,39018.05,1.1,True
03,legacy_lrl,7,39160.0,4.0,0.05,19.203233453768078,294,0.9625945751089582,39160.05,0.9,True
03,legacy_lrl,8,39662.0,4.0,0.05,14.604181544455324,334,0.9788018896920954,39662.0,1.1,True
03,legacy_lrl,9,39927.0,4.0,0.05,8.944409328796358,283,0.8468632783230035,39927.0,0.9,True
03,legacy_lrl,10,39997.0,4.0,0.05,9.9704964623255,282,0.8980749815756054,39996.35,0.9,True
03,legacy_lrl,11,40524.0,4.0,0.05,17.178718518082277,332,0.9803597749887728,40524.05,1.1,True
03,legacy_lrl,12,45263.0,4.0,0.05,12.36097865288638,313,0.9717124546372514,45263.05,1.0,True
03,legacy_lrl,13,45738.0,4.0,0.05,15.121873608487661,289,0.9800684043023714,45738.0,0.9,True
03,legacy_lrl,14,49671.0,4.0,0.05,36.038872719394575,304,0.9800769766899233,49671.0,1.0,True
03,legacy_lrl,15,49988.0,4.0,0.05,11.734980061183553,304,0.9634307957684325,49988.0,1.0,True
03,legacy_lrl,16,50245.0,4.0,0.05,19.560032606727326,348,0.9812944668202613,50245.0,1.2,True
03,legacy_lrl,17,50372.0,4.0,0.05,22.836886128050686,329,0.9846223518094801,50372.0,1.1,True
03,legacy_lrl,18,50438.0,4.0,0.05,16.418249062838235,307,0.977398704134171,50438.0,1.0,True
03,legacy_lrl,19,50929.0,4.0,0.05,10.738503576399838,331,0.9612545330851745,50929.0,1.1,True
03,legacy_lrl,0,32672.0,6.0,0.05,11.379116244271357,332,0.9581415111169054,32672.0,1.1,True
03,legacy_lrl,1,33025.0,6.0,0.05,16.460524772740314,311,0.9256295349592351,33025.0,1.0,True
03,legacy_lrl,2,33143.0,6.0,0.05,19.008709007225967,322,0.9145086949475522,33143.1,1.0,True
03,legacy_lrl,3,38589.0,6.0,0.05,20.768487375591796,327,0.7860117352974545,38589.05,1.0,True
03,legacy_lrl,4,38811.0,6.0,0.05,49.64284219858517,285,0.8791991540400654,38811.0,0.9,True
03,legacy_lrl,5,38914.0,6.0,0.05,38.291355136090345,296,0.988929004916467,38913.95,1.0,True
03,legacy_lrl,6,39018.0,6.0,0.05,28.65165489065905,325,0.9915140715373248,39018.0,1.1,True
03,legacy_lrl,7,39160.0,6.0,0.05,19.203233453768078,325,0.968898102198915,39160.0,1.1,True
03,legacy_lrl,8,39662.0,6.0,0.05,14.604181544455324,281,0.9751873666266924,39662.0,0.9,True
03,legacy_lrl,9,39927.0,6.0,0.05,8.944409328796358,296,0.9468137993467457,39926.95,1.0,True
03,legacy_lrl,10,39997.0,6.0,0.05,9.9704964623255,337,0.9604745589689027,39997.0,1.1,True
03,legacy_lrl,11,40524.0,6.0,0.05,17.178718518082277,282,0.971053815974017,40524.0,0.9,True
03,legacy_lrl,12,45263.0,6.0,0.05,12.36097865288638,282,0.9517336492546807,45263.0,0.9,True
03,legacy_lrl,13,45738.0,6.0,0.05,15.121873608487661,306,0.9899746131425989,45738.0,1.0,True
03,legacy_lrl,14,49671.0,6.0,0.05,36.038872719394575,303,0.9966157822730868,49671.0,1.0,True
03,legacy_lrl,15,49988.0,6.0,0.05,11.734980061183553,280,0.9749943452266301,49987.95,0.9,True
03,legacy_lrl,16,50245.0,6.0,0.05,19.560032606727326,332,0.9801245401768777,50245.0,1.1,True
03,legacy_lrl,17,50372.0,6.0,0.05,22.836886128050686,331,0.9902251349800606,50372.0,1.1,True
03,legacy_lrl,18,50438.0,6.0,0.05,16.418249062838235,319,0.9848615443730383,50438.05,1.0,True
03,legacy_lrl,19,50929.0,6.0,0.05,10.738503576399838,297,0.9735554536117381,50928.95,1.0,True
03,legacy_lrl,0,32672.0,2.0,0.15,11.379116244271357,298,0.0,,,True
03,legacy_lrl,1,33025.0,2.0,0.15,16.460524772740314,331,0.7072991654334003,33024.8,1.2,True
03,legacy_lrl,2,33143.0,2.0,0.15,19.008709007225967,311,0.8204517153901902,33142.9,1.1,True
03,legacy_lrl,3,38589.0,2.0,0.15,20.768487375591796,301,0.0,,,True
03,legacy_lrl,4,38811.0,2.0,0.15,49.64284219858517,281,0.8750826549846898,38811.35,1.2,True
03,legacy_lrl,5,38914.0,2.0,0.15,38.291355136090345,349,0.978125894256802,38913.95,1.2,True
03,legacy_lrl,6,39018.0,2.0,0.15,28.65165489065905,348,0.971272926281205,39018.1,1.1,True
03,legacy_lrl,7,39160.0,2.0,0.15,19.203233453768078,275,0.9071034942873017,39159.9,0.9,True
03,legacy_lrl,8,39662.0,2.0,0.15,14.604181544455324,337,0.9513596766353702,39662.0,1.1,True
03,legacy_lrl,9,39927.0,2.0,0.15,8.944409328796358,294,0.599279395768875,39927.05,0.9,True
03,legacy_lrl,10,39997.0,2.0,0.15,9.9704964623255,314,0.7907846817551448,39996.65,1.2,True
03,legacy_lrl,11,40524.0,2.0,0.15,17.178718518082277,264,0.8862161170416012,40523.85,0.9,True
03,legacy_lrl,12,45263.0,2.0,0.15,12.36097865288638,293,0.0,,,True
03,legacy_lrl,13,45738.0,2.0,0.15,15.121873608487661,313,0.9390061900236628,45738.0,1.0,True
03,legacy_lrl,14,49671.0,2.0,0.15,36.038872719394575,307,0.9615467237667211,49671.0,1.0,True
03,legacy_lrl,15,49988.0,2.0,0.15,11.734980061183553,272,0.9088337295804602,49987.9,0.9,True
03,legacy_lrl,16,50245.0,2.0,0.15,19.560032606727326,291,0.9630793762777242,50245.05,0.9,True
03,legacy_lrl,17,50372.0,2.0,0.15,22.836886128050686,320,0.9491759255570779,50372.0,1.1,True
03,legacy_lrl,18,50438.0,2.0,0.15,16.418249062838235,290,0.9535538913716716,50437.9,1.0,True
03,legacy_lrl,19,50929.0,2.0,0.15,10.738503576399838,287,0.9086676824127762,50929.0,0.9,True
03,legacy_lrl,0,32672.0,4.0,0.15,11.379116244271357,302,0.9349081711432553,32672.0,1.0,True
03,legacy_lrl,1,33025.0,4.0,0.15,16.460524772740314,292,0.8782203892639667,33024.3,1.0,True
03,legacy_lrl,2,33143.0,4.0,0.15,19.008709007225967,323,0.8816953360956266,33142.95,1.1,True
03,legacy_lrl,3,38589.0,4.0,0.15,20.768487375591796,275,0.0,,,True
03,legacy_lrl,4,38811.0,4.0,0.15,49.64284219858517,329,0.8868425478281646,38811.6,1.2,True
03,legacy_lrl,5,38914.0,4.0,0.15,38.291355136090345,289,0.9804277188293691,38914.0,0.9,True
03,legacy_lrl,6,39018.0,4.0,0.15,28.65165489065905,284,0.960795259615861,39018.05,0.9,True
03,legacy_lrl,7,39160.0,4.0,0.15,19.203233453768078,274,0.9591788264260749,39159.9,0.9,True
03,legacy_lrl,8,39662.0,4.0,0.15,14.604181544455324,273,0.9643334699068044,39661.95,0.9,True
03,legacy_lrl,9,39927.0,4.0,0.15,8.944409328796358,305,0.871676898655458,39927.0,1.0,True
03,legacy_lrl,10,39997.0,4.0,0.15,9.9704964623255,338,0.8488383585985879,39997.05,1.1,True
03,legacy_lrl,11,40524.0,4.0,0.15,17.178718518082277,320,0.9556970021063242,40523.9,1.1,True
03,legacy_lrl,12,45263.0,4.0,0.15,12.36097865288638,330,0.9367510479756515,45263.05,1.1,True
03,legacy_lrl,13,45738.0,4.0,0.15,15.121873608487661,299,0.965924920797386,45737.95,1.0,True
03,legacy_lrl,14,49671.0,4.0,0.15,36.038872719394575,292,0.9695781362053907,49670.95,1.0,True
03,legacy_lrl,15,49988.0,4.0,0.15,11.734980061183553,321,0.9461286159222153,49988.0,1.1,True
03,legacy_lrl,16,50245.0,4.0,0.15,19.560032606727326,316,0.9764521570153808,50245.0,1.1,True
03,legacy_lrl,17,50372.0,4.0,0.15,22.836886128050686,341,0.9752016313052763,50372.1,1.1,True
03,legacy_lrl,18,50438.0,4.0,0.15,16.418249062838235,320,0.977762322977252,50437.95,1.1,True
03,legacy_lrl,19,50929.0,4.0,0.15,10.738503576399838,303,0.957641620527717,50929.0,1.0,True
03,legacy_lrl,0,32672.0,6.0,0.15,11.379116244271357,324,0.9486551798603091,32672.05,1.0,True
03,legacy_lrl,1,33025.0,6.0,0.15,16.460524772740314,293,0.8866827482220133,33025.0,0.9,True
03,legacy_lrl,2,33143.0,6.0,0.15,19.008709007225967,284,0.9151415431638477,33143.0,0.9,True
03,legacy_lrl,3,38589.0,6.0,0.15,20.768487375591796,311,0.7523162645777678,38589.0,1.0,True
03,legacy_lrl,4,38811.0,6.0,0.15,49.64284219858517,284,0.8348685246802062,38810.35,0.9,True
03,legacy_lrl,5,38914.0,6.0,0.15,38.291355136090345,305,0.9972247584297006,38914.0,1.0,True
03,legacy_lrl,6,39018.0,6.0,0.15,28.65165489065905,296,0.9855083970420453,39017.95,1.0,True
03,legacy_lrl,7,39160.0,6.0,0.15,19.203233453768078,303,0.9855194070123939,39160.0,1.0,True
03,legacy_lrl,8,39662.0,6.0,0.15,14.604181544455324,318,0.9775660506522661,39662.1,1.0,True
03,legacy_lrl,9,39927.0,6.0,0.15,8.944409328796358,305,0.9389541581371601,39927.0,1.0,True
03,legacy_lrl,10,39997.0,6.0,0.15,9.9704964623255,311,0.9490147342323685,39997.05,1.0,True
03,legacy_lrl,11,40524.0,6.0,0.15,17.178718518082277,330,0.9502876156422206,40524.05,1.1,True
03,legacy_lrl,12,45263.0,6.0,0.15,12.36097865288638,325,0.9661105547617765,45263.0,1.1,True
03,legacy_lrl,13,45738.0,6.0,0.15,15.121873608487661,310,0.9749885436144062,45738.05,1.0,True
03,legacy_lrl,14,49671.0,6.0,0.15,36.038872719394575,346,0.974499912225561,49671.05,1.1,True
03,legacy_lrl,15,49988.0,6.0,0.15,11.734980061183553,338,0.9502721686121128,49988.05,1.1,True
03,legacy_lrl,16,50245.0,6.0,0.15,19.560032606727326,297,0.9745225157447707,50244.95,1.0,True
03,legacy_lrl,17,50372.0,6.0,0.15,22.836886128050686,295,0.978434017359076,50372.05,0.9,True
03,legacy_lrl,18,50438.0,6.0,0.15,16.418249062838235,332,0.9789516435845944,50438.0,1.1,True
03,legacy_lrl,19,50929.0,6.0,0.15,10.738503576399838,320,0.9787556882286814,50929.0,1.1,True
03,legacy_lrl,0,32672.0,2.0,0.25,11.379116244271357,298,0.8894204150579399,32672.0,1.0,True
03,legacy_lrl,1,33025.0,2.0,0.25,16.460524772740314,332,0.0,,,True
03,legacy_lrl,2,33143.0,2.0,0.25,19.008709007225967,346,0.6271205534654516,33143.5,0.8,True
03,legacy_lrl,3,38589.0,2.0,0.25,20.768487375591796,313,0.0,,,True
03,legacy_lrl,4,38811.0,2.0,0.25,49.64284219858517,302,0.6968615317597695,38810.5,0.9,True
03,legacy_lrl,5,38914.0,2.0,0.25,38.291355136090345,314,0.9809185303977244,38914.0,1.0,True
03,legacy_lrl,6,39018.0,2.0,0.25,28.65165489065905,304,0.9535398343458973,39018.05,1.0,True
03,legacy_lrl,7,39160.0,2.0,0.25,19.203233453768078,294,0.9009783292207102,39160.15,0.9,True
03,legacy_lrl,8,39662.0,2.0,0.25,14.604181544455324,313,0.956151170967767,39662.0,1.0,True
03,legacy_lrl,9,39927.0,2.0,0.25,8.944409328796358,309,0.6104716169204195,39926.95,1.0,True
03,legacy_lrl,10,39997.0,2.0,0.25,9.9704964623255,336,0.0,,,True
03,legacy_lrl,11,40524.0,2.0,0.25,17.178718518082277,300,0.9064535588737747,40523.4,0.9,True
03,legacy_lrl,12,45263.0,2.0,0.25,12.36097865288638,284,0.8896213889701522,45262.95,0.9,True
03,legacy_lrl,13,45738.0,2.0,0.25,15.121873608487661,331,0.8779051778606495,45738.2,1.0,True
03,legacy_lrl,14,49671.0,2.0,0.25,36.038872719394575,292,0.9620940170292767,49671.05,0.9,True
03,legacy_lrl,15,49988.0,2.0,0.25,11.734980061183553,327,0.8713683955194199,49988.05,1.1,True
03,legacy_lrl,16,50245.0,2.0,0.25,19.560032606727326,287,0.937151523759585,50244.85,1.0,True
03,legacy_lrl,17,50372.0,2.0,0.25,22.836886128050686,294,0.9311231102818726,50372.0,0.9,True
03,legacy_lrl,18,50438.0,2.0,0.25,16.418249062838235,268,0.9241290272918341,50437.85,0.9,True
03,legacy_lrl,19,50929.0,2.0,0.25,10.738503576399838,304,0.8920063355068937,50929.15,0.8,True
03,legacy_lrl,0,32672.0,4.0,0.25,11.379116244271357,296,0.9430781599387689,32672.0,0.9,True
03,legacy_lrl,1,33025.0,4.0,0.25,16.460524772740314,283,0.8833449691137262,33025.0,0.9,True
03,legacy_lrl,2,33143.0,4.0,0.25,19.008709007225967,357,0.9207312873156479,33143.0,1.2,True
03,legacy_lrl,3,38589.0,4.0,0.25,20.768487375591796,294,0.0,,,True
03,legacy_lrl,4,38811.0,4.0,0.25,49.64284219858517,306,0.9216895652551785,38811.45,1.2,True
03,legacy_lrl,5,38914.0,4.0,0.25,38.291355136090345,319,0.9605189476869238,38914.0,1.0,True
03,legacy_lrl,6,39018.0,4.0,0.25,28.65165489065905,296,0.9526400881623315,39018.0,1.0,True
03,legacy_lrl,7,39160.0,4.0,0.25,19.203233453768078,314,0.9313239905693215,39160.05,1.0,True
03,legacy_lrl,8,39662.0,4.0,0.25,14.604181544455324,282,0.9518923957359657,39661.8,1.0,True
03,legacy_lrl,9,39927.0,4.0,0.25,8.944409328796358,315,0.7424770091610413,39927.05,0.9,True
03,legacy_lrl,10,39997.0,4.0,0.25,9.9704964623255,334,0.0,,,True
03,legacy_lrl,11,40524.0,4.0,0.25,17.178718518082277,286,0.9415776221843855,40524.05,0.8,True
03,legacy_lrl,12,45263.0,4.0,0.25,12.36097865288638,270,0.9323913228664585,45262.95,0.8,True
03,legacy_lrl,13,45738.0,4.0,0.25,15.121873608487661,273,0.9432899082954183,45738.0,0.8,True
03,legacy_lrl,14,49671.0,4.0,0.25,36.038872719394575,268,0.9738032456147423,49671.0,0.8,True
03,legacy_lrl,15,49988.0,4.0,0.25,11.734980061183553,308,0.9558528749677992,49987.9,1.1,True
03,legacy_lrl,16,50245.0,4.0,0.25,19.560032606727326,323,0.9623734317792066,50244.95,1.1,True
03,legacy_lrl,17,50372.0,4.0,0.25,22.836886128050686,295,0.9696505815761194,50372.05,0.9,True
03,legacy_lrl,18,50438.0,4.0,0.25,16.418249062838235,362,0.9543866785166729,50438.0,1.2,True
03,legacy_lrl,19,50929.0,4.0,0.25,10.738503576399838,351,0.9694746056457659,50929.05,1.2,True
03,legacy_lrl,0,32672.0,6.0,0.25,11.379116244271357,320,0.9628087285871928,32672.0,1.0,True
03,legacy_lrl,1,33025.0,6.0,0.25,16.460524772740314,296,0.8725639806281112,33024.4,0.9,True
03,legacy_lrl,2,33143.0,6.0,0.25,19.008709007225967,317,0.9107698487786833,33143.0,1.0,True
03,legacy_lrl,3,38589.0,6.0,0.25,20.768487375591796,358,0.7364401199476442,38589.0,1.2,True
03,legacy_lrl,4,38811.0,6.0,0.25,49.64284219858517,309,0.8660895902079185,38811.0,1.0,True
03,legacy_lrl,5,38914.0,6.0,0.25,38.291355136090345,347,0.9934076393637316,38913.95,1.2,True
03,legacy_lrl,6,39018.0,6.0,0.25,28.65165489065905,278,0.9551821028363732,39018.05,0.9,True
03,legacy_lrl,7,39160.0,6.0,0.25,19.203233453768078,321,0.9813980186244816,39159.95,1.1,True
03,legacy_lrl,8,39662.0,6.0,0.25,14.604181544455324,319,0.9580234297731614,39662.05,1.0,True
03,legacy_lrl,9,39927.0,6.0,0.25,8.944409328796358,326,0.922863975979517,39927.0,1.1,True
03,legacy_lrl,10,39997.0,6.0,0.25,9.9704964623255,334,0.93415901305136,39996.85,1.2,True
03,legacy_lrl,11,40524.0,6.0,0.25,17.178718518082277,320,0.9627188626187647,40524.0,1.1,True
03,legacy_lrl,12,45263.0,6.0,0.25,12.36097865288638,322,0.9703435128086242,45263.0,1.1,True
03,legacy_lrl,13,45738.0,6.0,0.25,15.121873608487661,329,0.9676992110690517,45738.05,1.1,True
03,legacy_lrl,14,49671.0,6.0,0.25,36.038872719394575,307,0.9606781475168663,49671.15,0.9,True
03,legacy_lrl,15,49988.0,6.0,0.25,11.734980061183553,327,0.9372305632209939,49988.05,1.0,True
03,legacy_lrl,16,50245.0,6.0,0.25,19.560032606727326,289,0.9609003599832557,50244.95,0.9,True
03,legacy_lrl,17,50372.0,6.0,0.25,22.836886128050686,304,0.9900536059287254,50371.95,1.0,True
03,legacy_lrl,18,50438.0,6.0,0.25,16.418249062838235,272,0.9688403331224738,50438.1,0.8,True
03,legacy_lrl,19,50929.0,6.0,0.25,10.738503576399838,250,0.9607773003035369,50928.95,0.8,True
03,legacy_lrlr,0,32672.0,2.0,0.05,11.379116244271357,426,0.8135571181101219,32672.1,1.1,True
03,legacy_lrlr,1,33025.0,2.0,0.05,16.460524772740314,353,0.5306943211170537,33025.0,0.9,True
03,legacy_lrlr,2,33143.0,2.0,0.05,19.008709007225967,381,0.8402670521010541,33143.75,1.0,True
03,legacy_lrlr,3,38589.0,2.0,0.05,20.768487375591796,421,0.577063936342501,38589.1,0.9,True
03,legacy_lrlr,4,38811.0,2.0,0.05,49.64284219858517,404,0.7095007393469427,38811.55,1.2,True
03,legacy_lrlr,5,38914.0,2.0,0.05,38.291355136090345,414,0.9836480379862425,38914.05,1.1,True
03,legacy_lrlr,6,39018.0,2.0,0.05,28.65165489065905,397,0.9651895430321307,39018.1,1.0,True
03,legacy_lrlr,7,39160.0,2.0,0.05,19.203233453768078,414,0.9520794381374956,39160.05,1.1,True
03,legacy_lrlr,8,39662.0,2.0,0.05,14.604181544455324,348,0.9548762078628072,39662.0,0.9,True
03,legacy_lrlr,9,39927.0,2.0,0.05,8.944409328796358,365,0.7306552480868637,39926.95,1.0,True
03,legacy_lrlr,10,39997.0,2.0,0.05,9.9704964623255,377,0.8257663120331645,39997.7,1.0,True
03,legacy_lrlr,11,40524.0,2.0,0.05,17.178718518082277,345,0.9191668764666068,40523.95,0.9,True
03,legacy_lrlr,12,45263.0,2.0,0.05,12.36097865288638,385,0.0,,,True
03,legacy_lrlr,13,45738.0,2.0,0.05,15.121873608487661,382,0.9213824519584589,45738.0,1.0,True
03,legacy_lrlr,14,49671.0,2.0,0.05,36.038872719394575,365,0.9680423763319207,49670.95,1.0,True
03,legacy_lrlr,15,49988.0,2.0,0.05,11.734980061183553,421,0.8594542179794943,49987.9,1.2,True
03,legacy_lrlr,16,50245.0,2.0,0.05,19.560032606727326,374,0.9719888811984323,50245.0,1.0,True
03,legacy_lrlr,17,50372.0,2.0,0.05,22.836886128050686,387,0.9344714226339487,50372.05,1.0,True
03,legacy_lrlr,18,50438.0,2.0,0.05,16.418249062838235,401,0.9260206749595512,50438.0,1.1,True
03,legacy_lrlr,19,50929.0,2.0,0.05,10.738503576399838,375,0.9178052755781722,50929.0,1.0,True
03,legacy_lrlr,0,32672.0,4.0,0.05,11.379116244271357,406,0.9319625875388403,32672.0,1.1,True
03,legacy_lrlr,1,33025.0,4.0,0.05,16.460524772740314,420,0.8056866916935793,33024.9,1.2,True
03,legacy_lrlr,2,33143.0,4.0,0.05,19.008709007225967,398,0.8528238070118693,33143.1,1.0,True
03,legacy_lrlr,3,38589.0,4.0,0.05,20.768487375591796,364,0.0,,,True
03,legacy_lrlr,4,38811.0,4.0,0.05,49.64284219858517,400,0.8210035524247216,38811.75,1.1,True
03,legacy_lrlr,5,38914.0,4.0,0.05,38.291355136090345,368,0.9900534079546536,38913.95,1.0,True
03,legacy_lrlr,6,39018.0,4.0,0.05,28.65165489065905,397,0.961989657195973,39017.95,1.1,True
03,legacy_lrlr,7,39160.0,4.0,0.05,19.203233453768078,375,0.9658311119928478,39160.0,1.0,True
03,legacy_lrlr,8,39662.0,4.0,0.05,14.604181544455324,364,0.9739497851551369,39661.9,1.0,True
03,legacy_lrlr,9,39927.0,4.0,0.05,8.944409328796358,421,0.7051493954640135,39926.45,1.0,True
03,legacy_lrlr,10,39997.0,4.0,0.05,9.9704964623255,384,0.9169711898502013,39997.05,1.0,True
03,legacy_lrlr,11,40524.0,4.0,0.05,17.178718518082277,359,0.9641669568019198,40524.0,0.9,True
03,legacy_lrlr,12,45263.0,4.0,0.05,12.36097865288638,386,0.9487809591915399,45263.05,1.0,True
03,legacy_lrlr,13,45738.0,4.0,0.05,15.121873608487661,346,0.9813299953178661,45737.95,0.9,True
03,legacy_lrlr,14,49671.0,4.0,0.05,36.038872719394575,356,0.9776117418452683,49671.0,0.9,True
03,legacy_lrlr,15,49988.0,4.0,0.05,11.734980061183553,406,0.9608279062759014,49988.0,1.1,True
03,legacy_lrlr,16,50245.0,4.0,0.05,19.560032606727326,347,0.9826173803484808,50245.0,0.9,True
03,legacy_lrlr,17,50372.0,4.0,0.05,22.836886128050686,358,0.9732502502075638,50372.05,0.9,True
03,legacy_lrlr,18,50438.0,4.0,0.05,16.418249062838235,423,0.9751378755584462,50438.1,1.1,True
03,legacy_lrlr,19,50929.0,4.0,0.05,10.738503576399838,396,0.9592269357561705,50928.95,1.1,True
03,legacy_lrlr,0,32672.0,6.0,0.05,11.379116244271357,353,0.9447585622848603,32672.0,0.9,True
03,legacy_lrlr,1,33025.0,6.0,0.05,16.460524772740314,388,0.8530796863429888,33024.9,1.1,True
03,legacy_lrlr,2,33143.0,6.0,0.05,19.008709007225967,401,0.9643563027628423,33143.0,1.1,True
03,legacy_lrlr,3,38589.0,6.0,0.05,20.768487375591796,342,0.5174333112735631,38588.5,0.8,True
03,legacy_lrlr,4,38811.0,6.0,0.05,49.64284219858517,364,0.8676637785769269,38810.95,1.0,True
03,legacy_lrlr,5,38914.0,6.0,0.05,38.291355136090345,404,0.9915591690073808,38914.0,1.1,True
03,legacy_lrlr,6,39018.0,6.0,0.05,28.65165489065905,390,0.9709904121472223,39018.05,1.0,True
03,legacy_lrlr,7,39160.0,6.0,0.05,19.203233453768078,365,0.9754313696964858,39159.95,1.0,True
03,legacy_lrlr,8,39662.0,6.0,0.05,14.604181544455324,383,0.9902954777706308,39662.05,1.0,True
03,legacy_lrlr,9,39927.0,6.0,0.05,8.944409328796358,405,0.8578437916212279,39927.75,1.1,True
03,legacy_lrlr,10,39997.0,6.0,0.05,9.9704964623255,346,0.9346692794050898,39997.0,0.9,True
03,legacy_lrlr,11,40524.0,6.0,0.05,17.178718518082277,429,0.976823685114173,40523.95,1.2,True
03,legacy_lrlr,12,45263.0,6.0,0.05,12.36097865288638,379,0.9816162966363753,45263.0,1.0,True
03,legacy_lrlr,13,45738.0,6.0,0.05,15.121873608487661,410,0.9844731783378357,45738.0,1.1,True
03,legacy_lrlr,14,49671.0,6.0,0.05,36.038872719394575,366,0.9785637110606932,49670.95,1.0,True
03,legacy_lrlr,15,49988.0,6.0,0.05,11.734980061183553,367,0.9811206886747074,49987.95,1.0,True
03,legacy_lrlr,16,50245.0,6.0,0.05,19.560032606727326,384,0.9858713864128051,50245.05,1.0,True
03,legacy_lrlr,17,50372.0,6.0,0.05,22.836886128050686,365,0.9804975923019568,50371.95,1.0,True
03,legacy_lrlr,18,50438.0,6.0,0.05,16.418249062838235,339,0.9736654161287354,50437.95,0.9,True
03,legacy_lrlr,19,50929.0,6.0,0.05,10.738503576399838,344,0.9781527251323137,50928.95,0.9,True
03,legacy_lrlr,0,32672.0,2.0,0.15,11.379116244271357,412,0.8476616140101375,32671.85,1.2,True
03,legacy_lrlr,1,33025.0,2.0,0.15,16.460524772740314,367,0.5938425550005774,33025.7,0.9,True
03,legacy_lrlr,2,33143.0,2.0,0.15,19.008709007225967,357,0.7998275113289456,33143.75,0.9,True
03,legacy_lrlr,3,38589.0,2.0,0.15,20.768487375591796,388,0.0,,,True
03,legacy_lrlr,4,38811.0,2.0,0.15,49.64284219858517,368,0.586026735436212,38811.2,0.8,True
03,legacy_lrlr,5,38914.0,2.0,0.15,38.291355136090345,413,0.9784068865593647,38914.05,1.1,True
03,legacy_lrlr,6,39018.0,2.0,0.15,28.65165489065905,401,0.9625197716486854,39018.0,1.1,True
03,legacy_lrlr,7,39160.0,2.0,0.15,19.203233453768078,355,0.9151363367373695,39160.0,0.9,True
03,legacy_lrlr,8,39662.0,2.0,0.15,14.604181544455324,372,0.9272530540980157,39662.0,1.0,True
03,legacy_lrlr,9,39927.0,2.0,0.15,8.944409328796358,394,0.6290847530784714,39926.85,0.8,True
03,legacy_lrlr,10,39997.0,2.0,0.15,9.9704964623255,405,0.7491773066329631,39997.75,1.1,True
03,legacy_lrlr,11,40524.0,2.0,0.15,17.178718518082277,402,0.9088917129204455,40524.0,1.1,True
03,legacy_lrlr,12,45263.0,2.0,0.15,12.36097865288638,390,0.0,,,True
03,legacy_lrlr,13,45738.0,2.0,0.15,15.121873608487661,400,0.903141238827337,45738.15,1.0,True
03,legacy_lrlr,14,49671.0,2.0,0.15,36.038872719394575,422,0.9765135800256396,49671.1,1.1,True
03,legacy_lrlr,15,49988.0,2.0,0.15,11.734980061183553,383,0.8845371178750461,49988.05,1.0,True
03,legacy_lrlr,16,50245.0,2.0,0.15,19.560032606727326,388,0.9433239087426609,50245.15,1.0,True
03,legacy_lrlr,17,50372.0,2.0,0.15,22.836886128050686,350,0.9449628356665175,50372.0,0.9,True
03,legacy_lrlr,18,50438.0,2.0,0.15,16.418249062838235,329,0.9321536786295973,50438.05,0.8,True
03,legacy_lrlr,19,50929.0,2.0,0.15,10.738503576399838,396,0.910305137252608,50929.1,1.0,True
03,legacy_lrlr,0,32672.0,4.0,0.15,11.379116244271357,409,0.9457444559707338,32672.0,1.1,True
03,legacy_lrlr,1,33025.0,4.0,0.15,16.460524772740314,411,0.7684873509624318,33025.15,1.0,True
03,legacy_lrlr,2,33143.0,4.0,0.15,19.008709007225967,383,0.8866493902219105,33143.1,1.0,True
03,legacy_lrlr,3,38589.0,4.0,0.15,20.768487375591796,402,0.0,,,True
03,legacy_lrlr,4,38811.0,4.0,0.15,49.64284219858517,412,0.0,,,True
03,legacy_lrlr,5,38914.0,4.0,0.15,38.291355136090345,407,0.9758231160222098,38914.0,1.1,True
03,legacy_lrlr,6,39018.0,4.0,0.15,28.65165489065905,339,0.95486310666868,39017.9,0.9,True
03,legacy_lrlr,7,39160.0,4.0,0.15,19.203233453768078,402,0.9893106560208336,39159.95,1.1,True
03,legacy_lrlr,8,39662.0,4.0,0.15,14.604181544455324,397,0.9630422881824398,39662.0,1.1,True
03,legacy_lrlr,9,39927.0,4.0,0.15,8.944409328796358,356,0.8668787707015376,39926.9,1.0,True
03,legacy_lrlr,10,39997.0,4.0,0.15,9.9704964623255,341,0.8992255226367694,39996.9,0.9,True
03,legacy_lrlr,11,40524.0,4.0,0.15,17.178718518082277,377,0.9717228358897012,40524.0,1.0,True
03,legacy_lrlr,12,45263.0,4.0,0.15,12.36097865288638,335,0.8874228262506876,45262.85,0.9,True
03,legacy_lrlr,13,45738.0,4.0,0.15,15.121873608487661,433,0.9567740375094257,45737.95,1.2,True
03,legacy_lrlr,14,49671.0,4.0,0.15,36.038872719394575,341,0.9738856975933423,49670.95,0.9,True
03,legacy_lrlr,15,49988.0,4.0,0.15,11.734980061183553,405,0.951554569783512,49987.95,1.1,True
03,legacy_lrlr,16,50245.0,4.0,0.15,19.560032606727326,428,0.9783379515609572,50244.95,1.2,True
03,legacy_lrlr,17,50372.0,4.0,0.15,22.836886128050686,333,0.9348155840607096,50371.95,0.9,True
03,legacy_lrlr,18,50438.0,4.0,0.15,16.418249062838235,365,0.9525503968318599,50437.9,1.0,True
03,legacy_lrlr,19,50929.0,4.0,0.15,10.738503576399838,358,0.9648493594896057,50929.05,0.9,True
03,legacy_lrlr,0,32672.0,6.0,0.15,11.379116244271357,414,0.9694061987495831,32672.0,1.1,True
03,legacy_lrlr,1,33025.0,6.0,0.15,16.460524772740314,368,0.8728961291060293,33025.1,0.9,True
03,legacy_lrlr,2,33143.0,6.0,0.15,19.008709007225967,347,0.9447840933908737,33142.95,0.9,True
03,legacy_lrlr,3,38589.0,6.0,0.15,20.768487375591796,383,0.7743948304598303,38589.0,1.0,True
03,legacy_lrlr,4,38811.0,6.0,0.15,49.64284219858517,355,0.8885972322629022,38811.05,0.9,True
03,legacy_lrlr,5,38914.0,6.0,0.15,38.291355136090345,354,0.9843868280444499,38914.0,0.9,True
03,legacy_lrlr,6,39018.0,6.0,0.15,28.65165489065905,356,0.9601311392163758,39017.9,1.0,True
03,legacy_lrlr,7,39160.0,6.0,0.15,19.203233453768078,327,0.9443345703967092,39159.9,0.9,True
03,legacy_lrlr,8,39662.0,6.0,0.15,14.604181544455324,349,0.9734487688593304,39662.0,0.9,True
03,legacy_lrlr,9,39927.0,6.0,0.15,8.944409328796358,391,0.8928912405617057,39927.1,1.0,True
03,legacy_lrlr,10,39997.0,6.0,0.15,9.9704964623255,410,0.9198835370715537,39997.0,1.1,True
03,legacy_lrlr,11,40524.0,6.0,0.15,17.178718518082277,353,0.9863176050565582,40524.05,0.9,True
03,legacy_lrlr,12,45263.0,6.0,0.15,12.36097865288638,375,0.9640306121561459,45263.0,1.0,True
03,legacy_lrlr,13,45738.0,6.0,0.15,15.121873608487661,355,0.973287458188412,45738.05,0.9,True
03,legacy_lrlr,14,49671.0,6.0,0.15,36.038872719394575,424,0.9683178384999817,49671.05,1.1,True
03,legacy_lrlr,15,49988.0,6.0,0.15,11.734980061183553,362,0.9455875555000954,49988.0,1.0,True
03,legacy_lrlr,16,50245.0,6.0,0.15,19.560032606727326,351,0.9883115613979271,50245.0,0.9,True
03,legacy_lrlr,17,50372.0,6.0,0.15,22.836886128050686,328,0.9513563769875217,50372.05,0.8,True
03,legacy_lrlr,18,50438.0,6.0,0.15,16.418249062838235,356,0.9560616526110202,50437.9,1.0,True
03,legacy_lrlr,19,50929.0,6.0,0.15,10.738503576399838,399,0.9725542301201627,50928.95,1.1,True
03,legacy_lrlr,0,32672.0,2.0,0.25,11.379116244271357,377,0.7789322454751493,32672.05,0.9,True
03,legacy_lrlr,1,33025.0,2.0,0.25,16.460524772740314,343,0.6274695836652165,33025.75,0.8,True
03,legacy_lrlr,2,33143.0,2.0,0.25,19.008709007225967,390,0.836270698964021,33142.85,1.1,True
03,legacy_lrlr,3,38589.0,2.0,0.25,20.768487375591796,394,0.0,,,True
03,legacy_lrlr,4,38811.0,2.0,0.25,49.64284219858517,349,0.7616974961188361,38811.35,1.2,True
03,legacy_lrlr,5,38914.0,2.0,0.25,38.291355136090345,406,0.9353240586852465,38913.95,1.1,True
03,legacy_lrlr,6,39018.0,2.0,0.25,28.65165489065905,404,0.930512083139243,39017.95,1.1,True
03,legacy_lrlr,7,39160.0,2.0,0.25,19.203233453768078,321,0.9354564149412279,39159.95,0.8,True
03,legacy_lrlr,8,39662.0,2.0,0.25,14.604181544455324,391,0.916808597167373,39662.0,1.1,True
03,legacy_lrlr,9,39927.0,2.0,0.25,8.944409328796358,374,0.7486430547914332,39926.85,1.1,True
03,legacy_lrlr,10,39997.0,2.0,0.25,9.9704964623255,424,0.0,,,True
03,legacy_lrlr,11,40524.0,2.0,0.25,17.178718518082277,379,0.9151325838069461,40524.0,1.1,True
03,legacy_lrlr,12,45263.0,2.0,0.25,12.36097865288638,424,0.0,,,True
03,legacy_lrlr,13,45738.0,2.0,0.25,15.121873608487661,362,0.9070853393314021,45737.85,1.0,True
03,legacy_lrlr,14,49671.0,2.0,0.25,36.038872719394575,362,0.969989539336214,49670.95,1.0,True
03,legacy_lrlr,15,49988.0,2.0,0.25,11.734980061183553,364,0.8138422425845966,49987.95,1.0,True
03,legacy_lrlr,16,50245.0,2.0,0.25,19.560032606727326,337,0.951360689487286,50244.9,0.9,True
03,legacy_lrlr,17,50372.0,2.0,0.25,22.836886128050686,401,0.9193051645537631,50371.95,1.1,True
03,legacy_lrlr,18,50438.0,2.0,0.25,16.418249062838235,380,0.9014847390004568,50437.85,1.1,True
03,legacy_lrlr,19,50929.0,2.0,0.25,10.738503576399838,398,0.8818231677269922,50928.95,1.1,True
03,legacy_lrlr,0,32672.0,4.0,0.25,11.379116244271357,405,0.8955968147066942,32671.9,1.1,True
03,legacy_lrlr,1,33025.0,4.0,0.25,16.460524772740314,349,0.7560316561888106,33025.0,0.9,True
03,legacy_lrlr,2,33143.0,4.0,0.25,19.008709007225967,397,0.7996801076828272,33143.7,1.1,True
03,legacy_lrlr,3,38589.0,4.0,0.25,20.768487375591796,411,0.0,,,True
03,legacy_lrlr,4,38811.0,4.0,0.25,49.64284219858517,353,0.7368676024310468,38811.4,1.2,True
03,legacy_lrlr,5,38914.0,4.0,0.25,38.291355136090345,347,0.9364055488334586,38914.05,0.9,True
03,legacy_lrlr,6,39018.0,4.0,0.25,28.65165489065905,381,0.9502315803060867,39017.8,1.1,True
03,legacy_lrlr,7,39160.0,4.0,0.25,19.203233453768078,421,0.9478357684936877,39160.1,1.1,True
03,legacy_lrlr,8,39662.0,4.0,0.25,14.604181544455324,325,0.9473486007437539,39662.0,0.8,True
03,legacy_lrlr,9,39927.0,4.0,0.25,8.944409328796358,380,0.8279055600444621,39927.1,1.0,True
03,legacy_lrlr,10,39997.0,4.0,0.25,9.9704964623255,351,0.8672199482657739,39997.05,0.9,True
03,legacy_lrlr,11,40524.0,4.0,0.25,17.178718518082277,418,0.9619717925973704,40523.8,1.2,True
03,legacy_lrlr,12,45263.0,4.0,0.25,12.36097865288638,382,0.9293052840029937,45263.05,1.0,True
03,legacy_lrlr,13,45738.0,4.0,0.25,15.121873608487661,386,0.9300278569623335,45737.9,1.1,True
03,legacy_lrlr,14,49671.0,4.0,0.25,36.038872719394575,381,0.9331476381820121,49671.15,0.9,True
03,legacy_lrlr,15,49988.0,4.0,0.25,11.734980061183553,396,0.9596174574979427,49988.05,1.0,True
03,legacy_lrlr,16,50245.0,4.0,0.25,19.560032606727326,431,0.9543330062350919,50245.05,1.2,True
03,legacy_lrlr,17,50372.0,4.0,0.25,22.836886128050686,344,0.9498133883294662,50371.95,0.9,True
03,legacy_lrlr,18,50438.0,4.0,0.25,16.418249062838235,387,0.9480390738605727,50437.95,1.1,True
03,legacy_lrlr,19,50929.0,4.0,0.25,10.738503576399838,416,0.9498869864829648,50929.0,1.1,True
03,legacy_lrlr,0,32672.0,6.0,0.25,11.379116244271357,337,0.955711321270249,32672.0,0.9,True
03,legacy_lrlr,1,33025.0,6.0,0.25,16.460524772740314,453,0.7966095978883041,33025.1,1.2,True
03,legacy_lrlr,2,33143.0,6.0,0.25,19.008709007225967,353,0.9195285434951814,33143.1,0.9,True
03,legacy_lrlr,3,38589.0,6.0,0.25,20.768487375591796,375,0.7426046894891183,38589.05,1.0,True
03,legacy_lrlr,4,38811.0,6.0,0.25,49.64284219858517,351,0.7932872902039808,38811.25,0.8,True
03,legacy_lrlr,5,38914.0,6.0,0.25,38.291355136090345,369,0.93843625825427,38913.8,1.1,True
03,legacy_lrlr,6,39018.0,6.0,0.25,28.65165489065905,385,0.9731631086906433,39017.9,1.1,True
03,legacy_lrlr,7,39160.0,6.0,0.25,19.203233453768078,413,0.9718505615354175,39159.85,1.2,True
03,legacy_lrlr,8,39662.0,6.0,0.25,14.604181544455324,352,0.9340001940274185,39661.9,0.9,True
03,legacy_lrlr,9,39927.0,6.0,0.25,8.944409328796358,354,0.9029010707786996,39927.0,0.9,True
03,legacy_lrlr,10,39997.0,6.0,0.25,9.9704964623255,376,0.917907612332808,39997.0,1.0,True
03,legacy_lrlr,11,40524.0,6.0,0.25,17.178718518082277,421,0.9370237524707806,40523.9,1.2,True
03,legacy_lrlr,12,45263.0,6.0,0.25,12.36097865288638,373,0.9447339788391499,45263.15,0.9,True
03,legacy_lrlr,13,45738.0,6.0,0.25,15.121873608487661,376,0.9559363647844199,45738.05,1.0,True
03,legacy_lrlr,14,49671.0,6.0,0.25,36.038872719394575,387,0.9438540178778874,49671.2,0.9,True
03,legacy_lrlr,15,49988.0,6.0,0.25,11.734980061183553,358,0.9383230467179069,49988.1,0.9,True
03,legacy_lrlr,16,50245.0,6.0,0.25,19.560032606727326,362,0.9308874079209094,50244.95,0.9,True
03,legacy_lrlr,17,50372.0,6.0,0.25,22.836886128050686,332,0.9531535435475056,50371.95,0.9,True
03,legacy_lrlr,18,50438.0,6.0,0.25,16.418249062838235,388,0.9716884444665655,50437.95,1.1,True
03,legacy_lrlr,19,50929.0,6.0,0.25,10.738503576399838,372,0.9475706657070694,50928.9,1.0,True
03,legacy_lrlrlr,0,32672.0,2.0,0.05,11.379116244271357,493,0.7971553189542252,32672.05,0.9,True
03,legacy_lrlrlr,1,33025.0,2.0,0.05,16.460524772740314,530,0.5360164490860677,33025.05,1.0,True
03,legacy_lrlrlr,2,33143.0,2.0,0.05,19.008709007225967,471,0.8194400334768923,33143.6,0.9,True
03,legacy_lrlrlr,3,38589.0,2.0,0.05,20.768487375591796,485,0.5934040702472012,38588.8,1.1,True
03,legacy_lrlrlr,4,38811.0,2.0,0.05,49.64284219858517,579,0.5166339136742824,38810.35,1.1,True
03,legacy_lrlrlr,5,38914.0,2.0,0.05,38.291355136090345,582,0.9523307169230484,38914.1,1.1,True
03,legacy_lrlrlr,6,39018.0,2.0,0.05,28.65165489065905,543,0.93964097034783,39017.95,1.1,True
03,legacy_lrlrlr,7,39160.0,2.0,0.05,19.203233453768078,559,0.9676316119804568,39160.0,1.1,True
03,legacy_lrlrlr,8,39662.0,2.0,0.05,14.604181544455324,556,0.9466695415465516,39661.95,1.1,True
03,legacy_lrlrlr,9,39927.0,2.0,0.05,8.944409328796358,474,0.6889602884383701,39927.65,0.9,True
03,legacy_lrlrlr,10,39997.0,2.0,0.05,9.9704964623255,579,0.0,,,True
03,legacy_lrlrlr,11,40524.0,2.0,0.05,17.178718518082277,493,0.9083762840569418,40524.05,0.9,True
03,legacy_lrlrlr,12,45263.0,2.0,0.05,12.36097865288638,527,0.9060707237000094,45263.1,1.0,True
03,legacy_lrlrlr,13,45738.0,2.0,0.05,15.121873608487661,509,0.9256687518729245,45737.95,1.0,True
03,legacy_lrlrlr,14,49671.0,2.0,0.05,36.038872719394575,475,0.9851564073602781,49671.0,0.9,True
03,legacy_lrlrlr,15,49988.0,2.0,0.05,11.734980061183553,517,0.8611613538763448,49988.0,1.0,True
03,legacy_lrlrlr,16,50245.0,2.0,0.05,19.560032606727326,511,0.9409620086914122,50244.95,1.0,True
03,legacy_lrlrlr,17,50372.0,2.0,0.05,22.836886128050686,580,0.9464025046727258,50372.1,1.1,True
03,legacy_lrlrlr,18,50438.0,2.0,0.05,16.418249062838235,528,0.9537825278906937,50438.1,1.0,True
03,legacy_lrlrlr,19,50929.0,2.0,0.05,10.738503576399838,568,0.9178706823679575,50929.05,1.1,True
03,legacy_lrlrlr,0,32672.0,4.0,0.05,11.379116244271357,514,0.9469254896171103,32672.0,1.0,True
03,legacy_lrlrlr,1,33025.0,4.0,0.05,16.460524772740314,513,0.7895474556807951,33024.3,1.0,True
03,legacy_lrlrlr,2,33143.0,4.0,0.05,19.008709007225967,511,0.9129251780112834,33143.0,1.0,True
03,legacy_lrlrlr,3,38589.0,4.0,0.05,20.768487375591796,507,0.0,,,True
03,legacy_lrlrlr,4,38811.0,4.0,0.05,49.64284219858517,568,0.847801883309912,38811.05,1.1,True
03,legacy_lrlrlr,5,38914.0,4.0,0.05,38.291355136090345,516,0.9970999154265776,38914.0,1.0,True
03,legacy_lrlrlr,6,39018.0,4.0,0.05,28.65165489065905,558,0.9765782410230116,39018.0,1.1,True
03,legacy_lrlrlr,7,39160.0,4.0,0.05,19.203233453768078,557,0.983296647389361,39160.0,1.1,True
03,legacy_lrlrlr,8,39662.0,4.0,0.05,14.604181544455324,580,0.9416503849936341,39662.1,1.1,True
03,legacy_lrlrlr,9,39927.0,4.0,0.05,8.944409328796358,472,0.8449372460352029,39927.6,0.9,True
03,legacy_lrlrlr,10,39997.0,4.0,0.05,9.9704964623255,478,0.8722619790143635,39997.0,0.9,True
03,legacy_lrlrlr,11,40524.0,4.0,0.05,17.178718518082277,543,0.9396301588251021,40523.9,1.1,True
03,legacy_lrlrlr,12,45263.0,4.0,0.05,12.36097865288638,535,0.9158296363239136,45263.1,1.0,True
03,legacy_lrlrlr,13,45738.0,4.0,0.05,15.121873608487661,521,0.9579251771375761,45738.0,1.0,True
03,legacy_lrlrlr,14,49671.0,4.0,0.05,36.038872719394575,490,0.9687271556712628,49671.05,0.9,True
03,legacy_lrlrlr,15,49988.0,4.0,0.05,11.734980061183553,471,0.9670201476749196,49987.95,0.9,True
03,legacy_lrlrlr,16,50245.0,4.0,0.05,19.560032606727326,484,0.9574260353792339,50245.0,0.9,True
03,legacy_lrlrlr,17,50372.0,4.0,0.05,22.836886128050686,505,0.9544640242483555,50371.95,1.0,True
03,legacy_lrlrlr,18,50438.0,4.0,0.05,16.418249062838235,477,0.971916881131129,50438.0,0.9,True
03,legacy_lrlrlr,19,50929.0,4.0,0.05,10.738503576399838,579,0.9334666571836606,50929.1,1.1,True
03,legacy_lrlrlr,0,32672.0,6.0,0.05,11.379116244271357,501,0.9609651182743103,32671.9,1.0,True
03,legacy_lrlrlr,1,33025.0,6.0,0.05,16.460524772740314,567,0.888979221834035,33025.05,1.1,True
03,legacy_lrlrlr,2,33143.0,6.0,0.05,19.008709007225967,522,0.9663030449242115,33143.0,1.0,True
03,legacy_lrlrlr,3,38589.0,6.0,0.05,20.768487375591796,525,0.8236960247054498,38589.05,1.0,True
03,legacy_lrlrlr,4,38811.0,6.0,0.05,49.64284219858517,503,0.8862695418228174,38810.9,1.0,True
03,legacy_lrlrlr,5,38914.0,6.0,0.05,38.291355136090345,532,0.9503228508121213,38914.1,1.0,True
03,legacy_lrlrlr,6,39018.0,6.0,0.05,28.65165489065905,529,0.9639372525216764,39018.05,1.0,True
03,legacy_lrlrlr,7,39160.0,6.0,0.05,19.203233453768078,564,0.9817971996484871,39160.05,1.1,True
03,legacy_lrlrlr,8,39662.0,6.0,0.05,14.604181544455324,537,0.9436516887995403,39662.1,1.0,True
03,legacy_lrlrlr,9,39927.0,6.0,0.05,8.944409328796358,558,0.9107524865501541,39927.0,1.1,True
03,legacy_lrlrlr,10,39997.0,6.0,0.05,9.9704964623255,529,0.9122006619832638,39997.05,1.0,True
03,legacy_lrlrlr,11,40524.0,6.0,0.05,17.178718518082277,511,0.9880285751835476,40524.0,1.0,True
03,legacy_lrlrlr,12,45263.0,6.0,0.05,12.36097865288638,580,0.9439107008033523,45263.1,1.1,True
03,legacy_lrlrlr,13,45738.0,6.0,0.05,15.121873608487661,565,0.9886907570186576,45738.05,1.1,True
03,legacy_lrlrlr,14,49671.0,6.0,0.05,36.038872719394575,551,0.9752197845540321,49670.95,1.1,True
03,legacy_lrlrlr,15,49988.0,6.0,0.05,11.734980061183553,574,0.9525516192103786,49988.1,1.1,True
03,legacy_lrlrlr,16,50245.0,6.0,0.05,19.560032606727326,579,0.9560073520859351,50245.1,1.1,True
03,legacy_lrlrlr,17,50372.0,6.0,0.05,22.836886128050686,476,0.9827861200555413,50372.0,0.9,True
03,legacy_lrlrlr,18,50438.0,6.0,0.05,16.418249062838235,527,0.9581987604336285,50438.1,1.0,True
03,legacy_lrlrlr,19,50929.0,6.0,0.05,10.738503576399838,532,0.943333353449901,50929.1,1.0,True
03,legacy_lrlrlr,0,32672.0,2.0,0.15,11.379116244271357,478,0.7835569450928965,32672.1,0.9,True
03,legacy_lrlrlr,1,33025.0,2.0,0.15,16.460524772740314,546,0.5590989633070895,33024.9,1.1,True
03,legacy_lrlrlr,2,33143.0,2.0,0.15,19.008709007225967,556,0.7257506817361545,33142.55,1.0,True
03,legacy_lrlrlr,3,38589.0,2.0,0.15,20.768487375591796,510,0.6418238956054961,38589.05,1.0,True
03,legacy_lrlrlr,4,38811.0,2.0,0.15,49.64284219858517,553,0.6154588549642771,38811.0,1.1,True
03,legacy_lrlrlr,5,38914.0,2.0,0.15,38.291355136090345,545,0.9562294275598167,38914.15,1.0,True
03,legacy_lrlrlr,6,39018.0,2.0,0.15,28.65165489065905,498,0.9517371834069757,39017.85,1.0,True
03,legacy_lrlrlr,7,39160.0,2.0,0.15,19.203233453768078,557,0.9157356573013896,39160.0,1.1,True
03,legacy_lrlrlr,8,39662.0,2.0,0.15,14.604181544455324,474,0.9007725786903387,39661.95,0.9,True
03,legacy_lrlrlr,9,39927.0,2.0,0.15,8.944409328796358,507,0.7024614822017986,39927.65,1.0,True
03,legacy_lrlrlr,10,39997.0,2.0,0.15,9.9704964623255,510,0.6776914848811849,39996.3,1.0,True
03,legacy_lrlrlr,11,40524.0,2.0,0.15,17.178718518082277,563,0.9300197264007941,40524.05,1.1,True
03,legacy_lrlrlr,12,45263.0,2.0,0.15,12.36097865288638,468,0.8267877383245998,45262.95,0.9,True
03,legacy_lrlrlr,13,45738.0,2.0,0.15,15.121873608487661,537,0.8799642540177852,45737.95,1.1,True
03,legacy_lrlrlr,14,49671.0,2.0,0.15,36.038872719394575,531,0.956593705275155,49671.15,1.0,True
03,legacy_lrlrlr,15,49988.0,2.0,0.15,11.734980061183553,492,0.8408361437034537,49987.25,1.0,True
03,legacy_lrlrlr,16,50245.0,2.0,0.15,19.560032606727326,473,0.9328201128261483,50244.95,0.9,True
03,legacy_lrlrlr,17,50372.0,2.0,0.15,22.836886128050686,506,0.9198349890431577,50372.0,1.0,True
03,legacy_lrlrlr,18,50438.0,2.0,0.15,16.418249062838235,511,0.9188063292797669,50437.95,1.0,True
03,legacy_lrlrlr,19,50929.0,2.0,0.15,10.738503576399838,514,0.9000496728229784,50928.3,1.0,True
03,legacy_lrlrlr,0,32672.0,4.0,0.15,11.379116244271357,497,0.9000860859571247,32672.1,0.9,True
03,legacy_lrlrlr,1,33025.0,4.0,0.15,16.460524772740314,502,0.7336943030362479,33024.9,1.0,True
03,legacy_lrlrlr,2,33143.0,4.0,0.15,19.008709007225967,495,0.8490709365015137,33143.05,0.9,True
03,legacy_lrlrlr,3,38589.0,4.0,0.15,20.768487375591796,479,0.4689380691740844,38589.6,0.9,True
03,legacy_lrlrlr,4,38811.0,4.0,0.15,49.64284219858517,496,0.8280315939001879,38811.05,0.9,True
03,legacy_lrlrlr,5,38914.0,4.0,0.15,38.291355136090345,555,0.9279054200387019,38914.0,1.1,True
03,legacy_lrlrlr,6,39018.0,4.0,0.15,28.65165489065905,587,0.9570670810784748,39018.15,1.1,True
03,legacy_lrlrlr,7,39160.0,4.0,0.15,19.203233453768078,576,0.9408250291840495,39160.1,1.1,True
03,legacy_lrlrlr,8,39662.0,4.0,0.15,14.604181544455324,532,0.9664248022023983,39662.05,1.0,True
03,legacy_lrlrlr,9,39927.0,4.0,0.15,8.944409328796358,506,0.8668397117101283,39926.95,1.0,True
03,legacy_lrlrlr,10,39997.0,4.0,0.15,9.9704964623255,491,0.8342351507022983,39997.1,0.9,True
03,legacy_lrlrlr,11,40524.0,4.0,0.15,17.178718518082277,537,0.9412504851357992,40524.15,1.0,True
03,legacy_lrlrlr,12,45263.0,4.0,0.15,12.36097865288638,540,0.9141447771788495,45263.15,1.0,True
03,legacy_lrlrlr,13,45738.0,4.0,0.15,15.121873608487661,538,0.9015435388062415,45738.05,1.0,True
03,legacy_lrlrlr,14,49671.0,4.0,0.15,36.038872719394575,444,0.8702113748375845,49670.8,0.9,True
03,legacy_lrlrlr,15,49988.0,4.0,0.15,11.734980061183553,515,0.9373034371019041,49988.0,1.0,True
03,legacy_lrlrlr,16,50245.0,4.0,0.15,19.560032606727326,570,0.9599456268337845,50245.1,1.1,True
03,legacy_lrlrlr,17,50372.0,4.0,0.15,22.836886128050686,566,0.9775582938553545,50372.0,1.1,True
03,legacy_lrlrlr,18,50438.0,4.0,0.15,16.418249062838235,584,0.953924106866281,50438.1,1.1,True
03,legacy_lrlrlr,19,50929.0,4.0,0.15,10.738503576399838,569,0.9443184430050486,50929.0,1.1,True
03,legacy_lrlrlr,0,32672.0,6.0,0.15,11.379116244271357,496,0.9105206038804249,32671.9,1.0,True
03,legacy_lrlrlr,1,33025.0,6.0,0.15,16.460524772740314,603,0.8701615941286142,33025.05,1.2,True
03,legacy_lrlrlr,2,33143.0,6.0,0.15,19.008709007225967,542,0.9109707712764014,33142.85,1.1,True
03,legacy_lrlrlr,3,38589.0,6.0,0.15,20.768487375591796,504,0.55899396614562,38589.55,1.0,True
03,legacy_lrlrlr,4,38811.0,6.0,0.15,49.64284219858517,485,0.8261354362468543,38811.0,0.9,True
03,legacy_lrlrlr,5,38914.0,6.0,0.15,38.291355136090345,565,0.9703455558331289,38914.0,1.1,True
03,legacy_lrlrlr,6,39018.0,6.0,0.15,28.65165489065905,471,0.9305119366947071,39018.0,0.9,True
03,legacy_lrlrlr,7,39160.0,6.0,0.15,19.203233453768078,517,0.9769532171424978,39159.95,1.0,True
03,legacy_lrlrlr,8,39662.0,6.0,0.15,14.604181544455324,545,0.9262319796812329,39661.85,1.1,True
03,legacy_lrlrlr,9,39927.0,6.0,0.15,8.944409328796358,548,0.8717107832304981,39927.15,1.0,True
03,legacy_lrlrlr,10,39997.0,6.0,0.15,9.9704964623255,518,0.8331172597606419,39997.25,0.9,True
03,legacy_lrlrlr,11,40524.0,6.0,0.15,17.178718518082277,541,0.9354119224355231,40523.9,1.1,True
03,legacy_lrlrlr,12,45263.0,6.0,0.15,12.36097865288638,474,0.9488533297012332,45262.95,0.9,True
03,legacy_lrlrlr,13,45738.0,6.0,0.15,15.121873608487661,582,0.9655406005276477,45738.05,1.1,True
03,legacy_lrlrlr,14,49671.0,6.0,0.15,36.038872719394575,556,0.965913185281955,49670.9,1.1,True
03,legacy_lrlrlr,15,49988.0,6.0,0.15,11.734980061183553,520,0.950610009231674,49988.0,1.0,True
03,legacy_lrlrlr,16,50245.0,6.0,0.15,19.560032606727326,506,0.9587685175518789,50244.95,1.0,True
03,legacy_lrlrlr,17,50372.0,6.0,0.15,22.836886128050686,593,0.9686963275679973,50371.9,1.2,True
03,legacy_lrlrlr,18,50438.0,6.0,0.15,16.418249062838235,530,0.9772405311104374,50438.05,1.0,True
03,legacy_lrlrlr,19,50929.0,6.0,0.15,10.738503576399838,499,0.9642156181098652,50929.1,0.9,True
03,legacy_lrlrlr,0,32672.0,2.0,0.25,11.379116244271357,499,0.8317294270199832,32671.95,1.0,True
03,legacy_lrlrlr,1,33025.0,2.0,0.25,16.460524772740314,510,0.6107474869457956,33025.1,0.9,True
03,legacy_lrlrlr,2,33143.0,2.0,0.25,19.008709007225967,550,0.0,,,True
03,legacy_lrlrlr,3,38589.0,2.0,0.25,20.768487375591796,503,0.5805840861774524,38589.0,1.0,True
03,legacy_lrlrlr,4,38811.0,2.0,0.25,49.64284219858517,538,0.5864646903887399,38811.1,1.0,True
03,legacy_lrlrlr,5,38914.0,2.0,0.25,38.291355136090345,465,0.9140216343581496,38914.05,0.9,True
03,legacy_lrlrlr,6,39018.0,2.0,0.25,28.65165489065905,573,0.8891115161583434,39017.9,1.2,True
03,legacy_lrlrlr,7,39160.0,2.0,0.25,19.203233453768078,548,0.9115930593391118,39160.2,1.0,True
03,legacy_lrlrlr,8,39662.0,2.0,0.25,14.604181544455324,491,0.9094126954083384,39662.05,0.9,True
03,legacy_lrlrlr,9,39927.0,2.0,0.25,8.944409328796358,527,0.6188057434111691,39927.15,1.0,True
03,legacy_lrlrlr,10,39997.0,2.0,0.25,9.9704964623255,506,0.0,,,True
03,legacy_lrlrlr,11,40524.0,2.0,0.25,17.178718518082277,518,0.875838661892195,40523.8,1.1,True
03,legacy_lrlrlr,12,45263.0,2.0,0.25,12.36097865288638,509,0.8452108015759072,45263.65,1.0,True
03,legacy_lrlrlr,13,45738.0,2.0,0.25,15.121873608487661,605,0.8861989612761406,45738.05,1.2,True
03,legacy_lrlrlr,14,49671.0,2.0,0.25,36.038872719394575,541,0.9636900527167853,49671.15,1.0,True
03,legacy_lrlrlr,15,49988.0,2.0,0.25,11.734980061183553,509,0.7885007491731176,49988.15,0.9,True
03,legacy_lrlrlr,16,50245.0,2.0,0.25,19.560032606727326,496,0.9201860217374627,50245.05,0.9,True
03,legacy_lrlrlr,17,50372.0,2.0,0.25,22.836886128050686,459,0.8967993567165399,50371.85,0.9,True
03,legacy_lrlrlr,18,50438.0,2.0,0.25,16.418249062838235,482,0.8989533400002211,50438.0,0.9,True
03,legacy_lrlrlr,19,50929.0,2.0,0.25,10.738503576399838,463,0.8935260274732935,50929.05,0.9,True
03,legacy_lrlrlr,0,32672.0,4.0,0.25,11.379116244271357,571,0.913545724848741,32672.05,1.1,True
03,legacy_lrlrlr,1,33025.0,4.0,0.25,16.460524772740314,541,0.754204560503401,33024.8,1.1,True
03,legacy_lrlrlr,2,33143.0,4.0,0.25,19.008709007225967,546,0.8086296737128683,33143.65,1.1,True
03,legacy_lrlrlr,3,38589.0,4.0,0.25,20.768487375591796,536,0.0,,,True
03,legacy_lrlrlr,4,38811.0,4.0,0.25,49.64284219858517,570,0.8160259222578476,38811.15,1.1,True
03,legacy_lrlrlr,5,38914.0,4.0,0.25,38.291355136090345,527,0.9472606953992022,38914.05,1.0,True
03,legacy_lrlrlr,6,39018.0,4.0,0.25,28.65165489065905,529,0.9181922480466516,39017.85,1.1,True
03,legacy_lrlrlr,7,39160.0,4.0,0.25,19.203233453768078,584,0.9178496729811664,39160.1,1.1,True
03,legacy_lrlrlr,8,39662.0,4.0,0.25,14.604181544455324,523,0.9144712914909454,39661.95,1.0,True
03,legacy_lrlrlr,9,39927.0,4.0,0.25,8.944409328796358,564,0.8306941391001332,39927.05,1.1,True
03,legacy_lrlrlr,10,39997.0,4.0,0.25,9.9704964623255,531,0.763732003257585,39996.85,1.1,True
03,legacy_lrlrlr,11,40524.0,4.0,0.25,17.178718518082277,470,0.9395553604427744,40523.9,0.9,True
03,legacy_lrlrlr,12,45263.0,4.0,0.25,12.36097865288638,530,0.9196454097793847,45263.1,1.0,True
03,legacy_lrlrlr,13,45738.0,4.0,0.25,15.121873608487661,530,0.8548361351471331,45737.8,1.1,True
03,legacy_lrlrlr,14,49671.0,4.0,0.25,36.038872719394575,554,0.9575700550586332,49670.9,1.1,True
03,legacy_lrlrlr,15,49988.0,4.0,0.25,11.734980061183553,472,0.9125752249163316,49987.95,0.9,True
03,legacy_lrlrlr,16,50245.0,4.0,0.25,19.560032606727326,445,0.8875800244333819,50245.2,0.8,True
03,legacy_lrlrlr,17,50372.0,4.0,0.25,22.836886128050686,546,0.9102732675573156,50371.9,1.1,True
03,legacy_lrlrlr,18,50438.0,4.0,0.25,16.418249062838235,522,0.9560473158317575,50437.95,1.0,True
03,legacy_lrlrlr,19,50929.0,4.0,0.25,10.738503576399838,513,0.8763212152738031,50928.25,1.0,True
03,legacy_lrlrlr,0,32672.0,6.0,0.25,11.379116244271357,515,0.8961530330053747,32672.0,1.0,True
03,legacy_lrlrlr,1,33025.0,6.0,0.25,16.460524772740314,555,0.8128379631059637,33025.0,1.1,True
03,legacy_lrlrlr,2,33143.0,6.0,0.25,19.008709007225967,518,0.8740122344500426,33143.05,1.0,True
03,legacy_lrlrlr,3,38589.0,6.0,0.25,20.768487375591796,486,0.5113803194988417,38589.6,0.9,True
03,legacy_lrlrlr,4,38811.0,6.0,0.25,49.64284219858517,605,0.8688930466049664,38810.95,1.2,True
03,legacy_lrlrlr,5,38914.0,6.0,0.25,38.291355136090345,535,0.9014130354249132,38914.05,1.0,True
03,legacy_lrlrlr,6,39018.0,6.0,0.25,28.65165489065905,520,0.9278941251882119,39017.95,1.1,True
03,legacy_lrlrlr,7,39160.0,6.0,0.25,19.203233453768078,583,0.9347943676092915,39159.9,1.2,True
03,legacy_lrlrlr,8,39662.0,6.0,0.25,14.604181544455324,477,0.9112918035580976,39661.95,0.9,True
03,legacy_lrlrlr,9,39927.0,6.0,0.25,8.944409328796358,538,0.8776491969516964,39926.85,1.1,True
03,legacy_lrlrlr,10,39997.0,6.0,0.25,9.9704964623255,538,0.8387695513316198,39996.95,1.1,True
03,legacy_lrlrlr,11,40524.0,6.0,0.25,17.178718518082277,510,0.8956786855475058,40523.75,1.1,True
03,legacy_lrlrlr,12,45263.0,6.0,0.25,12.36097865288638,546,0.898728008789372,45262.9,1.1,True
03,legacy_lrlrlr,13,45738.0,6.0,0.25,15.121873608487661,600,0.9527187620732488,45738.0,1.2,True
03,legacy_lrlrlr,14,49671.0,6.0,0.25,36.038872719394575,467,0.9673525216917171,49670.9,0.9,True
03,legacy_lrlrlr,15,49988.0,6.0,0.25,11.734980061183553,585,0.9183585538373331,49987.95,1.2,True
03,legacy_lrlrlr,16,50245.0,6.0,0.25,19.560032606727326,515,0.9321027560943571,50245.0,1.0,True
03,legacy_lrlrlr,17,50372.0,6.0,0.25,22.836886128050686,582,0.940791052441213,50371.95,1.2,True
03,legacy_lrlrlr,18,50438.0,6.0,0.25,16.418249062838235,536,0.9503309651330817,50437.9,1.1,True
03,legacy_lrlrlr,19,50929.0,6.0,0.25,10.738503576399838,503,0.9095599924755482,50929.2,0.9,True
03,double_lrlr_pause,0,32672.0,2.0,0.05,11.379116244271357,807,0.7111734050238997,32671.85,1.1,True
03,double_lrlr_pause,1,33025.0,2.0,0.05,16.460524772740314,744,0.638967645720129,33025.55,1.0,True
03,double_lrlr_pause,2,33143.0,2.0,0.05,19.008709007225967,866,0.7732310008799836,33143.15,1.1,True
03,double_lrlr_pause,3,38589.0,2.0,0.05,20.768487375591796,747,0.0,,,True
03,double_lrlr_pause,4,38811.0,2.0,0.05,49.64284219858517,820,0.5393594289162299,38811.3,1.0,True
03,double_lrlr_pause,5,38914.0,2.0,0.05,38.291355136090345,877,0.8835663138931582,38914.25,1.1,True
03,double_lrlr_pause,6,39018.0,2.0,0.05,28.65165489065905,743,0.8620450024499698,39017.9,1.0,True
03,double_lrlr_pause,7,39160.0,2.0,0.05,19.203233453768078,864,0.9121864895281409,39160.15,1.1,True
03,double_lrlr_pause,8,39662.0,2.0,0.05,14.604181544455324,715,0.8914127395645193,39662.0,0.9,True
03,double_lrlr_pause,9,39927.0,2.0,0.05,8.944409328796358,709,0.585253661940276,39927.65,0.9,True
03,double_lrlr_pause,10,39997.0,2.0,0.05,9.9704964623255,829,0.7418613852334185,39997.65,1.1,True
03,double_lrlr_pause,11,40524.0,2.0,0.05,17.178718518082277,776,0.934966165067666,40524.05,1.0,True
03,double_lrlr_pause,12,45263.0,2.0,0.05,12.36097865288638,798,0.7681374919348297,45263.15,1.0,True
03,double_lrlr_pause,13,45738.0,2.0,0.05,15.121873608487661,787,0.806250055143798,45738.1,1.0,True
03,double_lrlr_pause,14,49671.0,2.0,0.05,36.038872719394575,857,0.968574324900383,49671.1,1.1,True
03,double_lrlr_pause,15,49988.0,2.0,0.05,11.734980061183553,756,0.4508445049299212,49987.8,1.2,True
03,double_lrlr_pause,16,50245.0,2.0,0.05,19.560032606727326,793,0.8359736406432626,50245.1,1.0,True
03,double_lrlr_pause,17,50372.0,2.0,0.05,22.836886128050686,785,0.9228269325981595,50372.05,1.0,True
03,double_lrlr_pause,18,50438.0,2.0,0.05,16.418249062838235,868,0.9017388743409998,50438.15,1.1,True
03,double_lrlr_pause,19,50929.0,2.0,0.05,10.738503576399838,815,0.7885686631406423,50928.9,1.1,True
03,double_lrlr_pause,0,32672.0,4.0,0.05,11.379116244271357,805,0.813999491100881,32672.15,1.0,True
03,double_lrlr_pause,1,33025.0,4.0,0.05,16.460524772740314,840,0.8541534416339663,33025.0,1.1,True
03,double_lrlr_pause,2,33143.0,4.0,0.05,19.008709007225967,717,0.8849746036861235,33143.05,0.9,True
03,double_lrlr_pause,3,38589.0,4.0,0.05,20.768487375591796,706,0.63676683438467,38589.0,0.9,True
03,double_lrlr_pause,4,38811.0,4.0,0.05,49.64284219858517,768,0.793505478778738,38811.0,1.0,True
03,double_lrlr_pause,5,38914.0,4.0,0.05,38.291355136090345,767,0.984386352563503,38913.95,1.0,True
03,double_lrlr_pause,6,39018.0,4.0,0.05,28.65165489065905,718,0.9202770560272445,39018.05,0.9,True
03,double_lrlr_pause,7,39160.0,4.0,0.05,19.203233453768078,786,0.9447524694364958,39160.05,1.0,True
03,double_lrlr_pause,8,39662.0,4.0,0.05,14.604181544455324,778,0.9601953854108237,39662.05,1.0,True
03,double_lrlr_pause,9,39927.0,4.0,0.05,8.944409328796358,867,0.8161539516312687,39927.1,1.1,True
03,double_lrlr_pause,10,39997.0,4.0,0.05,9.9704964623255,872,0.8545880911821305,39997.15,1.1,True
03,double_lrlr_pause,11,40524.0,4.0,0.05,17.178718518082277,801,0.8282867079994055,40524.1,1.0,True
03,double_lrlr_pause,12,45263.0,4.0,0.05,12.36097865288638,823,0.8755889983514442,45262.95,1.1,True
03,double_lrlr_pause,13,45738.0,4.0,0.05,15.121873608487661,806,0.8135242125113357,45738.15,1.0,True
03,double_lrlr_pause,14,49671.0,4.0,0.05,36.038872719394575,766,0.9771754494468441,49671.0,1.0,True
03,double_lrlr_pause,15,49988.0,4.0,0.05,11.734980061183553,853,0.0,,,True
03,double_lrlr_pause,16,50245.0,4.0,0.05,19.560032606727326,836,0.9640480111803543,50244.95,1.1,True
03,double_lrlr_pause,17,50372.0,4.0,0.05,22.836886128050686,849,0.9836969708220211,50372.05,1.1,True
03,double_lrlr_pause,18,50438.0,4.0,0.05,16.418249062838235,779,0.9704488905759855,50438.0,1.0,True
03,double_lrlr_pause,19,50929.0,4.0,0.05,10.738503576399838,864,0.901971250497829,50929.1,1.1,True
03,double_lrlr_pause,0,32672.0,6.0,0.05,11.379116244271357,808,0.8270345300847592,32671.85,1.1,True
03,double_lrlr_pause,1,33025.0,6.0,0.05,16.460524772740314,844,0.8922446318559375,33025.0,1.1,True
03,double_lrlr_pause,2,33143.0,6.0,0.05,19.008709007225967,801,0.8189901614169643,33143.15,1.0,True
03,double_lrlr_pause,3,38589.0,6.0,0.05,20.768487375591796,837,0.5428878418324158,38589.1,1.1,True
03,double_lrlr_pause,4,38811.0,6.0,0.05,49.64284219858517,736,0.7547570990150679,38810.85,1.0,True
03,double_lrlr_pause,5,38914.0,6.0,0.05,38.291355136090345,729,0.8393916342438948,38914.1,0.9,True
03,double_lrlr_pause,6,39018.0,6.0,0.05,28.65165489065905,714,0.9483011952206924,39018.0,0.9,True
03,double_lrlr_pause,7,39160.0,6.0,0.05,19.203233453768078,723,0.8912907034372548,39160.05,0.9,True
03,double_lrlr_pause,8,39662.0,6.0,0.05,14.604181544455324,740,0.8897686686503088,39661.85,1.0,True
03,double_lrlr_pause,9,39927.0,6.0,0.05,8.944409328796358,810,0.7655766475257881,39927.15,1.0,True
03,double_lrlr_pause,10,39997.0,6.0,0.05,9.9704964623255,770,0.8810269884822288,39997.0,1.0,True
03,double_lrlr_pause,11,40524.0,6.0,0.05,17.178718518082277,727,0.863035883170273,40524.1,0.9,True
03,double_lrlr_pause,12,45263.0,6.0,0.05,12.36097865288638,829,0.9400869781563033,45262.95,1.1,True
03,double_lrlr_pause,13,45738.0,6.0,0.05,15.121873608487661,845,0.9678920318608663,45738.05,1.1,True
03,double_lrlr_pause,14,49671.0,6.0,0.05,36.038872719394575,780,0.9726471080193551,49671.05,1.0,True
03,double_lrlr_pause,15,49988.0,6.0,0.05,11.734980061183553,797,0.690296916608537,49987.45,1.0,True
03,double_lrlr_pause,16,50245.0,6.0,0.05,19.560032606727326,840,0.9658482876436969,50245.0,1.1,True
03,double_lrlr_pause,17,50372.0,6.0,0.05,22.836886128050686,791,0.9345596001959325,50372.1,1.0,True
03,double_lrlr_pause,18,50438.0,6.0,0.05,16.418249062838235,815,0.8794995695394685,50437.85,1.1,True
03,double_lrlr_pause,19,50929.0,6.0,0.05,10.738503576399838,720,0.8510959909871968,50929.1,0.9,True
03,double_lrlr_pause,0,32672.0,2.0,0.15,11.379116244271357,819,0.7302914130004778,32672.0,1.1,True
03,double_lrlr_pause,1,33025.0,2.0,0.15,16.460524772740314,709,0.5026708481599073,33024.9,0.9,True
03,double_lrlr_pause,2,33143.0,2.0,0.15,19.008709007225967,748,0.7880969224045762,33143.6,1.0,True
03,double_lrlr_pause,3,38589.0,2.0,0.15,20.768487375591796,888,0.0,,,True
03,double_lrlr_pause,4,38811.0,2.0,0.15,49.64284219858517,838,0.6710720117210341,38811.0,1.1,True
03,double_lrlr_pause,5,38914.0,2.0,0.15,38.291355136090345,853,0.9698495931741409,38914.0,1.1,True
03,double_lrlr_pause,6,39018.0,2.0,0.15,28.65165489065905,746,0.8515829600568665,39018.25,0.9,True
03,double_lrlr_pause,7,39160.0,2.0,0.15,19.203233453768078,736,0.8485408741147658,39160.1,0.9,True
03,double_lrlr_pause,8,39662.0,2.0,0.15,14.604181544455324,746,0.8676871272112412,39661.85,1.0,True
03,double_lrlr_pause,9,39927.0,2.0,0.15,8.944409328796358,828,0.6420604218709487,39926.95,1.1,True
03,double_lrlr_pause,10,39997.0,2.0,0.15,9.9704964623255,808,0.5453552705808151,39996.9,1.1,True
03,double_lrlr_pause,11,40524.0,2.0,0.15,17.178718518082277,858,0.9184267782432936,40524.05,1.1,True
03,double_lrlr_pause,12,45263.0,2.0,0.15,12.36097865288638,769,0.7642125821030524,45263.05,1.0,True
03,double_lrlr_pause,13,45738.0,2.0,0.15,15.121873608487661,779,0.9004221861616747,45738.05,1.0,True
03,double_lrlr_pause,14,49671.0,2.0,0.15,36.038872719394575,877,0.9221279094017557,49671.25,1.1,True
03,double_lrlr_pause,15,49988.0,2.0,0.15,11.734980061183553,754,0.470532740956809,49987.8,1.2,True
03,double_lrlr_pause,16,50245.0,2.0,0.15,19.560032606727326,870,0.8446573998204651,50245.25,1.1,True
03,double_lrlr_pause,17,50372.0,2.0,0.15,22.836886128050686,757,0.9320506759707116,50372.0,1.0,True
03,double_lrlr_pause,18,50438.0,2.0,0.15,16.418249062838235,768,0.9104933043862744,50437.95,1.0,True
03,double_lrlr_pause,19,50929.0,2.0,0.15,10.738503576399838,861,0.7349321469118419,50928.85,1.2,True
03,double_lrlr_pause,0,32672.0,4.0,0.15,11.379116244271357,876,0.8562848504739194,32671.8,1.2,True
03,double_lrlr_pause,1,33025.0,4.0,0.15,16.460524772740314,704,0.7477897802655376,33025.0,0.9,True
03,double_lrlr_pause,2,33143.0,4.0,0.15,19.008709007225967,780,0.8630443045181008,33143.1,1.0,True
03,double_lrlr_pause,3,38589.0,4.0,0.15,20.768487375591796,855,0.49396120660731563,38589.3,0.8,True
03,double_lrlr_pause,4,38811.0,4.0,0.15,49.64284219858517,741,0.7595280226106448,38810.85,1.0,True
03,double_lrlr_pause,5,38914.0,4.0,0.15,38.291355136090345,750,0.9213889282531325,38913.8,1.0,True
03,double_lrlr_pause,6,39018.0,4.0,0.15,28.65165489065905,855,0.980423320440632,39018.05,1.1,True
03,double_lrlr_pause,7,39160.0,4.0,0.15,19.203233453768078,849,0.9739872214153525,39160.1,1.1,True
03,double_lrlr_pause,8,39662.0,4.0,0.15,14.604181544455324,838,0.9733690582975868,39662.05,1.1,True
03,double_lrlr_pause,9,39927.0,4.0,0.15,8.944409328796358,829,0.7771899442299569,39926.95,1.1,True
03,double_lrlr_pause,10,39997.0,4.0,0.15,9.9704964623255,868,0.5089667507351425,39996.35,1.1,True
03,double_lrlr_pause,11,40524.0,4.0,0.15,17.178718518082277,767,0.8510382993496224,40524.0,1.0,True
03,double_lrlr_pause,12,45263.0,4.0,0.15,12.36097865288638,874,0.9090294755946888,45263.1,1.1,True
03,double_lrlr_pause,13,45738.0,4.0,0.15,15.121873608487661,834,0.8990860973446074,45738.0,1.1,True
03,double_lrlr_pause,14,49671.0,4.0,0.15,36.038872719394575,752,0.9711017676257042,49670.9,1.0,True
03,double_lrlr_pause,15,49988.0,4.0,0.15,11.734980061183553,788,0.7617199326583663,49988.1,1.0,True
03,double_lrlr_pause,16,50245.0,4.0,0.15,19.560032606727326,829,0.8911518824764462,50244.95,1.1,True
03,double_lrlr_pause,17,50372.0,4.0,0.15,22.836886128050686,731,0.8235482387391108,50371.7,1.0,True
03,double_lrlr_pause,18,50438.0,4.0,0.15,16.418249062838235,882,0.9113867165102104,50438.25,1.1,True
03,double_lrlr_pause,19,50929.0,4.0,0.15,10.738503576399838,854,0.8960956524073181,50929.15,1.1,True
03,double_lrlr_pause,0,32672.0,6.0,0.15,11.379116244271357,856,0.9457003403769889,32672.05,1.1,True
03,double_lrlr_pause,1,33025.0,6.0,0.15,16.460524772740314,768,0.8050122654215828,33025.0,1.0,True
03,double_lrlr_pause,2,33143.0,6.0,0.15,19.008709007225967,743,0.8309796148335553,33143.1,0.9,True
03,double_lrlr_pause,3,38589.0,6.0,0.15,20.768487375591796,836,0.5906782544414239,38589.1,1.1,True
03,double_lrlr_pause,4,38811.0,6.0,0.15,49.64284219858517,754,0.8590570054081359,38810.9,1.0,True
03,double_lrlr_pause,5,38914.0,6.0,0.15,38.291355136090345,754,0.9352089837828088,38913.95,1.0,True
03,double_lrlr_pause,6,39018.0,6.0,0.15,28.65165489065905,701,0.956045218017254,39017.95,0.9,True
03,double_lrlr_pause,7,39160.0,6.0,0.15,19.203233453768078,832,0.9560216553403947,39159.9,1.1,True
03,double_lrlr_pause,8,39662.0,6.0,0.15,14.604181544455324,856,0.972964833719044,39662.1,1.1,True
03,double_lrlr_pause,9,39927.0,6.0,0.15,8.944409328796358,719,0.8701279242684307,39927.1,0.9,True
03,double_lrlr_pause,10,39997.0,6.0,0.15,9.9704964623255,792,0.874153887016897,39997.15,1.0,True
03,double_lrlr_pause,11,40524.0,6.0,0.15,17.178718518082277,831,0.954889088579957,40523.95,1.1,True
03,double_lrlr_pause,12,45263.0,6.0,0.15,12.36097865288638,682,0.8686522287922026,45262.9,0.9,True
03,double_lrlr_pause,13,45738.0,6.0,0.15,15.121873608487661,817,0.8939817633665407,45737.85,1.1,True
03,double_lrlr_pause,14,49671.0,6.0,0.15,36.038872719394575,693,0.8842285685136425,49670.9,0.9,True
03,double_lrlr_pause,15,49988.0,6.0,0.15,11.734980061183553,794,0.8068443302004803,49988.1,1.0,True
03,double_lrlr_pause,16,50245.0,6.0,0.15,19.560032606727326,734,0.8650482315326539,50244.75,1.0,True
03,double_lrlr_pause,17,50372.0,6.0,0.15,22.836886128050686,821,0.8913873976219693,50371.9,1.1,True
03,double_lrlr_pause,18,50438.0,6.0,0.15,16.418249062838235,766,0.8958963921444271,50437.95,1.0,True
03,double_lrlr_pause,19,50929.0,6.0,0.15,10.738503576399838,861,0.9457636417122626,50929.1,1.1,True
03,double_lrlr_pause,0,32672.0,2.0,0.25,11.379116244271357,831,0.8152224046264201,32671.85,1.1,True
03,double_lrlr_pause,1,33025.0,2.0,0.25,16.460524772740314,784,0.6304904210464708,33025.2,1.0,True
03,double_lrlr_pause,2,33143.0,2.0,0.25,19.008709007225967,808,0.7450445193661754,33142.85,1.1,True
03,double_lrlr_pause,3,38589.0,2.0,0.25,20.768487375591796,851,0.0,,,True
03,double_lrlr_pause,4,38811.0,2.0,0.25,49.64284219858517,706,0.5318634950735447,38810.55,1.2,True
03,double_lrlr_pause,5,38914.0,2.0,0.25,38.291355136090345,737,0.9066262351177212,38913.8,1.0,True
03,double_lrlr_pause,6,39018.0,2.0,0.25,28.65165489065905,750,0.8762845836046411,39017.95,1.0,True
03,double_lrlr_pause,7,39160.0,2.0,0.25,19.203233453768078,809,0.8389023911010411,39159.9,1.1,True
03,double_lrlr_pause,8,39662.0,2.0,0.25,14.604181544455324,796,0.7473688455418086,39662.05,1.1,True
03,double_lrlr_pause,9,39927.0,2.0,0.25,8.944409328796358,781,0.6289392431762115,39926.9,1.0,True
03,double_lrlr_pause,10,39997.0,2.0,0.25,9.9704964623255,719,0.5135030858058469,39996.9,1.2,True
03,double_lrlr_pause,11,40524.0,2.0,0.25,17.178718518082277,785,0.8448417911925442,40524.15,1.0,True
03,double_lrlr_pause,12,45263.0,2.0,0.25,12.36097865288638,787,0.8241051756332541,45262.8,1.1,True
03,double_lrlr_pause,13,45738.0,2.0,0.25,15.121873608487661,727,0.7836372328874199,45738.05,0.9,True
03,double_lrlr_pause,14,49671.0,2.0,0.25,36.038872719394575,875,0.9221000477156523,49670.75,1.2,True
03,double_lrlr_pause,15,49988.0,2.0,0.25,11.734980061183553,817,0.5174291451884808,49988.45,1.1,True
03,double_lrlr_pause,16,50245.0,2.0,0.25,19.560032606727326,757,0.8716242419821103,50244.95,1.0,True
03,double_lrlr_pause,17,50372.0,2.0,0.25,22.836886128050686,870,0.8446716157549913,50372.1,1.1,True
03,double_lrlr_pause,18,50438.0,2.0,0.25,16.418249062838235,731,0.8460554767076764,50438.05,0.9,True
03,double_lrlr_pause,19,50929.0,2.0,0.25,10.738503576399838,756,0.6859641880341538,50929.15,0.9,True
03,double_lrlr_pause,0,32672.0,4.0,0.25,11.379116244271357,768,0.8783355639203764,32672.0,1.0,True
03,double_lrlr_pause,1,33025.0,4.0,0.25,16.460524772740314,760,0.7548488196920581,33024.85,1.0,True
03,double_lrlr_pause,2,33143.0,4.0,0.25,19.008709007225967,860,0.9141042557910138,33143.15,1.1,True
03,double_lrlr_pause,3,38589.0,4.0,0.25,20.768487375591796,741,0.0,,,True
03,double_lrlr_pause,4,38811.0,4.0,0.25,49.64284219858517,881,0.7703741081380052,38811.25,1.1,True
03,double_lrlr_pause,5,38914.0,4.0,0.25,38.291355136090345,770,0.9501552047690182,38914.0,1.0,True
03,double_lrlr_pause,6,39018.0,4.0,0.25,28.65165489065905,701,0.840321460171598,39017.9,0.9,True
03,double_lrlr_pause,7,39160.0,4.0,0.25,19.203233453768078,747,0.7749622735756078,39159.8,1.0,True
03,double_lrlr_pause,8,39662.0,4.0,0.25,14.604181544455324,766,0.8925134888529631,39661.9,1.0,True
03,double_lrlr_pause,9,39927.0,4.0,0.25,8.944409328796358,704,0.7767235653066125,39927.0,0.9,True
03,double_lrlr_pause,10,39997.0,4.0,0.25,9.9704964623255,822,0.752855652516462,39997.45,1.0,True
03,double_lrlr_pause,11,40524.0,4.0,0.25,17.178718518082277,765,0.8614123574367869,40524.0,1.0,True
03,double_lrlr_pause,12,45263.0,4.0,0.25,12.36097865288638,769,0.9023124871829293,45262.95,1.0,True
03,double_lrlr_pause,13,45738.0,4.0,0.25,15.121873608487661,776,0.8431497279264237,45738.1,1.0,True
03,double_lrlr_pause,14,49671.0,4.0,0.25,36.038872719394575,731,0.8132387857562685,49670.85,1.0,True
03,double_lrlr_pause,15,49988.0,4.0,0.25,11.734980061183553,733,0.0,,,True
03,double_lrlr_pause,16,50245.0,4.0,0.25,19.560032606727326,867,0.8647585601419724,50245.25,1.1,True
03,double_lrlr_pause,17,50372.0,4.0,0.25,22.836886128050686,699,0.763268890896926,50371.9,0.9,True
03,double_lrlr_pause,18,50438.0,4.0,0.25,16.418249062838235,827,0.9443088690060996,50437.9,1.1,True
03,double_lrlr_pause,19,50929.0,4.0,0.25,10.738503576399838,694,0.8485906224247849,50929.05,0.9,True
03,double_lrlr_pause,0,32672.0,6.0,0.25,11.379116244271357,772,0.9387284328092158,32672.0,1.0,True
03,double_lrlr_pause,1,33025.0,6.0,0.25,16.460524772740314,684,0.7467328717322467,33025.0,0.9,True
03,double_lrlr_pause,2,33143.0,6.0,0.25,19.008709007225967,790,0.8849588802051478,33143.0,1.0,True
03,double_lrlr_pause,3,38589.0,6.0,0.25,20.768487375591796,634,0.5352766850008547,38589.5,0.8,True
03,double_lrlr_pause,4,38811.0,6.0,0.25,49.64284219858517,735,0.7998617451851228,38811.2,0.9,True
03,double_lrlr_pause,5,38914.0,6.0,0.25,38.291355136090345,745,0.8752587633818233,38914.05,0.9,True
03,double_lrlr_pause,6,39018.0,6.0,0.25,28.65165489065905,825,0.8789475707271552,39017.9,1.1,True
03,double_lrlr_pause,7,39160.0,6.0,0.25,19.203233453768078,800,0.8443126917603704,39159.75,1.1,True
03,double_lrlr_pause,8,39662.0,6.0,0.25,14.604181544455324,734,0.8781106442204804,39661.85,1.0,True
03,double_lrlr_pause,9,39927.0,6.0,0.25,8.944409328796358,827,0.8130746834108582,39926.95,1.1,True
03,double_lrlr_pause,10,39997.0,6.0,0.25,9.9704964623255,776,0.7891706429539186,39997.1,1.0,True
03,double_lrlr_pause,11,40524.0,6.0,0.25,17.178718518082277,852,0.8614487230098856,40523.75,1.2,True
03,double_lrlr_pause,12,45263.0,6.0,0.25,12.36097865288638,829,0.8237080618807994,45263.35,1.0,True
03,double_lrlr_pause,13,45738.0,6.0,0.25,15.121873608487661,770,0.9545929137597993,45738.0,1.0,True
03,double_lrlr_pause,14,49671.0,6.0,0.25,36.038872719394575,839,0.8564870391975283,49670.9,1.1,True
03,double_lrlr_pause,15,49988.0,6.0,0.25,11.734980061183553,693,0.8586936450611053,49987.9,0.9,True
03,double_lrlr_pause,16,50245.0,6.0,0.25,19.560032606727326,767,0.9076117056838748,50245.05,1.0,True
03,double_lrlr_pause,17,50372.0,6.0,0.25,22.836886128050686,740,0.8103428927313755,50372.25,0.9,True
03,double_lrlr_pause,18,50438.0,6.0,0.25,16.418249062838235,673,0.8983885090104738,50437.8,0.9,True
03,double_lrlr_pause,19,50929.0,6.0,0.25,10.738503576399838,776,0.9367090649531943,50929.05,1.0,True
03,iso8_matched,0,32672.0,2.0,0.05,11.379116244271357,754,0.8252112400806795,32671.9,1.2,True
03,iso8_matched,1,33025.0,2.0,0.05,16.460524772740314,639,0.508943096360371,33025.6,1.0,True
03,iso8_matched,2,33143.0,2.0,0.05,19.008709007225967,721,0.6837242041858604,33142.65,1.0,True
03,iso8_matched,3,38589.0,2.0,0.05,20.768487375591796,659,0.592202669845304,38589.05,1.0,True
03,iso8_matched,4,38811.0,2.0,0.05,49.64284219858517,650,0.6649184469783049,38810.95,1.0,True
03,iso8_matched,5,38914.0,2.0,0.05,38.291355136090345,674,0.9387395952144955,38914.1,1.0,True
03,iso8_matched,6,39018.0,2.0,0.05,28.65165489065905,592,0.9333535803507815,39017.9,0.9,True
03,iso8_matched,7,39160.0,2.0,0.05,19.203233453768078,669,0.9330466620147803,39160.05,1.0,True
03,iso8_matched,8,39662.0,2.0,0.05,14.604181544455324,616,0.8939298552995335,39662.05,0.9,True
03,iso8_matched,9,39927.0,2.0,0.05,8.944409328796358,593,0.6777542194106907,39926.95,0.9,True
03,iso8_matched,10,39997.0,2.0,0.05,9.9704964623255,616,0.611892901220581,39997.0,0.9,True
03,iso8_matched,11,40524.0,2.0,0.05,17.178718518082277,735,0.9232245473909261,40524.1,1.1,True
03,iso8_matched,12,45263.0,2.0,0.05,12.36097865288638,706,0.8823764338602653,45263.0,1.1,True
03,iso8_matched,13,45738.0,2.0,0.05,15.121873608487661,608,0.8842186778009121,45738.05,0.9,True
03,iso8_matched,14,49671.0,2.0,0.05,36.038872719394575,725,0.9608367742688209,49671.1,1.1,True
03,iso8_matched,15,49988.0,2.0,0.05,11.734980061183553,645,0.7867873463412229,49987.95,1.0,True
03,iso8_matched,16,50245.0,2.0,0.05,19.560032606727326,714,0.9506034077132071,50245.0,1.1,True
03,iso8_matched,17,50372.0,2.0,0.05,22.836886128050686,724,0.9581569255939394,50372.05,1.1,True
03,iso8_matched,18,50438.0,2.0,0.05,16.418249062838235,705,0.9378939109109563,50437.95,1.1,True
03,iso8_matched,19,50929.0,2.0,0.05,10.738503576399838,634,0.7999294372514569,50929.6,1.0,True
03,iso8_matched,0,32672.0,4.0,0.05,11.379116244271357,728,0.938622736172709,32672.1,1.1,True
03,iso8_matched,1,33025.0,4.0,0.05,16.460524772740314,676,0.7931493456678975,33025.1,1.0,True
03,iso8_matched,2,33143.0,4.0,0.05,19.008709007225967,635,0.8959889912910852,33142.9,1.0,True
03,iso8_matched,3,38589.0,4.0,0.05,20.768487375591796,712,0.662425452323033,38588.95,1.1,True
03,iso8_matched,4,38811.0,4.0,0.05,49.64284219858517,673,0.7965812014176471,38811.1,1.0,True
03,iso8_matched,5,38914.0,4.0,0.05,38.291355136090345,645,0.9582705023569864,38913.9,1.0,True
03,iso8_matched,6,39018.0,4.0,0.05,28.65165489065905,679,0.8957337205465549,39018.15,1.0,True
03,iso8_matched,7,39160.0,4.0,0.05,19.203233453768078,581,0.8751770236958195,39159.9,0.9,True
03,iso8_matched,8,39662.0,4.0,0.05,14.604181544455324,660,0.9695697130969683,39662.0,1.0,True
03,iso8_matched,9,39927.0,4.0,0.05,8.944409328796358,729,0.8520337251625858,39927.1,1.1,True
03,iso8_matched,10,39997.0,4.0,0.05,9.9704964623255,616,0.7960017027610654,39997.05,0.9,True
03,iso8_matched,11,40524.0,4.0,0.05,17.178718518082277,635,0.9248283846789981,40523.9,1.0,True
03,iso8_matched,12,45263.0,4.0,0.05,12.36097865288638,698,0.9006723098137613,45262.9,1.1,True
03,iso8_matched,13,45738.0,4.0,0.05,15.121873608487661,690,0.8891504151723444,45737.9,1.1,True
03,iso8_matched,14,49671.0,4.0,0.05,36.038872719394575,675,0.9548331620794104,49671.1,1.0,True
03,iso8_matched,15,49988.0,4.0,0.05,11.734980061183553,623,0.8582753178736265,49988.1,0.9,True
03,iso8_matched,16,50245.0,4.0,0.05,19.560032606727326,596,0.9778254501377814,50244.95,0.9,True
03,iso8_matched,17,50372.0,4.0,0.05,22.836886128050686,692,0.9278079754748072,50371.85,1.1,True
03,iso8_matched,18,50438.0,4.0,0.05,16.418249062838235,637,0.9563637087630953,50437.9,1.0,True
03,iso8_matched,19,50929.0,4.0,0.05,10.738503576399838,599,0.9567494885499023,50928.95,0.9,True
03,iso8_matched,0,32672.0,6.0,0.05,11.379116244271357,678,0.9413893216795496,32672.1,1.0,True
03,iso8_matched,1,33025.0,6.0,0.05,16.460524772740314,627,0.8175582807392887,33025.1,0.9,True
03,iso8_matched,2,33143.0,6.0,0.05,19.008709007225967,665,0.9608186695903199,33143.05,1.0,True
03,iso8_matched,3,38589.0,6.0,0.05,20.768487375591796,696,0.5929098321062382,38589.7,1.1,True
03,iso8_matched,4,38811.0,6.0,0.05,49.64284219858517,743,0.8461395981673431,38811.1,1.1,True
03,iso8_matched,5,38914.0,6.0,0.05,38.291355136090345,609,0.9603560262860316,38914.0,0.9,True
03,iso8_matched,6,39018.0,6.0,0.05,28.65165489065905,708,0.9757371608737742,39018.0,1.1,True
03,iso8_matched,7,39160.0,6.0,0.05,19.203233453768078,631,0.9262620724563084,39159.9,1.0,True
03,iso8_matched,8,39662.0,6.0,0.05,14.604181544455324,599,0.9720056709318762,39661.95,0.9,True
03,iso8_matched,9,39927.0,6.0,0.05,8.944409328796358,677,0.8495849194846452,39927.1,1.0,True
03,iso8_matched,10,39997.0,6.0,0.05,9.9704964623255,640,0.8526528383741904,39997.65,1.0,True
03,iso8_matched,11,40524.0,6.0,0.05,17.178718518082277,741,0.9154885847679491,40524.15,1.1,True
03,iso8_matched,12,45263.0,6.0,0.05,12.36097865288638,656,0.9565781271050304,45263.0,1.0,True
03,iso8_matched,13,45738.0,6.0,0.05,15.121873608487661,743,0.9287894298281775,45738.2,1.1,True
03,iso8_matched,14,49671.0,6.0,0.05,36.038872719394575,661,0.9910629764207307,49671.05,1.0,True
03,iso8_matched,15,49988.0,6.0,0.05,11.734980061183553,649,0.9529041534202539,49987.95,1.0,True
03,iso8_matched,16,50245.0,6.0,0.05,19.560032606727326,726,0.9697637533011912,50245.1,1.1,True
03,iso8_matched,17,50372.0,6.0,0.05,22.836886128050686,726,0.9851651305007765,50372.05,1.1,True
03,iso8_matched,18,50438.0,6.0,0.05,16.418249062838235,598,0.9863597281099353,50437.95,0.9,True
03,iso8_matched,19,50929.0,6.0,0.05,10.738503576399838,661,0.9698914948211879,50929.0,1.0,True
03,iso8_matched,0,32672.0,2.0,0.15,11.379116244271357,701,0.8139586222692087,32671.85,1.1,True
03,iso8_matched,1,33025.0,2.0,0.15,16.460524772740314,688,0.5222836775344881,33025.55,1.2,True
03,iso8_matched,2,33143.0,2.0,0.15,19.008709007225967,652,0.8545708445448731,33142.95,1.0,True
03,iso8_matched,3,38589.0,2.0,0.15,20.768487375591796,654,0.572339801136313,38589.05,1.0,True
03,iso8_matched,4,38811.0,2.0,0.15,49.64284219858517,699,0.5612821397644298,38811.2,1.0,True
03,iso8_matched,5,38914.0,2.0,0.15,38.291355136090345,691,0.8908320262591166,38914.15,1.0,True
03,iso8_matched,6,39018.0,2.0,0.15,28.65165489065905,745,0.9018160582693971,39018.2,1.1,True
03,iso8_matched,7,39160.0,2.0,0.15,19.203233453768078,728,0.9190702570440829,39160.0,1.1,True
03,iso8_matched,8,39662.0,2.0,0.15,14.604181544455324,615,0.8850525089809955,39662.0,0.9,True
03,iso8_matched,9,39927.0,2.0,0.15,8.944409328796358,637,0.5994130010526713,39927.15,0.9,True
03,iso8_matched,10,39997.0,2.0,0.15,9.9704964623255,744,0.5810379307600879,39997.75,1.2,True
03,iso8_matched,11,40524.0,2.0,0.15,17.178718518082277,659,0.9176911306139522,40524.0,1.0,True
03,iso8_matched,12,45263.0,2.0,0.15,12.36097865288638,744,0.8190781493920762,45263.2,1.1,True
03,iso8_matched,13,45738.0,2.0,0.15,15.121873608487661,683,0.8458736747025963,45738.1,1.0,True
03,iso8_matched,14,49671.0,2.0,0.15,36.038872719394575,584,0.941997791715986,49670.9,0.9,True
03,iso8_matched,15,49988.0,2.0,0.15,11.734980061183553,605,0.7714816694221155,49988.0,0.9,True
03,iso8_matched,16,50245.0,2.0,0.15,19.560032606727326,723,0.9554224223368226,50245.05,1.1,True
03,iso8_matched,17,50372.0,2.0,0.15,22.836886128050686,699,0.9446514305185191,50372.0,1.1,True
03,iso8_matched,18,50438.0,2.0,0.15,16.418249062838235,711,0.9183836356070375,50438.0,1.1,True
03,iso8_matched,19,50929.0,2.0,0.15,10.738503576399838,641,0.8727584876336336,50928.95,1.0,True
03,iso8_matched,0,32672.0,4.0,0.15,11.379116244271357,600,0.8381473042784477,32671.9,0.9,True
03,iso8_matched,1,33025.0,4.0,0.15,16.460524772740314,658,0.7124599133574689,33024.95,1.0,True
03,iso8_matched,2,33143.0,4.0,0.15,19.008709007225967,618,0.8567362156137772,33143.15,0.9,True
03,iso8_matched,3,38589.0,4.0,0.15,20.768487375591796,630,0.6362459988880381,38588.9,1.0,True
03,iso8_matched,4,38811.0,4.0,0.15,49.64284219858517,712,0.9028796356160964,38811.7,1.1,True
03,iso8_matched,5,38914.0,4.0,0.15,38.291355136090345,718,0.9727988701234547,38914.0,1.1,True
03,iso8_matched,6,39018.0,4.0,0.15,28.65165489065905,600,0.9528755364144816,39018.0,0.9,True
03,iso8_matched,7,39160.0,4.0,0.15,19.203233453768078,680,0.8596042460478911,39160.25,1.0,True
03,iso8_matched,8,39662.0,4.0,0.15,14.604181544455324,671,0.8879602287675856,39661.85,1.1,True
03,iso8_matched,9,39927.0,4.0,0.15,8.944409328796358,637,0.8004175523110358,39926.9,1.0,True
03,iso8_matched,10,39997.0,4.0,0.15,9.9704964623255,735,0.793179534160976,39997.1,1.1,True
03,iso8_matched,11,40524.0,4.0,0.15,17.178718518082277,679,0.8714337337789696,40523.85,1.1,True
03,iso8_matched,12,45263.0,4.0,0.15,12.36097865288638,738,0.8654314987031353,45263.15,1.1,True
03,iso8_matched,13,45738.0,4.0,0.15,15.121873608487661,659,0.9401389714519726,45738.05,1.0,True
03,iso8_matched,14,49671.0,4.0,0.15,36.038872719394575,633,0.9343556802960891,49671.05,0.9,True
03,iso8_matched,15,49988.0,4.0,0.15,11.734980061183553,663,0.9037775586488876,49988.0,1.0,True
03,iso8_matched,16,50245.0,4.0,0.15,19.560032606727326,621,0.8930489600350128,50244.9,1.0,True
03,iso8_matched,17,50372.0,4.0,0.15,22.836886128050686,654,0.9615443499778543,50372.0,1.0,True
03,iso8_matched,18,50438.0,4.0,0.15,16.418249062838235,633,0.9245205082162901,50438.1,0.9,True
03,iso8_matched,19,50929.0,4.0,0.15,10.738503576399838,709,0.8583608321044103,50929.65,1.1,True
03,iso8_matched,0,32672.0,6.0,0.15,11.379116244271357,649,0.930898200856192,32671.95,1.0,True
03,iso8_matched,1,33025.0,6.0,0.15,16.460524772740314,740,0.8291049285407823,33025.1,1.1,True
03,iso8_matched,2,33143.0,6.0,0.15,19.008709007225967,587,0.9391667572699177,33142.9,0.9,True
03,iso8_matched,3,38589.0,6.0,0.15,20.768487375591796,718,0.7793364511703977,38588.95,1.1,True
03,iso8_matched,4,38811.0,6.0,0.15,49.64284219858517,584,0.8817913567585007,38810.95,0.9,True
03,iso8_matched,5,38914.0,6.0,0.15,38.291355136090345,671,0.9089676790312637,38914.2,1.0,True
03,iso8_matched,6,39018.0,6.0,0.15,28.65165489065905,596,0.9721689506276622,39017.95,0.9,True
03,iso8_matched,7,39160.0,6.0,0.15,19.203233453768078,599,0.9644038813999903,39159.95,0.9,True
03,iso8_matched,8,39662.0,6.0,0.15,14.604181544455324,706,0.9446109553970187,39661.9,1.1,True
03,iso8_matched,9,39927.0,6.0,0.15,8.944409328796358,641,0.8615632954816345,39926.9,1.0,True
03,iso8_matched,10,39997.0,6.0,0.15,9.9704964623255,616,0.8623203340277987,39997.0,0.9,True
03,iso8_matched,11,40524.0,6.0,0.15,17.178718518082277,731,0.9584590623383681,40524.1,1.1,True
03,iso8_matched,12,45263.0,6.0,0.15,12.36097865288638,697,0.9130029953738603,45262.95,1.1,True
03,iso8_matched,13,45738.0,6.0,0.15,15.121873608487661,591,0.9608361830009842,45737.85,0.9,True
03,iso8_matched,14,49671.0,6.0,0.15,36.038872719394575,668,0.9749027159735776,49671.1,1.0,True
03,iso8_matched,15,49988.0,6.0,0.15,11.734980061183553,594,0.9238806089762156,49987.95,0.9,True
03,iso8_matched,16,50245.0,6.0,0.15,19.560032606727326,661,0.9353323473494104,50245.0,1.0,True
03,iso8_matched,17,50372.0,6.0,0.15,22.836886128050686,666,0.9545309365088209,50372.1,1.0,True
03,iso8_matched,18,50438.0,6.0,0.15,16.418249062838235,719,0.9792051570911287,50438.1,1.1,True
03,iso8_matched,19,50929.0,6.0,0.15,10.738503576399838,705,0.917193515939828,50929.05,1.1,True
03,iso8_matched,0,32672.0,2.0,0.25,11.379116244271357,709,0.8166006746239212,32672.15,1.1,True
03,iso8_matched,1,33025.0,2.0,0.25,16.460524772740314,732,0.46041928981624697,33025.15,1.1,True
03,iso8_matched,2,33143.0,2.0,0.25,19.008709007225967,743,0.828754304181978,33143.1,1.1,True
03,iso8_matched,3,38589.0,2.0,0.25,20.768487375591796,740,0.0,,,True
03,iso8_matched,4,38811.0,2.0,0.25,49.64284219858517,694,0.735148639036186,38811.55,1.1,True
03,iso8_matched,5,38914.0,2.0,0.25,38.291355136090345,601,0.7801009756733747,38913.95,0.9,True
03,iso8_matched,6,39018.0,2.0,0.25,28.65165489065905,607,0.8365014457019743,39018.15,0.9,True
03,iso8_matched,7,39160.0,2.0,0.25,19.203233453768078,712,0.0,,,True
03,iso8_matched,8,39662.0,2.0,0.25,14.604181544455324,595,0.8849952704153244,39661.95,0.9,True
03,iso8_matched,9,39927.0,2.0,0.25,8.944409328796358,660,0.6777623161209738,39927.7,1.0,True
03,iso8_matched,10,39997.0,2.0,0.25,9.9704964623255,724,0.0,,,True
03,iso8_matched,11,40524.0,2.0,0.25,17.178718518082277,639,0.9210239975242214,40523.9,1.0,True
03,iso8_matched,12,45263.0,2.0,0.25,12.36097865288638,618,0.7499449628502032,45262.8,1.0,True
03,iso8_matched,13,45738.0,2.0,0.25,15.121873608487661,691,0.8263533307439568,45738.25,1.0,True
03,iso8_matched,14,49671.0,2.0,0.25,36.038872719394575,586,0.8559737548614893,49670.8,0.9,True
03,iso8_matched,15,49988.0,2.0,0.25,11.734980061183553,699,0.6144061398597457,49987.25,1.1,True
03,iso8_matched,16,50245.0,2.0,0.25,19.560032606727326,709,0.8710436198850818,50244.95,1.1,True
03,iso8_matched,17,50372.0,2.0,0.25,22.836886128050686,605,0.8667063133486631,50371.95,0.9,True
03,iso8_matched,18,50438.0,2.0,0.25,16.418249062838235,748,0.8796830168841636,50438.1,1.1,True
03,iso8_matched,19,50929.0,2.0,0.25,10.738503576399838,613,0.8531132805931886,50929.0,0.9,True
03,iso8_matched,0,32672.0,4.0,0.25,11.379116244271357,651,0.9253767242705857,32672.05,1.0,True
03,iso8_matched,1,33025.0,4.0,0.25,16.460524772740314,699,0.7629623823824467,33024.8,1.1,True
03,iso8_matched,2,33143.0,4.0,0.25,19.008709007225967,623,0.6357353808935247,33142.6,0.9,True
03,iso8_matched,3,38589.0,4.0,0.25,20.768487375591796,689,0.6630278740663165,38588.9,1.1,True
03,iso8_matched,4,38811.0,4.0,0.25,49.64284219858517,698,0.8709936819283296,38811.55,1.1,True
03,iso8_matched,5,38914.0,4.0,0.25,38.291355136090345,697,0.8637375720914465,38913.8,1.1,True
03,iso8_matched,6,39018.0,4.0,0.25,28.65165489065905,600,0.8923697406519401,39017.9,0.9,True
03,iso8_matched,7,39160.0,4.0,0.25,19.203233453768078,704,0.8900036006861708,39159.85,1.1,True
03,iso8_matched,8,39662.0,4.0,0.25,14.604181544455324,661,0.9375638438752392,39662.0,1.0,True
03,iso8_matched,9,39927.0,4.0,0.25,8.944409328796358,618,0.0,,,True
03,iso8_matched,10,39997.0,4.0,0.25,9.9704964623255,699,0.6740748113066739,39996.9,1.1,True
03,iso8_matched,11,40524.0,4.0,0.25,17.178718518082277,618,0.8844552017716992,40524.05,0.9,True
03,iso8_matched,12,45263.0,4.0,0.25,12.36097865288638,717,0.8616024885666295,45263.15,1.1,True
03,iso8_matched,13,45738.0,4.0,0.25,15.121873608487661,712,0.8745368540973402,45737.95,1.1,True
03,iso8_matched,14,49671.0,4.0,0.25,36.038872719394575,593,0.8827993204594358,49670.8,0.9,True
03,iso8_matched,15,49988.0,4.0,0.25,11.734980061183553,627,0.8388963530990536,49987.85,1.0,True
03,iso8_matched,16,50245.0,4.0,0.25,19.560032606727326,724,0.912343789257233,50245.2,1.1,True
03,iso8_matched,17,50372.0,4.0,0.25,22.836886128050686,730,0.8909941123511982,50371.9,1.2,True
03,iso8_matched,18,50438.0,4.0,0.25,16.418249062838235,610,0.8977404230627598,50438.05,0.9,True
03,iso8_matched,19,50929.0,4.0,0.25,10.738503576399838,766,0.0,,,True
03,iso8_matched,0,32672.0,6.0,0.25,11.379116244271357,616,0.9344216539632308,32672.05,0.9,True
03,iso8_matched,1,33025.0,6.0,0.25,16.460524772740314,681,0.8404329234508428,33025.05,1.0,True
03,iso8_matched,2,33143.0,6.0,0.25,19.008709007225967,705,0.869628126295992,33142.9,1.1,True
03,iso8_matched,3,38589.0,6.0,0.25,20.768487375591796,627,0.5735001853008088,38589.4,1.0,True
03,iso8_matched,4,38811.0,6.0,0.25,49.64284219858517,645,0.9077444584106991,38810.85,1.0,True
03,iso8_matched,5,38914.0,6.0,0.25,38.291355136090345,707,0.9578474162852538,38914.0,1.1,True
03,iso8_matched,6,39018.0,6.0,0.25,28.65165489065905,657,0.8385321925012965,39017.95,1.0,True
03,iso8_matched,7,39160.0,6.0,0.25,19.203233453768078,734,0.8675608606735649,39160.15,1.1,True
03,iso8_matched,8,39662.0,6.0,0.25,14.604181544455324,615,0.8510489286587778,39661.75,1.0,True
03,iso8_matched,9,39927.0,6.0,0.25,8.944409328796358,690,0.834620715438002,39927.6,1.1,True
03,iso8_matched,10,39997.0,6.0,0.25,9.9704964623255,755,0.8374734040470037,39996.75,1.2,True
03,iso8_matched,11,40524.0,6.0,0.25,17.178718518082277,615,0.8961686601901013,40524.0,0.9,True
03,iso8_matched,12,45263.0,6.0,0.25,12.36097865288638,702,0.9307948597931595,45262.9,1.1,True
03,iso8_matched,13,45738.0,6.0,0.25,15.121873608487661,694,0.9055495750958311,45737.95,1.1,True
03,iso8_matched,14,49671.0,6.0,0.25,36.038872719394575,634,0.891172509538189,49671.0,1.0,True
03,iso8_matched,15,49988.0,6.0,0.25,11.734980061183553,631,0.851963988470928,49987.35,0.9,True
03,iso8_matched,16,50245.0,6.0,0.25,19.560032606727326,638,0.9008081988290751,50245.25,0.9,True
03,iso8_matched,17,50372.0,6.0,0.25,22.836886128050686,681,0.7767977965474685,50371.25,1.1,True
03,iso8_matched,18,50438.0,6.0,0.25,16.418249062838235,691,0.8759168523988361,50437.9,1.1,True
03,iso8_matched,19,50929.0,6.0,0.25,10.738503576399838,709,0.8809666456031652,50929.1,1.1,True
03,sync8_c0,0,32672.0,2.0,0.05,11.379116244271357,607,0.7941066716911693,32672.0,0.9,True
03,sync8_c0,1,33025.0,2.0,0.05,16.460524772740314,650,0.5031932081037042,33024.95,1.0,True
03,sync8_c0,2,33143.0,2.0,0.05,19.008709007225967,721,0.7886281644079144,33143.1,1.1,True
03,sync8_c0,3,38589.0,2.0,0.05,20.768487375591796,686,0.0,,,True
03,sync8_c0,4,38811.0,2.0,0.05,49.64284219858517,658,0.5843270697489417,38811.05,1.0,True
03,sync8_c0,5,38914.0,2.0,0.05,38.291355136090345,640,0.9504498402892135,38913.95,1.0,True
03,sync8_c0,6,39018.0,2.0,0.05,28.65165489065905,665,0.9547078708477579,39018.05,1.0,True
03,sync8_c0,7,39160.0,2.0,0.05,19.203233453768078,652,0.9549219322474216,39159.95,1.0,True
03,sync8_c0,8,39662.0,2.0,0.05,14.604181544455324,615,0.9003811187597854,39662.0,0.9,True
03,sync8_c0,9,39927.0,2.0,0.05,8.944409328796358,623,0.5916750936866174,39927.05,0.9,True
03,sync8_c0,10,39997.0,2.0,0.05,9.9704964623255,727,0.7103516464429451,39997.15,1.1,True
03,sync8_c0,11,40524.0,2.0,0.05,17.178718518082277,699,0.9395745431599433,40524.0,1.1,True
03,sync8_c0,12,45263.0,2.0,0.05,12.36097865288638,618,0.8034070303941728,45263.0,0.9,True
03,sync8_c0,13,45738.0,2.0,0.05,15.121873608487661,607,0.8485080163149106,45738.0,0.9,True
03,sync8_c0,14,49671.0,2.0,0.05,36.038872719394575,670,0.9474214996940455,49671.05,1.0,True
03,sync8_c0,15,49988.0,2.0,0.05,11.734980061183553,737,0.5397619141975278,49988.2,1.1,True
03,sync8_c0,16,50245.0,2.0,0.05,19.560032606727326,658,0.9605891848871526,50245.0,1.0,True
03,sync8_c0,17,50372.0,2.0,0.05,22.836886128050686,596,0.9422165507341326,50371.9,0.9,True
03,sync8_c0,18,50438.0,2.0,0.05,16.418249062838235,691,0.9253023086285279,50437.95,1.1,True
03,sync8_c0,19,50929.0,2.0,0.05,10.738503576399838,656,0.8684615014585759,50929.05,1.0,True
03,sync8_c0,0,32672.0,4.0,0.05,11.379116244271357,725,0.9099026718164951,32672.15,1.1,True
03,sync8_c0,1,33025.0,4.0,0.05,16.460524772740314,639,0.6931160486823846,33024.9,1.0,True
03,sync8_c0,2,33143.0,4.0,0.05,19.008709007225967,697,0.8978176556697707,33143.0,1.1,True
03,sync8_c0,3,38589.0,4.0,0.05,20.768487375591796,595,0.5071872714295889,38588.9,0.9,True
03,sync8_c0,4,38811.0,4.0,0.05,49.64284219858517,670,0.7946252482414202,38810.85,1.1,True
03,sync8_c0,5,38914.0,4.0,0.05,38.291355136090345,711,0.9761528175997385,38914.05,1.1,True
03,sync8_c0,6,39018.0,4.0,0.05,28.65165489065905,619,0.9553996277588185,39018.05,0.9,True
03,sync8_c0,7,39160.0,4.0,0.05,19.203233453768078,649,0.9689933983978491,39160.0,1.0,True
03,sync8_c0,8,39662.0,4.0,0.05,14.604181544455324,728,0.934951733089442,39662.15,1.1,True
03,sync8_c0,9,39927.0,4.0,0.05,8.944409328796358,609,0.7986615518674751,39926.95,0.9,True
03,sync8_c0,10,39997.0,4.0,0.05,9.9704964623255,682,0.8004787506644117,39996.9,1.1,True
03,sync8_c0,11,40524.0,4.0,0.05,17.178718518082277,613,0.9449777056744827,40524.0,0.9,True
03,sync8_c0,12,45263.0,4.0,0.05,12.36097865288638,611,0.9006660292326412,45263.0,0.9,True
03,sync8_c0,13,45738.0,4.0,0.05,15.121873608487661,714,0.9515441144935217,45738.1,1.1,True
03,sync8_c0,14,49671.0,4.0,0.05,36.038872719394575,681,0.9252099008564393,49671.1,1.0,True
03,sync8_c0,15,49988.0,4.0,0.05,11.734980061183553,659,0.9243026875807816,49988.0,1.0,True
03,sync8_c0,16,50245.0,4.0,0.05,19.560032606727326,666,0.9734907047034556,50245.05,1.0,True
03,sync8_c0,17,50372.0,4.0,0.05,22.836886128050686,640,0.9413966184293073,50371.95,1.0,True
03,sync8_c0,18,50438.0,4.0,0.05,16.418249062838235,676,0.9155346499151328,50438.05,1.0,True
03,sync8_c0,19,50929.0,4.0,0.05,10.738503576399838,730,0.920416023731348,50929.15,1.1,True
03,sync8_c0,0,32672.0,6.0,0.05,11.379116244271357,687,0.9235424869308084,32671.9,1.1,True
03,sync8_c0,1,33025.0,6.0,0.05,16.460524772740314,759,0.7757513223440345,33025.0,1.2,True
03,sync8_c0,2,33143.0,6.0,0.05,19.008709007225967,673,0.89589734311835,33143.05,1.0,True
03,sync8_c0,3,38589.0,6.0,0.05,20.768487375591796,597,0.6697546291029507,38588.9,0.9,True
03,sync8_c0,4,38811.0,6.0,0.05,49.64284219858517,607,0.8948555967208744,38811.0,0.9,True
03,sync8_c0,5,38914.0,6.0,0.05,38.291355136090345,615,0.9339523898178068,38914.05,0.9,True
03,sync8_c0,6,39018.0,6.0,0.05,28.65165489065905,695,0.9557853450437787,39017.95,1.1,True
03,sync8_c0,7,39160.0,6.0,0.05,19.203233453768078,663,0.9754778713260274,39160.05,1.0,True
03,sync8_c0,8,39662.0,6.0,0.05,14.604181544455324,710,0.9781342276240194,39662.05,1.1,True
03,sync8_c0,9,39927.0,6.0,0.05,8.944409328796358,610,0.8710357338093113,39926.95,0.9,True
03,sync8_c0,10,39997.0,6.0,0.05,9.9704964623255,615,0.8941201696580263,39997.0,0.9,True
03,sync8_c0,11,40524.0,6.0,0.05,17.178718518082277,707,0.9741052018409488,40524.1,1.1,True
03,sync8_c0,12,45263.0,6.0,0.05,12.36097865288638,685,0.921588995549329,45262.95,1.1,True
03,sync8_c0,13,45738.0,6.0,0.05,15.121873608487661,704,0.9616201371119785,45738.0,1.1,True
03,sync8_c0,14,49671.0,6.0,0.05,36.038872719394575,688,0.9213341061026278,49670.95,1.1,True
03,sync8_c0,15,49988.0,6.0,0.05,11.734980061183553,708,0.9051857870355003,49988.05,1.1,True
03,sync8_c0,16,50245.0,6.0,0.05,19.560032606727326,685,0.9052203102720263,50244.9,1.1,True
03,sync8_c0,17,50372.0,6.0,0.05,22.836886128050686,626,0.8914597896335416,50372.1,0.9,True
03,sync8_c0,18,50438.0,6.0,0.05,16.418249062838235,735,0.9061613731449656,50438.15,1.1,True
03,sync8_c0,19,50929.0,6.0,0.05,10.738503576399838,672,0.9511062189603391,50929.1,1.0,True
03,sync8_c0,0,32672.0,2.0,0.15,11.379116244271357,725,0.8241314737406261,32672.2,1.1,True
03,sync8_c0,1,33025.0,2.0,0.15,16.460524772740314,647,0.4723010284908829,33025.0,1.0,True
03,sync8_c0,2,33143.0,2.0,0.15,19.008709007225967,673,0.7632937410580423,33143.05,1.0,True
03,sync8_c0,3,38589.0,2.0,0.15,20.768487375591796,691,0.0,,,True
03,sync8_c0,4,38811.0,2.0,0.15,49.64284219858517,646,0.5451032512659971,38810.95,1.0,True
03,sync8_c0,5,38914.0,2.0,0.15,38.291355136090345,580,0.8375245749172293,38913.85,0.9,True
03,sync8_c0,6,39018.0,2.0,0.15,28.65165489065905,679,0.9077269822537456,39017.95,1.1,True
03,sync8_c0,7,39160.0,2.0,0.15,19.203233453768078,588,0.8445711498853352,39159.9,0.9,True
03,sync8_c0,8,39662.0,2.0,0.15,14.604181544455324,729,0.8918756802466823,39662.15,1.1,True
03,sync8_c0,9,39927.0,2.0,0.15,8.944409328796358,601,0.6142247613445865,39926.9,0.9,True
03,sync8_c0,10,39997.0,2.0,0.15,9.9704964623255,645,0.6822090563739118,39997.05,0.9,True
03,sync8_c0,11,40524.0,2.0,0.15,17.178718518082277,659,0.8716519765215257,40524.0,1.0,True
03,sync8_c0,12,45263.0,2.0,0.15,12.36097865288638,719,0.8372535297913554,45263.05,1.1,True
03,sync8_c0,13,45738.0,2.0,0.15,15.121873608487661,646,0.871895267071042,45737.9,1.0,True
03,sync8_c0,14,49671.0,2.0,0.15,36.038872719394575,700,0.9448148582830949,49671.05,1.1,True
03,sync8_c0,15,49988.0,2.0,0.15,11.734980061183553,734,0.5098731133207611,49988.1,1.1,True
03,sync8_c0,16,50245.0,2.0,0.15,19.560032606727326,734,0.9075105662914401,50245.25,1.1,True
03,sync8_c0,17,50372.0,2.0,0.15,22.836886128050686,597,0.9515731841843517,50371.95,0.9,True
03,sync8_c0,18,50438.0,2.0,0.15,16.418249062838235,663,0.9071766545783477,50438.05,1.0,True
03,sync8_c0,19,50929.0,2.0,0.15,10.738503576399838,729,0.7915740418028461,50929.15,1.1,True
03,sync8_c0,0,32672.0,4.0,0.15,11.379116244271357,696,0.872054116467804,32672.2,1.0,True
03,sync8_c0,1,33025.0,4.0,0.15,16.460524772740314,730,0.736859751610249,33025.15,1.1,True
03,sync8_c0,2,33143.0,4.0,0.15,19.008709007225967,677,0.8603342946985112,33143.1,1.0,True
03,sync8_c0,3,38589.0,4.0,0.15,20.768487375591796,631,0.0,,,True
03,sync8_c0,4,38811.0,4.0,0.15,49.64284219858517,721,0.7789061136033437,38811.1,1.1,True
03,sync8_c0,5,38914.0,4.0,0.15,38.291355136090345,609,0.9104086012704045,38914.0,0.9,True
03,sync8_c0,6,39018.0,4.0,0.15,28.65165489065905,645,0.9101205586640486,39017.95,1.0,True
03,sync8_c0,7,39160.0,4.0,0.15,19.203233453768078,666,0.9452997771250491,39160.05,1.0,True
03,sync8_c0,8,39662.0,4.0,0.15,14.604181544455324,687,0.9054053876470876,39662.0,1.1,True
03,sync8_c0,9,39927.0,4.0,0.15,8.944409328796358,718,0.8401551669309161,39927.1,1.1,True
03,sync8_c0,10,39997.0,4.0,0.15,9.9704964623255,569,0.7737952366683859,39996.8,0.9,True
03,sync8_c0,11,40524.0,4.0,0.15,17.178718518082277,628,0.8910006127677668,40523.8,1.0,True
03,sync8_c0,12,45263.0,4.0,0.15,12.36097865288638,610,0.9096029777751887,45262.95,0.9,True
03,sync8_c0,13,45738.0,4.0,0.15,15.121873608487661,606,0.8543588938363638,45737.7,1.0,True
03,sync8_c0,14,49671.0,4.0,0.15,36.038872719394575,590,0.9381309029848784,49670.9,0.9,True
03,sync8_c0,15,49988.0,4.0,0.15,11.734980061183553,609,0.847268178184763,49987.95,0.9,True
03,sync8_c0,16,50245.0,4.0,0.15,19.560032606727326,628,0.928615892751297,50244.9,1.0,True
03,sync8_c0,17,50372.0,4.0,0.15,22.836886128050686,701,0.9507779612365634,50372.1,1.1,True
03,sync8_c0,18,50438.0,4.0,0.15,16.418249062838235,619,0.9171475665963066,50437.95,0.9,True
03,sync8_c0,19,50929.0,4.0,0.15,10.738503576399838,646,0.93285261478901,50929.0,1.0,True
03,sync8_c0,0,32672.0,6.0,0.15,11.379116244271357,632,0.9261575978660178,32671.85,1.0,True
03,sync8_c0,1,33025.0,6.0,0.15,16.460524772740314,696,0.8356020198957068,33025.0,1.1,True
03,sync8_c0,2,33143.0,6.0,0.15,19.008709007225967,701,0.9541420800639886,33143.05,1.1,True
03,sync8_c0,3,38589.0,6.0,0.15,20.768487375591796,675,0.5648230893062406,38588.9,1.1,True
03,sync8_c0,4,38811.0,6.0,0.15,49.64284219858517,741,0.7882097054116141,38811.25,1.1,True
03,sync8_c0,5,38914.0,6.0,0.15,38.291355136090345,615,0.9248924994734471,38914.0,0.9,True
03,sync8_c0,6,39018.0,6.0,0.15,28.65165489065905,698,0.9820005792365524,39017.95,1.1,True
03,sync8_c0,7,39160.0,6.0,0.15,19.203233453768078,639,0.9136120097353889,39159.85,1.0,True
03,sync8_c0,8,39662.0,6.0,0.15,14.604181544455324,595,0.9250388937463098,39661.9,0.9,True
03,sync8_c0,9,39927.0,6.0,0.15,8.944409328796358,622,0.8157171811166076,39926.95,1.0,True
03,sync8_c0,10,39997.0,6.0,0.15,9.9704964623255,709,0.8778749358981692,39997.05,1.1,True
03,sync8_c0,11,40524.0,6.0,0.15,17.178718518082277,693,0.940871391018127,40524.0,1.1,True
03,sync8_c0,12,45263.0,6.0,0.15,12.36097865288638,684,0.917305632816223,45263.0,1.1,True
03,sync8_c0,13,45738.0,6.0,0.15,15.121873608487661,642,0.9558520024387537,45737.9,1.0,True
03,sync8_c0,14,49671.0,6.0,0.15,36.038872719394575,664,0.9607810962418032,49671.05,1.0,True
03,sync8_c0,15,49988.0,6.0,0.15,11.734980061183553,681,0.8412921734512454,49988.05,1.0,True
03,sync8_c0,16,50245.0,6.0,0.15,19.560032606727326,584,0.9115300296851219,50244.9,0.9,True
03,sync8_c0,17,50372.0,6.0,0.15,22.836886128050686,686,0.8697123761048867,50371.95,1.1,True
03,sync8_c0,18,50438.0,6.0,0.15,16.418249062838235,640,0.9085730543802572,50438.1,0.9,True
03,sync8_c0,19,50929.0,6.0,0.15,10.738503576399838,739,0.9187534885847102,50928.95,1.2,True
03,sync8_c0,0,32672.0,2.0,0.25,11.379116244271357,721,0.8146159748256576,32672.15,1.1,True
03,sync8_c0,1,33025.0,2.0,0.25,16.460524772740314,728,0.5589561866910749,33025.05,1.1,True
03,sync8_c0,2,33143.0,2.0,0.25,19.008709007225967,726,0.7150060904100188,33143.1,1.1,True
03,sync8_c0,3,38589.0,2.0,0.25,20.768487375591796,767,0.0,,,True
03,sync8_c0,4,38811.0,2.0,0.25,49.64284219858517,721,0.6964443268559777,38811.0,1.1,True
03,sync8_c0,5,38914.0,2.0,0.25,38.291355136090345,702,0.9539446529938749,38913.9,1.1,True
03,sync8_c0,6,39018.0,2.0,0.25,28.65165489065905,769,0.9145721171199016,39018.05,1.2,True
03,sync8_c0,7,39160.0,2.0,0.25,19.203233453768078,692,0.0,,,True
03,sync8_c0,8,39662.0,2.0,0.25,14.604181544455324,653,0.8535485954477727,39662.0,1.0,True
03,sync8_c0,9,39927.0,2.0,0.25,8.944409328796358,723,0.5701636781403511,39927.05,1.1,True
03,sync8_c0,10,39997.0,2.0,0.25,9.9704964623255,696,0.0,,,True
03,sync8_c0,11,40524.0,2.0,0.25,17.178718518082277,764,0.9141792593146454,40524.0,1.2,True
03,sync8_c0,12,45263.0,2.0,0.25,12.36097865288638,719,0.8017430300232605,45262.75,1.2,True
03,sync8_c0,13,45738.0,2.0,0.25,15.121873608487661,694,0.8660212188602273,45737.85,1.1,True
03,sync8_c0,14,49671.0,2.0,0.25,36.038872719394575,569,0.8609909734774026,49670.9,0.9,True
03,sync8_c0,15,49988.0,2.0,0.25,11.734980061183553,726,0.5516504856228217,49988.05,1.1,True
03,sync8_c0,16,50245.0,2.0,0.25,19.560032606727326,585,0.8307098244707181,50244.85,0.9,True
03,sync8_c0,17,50372.0,2.0,0.25,22.836886128050686,650,0.9078633038432989,50372.0,1.0,True
03,sync8_c0,18,50438.0,2.0,0.25,16.418249062838235,622,0.7990971227851172,50438.15,0.9,True
03,sync8_c0,19,50929.0,2.0,0.25,10.738503576399838,740,0.0,,,True
03,sync8_c0,0,32672.0,4.0,0.25,11.379116244271357,641,0.8992240598220872,32672.0,1.0,True
03,sync8_c0,1,33025.0,4.0,0.25,16.460524772740314,690,0.6978611958435567,33025.1,1.1,True
03,sync8_c0,2,33143.0,4.0,0.25,19.008709007225967,659,0.8653093213997972,33143.0,1.0,True
03,sync8_c0,3,38589.0,4.0,0.25,20.768487375591796,669,0.45147856859612556,38588.8,1.1,True
03,sync8_c0,4,38811.0,4.0,0.25,49.64284219858517,566,0.7749048991414169,38810.9,0.9,True
03,sync8_c0,5,38914.0,4.0,0.25,38.291355136090345,631,0.8834098919891726,38914.0,1.0,True
03,sync8_c0,6,39018.0,4.0,0.25,28.65165489065905,620,0.8387603140367357,39018.2,0.9,True
03,sync8_c0,7,39160.0,4.0,0.25,19.203233453768078,700,0.9099273570590802,39160.1,1.1,True
03,sync8_c0,8,39662.0,4.0,0.25,14.604181544455324,695,0.8673707894899634,39662.2,1.0,True
03,sync8_c0,9,39927.0,4.0,0.25,8.944409328796358,618,0.7840236024979385,39926.95,0.9,True
03,sync8_c0,10,39997.0,4.0,0.25,9.9704964623255,601,0.6402805940585219,39997.15,0.8,True
03,sync8_c0,11,40524.0,4.0,0.25,17.178718518082277,664,0.9546323096482027,40524.1,1.0,True
03,sync8_c0,12,45263.0,4.0,0.25,12.36097865288638,634,0.853507372064074,45262.85,1.0,True
03,sync8_c0,13,45738.0,4.0,0.25,15.121873608487661,698,0.8782554371834379,45738.05,1.1,True
03,sync8_c0,14,49671.0,4.0,0.25,36.038872719394575,622,0.9139533996501116,49671.1,0.9,True
03,sync8_c0,15,49988.0,4.0,0.25,11.734980061183553,654,0.7997636978005543,49988.05,1.0,True
03,sync8_c0,16,50245.0,4.0,0.25,19.560032606727326,692,0.8753611526413125,50245.0,1.1,True
03,sync8_c0,17,50372.0,4.0,0.25,22.836886128050686,624,0.8641689238888464,50372.05,0.9,True
03,sync8_c0,18,50438.0,4.0,0.25,16.418249062838235,712,0.9029329158224326,50438.15,1.1,True
03,sync8_c0,19,50929.0,4.0,0.25,10.738503576399838,656,0.8361044918357013,50929.1,1.0,True
03,sync8_c0,0,32672.0,6.0,0.25,11.379116244271357,578,0.8587787325028187,32671.8,0.9,True
03,sync8_c0,1,33025.0,6.0,0.25,16.460524772740314,708,0.8144702600711999,33025.2,1.1,True
03,sync8_c0,2,33143.0,6.0,0.25,19.008709007225967,716,0.811687841634625,33143.05,1.1,True
03,sync8_c0,3,38589.0,6.0,0.25,20.768487375591796,677,0.6101599409353193,38589.0,1.1,True
03,sync8_c0,4,38811.0,6.0,0.25,49.64284219858517,707,0.796504391632697,38811.05,1.1,True
03,sync8_c0,5,38914.0,6.0,0.25,38.291355136090345,682,0.882578077533236,38913.95,1.1,True
03,sync8_c0,6,39018.0,6.0,0.25,28.65165489065905,666,0.8345220951808033,39018.1,1.0,True
03,sync8_c0,7,39160.0,6.0,0.25,19.203233453768078,782,0.9539754438943114,39160.1,1.2,True
03,sync8_c0,8,39662.0,6.0,0.25,14.604181544455324,715,0.9025322901763657,39662.0,1.1,True
03,sync8_c0,9,39927.0,6.0,0.25,8.944409328796358,687,0.8401385800174154,39927.05,1.0,True
03,sync8_c0,10,39997.0,6.0,0.25,9.9704964623255,667,0.833932271529777,39997.15,1.0,True
03,sync8_c0,11,40524.0,6.0,0.25,17.178718518082277,635,0.9094933124854039,40523.9,1.0,True
03,sync8_c0,12,45263.0,6.0,0.25,12.36097865288638,675,0.8998860999959821,45263.15,1.0,True
03,sync8_c0,13,45738.0,6.0,0.25,15.121873608487661,673,0.8738705103467607,45737.75,1.1,True
03,sync8_c0,14,49671.0,6.0,0.25,36.038872719394575,668,0.8804017241276595,49670.9,1.1,True
03,sync8_c0,15,49988.0,6.0,0.25,11.734980061183553,618,0.8599794158768537,49988.1,0.9,True
03,sync8_c0,16,50245.0,6.0,0.25,19.560032606727326,705,0.9229983662904584,50245.1,1.1,True
03,sync8_c0,17,50372.0,6.0,0.25,22.836886128050686,643,0.8938488843616796,50372.05,1.0,True
03,sync8_c0,18,50438.0,6.0,0.25,16.418249062838235,714,0.9117382480853394,50438.0,1.1,True
03,sync8_c0,19,50929.0,6.0,0.25,10.738503576399838,705,0.9147909584836027,50928.95,1.1,True
03,sync8_c1,0,32672.0,2.0,0.05,11.379116244271357,716,0.8625506980898909,32672.1,1.1,True
03,sync8_c1,1,33025.0,2.0,0.05,16.460524772740314,692,0.5493778395075366,33024.95,1.1,True
03,sync8_c1,2,33143.0,2.0,0.05,19.008709007225967,687,0.7552026063991805,33142.9,1.1,True
03,sync8_c1,3,38589.0,2.0,0.05,20.768487375591796,657,0.0,,,True
03,sync8_c1,4,38811.0,2.0,0.05,49.64284219858517,736,0.5746560074333534,38811.2,1.1,True
03,sync8_c1,5,38914.0,2.0,0.05,38.291355136090345,628,0.9137524101672461,38913.85,1.0,True
03,sync8_c1,6,39018.0,2.0,0.05,28.65165489065905,735,0.9074191540978279,39018.15,1.1,True
03,sync8_c1,7,39160.0,2.0,0.05,19.203233453768078,709,0.9697896205964253,39160.05,1.1,True
03,sync8_c1,8,39662.0,2.0,0.05,14.604181544455324,725,0.9164740464916117,39662.1,1.1,True
03,sync8_c1,9,39927.0,2.0,0.05,8.944409328796358,609,0.5191574389106612,39927.0,0.9,True
03,sync8_c1,10,39997.0,2.0,0.05,9.9704964623255,707,0.0,,,True
03,sync8_c1,11,40524.0,2.0,0.05,17.178718518082277,700,0.9228263052528299,40524.0,1.1,True
03,sync8_c1,12,45263.0,2.0,0.05,12.36097865288638,622,0.7833623302579448,45263.05,0.9,True
03,sync8_c1,13,45738.0,2.0,0.05,15.121873608487661,734,0.8760451397731976,45738.15,1.1,True
03,sync8_c1,14,49671.0,2.0,0.05,36.038872719394575,665,0.9729264969931191,49671.05,1.0,True
03,sync8_c1,15,49988.0,2.0,0.05,11.734980061183553,643,0.7439869674615958,49987.9,1.0,True
03,sync8_c1,16,50245.0,2.0,0.05,19.560032606727326,716,0.9247506203628476,50245.1,1.1,True
03,sync8_c1,17,50372.0,2.0,0.05,22.836886128050686,649,0.9462464068484099,50371.95,1.0,True
03,sync8_c1,18,50438.0,2.0,0.05,16.418249062838235,624,0.8686479488245851,50437.85,1.0,True
03,sync8_c1,19,50929.0,2.0,0.05,10.738503576399838,735,0.7441205892678895,50929.2,1.1,True
03,sync8_c1,0,32672.0,4.0,0.05,11.379116244271357,691,0.9099928858411064,32671.9,1.1,True
03,sync8_c1,1,33025.0,4.0,0.05,16.460524772740314,599,0.7333589517103608,33024.95,0.9,True
03,sync8_c1,2,33143.0,4.0,0.05,19.008709007225967,611,0.8782637090312763,33143.0,0.9,True
03,sync8_c1,3,38589.0,4.0,0.05,20.768487375591796,614,0.0,,,True
03,sync8_c1,4,38811.0,4.0,0.05,49.64284219858517,642,0.8185711151334659,38810.95,1.0,True
03,sync8_c1,5,38914.0,4.0,0.05,38.291355136090345,692,0.9377570480099023,38913.95,1.1,True
03,sync8_c1,6,39018.0,4.0,0.05,28.65165489065905,614,0.9375425178401893,39018.0,0.9,True
03,sync8_c1,7,39160.0,4.0,0.05,19.203233453768078,741,0.8748083987219674,39160.2,1.1,True
03,sync8_c1,8,39662.0,4.0,0.05,14.604181544455324,675,0.8929760838064111,39662.15,1.0,True
03,sync8_c1,9,39927.0,4.0,0.05,8.944409328796358,636,0.7758801012284435,39926.9,1.0,True
03,sync8_c1,10,39997.0,4.0,0.05,9.9704964623255,600,0.8220434618711518,39996.95,0.9,True
03,sync8_c1,11,40524.0,4.0,0.05,17.178718518082277,706,0.9715230140026699,40524.0,1.1,True
03,sync8_c1,12,45263.0,4.0,0.05,12.36097865288638,633,0.9217891337855175,45262.9,1.0,True
03,sync8_c1,13,45738.0,4.0,0.05,15.121873608487661,606,0.9439788967940169,45737.95,0.9,True
03,sync8_c1,14,49671.0,4.0,0.05,36.038872719394575,642,0.9625525317710769,49670.95,1.0,True
03,sync8_c1,15,49988.0,4.0,0.05,11.734980061183553,695,0.8349305067001452,49987.95,1.1,True
03,sync8_c1,16,50245.0,4.0,0.05,19.560032606727326,659,0.9815036776407431,50245.0,1.0,True
03,sync8_c1,17,50372.0,4.0,0.05,22.836886128050686,738,0.908761318995309,50372.15,1.1,True
03,sync8_c1,18,50438.0,4.0,0.05,16.418249062838235,616,0.905193435578681,50438.0,0.9,True
03,sync8_c1,19,50929.0,4.0,0.05,10.738503576399838,708,0.9226033107049514,50929.0,1.1,True
03,sync8_c1,0,32672.0,6.0,0.05,11.379116244271357,639,0.9224503993761894,32671.95,1.0,True
03,sync8_c1,1,33025.0,6.0,0.05,16.460524772740314,705,0.8651462499459202,33025.0,1.1,True
03,sync8_c1,2,33143.0,6.0,0.05,19.008709007225967,687,0.8806688560783992,33142.9,1.1,True
03,sync8_c1,3,38589.0,6.0,0.05,20.768487375591796,724,0.6533157661465614,38589.1,1.1,True
03,sync8_c1,4,38811.0,6.0,0.05,49.64284219858517,640,0.9081072966512331,38810.9,1.0,True
03,sync8_c1,5,38914.0,6.0,0.05,38.291355136090345,614,0.9646353644171195,38914.0,0.9,True
03,sync8_c1,6,39018.0,6.0,0.05,28.65165489065905,608,0.9627009358981773,39018.0,0.9,True
03,sync8_c1,7,39160.0,6.0,0.05,19.203233453768078,673,0.9302966115526947,39160.1,1.0,True
03,sync8_c1,8,39662.0,6.0,0.05,14.604181544455324,721,0.978535146929299,39662.1,1.1,True
03,sync8_c1,9,39927.0,6.0,0.05,8.944409328796358,740,0.8703372939320627,39927.2,1.1,True
03,sync8_c1,10,39997.0,6.0,0.05,9.9704964623255,675,0.8389748558141743,39997.1,1.0,True
03,sync8_c1,11,40524.0,6.0,0.05,17.178718518082277,638,0.9427319592642651,40523.9,1.0,True
03,sync8_c1,12,45263.0,6.0,0.05,12.36097865288638,709,0.9621197422883085,45263.05,1.1,True
03,sync8_c1,13,45738.0,6.0,0.05,15.121873608487661,594,0.975585619496791,45737.9,0.9,True
03,sync8_c1,14,49671.0,6.0,0.05,36.038872719394575,637,0.942860908716355,49670.9,1.0,True
03,sync8_c1,15,49988.0,6.0,0.05,11.734980061183553,600,0.9510857375280535,49987.95,0.9,True
03,sync8_c1,16,50245.0,6.0,0.05,19.560032606727326,658,0.9890768072603763,50245.0,1.0,True
03,sync8_c1,17,50372.0,6.0,0.05,22.836886128050686,610,0.9401619908702215,50372.0,0.9,True
03,sync8_c1,18,50438.0,6.0,0.05,16.418249062838235,635,0.9334135911847231,50437.9,1.0,True
03,sync8_c1,19,50929.0,6.0,0.05,10.738503576399838,717,0.9583700053987706,50929.1,1.1,True
03,sync8_c1,0,32672.0,2.0,0.15,11.379116244271357,693,0.8376831969134566,32672.05,1.1,True
03,sync8_c1,1,33025.0,2.0,0.15,16.460524772740314,641,0.0,,,True
03,sync8_c1,2,33143.0,2.0,0.15,19.008709007225967,693,0.7207088948601617,33143.1,1.0,True
03,sync8_c1,3,38589.0,2.0,0.15,20.768487375591796,635,0.0,,,True
03,sync8_c1,4,38811.0,2.0,0.15,49.64284219858517,661,0.0,,,True
03,sync8_c1,5,38914.0,2.0,0.15,38.291355136090345,689,0.9566310699274657,38913.95,1.1,True
03,sync8_c1,6,39018.0,2.0,0.15,28.65165489065905,633,0.9178264413953329,39017.9,1.0,True
03,sync8_c1,7,39160.0,2.0,0.15,19.203233453768078,635,0.8587582349630777,39159.8,1.0,True
03,sync8_c1,8,39662.0,2.0,0.15,14.604181544455324,685,0.8257289077097405,39661.95,1.1,True
03,sync8_c1,9,39927.0,2.0,0.15,8.944409328796358,594,0.0,,,True
03,sync8_c1,10,39997.0,2.0,0.15,9.9704964623255,558,0.5475155440684962,39996.4,0.8,True
03,sync8_c1,11,40524.0,2.0,0.15,17.178718518082277,660,0.8876712365309789,40524.05,1.0,True
03,sync8_c1,12,45263.0,2.0,0.15,12.36097865288638,675,0.8183029662623655,45263.1,1.0,True
03,sync8_c1,13,45738.0,2.0,0.15,15.121873608487661,680,0.8722914860770834,45737.95,1.1,True
03,sync8_c1,14,49671.0,2.0,0.15,36.038872719394575,641,0.9172036704814138,49670.9,1.0,True
03,sync8_c1,15,49988.0,2.0,0.15,11.734980061183553,689,0.6449305595755329,49988.0,1.1,True
03,sync8_c1,16,50245.0,2.0,0.15,19.560032606727326,703,0.8778796562433059,50245.1,1.1,True
03,sync8_c1,17,50372.0,2.0,0.15,22.836886128050686,617,0.8446211380628169,50372.1,0.9,True
03,sync8_c1,18,50438.0,2.0,0.15,16.418249062838235,717,0.9618087639188969,50438.1,1.1,True
03,sync8_c1,19,50929.0,2.0,0.15,10.738503576399838,705,0.0,,,True
03,sync8_c1,0,32672.0,4.0,0.15,11.379116244271357,614,0.8390687361580267,32671.8,1.0,True
03,sync8_c1,1,33025.0,4.0,0.15,16.460524772740314,747,0.6804208181277646,33025.15,1.1,True
03,sync8_c1,2,33143.0,4.0,0.15,19.008709007225967,643,0.8861764994671947,33143.05,1.0,True
03,sync8_c1,3,38589.0,4.0,0.15,20.768487375591796,664,0.0,,,True
03,sync8_c1,4,38811.0,4.0,0.15,49.64284219858517,718,0.8450965906733368,38811.0,1.1,True
03,sync8_c1,5,38914.0,4.0,0.15,38.291355136090345,621,0.9468886711784056,38913.85,1.0,True
03,sync8_c1,6,39018.0,4.0,0.15,28.65165489065905,708,0.9525184706403688,39018.05,1.1,True
03,sync8_c1,7,39160.0,4.0,0.15,19.203233453768078,721,0.9571810543246987,39160.05,1.1,True
03,sync8_c1,8,39662.0,4.0,0.15,14.604181544455324,611,0.8677911503788609,39661.75,1.0,True
03,sync8_c1,9,39927.0,4.0,0.15,8.944409328796358,676,0.7577552217440208,39927.1,1.0,True
03,sync8_c1,10,39997.0,4.0,0.15,9.9704964623255,736,0.7518508666954429,39997.2,1.1,True
03,sync8_c1,11,40524.0,4.0,0.15,17.178718518082277,611,0.925467362218348,40524.0,0.9,True
03,sync8_c1,12,45263.0,4.0,0.15,12.36097865288638,623,0.8791722370986803,45263.05,0.9,True
03,sync8_c1,13,45738.0,4.0,0.15,15.121873608487661,692,0.872595240170119,45738.15,1.0,True
03,sync8_c1,14,49671.0,4.0,0.15,36.038872719394575,667,0.933292746905694,49671.05,1.0,True
03,sync8_c1,15,49988.0,4.0,0.15,11.734980061183553,593,0.8796963912764195,49987.9,0.9,True
03,sync8_c1,16,50245.0,4.0,0.15,19.560032606727326,696,0.9649762897591551,50244.9,1.1,True
03,sync8_c1,17,50372.0,4.0,0.15,22.836886128050686,668,0.9438974484235585,50372.1,1.0,True
03,sync8_c1,18,50438.0,4.0,0.15,16.418249062838235,630,0.891762801942294,50437.85,1.0,True
03,sync8_c1,19,50929.0,4.0,0.15,10.738503576399838,643,0.9055377194335793,50929.1,0.9,True
03,sync8_c1,0,32672.0,6.0,0.15,11.379116244271357,662,0.9326792152547672,32672.05,1.0,True
03,sync8_c1,1,33025.0,6.0,0.15,16.460524772740314,593,0.8042944998207141,33024.9,0.9,True
03,sync8_c1,2,33143.0,6.0,0.15,19.008709007225967,684,0.898005533704117,33142.85,1.1,True
03,sync8_c1,3,38589.0,6.0,0.15,20.768487375591796,723,0.5649966717032721,38589.1,1.1,True
03,sync8_c1,4,38811.0,6.0,0.15,49.64284219858517,715,0.8941918150431335,38811.1,1.1,True
03,sync8_c1,5,38914.0,6.0,0.15,38.291355136090345,720,0.9589304905184843,38914.05,1.1,True
03,sync8_c1,6,39018.0,6.0,0.15,28.65165489065905,721,0.9438459850222873,39018.05,1.1,True
03,sync8_c1,7,39160.0,6.0,0.15,19.203233453768078,645,0.9589075080701686,39159.95,1.0,True
03,sync8_c1,8,39662.0,6.0,0.15,14.604181544455324,693,0.8899219567114446,39661.95,1.1,True
03,sync8_c1,9,39927.0,6.0,0.15,8.944409328796358,639,0.894152687733718,39926.9,1.0,True
03,sync8_c1,10,39997.0,6.0,0.15,9.9704964623255,615,0.8350375277238173,39997.05,0.9,True
03,sync8_c1,11,40524.0,6.0,0.15,17.178718518082277,654,0.9591727083355494,40524.05,1.0,True
03,sync8_c1,12,45263.0,6.0,0.15,12.36097865288638,688,0.9553030238556088,45262.85,1.1,True
03,sync8_c1,13,45738.0,6.0,0.15,15.121873608487661,635,0.8723545712441461,45738.05,0.9,True
03,sync8_c1,14,49671.0,6.0,0.15,36.038872719394575,602,0.9380232255241714,49670.95,0.9,True
03,sync8_c1,15,49988.0,6.0,0.15,11.734980061183553,639,0.9360677480223939,49987.9,1.0,True
03,sync8_c1,16,50245.0,6.0,0.15,19.560032606727326,636,0.8860485060765497,50244.95,1.0,True
03,sync8_c1,17,50372.0,6.0,0.15,22.836886128050686,726,0.9290581631661037,50372.05,1.1,True
03,sync8_c1,18,50438.0,6.0,0.15,16.418249062838235,651,0.9383648821114278,50438.0,1.0,True
03,sync8_c1,19,50929.0,6.0,0.15,10.738503576399838,697,0.8824840423770635,50929.1,1.0,True
03,sync8_c1,0,32672.0,2.0,0.25,11.379116244271357,641,0.7599699462231193,32671.8,1.0,True
03,sync8_c1,1,33025.0,2.0,0.25,16.460524772740314,670,0.0,,,True
03,sync8_c1,2,33143.0,2.0,0.25,19.008709007225967,678,0.7339655714890861,33143.0,1.0,True
03,sync8_c1,3,38589.0,2.0,0.25,20.768487375591796,675,0.0,,,True
03,sync8_c1,4,38811.0,2.0,0.25,49.64284219858517,642,0.0,,,True
03,sync8_c1,5,38914.0,2.0,0.25,38.291355136090345,655,0.8978070852553734,38914.0,1.0,True
03,sync8_c1,6,39018.0,2.0,0.25,28.65165489065905,648,0.8303186255543434,39018.05,0.9,True
03,sync8_c1,7,39160.0,2.0,0.25,19.203233453768078,667,0.8854942979782302,39160.1,1.0,True
03,sync8_c1,8,39662.0,2.0,0.25,14.604181544455324,637,0.8760659557512719,39662.0,1.0,True
03,sync8_c1,9,39927.0,2.0,0.25,8.944409328796358,734,0.0,,,True
03,sync8_c1,10,39997.0,2.0,0.25,9.9704964623255,678,0.45630764566162557,39997.0,1.0,True
03,sync8_c1,11,40524.0,2.0,0.25,17.178718518082277,590,0.7557115958191908,40523.95,0.9,True
03,sync8_c1,12,45263.0,2.0,0.25,12.36097865288638,621,0.827757878060768,45263.15,0.9,True
03,sync8_c1,13,45738.0,2.0,0.25,15.121873608487661,649,0.8840796215161059,45738.05,1.0,True
03,sync8_c1,14,49671.0,2.0,0.25,36.038872719394575,707,0.9530934411668449,49671.15,1.1,True
03,sync8_c1,15,49988.0,2.0,0.25,11.734980061183553,664,0.675585295070045,49988.0,1.0,True
03,sync8_c1,16,50245.0,2.0,0.25,19.560032606727326,713,0.908601675392546,50245.0,1.1,True
03,sync8_c1,17,50372.0,2.0,0.25,22.836886128050686,597,0.7098073372183654,50372.0,0.9,True
03,sync8_c1,18,50438.0,2.0,0.25,16.418249062838235,653,0.8911887576640158,50437.95,1.0,True
03,sync8_c1,19,50929.0,2.0,0.25,10.738503576399838,572,0.7932860249393389,50928.9,0.9,True
03,sync8_c1,0,32672.0,4.0,0.25,11.379116244271357,647,0.8701152242549416,32671.9,1.0,True
03,sync8_c1,1,33025.0,4.0,0.25,16.460524772740314,606,0.7431212727366515,33024.9,0.9,True
03,sync8_c1,2,33143.0,4.0,0.25,19.008709007225967,638,0.7906309714118747,33142.9,1.0,True
03,sync8_c1,3,38589.0,4.0,0.25,20.768487375591796,623,0.0,,,True
03,sync8_c1,4,38811.0,4.0,0.25,49.64284219858517,635,0.6879558692518025,38810.95,1.0,True
03,sync8_c1,5,38914.0,4.0,0.25,38.291355136090345,751,0.8665811049501372,38914.3,1.1,True
03,sync8_c1,6,39018.0,4.0,0.25,28.65165489065905,678,0.8958742445928654,39017.9,1.1,True
03,sync8_c1,7,39160.0,4.0,0.25,19.203233453768078,610,0.8833953538716733,39159.9,0.9,True
03,sync8_c1,8,39662.0,4.0,0.25,14.604181544455324,696,0.9346118641451701,39662.1,1.0,True
03,sync8_c1,9,39927.0,4.0,0.25,8.944409328796358,644,0.8025342957870122,39927.0,1.0,True
03,sync8_c1,10,39997.0,4.0,0.25,9.9704964623255,620,0.6629662504970992,39996.95,0.9,True
03,sync8_c1,11,40524.0,4.0,0.25,17.178718518082277,596,0.8796276864031104,40524.0,0.9,True
03,sync8_c1,12,45263.0,4.0,0.25,12.36097865288638,676,0.9051164113213785,45263.1,1.0,True
03,sync8_c1,13,45738.0,4.0,0.25,15.121873608487661,693,0.9045184190861829,45738.2,1.0,True
03,sync8_c1,14,49671.0,4.0,0.25,36.038872719394575,723,0.8493286669939616,49671.2,1.1,True
03,sync8_c1,15,49988.0,4.0,0.25,11.734980061183553,606,0.8714305704618618,49987.95,0.9,True
03,sync8_c1,16,50245.0,4.0,0.25,19.560032606727326,645,0.8561459825741811,50244.9,1.0,True
03,sync8_c1,17,50372.0,4.0,0.25,22.836886128050686,566,0.8325462205022832,50372.2,0.8,True
03,sync8_c1,18,50438.0,4.0,0.25,16.418249062838235,618,0.8694896742826558,50437.95,0.9,True
03,sync8_c1,19,50929.0,4.0,0.25,10.738503576399838,755,0.8508610526144168,50929.2,1.1,True
03,sync8_c1,0,32672.0,6.0,0.25,11.379116244271357,690,0.8789933265895746,32671.9,1.1,True
03,sync8_c1,1,33025.0,6.0,0.25,16.460524772740314,686,0.7845595615118658,33024.95,1.1,True
03,sync8_c1,2,33143.0,6.0,0.25,19.008709007225967,662,0.9080262776088979,33142.95,1.0,True
03,sync8_c1,3,38589.0,6.0,0.25,20.768487375591796,662,0.0,,,True
03,sync8_c1,4,38811.0,6.0,0.25,49.64284219858517,687,0.8540185324079457,38811.15,1.0,True
03,sync8_c1,5,38914.0,6.0,0.25,38.291355136090345,635,0.8691031940825227,38914.15,0.9,True
03,sync8_c1,6,39018.0,6.0,0.25,28.65165489065905,697,0.8983209245718262,39018.05,1.1,True
03,sync8_c1,7,39160.0,6.0,0.25,19.203233453768078,646,0.8726522963580136,39160.0,1.0,True
03,sync8_c1,8,39662.0,6.0,0.25,14.604181544455324,628,0.9135898656265931,39661.9,1.0,True
03,sync8_c1,9,39927.0,6.0,0.25,8.944409328796358,683,0.8341037923523142,39927.15,1.0,True
03,sync8_c1,10,39997.0,6.0,0.25,9.9704964623255,645,0.8849598227375879,39996.85,1.0,True
03,sync8_c1,11,40524.0,6.0,0.25,17.178718518082277,702,0.8948239799042292,40524.05,1.1,True
03,sync8_c1,12,45263.0,6.0,0.25,12.36097865288638,745,0.9319494864257044,45262.8,1.2,True
03,sync8_c1,13,45738.0,6.0,0.25,15.121873608487661,647,0.8615069497111717,45737.75,1.0,True
03,sync8_c1,14,49671.0,6.0,0.25,36.038872719394575,731,0.8790475740305355,49671.1,1.1,True
03,sync8_c1,15,49988.0,6.0,0.25,11.734980061183553,596,0.8954454678284218,49988.0,0.9,True
03,sync8_c1,16,50245.0,6.0,0.25,19.560032606727326,590,0.928010754643532,50244.85,0.9,True
03,sync8_c1,17,50372.0,6.0,0.25,22.836886128050686,707,0.8561373206940558,50372.1,1.1,True
03,sync8_c1,18,50438.0,6.0,0.25,16.418249062838235,757,0.96270131897596,50437.95,1.2,True
03,sync8_c1,19,50929.0,6.0,0.25,10.738503576399838,702,0.8953523722223727,50929.25,1.0,True
04,legacy_lrl,0,28842.0,2.0,0.05,12.304825407921747,332,0.9463705581691673,28842.0,1.1,True
04,legacy_lrl,1,29063.0,2.0,0.05,13.180153634232465,286,0.0,,,True
04,legacy_lrl,2,33706.0,2.0,0.05,12.162010892799767,310,0.7121017119558486,33705.85,1.2,True
04,legacy_lrl,3,34393.0,2.0,0.05,13.92074724435135,323,0.600426461851944,34392.45,0.9,True
04,legacy_lrl,4,34492.0,2.0,0.05,17.702434465116145,295,0.9009703262591311,34492.05,0.9,True
04,legacy_lrl,5,39663.0,2.0,0.05,11.995426287736306,281,0.5532659379487567,39663.75,0.8,True
04,legacy_lrl,6,40847.0,2.0,0.05,28.412625557435213,337,0.0,,,True
04,legacy_lrl,7,46035.0,2.0,0.05,14.177382052121489,330,0.616223688006525,46035.25,1.2,True
04,legacy_lrl,8,46292.0,2.0,0.05,21.179771135464538,294,0.9010996295069849,46292.0,1.0,True
04,legacy_lrl,9,46441.0,2.0,0.05,20.419932774269327,332,0.9655329867695983,46441.0,1.1,True
04,legacy_lrl,10,50474.0,2.0,0.05,11.988040807050854,284,0.8795225767246979,50473.35,0.9,True
04,legacy_lrl,11,51433.0,2.0,0.05,51.311521488886484,337,0.759573576634988,51433.2,1.0,True
04,legacy_lrl,12,51582.0,2.0,0.05,17.949036549910655,297,0.9707499151420911,51581.95,1.0,True
04,legacy_lrl,13,51847.0,2.0,0.05,11.314256139893626,310,0.0,,,True
04,legacy_lrl,14,52280.0,2.0,0.05,10.130238492734438,326,0.8594444112663391,52280.1,1.0,True
04,legacy_lrl,15,56655.0,2.0,0.05,12.013830904669799,276,0.8125506950545305,56654.95,0.9,True
04,legacy_lrl,16,56730.0,2.0,0.05,13.959597405523589,288,0.0,,,True
04,legacy_lrl,17,56855.0,2.0,0.05,16.871655570006297,316,0.926840745177113,56855.05,1.0,True
04,legacy_lrl,18,56957.0,2.0,0.05,21.88138902399692,318,0.968715333199393,56956.95,1.1,True
04,legacy_lrl,19,57316.0,2.0,0.05,18.516343214232176,283,0.0,,,True
04,legacy_lrl,0,28842.0,4.0,0.05,12.304825407921747,335,0.9663250209595803,28842.05,1.1,True
04,legacy_lrl,1,29063.0,4.0,0.05,13.180153634232465,302,0.8428907390204532,29062.25,1.0,True
04,legacy_lrl,2,33706.0,4.0,0.05,12.162010892799767,319,0.8206181678801315,33705.95,1.1,True
04,legacy_lrl,3,34393.0,4.0,0.05,13.92074724435135,343,0.8241966442722692,34392.95,1.2,True
04,legacy_lrl,4,34492.0,4.0,0.05,17.702434465116145,321,0.966282471025394,34491.95,1.1,True
04,legacy_lrl,5,39663.0,4.0,0.05,11.995426287736306,310,0.6863603591762657,39663.0,1.0,True
04,legacy_lrl,6,40847.0,4.0,0.05,28.412625557435213,283,0.8830997428594402,40847.1,0.8,True
04,legacy_lrl,7,46035.0,4.0,0.05,14.177382052121489,322,0.7578811629235321,46035.55,1.2,True
04,legacy_lrl,8,46292.0,4.0,0.05,21.179771135464538,295,0.9551939594886717,46292.05,0.9,True
04,legacy_lrl,9,46441.0,4.0,0.05,20.419932774269327,326,0.9891158824313226,46441.0,1.1,True
04,legacy_lrl,10,50474.0,4.0,0.05,11.988040807050854,292,0.9280324608414691,50474.05,0.9,True
04,legacy_lrl,11,51433.0,4.0,0.05,51.311521488886484,345,0.9438158621127642,51432.95,1.2,True
04,legacy_lrl,12,51582.0,4.0,0.05,17.949036549910655,284,0.9857634999282748,51582.0,0.9,True
04,legacy_lrl,13,51847.0,4.0,0.05,11.314256139893626,316,0.8774910051764755,51846.35,1.0,True
04,legacy_lrl,14,52280.0,4.0,0.05,10.130238492734438,302,0.9466333947869285,52280.0,1.0,True
04,legacy_lrl,15,56655.0,4.0,0.05,12.013830904669799,317,0.9151148184880225,56655.05,1.0,True
04,legacy_lrl,16,56730.0,4.0,0.05,13.959597405523589,287,0.7872333120836347,56730.05,0.9,True
04,legacy_lrl,17,56855.0,4.0,0.05,16.871655570006297,339,0.965066187765782,56855.05,1.1,True
04,legacy_lrl,18,56957.0,4.0,0.05,21.88138902399692,320,0.9796455424671147,56956.95,1.1,True
04,legacy_lrl,19,57316.0,4.0,0.05,18.516343214232176,298,0.9165005068489198,57315.95,1.0,True
04,legacy_lrl,0,28842.0,6.0,0.05,12.304825407921747,345,0.982561030471125,28841.95,1.2,True
04,legacy_lrl,1,29063.0,6.0,0.05,13.180153634232465,294,0.8640648515443154,29062.25,1.0,True
04,legacy_lrl,2,33706.0,6.0,0.05,12.162010892799767,331,0.8890871194145338,33706.0,1.1,True
04,legacy_lrl,3,34393.0,6.0,0.05,13.92074724435135,322,0.9101455302993376,34392.95,1.1,True
04,legacy_lrl,4,34492.0,6.0,0.05,17.702434465116145,334,0.9780737349451442,34492.0,1.1,True
04,legacy_lrl,5,39663.0,6.0,0.05,11.995426287736306,279,0.869715487301091,39662.95,0.9,True
04,legacy_lrl,6,40847.0,6.0,0.05,28.412625557435213,330,0.9247436169045914,40847.0,1.1,True
04,legacy_lrl,7,46035.0,6.0,0.05,14.177382052121489,337,0.7672426400434228,46035.65,1.2,True
04,legacy_lrl,8,46292.0,6.0,0.05,21.179771135464538,316,0.9782885336402936,46292.05,1.0,True
04,legacy_lrl,9,46441.0,6.0,0.05,20.419932774269327,284,0.9805507300862054,46441.0,0.9,True
04,legacy_lrl,10,50474.0,6.0,0.05,11.988040807050854,324,0.9560169005138226,50474.1,1.0,True
04,legacy_lrl,11,51433.0,6.0,0.05,51.311521488886484,293,0.9434184035503842,51432.95,1.0,True
04,legacy_lrl,12,51582.0,6.0,0.05,17.949036549910655,304,0.9939262907943173,51582.0,1.0,True
04,legacy_lrl,13,51847.0,6.0,0.05,11.314256139893626,347,0.8998680679464259,51846.95,1.2,True
04,legacy_lrl,14,52280.0,6.0,0.05,10.130238492734438,318,0.9776677992067895,52279.95,1.1,True
04,legacy_lrl,15,56655.0,6.0,0.05,12.013830904669799,323,0.9349859527767905,56654.95,1.1,True
04,legacy_lrl,16,56730.0,6.0,0.05,13.959597405523589,345,0.9114294344015327,56730.75,1.2,True
04,legacy_lrl,17,56855.0,6.0,0.05,16.871655570006297,339,0.991359839358763,56855.05,1.1,True
04,legacy_lrl,18,56957.0,6.0,0.05,21.88138902399692,289,0.9810403790539051,56957.0,0.9,True
04,legacy_lrl,19,57316.0,6.0,0.05,18.516343214232176,325,0.92220356977436,57316.05,1.0,True
04,legacy_lrl,0,28842.0,2.0,0.15,12.304825407921747,319,0.9300726994400323,28842.05,1.0,True
04,legacy_lrl,1,29063.0,2.0,0.15,13.180153634232465,353,0.0,,,True
04,legacy_lrl,2,33706.0,2.0,0.15,12.162010892799767,304,0.6903768572072039,33705.85,1.2,True
04,legacy_lrl,3,34393.0,2.0,0.15,13.92074724435135,306,0.0,,,True
04,legacy_lrl,4,34492.0,2.0,0.15,17.702434465116145,297,0.9244558917955349,34491.95,1.0,True
04,legacy_lrl,5,39663.0,2.0,0.15,11.995426287736306,343,0.0,,,True
04,legacy_lrl,6,40847.0,2.0,0.15,28.412625557435213,331,0.0,,,True
04,legacy_lrl,7,46035.0,2.0,0.15,14.177382052121489,325,0.6723780924598921,46035.5,1.2,True
04,legacy_lrl,8,46292.0,2.0,0.15,21.179771135464538,289,0.8892502862455943,46292.0,0.9,True
04,legacy_lrl,9,46441.0,2.0,0.15,20.419932774269327,279,0.9506904738419538,46441.0,0.9,True
04,legacy_lrl,10,50474.0,2.0,0.15,11.988040807050854,276,0.9037756219025199,50474.0,0.8,True
04,legacy_lrl,11,51433.0,2.0,0.15,51.311521488886484,308,0.8415683126712653,51432.9,1.1,True
04,legacy_lrl,12,51582.0,2.0,0.15,17.949036549910655,313,0.9749605570755394,51582.0,1.0,True
04,legacy_lrl,13,51847.0,2.0,0.15,11.314256139893626,308,0.8252394988164737,51847.0,1.0,True
04,legacy_lrl,14,52280.0,2.0,0.15,10.130238492734438,339,0.8330109919831785,52280.05,1.1,True
04,legacy_lrl,15,56655.0,2.0,0.15,12.013830904669799,280,0.836090794020272,56654.95,0.9,True
04,legacy_lrl,16,56730.0,2.0,0.15,13.959597405523589,305,0.7845489582190194,56730.65,1.2,True
04,legacy_lrl,17,56855.0,2.0,0.15,16.871655570006297,324,0.8768136661829377,56854.95,1.1,True
04,legacy_lrl,18,56957.0,2.0,0.15,21.88138902399692,292,0.9496233364263086,56957.0,0.9,True
04,legacy_lrl,19,57316.0,2.0,0.15,18.516343214232176,332,0.8517357024719053,57315.9,1.2,True
04,legacy_lrl,0,28842.0,4.0,0.15,12.304825407921747,306,0.9730439733996853,28842.0,1.0,True
04,legacy_lrl,1,29063.0,4.0,0.15,13.180153634232465,334,0.8244938028114701,29063.0,1.1,True
04,legacy_lrl,2,33706.0,4.0,0.15,12.162010892799767,333,0.7573449919634476,33705.5,1.0,True
04,legacy_lrl,3,34393.0,4.0,0.15,13.92074724435135,332,0.8365028657166562,34393.2,1.0,True
04,legacy_lrl,4,34492.0,4.0,0.15,17.702434465116145,301,0.9761460685048381,34491.95,1.0,True
04,legacy_lrl,5,39663.0,4.0,0.15,11.995426287736306,311,0.7452867872772156,39663.05,1.0,True
04,legacy_lrl,6,40847.0,4.0,0.15,28.412625557435213,323,0.4767607362905242,40846.35,1.0,True
04,legacy_lrl,7,46035.0,4.0,0.15,14.177382052121489,303,0.4888939972226022,46035.25,0.8,True
04,legacy_lrl,8,46292.0,4.0,0.15,21.179771135464538,277,0.8961462683435365,46292.05,0.8,True
04,legacy_lrl,9,46441.0,4.0,0.15,20.419932774269327,348,0.9824573079795124,46440.95,1.2,True
04,legacy_lrl,10,50474.0,4.0,0.15,11.988040807050854,311,0.9472655743021212,50474.0,1.0,True
04,legacy_lrl,11,51433.0,4.0,0.15,51.311521488886484,329,0.9256208544149153,51432.95,1.1,True
04,legacy_lrl,12,51582.0,4.0,0.15,17.949036549910655,319,0.9651689666519441,51582.0,1.1,True
04,legacy_lrl,13,51847.0,4.0,0.15,11.314256139893626,282,0.9489475909035685,51846.95,0.9,True
04,legacy_lrl,14,52280.0,4.0,0.15,10.130238492734438,293,0.9506147575554496,52280.1,0.9,True
04,legacy_lrl,15,56655.0,4.0,0.15,12.013830904669799,296,0.9105760448004889,56655.05,0.9,True
04,legacy_lrl,16,56730.0,4.0,0.15,13.959597405523589,347,0.8624569098062903,56730.75,1.2,True
04,legacy_lrl,17,56855.0,4.0,0.15,16.871655570006297,319,0.9672426576543679,56854.95,1.1,True
04,legacy_lrl,18,56957.0,4.0,0.15,21.88138902399692,345,0.9816888914615015,56956.95,1.2,True
04,legacy_lrl,19,57316.0,4.0,0.15,18.516343214232176,327,0.8575524399921765,57316.2,0.9,True
04,legacy_lrl,0,28842.0,6.0,0.15,12.304825407921747,297,0.9832180377950662,28842.0,1.0,True
04,legacy_lrl,1,29063.0,6.0,0.15,13.180153634232465,335,0.0,,,True
04,legacy_lrl,2,33706.0,6.0,0.15,12.162010892799767,306,0.8744122991595786,33706.0,1.0,True
04,legacy_lrl,3,34393.0,6.0,0.15,13.92074724435135,299,0.9121110289562419,34393.0,1.0,True
04,legacy_lrl,4,34492.0,6.0,0.15,17.702434465116145,284,0.9733078640063252,34491.95,0.9,True
04,legacy_lrl,5,39663.0,6.0,0.15,11.995426287736306,299,0.8711884397147776,39662.95,1.0,True
04,legacy_lrl,6,40847.0,6.0,0.15,28.412625557435213,288,0.9093555837838881,40847.0,0.9,True
04,legacy_lrl,7,46035.0,6.0,0.15,14.177382052121489,328,0.899179592071771,46034.3,1.1,True
04,legacy_lrl,8,46292.0,6.0,0.15,21.179771135464538,302,0.9853404235032387,46292.0,1.0,True
04,legacy_lrl,9,46441.0,6.0,0.15,20.419932774269327,329,0.9873615305998494,46441.0,1.1,True
04,legacy_lrl,10,50474.0,6.0,0.15,11.988040807050854,297,0.9659243028589247,50473.95,1.0,True
04,legacy_lrl,11,51433.0,6.0,0.15,51.311521488886484,338,0.9531045929022507,51433.05,1.1,True
04,legacy_lrl,12,51582.0,6.0,0.15,17.949036549910655,273,0.9648439966779659,51581.95,0.9,True
04,legacy_lrl,13,51847.0,6.0,0.15,11.314256139893626,305,0.9411104297671665,51847.05,1.0,True
04,legacy_lrl,14,52280.0,6.0,0.15,10.130238492734438,342,0.9615053885754941,52280.1,1.1,True
04,legacy_lrl,15,56655.0,6.0,0.15,12.013830904669799,275,0.9563889601330617,56654.95,0.9,True
04,legacy_lrl,16,56730.0,6.0,0.15,13.959597405523589,329,0.9011991865633808,56730.15,1.0,True
04,legacy_lrl,17,56855.0,6.0,0.15,16.871655570006297,306,0.9625212882588199,56855.05,1.0,True
04,legacy_lrl,18,56957.0,6.0,0.15,21.88138902399692,305,0.9714843506846951,56956.95,1.0,True
04,legacy_lrl,19,57316.0,6.0,0.15,18.516343214232176,330,0.9295458240063561,57316.25,0.9,True
04,legacy_lrl,0,28842.0,2.0,0.25,12.304825407921747,307,0.9461084886032859,28842.05,1.0,True
04,legacy_lrl,1,29063.0,2.0,0.25,13.180153634232465,312,0.6978642637055616,29063.6,1.2,True
04,legacy_lrl,2,33706.0,2.0,0.25,12.162010892799767,291,0.4659018454323258,33706.15,1.2,True
04,legacy_lrl,3,34393.0,2.0,0.25,13.92074724435135,336,0.0,,,True
04,legacy_lrl,4,34492.0,2.0,0.25,17.702434465116145,292,0.8793535547272381,34492.0,1.0,True
04,legacy_lrl,5,39663.0,2.0,0.25,11.995426287736306,294,0.0,,,True
04,legacy_lrl,6,40847.0,2.0,0.25,28.412625557435213,330,0.695435630606227,40847.1,1.0,True
04,legacy_lrl,7,46035.0,2.0,0.25,14.177382052121489,323,0.6693017862643692,46035.5,1.2,True
04,legacy_lrl,8,46292.0,2.0,0.25,21.179771135464538,319,0.9027619563605531,46292.0,1.1,True
04,legacy_lrl,9,46441.0,2.0,0.25,20.419932774269327,310,0.9575795320168206,46441.05,0.9,True
04,legacy_lrl,10,50474.0,2.0,0.25,11.988040807050854,307,0.8886992918100863,50473.3,1.0,True
04,legacy_lrl,11,51433.0,2.0,0.25,51.311521488886484,291,0.8015028076652414,51433.2,0.8,True
04,legacy_lrl,12,51582.0,2.0,0.25,17.949036549910655,347,0.9646667689318483,51581.95,1.2,True
04,legacy_lrl,13,51847.0,2.0,0.25,11.314256139893626,316,0.7806082033394135,51847.1,1.0,True
04,legacy_lrl,14,52280.0,2.0,0.25,10.130238492734438,298,0.876622070045324,52279.3,1.0,True
04,legacy_lrl,15,56655.0,2.0,0.25,12.013830904669799,329,0.8311762051835857,56655.0,1.0,True
04,legacy_lrl,16,56730.0,2.0,0.25,13.959597405523589,286,0.0,,,True
04,legacy_lrl,17,56855.0,2.0,0.25,16.871655570006297,338,0.8876151277835879,56855.05,1.1,True
04,legacy_lrl,18,56957.0,2.0,0.25,21.88138902399692,310,0.9658469365814745,56956.95,1.1,True
04,legacy_lrl,19,57316.0,2.0,0.25,18.516343214232176,342,0.8581182085000655,57315.9,1.2,True
04,legacy_lrl,0,28842.0,4.0,0.25,12.304825407921747,293,0.9725795835291604,28842.05,0.9,True
04,legacy_lrl,1,29063.0,4.0,0.25,13.180153634232465,324,0.8325206719252987,29062.3,1.0,True
04,legacy_lrl,2,33706.0,4.0,0.25,12.162010892799767,332,0.7534088898468462,33705.5,0.9,True
04,legacy_lrl,3,34393.0,4.0,0.25,13.92074724435135,335,0.830891616147955,34393.05,1.1,True
04,legacy_lrl,4,34492.0,4.0,0.25,17.702434465116145,300,0.9305292065552523,34491.75,1.1,True
04,legacy_lrl,5,39663.0,4.0,0.25,11.995426287736306,273,0.835903241136627,39663.05,0.8,True
04,legacy_lrl,6,40847.0,4.0,0.25,28.412625557435213,292,0.8725649262531455,40847.15,0.8,True
04,legacy_lrl,7,46035.0,4.0,0.25,14.177382052121489,310,0.8589864469866146,46034.45,1.0,True
04,legacy_lrl,8,46292.0,4.0,0.25,21.179771135464538,290,0.9506022815493299,46292.0,0.9,True
04,legacy_lrl,9,46441.0,4.0,0.25,20.419932774269327,339,0.9758781807931618,46441.0,1.1,True
04,legacy_lrl,10,50474.0,4.0,0.25,11.988040807050854,249,0.8924728826288189,50473.9,0.8,True
04,legacy_lrl,11,51433.0,4.0,0.25,51.311521488886484,338,0.8970676342547171,51433.1,1.1,True
04,legacy_lrl,12,51582.0,4.0,0.25,17.949036549910655,337,0.9627915844980458,51582.05,1.1,True
04,legacy_lrl,13,51847.0,4.0,0.25,11.314256139893626,333,0.86394456515053,51847.05,1.1,True
04,legacy_lrl,14,52280.0,4.0,0.25,10.130238492734438,315,0.9154328573927796,52280.05,0.9,True
04,legacy_lrl,15,56655.0,4.0,0.25,12.013830904669799,325,0.8386963168417165,56655.05,1.1,True
04,legacy_lrl,16,56730.0,4.0,0.25,13.959597405523589,312,0.8404874899046606,56730.1,1.0,True
04,legacy_lrl,17,56855.0,4.0,0.25,16.871655570006297,303,0.9474738542553639,56855.0,1.0,True
04,legacy_lrl,18,56957.0,4.0,0.25,21.88138902399692,297,0.9757448282228016,56957.0,0.9,True
04,legacy_lrl,19,57316.0,4.0,0.25,18.516343214232176,286,0.8206646483843119,57316.65,0.9,True
04,legacy_lrl,0,28842.0,6.0,0.25,12.304825407921747,290,0.9270130430478498,28842.1,0.9,True
04,legacy_lrl,1,29063.0,6.0,0.25,13.180153634232465,299,0.8866354296070397,29063.0,1.0,True
04,legacy_lrl,2,33706.0,6.0,0.25,12.162010892799767,286,0.8323829463167746,33705.85,1.0,True
04,legacy_lrl,3,34393.0,6.0,0.25,13.92074724435135,288,0.8106753311305082,34392.9,0.9,True
04,legacy_lrl,4,34492.0,6.0,0.25,17.702434465116145,318,0.9847744355168414,34492.05,1.0,True
04,legacy_lrl,5,39663.0,6.0,0.25,11.995426287736306,273,0.9100716727612239,39662.95,0.9,True
04,legacy_lrl,6,40847.0,6.0,0.25,28.412625557435213,311,0.8918821719629052,40847.15,0.9,True
04,legacy_lrl,7,46035.0,6.0,0.25,14.177382052121489,308,0.8372455927934509,46034.6,1.2,True
04,legacy_lrl,8,46292.0,6.0,0.25,21.179771135464538,294,0.9243870697260381,46292.05,0.9,True
04,legacy_lrl,9,46441.0,6.0,0.25,20.419932774269327,344,0.9805509582376607,46441.1,1.1,True
04,legacy_lrl,10,50474.0,6.0,0.25,11.988040807050854,308,0.9782711870377249,50474.0,1.0,True
04,legacy_lrl,11,51433.0,6.0,0.25,51.311521488886484,270,0.9285890822563294,51432.9,0.9,True
04,legacy_lrl,12,51582.0,6.0,0.25,17.949036549910655,290,0.9185747332070748,51581.9,0.9,True
04,legacy_lrl,13,51847.0,6.0,0.25,11.314256139893626,312,0.9572052864331749,51847.0,1.0,True
04,legacy_lrl,14,52280.0,6.0,0.25,10.130238492734438,298,0.9833719943264978,52279.95,1.0,True
04,legacy_lrl,15,56655.0,6.0,0.25,12.013830904669799,300,0.9406668496956182,56655.05,1.0,True
04,legacy_lrl,16,56730.0,6.0,0.25,13.959597405523589,285,0.8200570728318127,56730.0,0.9,True
04,legacy_lrl,17,56855.0,6.0,0.25,16.871655570006297,306,0.9420381955925294,56855.1,1.0,True
04,legacy_lrl,18,56957.0,6.0,0.25,21.88138902399692,317,0.9656582838943312,56957.05,1.0,True
04,legacy_lrl,19,57316.0,6.0,0.25,18.516343214232176,332,0.9468690445612854,57315.85,1.2,True
04,legacy_lrlr,0,28842.0,2.0,0.05,12.304825407921747,338,0.0,,,True
04,legacy_lrlr,1,29063.0,2.0,0.05,13.180153634232465,398,0.6814887178646221,29062.8,1.2,True
04,legacy_lrlr,2,33706.0,2.0,0.05,12.162010892799767,344,0.48208917551559394,33705.3,1.2,True
04,legacy_lrlr,3,34393.0,2.0,0.05,13.92074724435135,397,0.7795153952381648,34392.35,1.0,True
04,legacy_lrlr,4,34492.0,2.0,0.05,17.702434465116145,413,0.9369347320261425,34492.05,1.1,True
04,legacy_lrlr,5,39663.0,2.0,0.05,11.995426287736306,427,0.7407936800466827,39662.9,1.2,True
04,legacy_lrlr,6,40847.0,2.0,0.05,28.412625557435213,340,0.6987372066522145,40846.95,0.9,True
04,legacy_lrlr,7,46035.0,2.0,0.05,14.177382052121489,392,0.0,,,True
04,legacy_lrlr,8,46292.0,2.0,0.05,21.179771135464538,394,0.8758795335532465,46292.0,1.1,True
04,legacy_lrlr,9,46441.0,2.0,0.05,20.419932774269327,376,0.9733857711742819,46441.0,1.0,True
04,legacy_lrlr,10,50474.0,2.0,0.05,11.988040807050854,400,0.8658542375850097,50474.1,1.0,True
04,legacy_lrlr,11,51433.0,2.0,0.05,51.311521488886484,354,0.7317542459834832,51432.9,1.0,True
04,legacy_lrlr,12,51582.0,2.0,0.05,17.949036549910655,342,0.9590172608733244,51581.95,0.9,True
04,legacy_lrlr,13,51847.0,2.0,0.05,11.314256139893626,402,0.7352346517740752,51847.0,1.1,True
04,legacy_lrlr,14,52280.0,2.0,0.05,10.130238492734438,357,0.8975789172125122,52280.0,0.9,True
04,legacy_lrlr,15,56655.0,2.0,0.05,12.013830904669799,420,0.8189194398442105,56655.05,1.1,True
04,legacy_lrlr,16,56730.0,2.0,0.05,13.959597405523589,351,0.7211864715854408,56729.35,0.9,True
04,legacy_lrlr,17,56855.0,2.0,0.05,16.871655570006297,397,0.9040498166224773,56854.95,1.1,True
04,legacy_lrlr,18,56957.0,2.0,0.05,21.88138902399692,397,0.9429121168132981,56956.95,1.1,True
04,legacy_lrlr,19,57316.0,2.0,0.05,18.516343214232176,407,0.8965463711038458,57315.9,1.2,True
04,legacy_lrlr,0,28842.0,4.0,0.05,12.304825407921747,415,0.9826118343939025,28842.05,1.1,True
04,legacy_lrlr,1,29063.0,4.0,0.05,13.180153634232465,385,0.8010990010037825,29062.9,1.1,True
04,legacy_lrlr,2,33706.0,4.0,0.05,12.162010892799767,359,0.0,,,True
04,legacy_lrlr,3,34393.0,4.0,0.05,13.92074724435135,383,0.9215539375522519,34392.3,1.0,True
04,legacy_lrlr,4,34492.0,4.0,0.05,17.702434465116145,384,0.9577405628705679,34492.0,1.0,True
04,legacy_lrlr,5,39663.0,4.0,0.05,11.995426287736306,390,0.0,,,True
04,legacy_lrlr,6,40847.0,4.0,0.05,28.412625557435213,360,0.8692503595752142,40847.05,0.9,True
04,legacy_lrlr,7,46035.0,4.0,0.05,14.177382052121489,412,0.6558344501257698,46035.6,1.2,True
04,legacy_lrlr,8,46292.0,4.0,0.05,21.179771135464538,359,0.9241485539674106,46292.0,0.9,True
04,legacy_lrlr,9,46441.0,4.0,0.05,20.419932774269327,407,0.984831076246288,46441.05,1.1,True
04,legacy_lrlr,10,50474.0,4.0,0.05,11.988040807050854,383,0.9275317413592299,50474.05,1.0,True
04,legacy_lrlr,11,51433.0,4.0,0.05,51.311521488886484,392,0.880428896741418,51433.1,1.0,True
04,legacy_lrlr,12,51582.0,4.0,0.05,17.949036549910655,378,0.9836020334379428,51582.05,1.0,True
04,legacy_lrlr,13,51847.0,4.0,0.05,11.314256139893626,363,0.8622493581844377,51846.9,1.0,True
04,legacy_lrlr,14,52280.0,4.0,0.05,10.130238492734438,397,0.9525617486142308,52280.0,1.1,True
04,legacy_lrlr,15,56655.0,4.0,0.05,12.013830904669799,380,0.9065659123825744,56655.05,1.0,True
04,legacy_lrlr,16,56730.0,4.0,0.05,13.959597405523589,346,0.854958928680833,56729.35,0.9,True
04,legacy_lrlr,17,56855.0,4.0,0.05,16.871655570006297,370,0.945961842335793,56854.95,1.0,True
04,legacy_lrlr,18,56957.0,4.0,0.05,21.88138902399692,379,0.9804737274771285,56957.0,1.0,True
04,legacy_lrlr,19,57316.0,4.0,0.05,18.516343214232176,410,0.8170886489802726,57316.25,0.9,True
04,legacy_lrlr,0,28842.0,6.0,0.05,12.304825407921747,397,0.9854155542086213,28841.95,1.1,True
04,legacy_lrlr,1,29063.0,6.0,0.05,13.180153634232465,360,0.8706448459312556,29062.95,1.0,True
04,legacy_lrlr,2,33706.0,6.0,0.05,12.162010892799767,362,0.7973476527458571,33705.25,1.0,True
04,legacy_lrlr,3,34393.0,6.0,0.05,13.92074724435135,383,0.9417159605395965,34393.05,1.0,True
04,legacy_lrlr,4,34492.0,6.0,0.05,17.702434465116145,348,0.9810843989252314,34492.0,0.9,True
04,legacy_lrlr,5,39663.0,6.0,0.05,11.995426287736306,341,0.9204798201537929,39662.95,0.9,True
04,legacy_lrlr,6,40847.0,6.0,0.05,28.412625557435213,385,0.9089629782806742,40847.05,1.0,True
04,legacy_lrlr,7,46035.0,6.0,0.05,14.177382052121489,406,0.6910037845820588,46035.2,1.0,True
04,legacy_lrlr,8,46292.0,6.0,0.05,21.179771135464538,359,0.9415439846403276,46292.05,0.9,True
04,legacy_lrlr,9,46441.0,6.0,0.05,20.419932774269327,342,0.9879862365442444,46440.95,0.9,True
04,legacy_lrlr,10,50474.0,6.0,0.05,11.988040807050854,372,0.9680942278579594,50474.0,1.0,True
04,legacy_lrlr,11,51433.0,6.0,0.05,51.311521488886484,418,0.9341858848862358,51433.05,1.1,True
04,legacy_lrlr,12,51582.0,6.0,0.05,17.949036549910655,373,0.9867162933654858,51582.0,1.0,True
04,legacy_lrlr,13,51847.0,6.0,0.05,11.314256139893626,369,0.9072800216496878,51846.95,1.0,True
04,legacy_lrlr,14,52280.0,6.0,0.05,10.130238492734438,406,0.9720004829533418,52280.0,1.1,True
04,legacy_lrlr,15,56655.0,6.0,0.05,12.013830904669799,372,0.9644196164399127,56655.0,1.0,True
04,legacy_lrlr,16,56730.0,6.0,0.05,13.959597405523589,352,0.8358473261356993,56730.0,0.9,True
04,legacy_lrlr,17,56855.0,6.0,0.05,16.871655570006297,335,0.9563703329084791,56854.95,0.9,True
04,legacy_lrlr,18,56957.0,6.0,0.05,21.88138902399692,346,0.9884861547394946,56956.95,0.9,True
04,legacy_lrlr,19,57316.0,6.0,0.05,18.516343214232176,349,0.8897692967669835,57316.0,0.9,True
04,legacy_lrlr,0,28842.0,2.0,0.15,12.304825407921747,379,0.9281979696083446,28842.05,1.0,True
04,legacy_lrlr,1,29063.0,2.0,0.15,13.180153634232465,398,0.6559688302146125,29062.8,1.2,True
04,legacy_lrlr,2,33706.0,2.0,0.15,12.162010892799767,419,0.0,,,True
04,legacy_lrlr,3,34393.0,2.0,0.15,13.92074724435135,372,0.7816210217781091,34393.0,1.0,True
04,legacy_lrlr,4,34492.0,2.0,0.15,17.702434465116145,351,0.9140116311176725,34491.9,1.0,True
04,legacy_lrlr,5,39663.0,2.0,0.15,11.995426287736306,400,0.0,,,True
04,legacy_lrlr,6,40847.0,2.0,0.15,28.412625557435213,333,0.6551350155359673,40846.9,0.9,True
04,legacy_lrlr,7,46035.0,2.0,0.15,14.177382052121489,398,0.0,,,True
04,legacy_lrlr,8,46292.0,2.0,0.15,21.179771135464538,407,0.863657449183515,46292.05,1.1,True
04,legacy_lrlr,9,46441.0,2.0,0.15,20.419932774269327,415,0.94691037635212,46441.05,1.1,True
04,legacy_lrlr,10,50474.0,2.0,0.15,11.988040807050854,345,0.8860957041643004,50474.0,0.9,True
04,legacy_lrlr,11,51433.0,2.0,0.15,51.311521488886484,340,0.7215543907749328,51433.0,0.9,True
04,legacy_lrlr,12,51582.0,2.0,0.15,17.949036549910655,391,0.9508475636878218,51582.1,1.0,True
04,legacy_lrlr,13,51847.0,2.0,0.15,11.314256139893626,400,0.7355878877567406,51847.0,1.1,True
04,legacy_lrlr,14,52280.0,2.0,0.15,10.130238492734438,377,0.9004439316340979,52280.0,1.0,True
04,legacy_lrlr,15,56655.0,2.0,0.15,12.013830904669799,410,0.7073177575919474,56654.45,1.0,True
04,legacy_lrlr,16,56730.0,2.0,0.15,13.959597405523589,355,0.5708302577074149,56730.05,0.8,True
04,legacy_lrlr,17,56855.0,2.0,0.15,16.871655570006297,377,0.881153090589489,56855.1,0.9,True
04,legacy_lrlr,18,56957.0,2.0,0.15,21.88138902399692,436,0.9650286615592224,56957.0,1.2,True
04,legacy_lrlr,19,57316.0,2.0,0.15,18.516343214232176,356,0.772432992835349,57316.65,0.9,True
04,legacy_lrlr,0,28842.0,4.0,0.15,12.304825407921747,403,0.9743723382050029,28842.05,1.1,True
04,legacy_lrlr,1,29063.0,4.0,0.15,13.180153634232465,412,0.8192510436465844,29062.95,1.2,True
04,legacy_lrlr,2,33706.0,4.0,0.15,12.162010892799767,349,0.6683110522943779,33706.0,0.9,True
04,legacy_lrlr,3,34393.0,4.0,0.15,13.92074724435135,401,0.8693592947252234,34392.95,1.1,True
04,legacy_lrlr,4,34492.0,4.0,0.15,17.702434465116145,351,0.9651156648296386,34491.95,0.9,True
04,legacy_lrlr,5,39663.0,4.0,0.15,11.995426287736306,368,0.8645440206595928,39663.0,1.0,True
04,legacy_lrlr,6,40847.0,4.0,0.15,28.412625557435213,367,0.8704038234817447,40847.1,0.9,True
04,legacy_lrlr,7,46035.0,4.0,0.15,14.177382052121489,412,0.0,,,True
04,legacy_lrlr,8,46292.0,4.0,0.15,21.179771135464538,407,0.8974405467190445,46292.05,1.0,True
04,legacy_lrlr,9,46441.0,4.0,0.15,20.419932774269327,354,0.9523312999026868,46441.0,0.9,True
04,legacy_lrlr,10,50474.0,4.0,0.15,11.988040807050854,353,0.9206265474379122,50474.05,0.9,True
04,legacy_lrlr,11,51433.0,4.0,0.15,51.311521488886484,370,0.8888306312892099,51433.0,1.0,True
04,legacy_lrlr,12,51582.0,4.0,0.15,17.949036549910655,410,0.9674158583599903,51582.05,1.1,True
04,legacy_lrlr,13,51847.0,4.0,0.15,11.314256139893626,403,0.87658353428291,51846.95,1.1,True
04,legacy_lrlr,14,52280.0,4.0,0.15,10.130238492734438,385,0.9679408931824549,52280.05,1.0,True
04,legacy_lrlr,15,56655.0,4.0,0.15,12.013830904669799,391,0.9088728601691871,56655.1,1.0,True
04,legacy_lrlr,16,56730.0,4.0,0.15,13.959597405523589,340,0.768500783481231,56730.05,0.8,True
04,legacy_lrlr,17,56855.0,4.0,0.15,16.871655570006297,396,0.9448091871832787,56855.15,1.0,True
04,legacy_lrlr,18,56957.0,4.0,0.15,21.88138902399692,388,0.9545869874935616,56957.0,1.0,True
04,legacy_lrlr,19,57316.0,4.0,0.15,18.516343214232176,413,0.8507113193656843,57316.25,0.9,True
04,legacy_lrlr,0,28842.0,6.0,0.15,12.304825407921747,359,0.9601834294199376,28841.85,1.0,True
04,legacy_lrlr,1,29063.0,6.0,0.15,13.180153634232465,414,0.7804828996200855,29063.05,1.1,True
04,legacy_lrlr,2,33706.0,6.0,0.15,12.162010892799767,402,0.7394154600523629,33706.1,1.0,True
04,legacy_lrlr,3,34393.0,6.0,0.15,13.92074724435135,362,0.9166889378989159,34392.25,1.0,True
04,legacy_lrlr,4,34492.0,6.0,0.15,17.702434465116145,388,0.9428441338799552,34492.15,1.0,True
04,legacy_lrlr,5,39663.0,6.0,0.15,11.995426287736306,346,0.8456199839701362,39663.45,1.0,True
04,legacy_lrlr,6,40847.0,6.0,0.15,28.412625557435213,384,0.9118726219788776,40847.0,1.0,True
04,legacy_lrlr,7,46035.0,6.0,0.15,14.177382052121489,376,0.7066133282442857,46035.2,0.9,True
04,legacy_lrlr,8,46292.0,6.0,0.15,21.179771135464538,347,0.8361763513347419,46292.0,0.9,True
04,legacy_lrlr,9,46441.0,6.0,0.15,20.419932774269327,345,0.9708573455460668,46440.95,0.9,True
04,legacy_lrlr,10,50474.0,6.0,0.15,11.988040807050854,346,0.946421199643472,50474.0,0.9,True
04,legacy_lrlr,11,51433.0,6.0,0.15,51.311521488886484,420,0.905744028775108,51433.05,1.1,True
04,legacy_lrlr,12,51582.0,6.0,0.15,17.949036549910655,366,0.9723386292153449,51582.0,1.0,True
04,legacy_lrlr,13,51847.0,6.0,0.15,11.314256139893626,416,0.894817264706915,51847.0,1.1,True
04,legacy_lrlr,14,52280.0,6.0,0.15,10.130238492734438,358,0.927087563992674,52279.95,1.0,True
04,legacy_lrlr,15,56655.0,6.0,0.15,12.013830904669799,339,0.9337662585123055,56654.9,0.9,True
04,legacy_lrlr,16,56730.0,6.0,0.15,13.959597405523589,407,0.8173376156035095,56730.15,1.0,True
04,legacy_lrlr,17,56855.0,6.0,0.15,16.871655570006297,358,0.9442604178518692,56855.1,0.9,True
04,legacy_lrlr,18,56957.0,6.0,0.15,21.88138902399692,383,0.9740164170817608,56957.0,1.0,True
04,legacy_lrlr,19,57316.0,6.0,0.15,18.516343214232176,436,0.8426612210495504,57316.0,1.2,True
04,legacy_lrlr,0,28842.0,2.0,0.25,12.304825407921747,430,0.9126613698124107,28841.9,1.2,True
04,legacy_lrlr,1,29063.0,2.0,0.25,13.180153634232465,360,0.0,,,True
04,legacy_lrlr,2,33706.0,2.0,0.25,12.162010892799767,425,0.0,,,True
04,legacy_lrlr,3,34393.0,2.0,0.25,13.92074724435135,430,0.7254834477896892,34393.15,1.1,True
04,legacy_lrlr,4,34492.0,2.0,0.25,17.702434465116145,434,0.885009203472221,34492.1,1.2,True
04,legacy_lrlr,5,39663.0,2.0,0.25,11.995426287736306,366,0.8056891889050292,39662.95,1.0,True
04,legacy_lrlr,6,40847.0,2.0,0.25,28.412625557435213,452,0.532313354709264,40846.35,0.8,True
04,legacy_lrlr,7,46035.0,2.0,0.25,14.177382052121489,378,0.0,,,True
04,legacy_lrlr,8,46292.0,2.0,0.25,21.179771135464538,360,0.7877734390103324,46292.0,0.9,True
04,legacy_lrlr,9,46441.0,2.0,0.25,20.419932774269327,400,0.9511299187347247,46440.95,1.1,True
04,legacy_lrlr,10,50474.0,2.0,0.25,11.988040807050854,402,0.8278791510814091,50473.9,1.1,True
04,legacy_lrlr,11,51433.0,2.0,0.25,51.311521488886484,396,0.7199853924965371,51433.25,1.0,True
04,legacy_lrlr,12,51582.0,2.0,0.25,17.949036549910655,388,0.9287561326855561,51582.05,1.0,True
04,legacy_lrlr,13,51847.0,2.0,0.25,11.314256139893626,383,0.0,,,True
04,legacy_lrlr,14,52280.0,2.0,0.25,10.130238492734438,344,0.87005919239787,52279.9,0.9,True
04,legacy_lrlr,15,56655.0,2.0,0.25,12.013830904669799,426,0.8055377239386842,56655.65,1.2,True
04,legacy_lrlr,16,56730.0,2.0,0.25,13.959597405523589,353,0.7145892926715176,56729.4,0.9,True
04,legacy_lrlr,17,56855.0,2.0,0.25,16.871655570006297,389,0.8938209914805288,56855.1,1.0,True
04,legacy_lrlr,18,56957.0,2.0,0.25,21.88138902399692,369,0.9488579276559328,56957.0,1.0,True
04,legacy_lrlr,19,57316.0,2.0,0.25,18.516343214232176,338,0.7234861272686295,57316.55,0.9,True
04,legacy_lrlr,0,28842.0,4.0,0.25,12.304825407921747,347,0.9181254624916219,28842.05,0.9,True
04,legacy_lrlr,1,29063.0,4.0,0.25,13.180153634232465,417,0.8643503042840683,29063.05,1.2,True
04,legacy_lrlr,2,33706.0,4.0,0.25,12.162010892799767,338,0.625110043716311,33706.7,0.8,True
04,legacy_lrlr,3,34393.0,4.0,0.25,13.92074724435135,416,0.8655337526937357,34393.0,1.1,True
04,legacy_lrlr,4,34492.0,4.0,0.25,17.702434465116145,393,0.9621776075679712,34492.05,1.0,True
04,legacy_lrlr,5,39663.0,4.0,0.25,11.995426287736306,346,0.8683553189132837,39663.0,0.9,True
04,legacy_lrlr,6,40847.0,4.0,0.25,28.412625557435213,357,0.8199066815292,40847.1,0.9,True
04,legacy_lrlr,7,46035.0,4.0,0.25,14.177382052121489,380,0.5786766465925938,46035.25,0.9,True
04,legacy_lrlr,8,46292.0,4.0,0.25,21.179771135464538,318,0.9470459203461405,46292.0,0.8,True
04,legacy_lrlr,9,46441.0,4.0,0.25,20.419932774269327,408,0.9834488667797122,46440.95,1.1,True
04,legacy_lrlr,10,50474.0,4.0,0.25,11.988040807050854,391,0.9468785025906818,50473.85,1.1,True
04,legacy_lrlr,11,51433.0,4.0,0.25,51.311521488886484,322,0.9349849941611894,51433.05,0.8,True
04,legacy_lrlr,12,51582.0,4.0,0.25,17.949036549910655,376,0.9440911521852694,51581.8,1.1,True
04,legacy_lrlr,13,51847.0,4.0,0.25,11.314256139893626,361,0.8060606539733529,51846.35,1.0,True
04,legacy_lrlr,14,52280.0,4.0,0.25,10.130238492734438,378,0.9288447418656094,52279.85,1.1,True
04,legacy_lrlr,15,56655.0,4.0,0.25,12.013830904669799,397,0.8996255097078415,56655.15,1.0,True
04,legacy_lrlr,16,56730.0,4.0,0.25,13.959597405523589,370,0.7362269109481774,56730.05,0.8,True
04,legacy_lrlr,17,56855.0,4.0,0.25,16.871655570006297,387,0.9084474233693365,56855.15,1.0,True
04,legacy_lrlr,18,56957.0,4.0,0.25,21.88138902399692,398,0.965173002589896,56956.9,1.1,True
04,legacy_lrlr,19,57316.0,4.0,0.25,18.516343214232176,377,0.8535713588800644,57316.6,1.0,True
04,legacy_lrlr,0,28842.0,6.0,0.25,12.304825407921747,417,0.978783139362995,28842.1,1.1,True
04,legacy_lrlr,1,29063.0,6.0,0.25,13.180153634232465,357,0.803201252424876,29062.9,1.0,True
04,legacy_lrlr,2,33706.0,6.0,0.25,12.162010892799767,407,0.8183614713010077,33705.25,1.1,True
04,legacy_lrlr,3,34393.0,6.0,0.25,13.92074724435135,421,0.839011267122422,34393.65,1.2,True
04,legacy_lrlr,4,34492.0,6.0,0.25,17.702434465116145,404,0.9486612554971975,34491.95,1.1,True
04,legacy_lrlr,5,39663.0,6.0,0.25,11.995426287736306,323,0.910172615525697,39663.1,0.8,True
04,legacy_lrlr,6,40847.0,6.0,0.25,28.412625557435213,405,0.8897754692516687,40847.1,1.1,True
04,legacy_lrlr,7,46035.0,6.0,0.25,14.177382052121489,370,0.8016892766406467,46034.5,1.2,True
04,legacy_lrlr,8,46292.0,6.0,0.25,21.179771135464538,366,0.9739268863938753,46292.05,0.9,True
04,legacy_lrlr,9,46441.0,6.0,0.25,20.419932774269327,416,0.950219617439294,46441.0,1.1,True
04,legacy_lrlr,10,50474.0,6.0,0.25,11.988040807050854,361,0.9180885502975614,50474.05,0.9,True
04,legacy_lrlr,11,51433.0,6.0,0.25,51.311521488886484,407,0.9143641294233571,51432.9,1.2,True
04,legacy_lrlr,12,51582.0,6.0,0.25,17.949036549910655,398,0.9007922433486706,51582.2,1.0,True
04,legacy_lrlr,13,51847.0,6.0,0.25,11.314256139893626,395,0.9024097286686905,51847.1,1.0,True
04,legacy_lrlr,14,52280.0,6.0,0.25,10.130238492734438,365,0.9597012559638168,52280.0,0.9,True
04,legacy_lrlr,15,56655.0,6.0,0.25,12.013830904669799,437,0.9591081727064377,56655.0,1.2,True
04,legacy_lrlr,16,56730.0,6.0,0.25,13.959597405523589,372,0.8419519146696233,56729.95,1.0,True
04,legacy_lrlr,17,56855.0,6.0,0.25,16.871655570006297,335,0.9419588823679517,56854.95,0.9,True
04,legacy_lrlr,18,56957.0,6.0,0.25,21.88138902399692,403,0.982996336061636,56957.0,1.1,True
04,legacy_lrlr,19,57316.0,6.0,0.25,18.516343214232176,357,0.8836652012934242,57316.0,0.9,True
04,legacy_lrlrlr,0,28842.0,2.0,0.05,12.304825407921747,577,0.9379334507660739,28842.1,1.1,True
04,legacy_lrlrlr,1,29063.0,2.0,0.05,13.180153634232465,567,0.0,,,True
04,legacy_lrlrlr,2,33706.0,2.0,0.05,12.162010892799767,561,0.0,,,True
04,legacy_lrlrlr,3,34393.0,2.0,0.05,13.92074724435135,496,0.0,,,True
04,legacy_lrlrlr,4,34492.0,2.0,0.05,17.702434465116145,553,0.9540956277246989,34491.95,1.1,True
04,legacy_lrlrlr,5,39663.0,2.0,0.05,11.995426287736306,550,0.0,,,True
04,legacy_lrlrlr,6,40847.0,2.0,0.05,28.412625557435213,566,0.5981509879623105,40847.05,1.1,True
04,legacy_lrlrlr,7,46035.0,2.0,0.05,14.177382052121489,527,0.6265862320672632,46035.55,1.1,True
04,legacy_lrlrlr,8,46292.0,2.0,0.05,21.179771135464538,499,0.8096831674311189,46292.0,1.0,True
04,legacy_lrlrlr,9,46441.0,2.0,0.05,20.419932774269327,521,0.9687304049486029,46441.0,1.0,True
04,legacy_lrlrlr,10,50474.0,2.0,0.05,11.988040807050854,502,0.8688995555097485,50473.95,1.0,True
04,legacy_lrlrlr,11,51433.0,2.0,0.05,51.311521488886484,548,0.0,,,True
04,legacy_lrlrlr,12,51582.0,2.0,0.05,17.949036549910655,584,0.9121576777921094,51582.1,1.1,True
04,legacy_lrlrlr,13,51847.0,2.0,0.05,11.314256139893626,524,0.7024845026709168,51847.05,1.0,True
04,legacy_lrlrlr,14,52280.0,2.0,0.05,10.130238492734438,568,0.8772788022924148,52280.05,1.1,True
04,legacy_lrlrlr,15,56655.0,2.0,0.05,12.013830904669799,470,0.8370438941723,56654.95,0.9,True
04,legacy_lrlrlr,16,56730.0,2.0,0.05,13.959597405523589,525,0.45951490789613003,56730.0,1.0,True
04,legacy_lrlrlr,17,56855.0,2.0,0.05,16.871655570006297,499,0.9011061889449804,56854.9,1.0,True
04,legacy_lrlrlr,18,56957.0,2.0,0.05,21.88138902399692,578,0.9556679224003748,56957.1,1.1,True
04,legacy_lrlrlr,19,57316.0,2.0,0.05,18.516343214232176,579,0.619770316849301,57315.65,0.9,True
04,legacy_lrlrlr,0,28842.0,4.0,0.05,12.304825407921747,483,0.9594940886348604,28842.0,0.9,True
04,legacy_lrlrlr,1,29063.0,4.0,0.05,13.180153634232465,527,0.7703472529158881,29063.05,1.0,True
04,legacy_lrlrlr,2,33706.0,4.0,0.05,12.162010892799767,510,0.6958082601646277,33705.95,1.0,True
04,legacy_lrlrlr,3,34393.0,4.0,0.05,13.92074724435135,524,0.8963199462327496,34393.0,1.0,True
04,legacy_lrlrlr,4,34492.0,4.0,0.05,17.702434465116145,514,0.9748774394248884,34492.0,1.0,True
04,legacy_lrlrlr,5,39663.0,4.0,0.05,11.995426287736306,562,0.0,,,True
04,legacy_lrlrlr,6,40847.0,4.0,0.05,28.412625557435213,496,0.7314585714212244,40847.6,1.0,True
04,legacy_lrlrlr,7,46035.0,4.0,0.05,14.177382052121489,500,0.6392441133741064,46034.45,0.9,True
04,legacy_lrlrlr,8,46292.0,4.0,0.05,21.179771135464538,554,0.9245616483501204,46292.0,1.1,True
04,legacy_lrlrlr,9,46441.0,4.0,0.05,20.419932774269327,589,0.9573741354199716,46440.9,1.2,True
04,legacy_lrlrlr,10,50474.0,4.0,0.05,11.988040807050854,464,0.9090258153447112,50473.9,0.9,True
04,legacy_lrlrlr,11,51433.0,4.0,0.05,51.311521488886484,571,0.9063391892221688,51433.05,1.1,True
04,legacy_lrlrlr,12,51582.0,4.0,0.05,17.949036549910655,491,0.9569026392971659,51582.1,0.9,True
04,legacy_lrlrlr,13,51847.0,4.0,0.05,11.314256139893626,571,0.8599351399208518,51847.05,1.1,True
04,legacy_lrlrlr,14,52280.0,4.0,0.05,10.130238492734438,474,0.9552495030081319,52279.95,0.9,True
04,legacy_lrlrlr,15,56655.0,4.0,0.05,12.013830904669799,474,0.9261403198945817,56655.0,0.9,True
04,legacy_lrlrlr,16,56730.0,4.0,0.05,13.959597405523589,508,0.7563698718818572,56730.65,1.0,True
04,legacy_lrlrlr,17,56855.0,4.0,0.05,16.871655570006297,513,0.9834531904846313,56855.0,1.0,True
04,legacy_lrlrlr,18,56957.0,4.0,0.05,21.88138902399692,540,0.9417475660768958,56956.9,1.1,True
04,legacy_lrlrlr,19,57316.0,4.0,0.05,18.516343214232176,536,0.7965414325154865,57315.95,1.1,True
04,legacy_lrlrlr,0,28842.0,6.0,0.05,12.304825407921747,522,0.9734226131121596,28842.05,1.0,True
04,legacy_lrlrlr,1,29063.0,6.0,0.05,13.180153634232465,534,0.8271366690759727,29063.1,1.0,True
04,legacy_lrlrlr,2,33706.0,6.0,0.05,12.162010892799767,523,0.8045062414597224,33706.0,1.0,True
04,legacy_lrlrlr,3,34393.0,6.0,0.05,13.92074724435135,497,0.8688766038829446,34393.05,0.9,True
04,legacy_lrlrlr,4,34492.0,6.0,0.05,17.702434465116145,502,0.9696532023832655,34491.95,1.0,True
04,legacy_lrlrlr,5,39663.0,6.0,0.05,11.995426287736306,533,0.8505228325605723,39663.05,1.0,True
04,legacy_lrlrlr,6,40847.0,6.0,0.05,28.412625557435213,520,0.8772451736018677,40847.0,1.0,True
04,legacy_lrlrlr,7,46035.0,6.0,0.05,14.177382052121489,510,0.8380887910074878,46035.65,1.0,True
04,legacy_lrlrlr,8,46292.0,6.0,0.05,21.179771135464538,511,0.9736132300844843,46292.0,1.0,True
04,legacy_lrlrlr,9,46441.0,6.0,0.05,20.419932774269327,558,0.990146333598231,46441.0,1.1,True
04,legacy_lrlrlr,10,50474.0,6.0,0.05,11.988040807050854,569,0.9787485890366036,50474.05,1.1,True
04,legacy_lrlrlr,11,51433.0,6.0,0.05,51.311521488886484,494,0.887923626704281,51432.9,1.0,True
04,legacy_lrlrlr,12,51582.0,6.0,0.05,17.949036549910655,497,0.9494244070432818,51581.95,1.0,True
04,legacy_lrlrlr,13,51847.0,6.0,0.05,11.314256139893626,497,0.8874730584620497,51846.9,1.0,True
04,legacy_lrlrlr,14,52280.0,6.0,0.05,10.130238492734438,470,0.9788276399879609,52279.95,0.9,True
04,legacy_lrlrlr,15,56655.0,6.0,0.05,12.013830904669799,548,0.9405160396901675,56654.95,1.1,True
04,legacy_lrlrlr,16,56730.0,6.0,0.05,13.959597405523589,519,0.8087017083610937,56730.0,1.0,True
04,legacy_lrlrlr,17,56855.0,6.0,0.05,16.871655570006297,504,0.9604639759410215,56854.95,1.0,True
04,legacy_lrlrlr,18,56957.0,6.0,0.05,21.88138902399692,490,0.9456671303947831,56957.1,0.9,True
04,legacy_lrlrlr,19,57316.0,6.0,0.05,18.516343214232176,547,0.862364921340343,57315.9,1.1,True
04,legacy_lrlrlr,0,28842.0,2.0,0.15,12.304825407921747,493,0.9003129881634642,28842.05,0.9,True
04,legacy_lrlrlr,1,29063.0,2.0,0.15,13.180153634232465,539,0.5070264758153211,29062.85,1.1,True
04,legacy_lrlrlr,2,33706.0,2.0,0.15,12.162010892799767,587,0.4620613624064769,33705.95,1.2,True
04,legacy_lrlrlr,3,34393.0,2.0,0.15,13.92074724435135,524,0.0,,,True
04,legacy_lrlrlr,4,34492.0,2.0,0.15,17.702434465116145,498,0.9088226652755464,34491.85,1.0,True
04,legacy_lrlrlr,5,39663.0,2.0,0.15,11.995426287736306,498,0.5156365808266258,39663.2,0.9,True
04,legacy_lrlrlr,6,40847.0,2.0,0.15,28.412625557435213,548,0.5313595917429662,40847.2,1.0,True
04,legacy_lrlrlr,7,46035.0,2.0,0.15,14.177382052121489,482,0.49356832958350977,46034.6,0.8,True
04,legacy_lrlrlr,8,46292.0,2.0,0.15,21.179771135464538,570,0.8649674141102744,46292.1,1.1,True
04,legacy_lrlrlr,9,46441.0,2.0,0.15,20.419932774269327,552,0.955047341084761,46440.95,1.1,True
04,legacy_lrlrlr,10,50474.0,2.0,0.15,11.988040807050854,462,0.0,,,True
04,legacy_lrlrlr,11,51433.0,2.0,0.15,51.311521488886484,500,0.7253302585274555,51433.6,1.0,True
04,legacy_lrlrlr,12,51582.0,2.0,0.15,17.949036549910655,489,0.9169958411463006,51582.0,0.9,True
04,legacy_lrlrlr,13,51847.0,2.0,0.15,11.314256139893626,572,0.6224262537135036,51846.3,1.1,True
04,legacy_lrlrlr,14,52280.0,2.0,0.15,10.130238492734438,522,0.85533326646396,52279.95,1.0,True
04,legacy_lrlrlr,15,56655.0,2.0,0.15,12.013830904669799,509,0.7760281340727664,56655.65,1.0,True
04,legacy_lrlrlr,16,56730.0,2.0,0.15,13.959597405523589,538,0.0,,,True
04,legacy_lrlrlr,17,56855.0,2.0,0.15,16.871655570006297,572,0.9259566497100259,56855.05,1.1,True
04,legacy_lrlrlr,18,56957.0,2.0,0.15,21.88138902399692,546,0.9245374617217956,56956.95,1.1,True
04,legacy_lrlrlr,19,57316.0,2.0,0.15,18.516343214232176,562,0.7089533264578249,57316.05,1.1,True
04,legacy_lrlrlr,0,28842.0,4.0,0.15,12.304825407921747,598,0.9701992440700529,28841.95,1.2,True
04,legacy_lrlrlr,1,29063.0,4.0,0.15,13.180153634232465,590,0.817242007328501,29063.0,1.2,True
04,legacy_lrlrlr,2,33706.0,4.0,0.15,12.162010892799767,509,0.6998754874938606,33706.15,0.9,True
04,legacy_lrlrlr,3,34393.0,4.0,0.15,13.92074724435135,556,0.8888293029590222,34393.0,1.1,True
04,legacy_lrlrlr,4,34492.0,4.0,0.15,17.702434465116145,549,0.9298795154236492,34491.95,1.1,True
04,legacy_lrlrlr,5,39663.0,4.0,0.15,11.995426287736306,487,0.7521898897465298,39663.15,0.9,True
04,legacy_lrlrlr,6,40847.0,4.0,0.15,28.412625557435213,526,0.8037657591973547,40847.05,1.0,True
04,legacy_lrlrlr,7,46035.0,4.0,0.15,14.177382052121489,549,0.655652956380933,46034.45,1.0,True
04,legacy_lrlrlr,8,46292.0,4.0,0.15,21.179771135464538,489,0.8814085097141998,46292.05,0.9,True
04,legacy_lrlrlr,9,46441.0,4.0,0.15,20.419932774269327,568,0.9380648406221299,46441.05,1.1,True
04,legacy_lrlrlr,10,50474.0,4.0,0.15,11.988040807050854,487,0.9595475603612139,50474.0,0.9,True
04,legacy_lrlrlr,11,51433.0,4.0,0.15,51.311521488886484,549,0.9135207424725215,51432.9,1.1,True
04,legacy_lrlrlr,12,51582.0,4.0,0.15,17.949036549910655,532,0.9520289290976175,51582.15,1.0,True
04,legacy_lrlrlr,13,51847.0,4.0,0.15,11.314256139893626,492,0.788731044453244,51847.05,0.9,True
04,legacy_lrlrlr,14,52280.0,4.0,0.15,10.130238492734438,471,0.9329013986722762,52279.9,0.9,True
04,legacy_lrlrlr,15,56655.0,4.0,0.15,12.013830904669799,468,0.881584547796849,56654.9,0.9,True
04,legacy_lrlrlr,16,56730.0,4.0,0.15,13.959597405523589,540,0.0,,,True
04,legacy_lrlrlr,17,56855.0,4.0,0.15,16.871655570006297,577,0.9414022853048433,56855.15,1.1,True
04,legacy_lrlrlr,18,56957.0,4.0,0.15,21.88138902399692,505,0.9532963762304505,56957.0,1.0,True
04,legacy_lrlrlr,19,57316.0,4.0,0.15,18.516343214232176,533,0.8382379529779708,57316.1,1.0,True
04,legacy_lrlrlr,0,28842.0,6.0,0.15,12.304825407921747,525,0.941120690300976,28842.1,1.0,True
04,legacy_lrlrlr,1,29063.0,6.0,0.15,13.180153634232465,520,0.8059607551212808,29063.0,1.0,True
04,legacy_lrlrlr,2,33706.0,6.0,0.15,12.162010892799767,551,0.7632847756360556,33705.95,1.1,True
04,legacy_lrlrlr,3,34393.0,6.0,0.15,13.92074724435135,497,0.9197438708129266,34392.95,1.0,True
04,legacy_lrlrlr,4,34492.0,6.0,0.15,17.702434465116145,487,0.932857291461146,34491.95,0.9,True
04,legacy_lrlrlr,5,39663.0,6.0,0.15,11.995426287736306,495,0.8599959497506074,39663.15,0.9,True
04,legacy_lrlrlr,6,40847.0,6.0,0.15,28.412625557435213,539,0.8464665397676965,40847.1,1.0,True
04,legacy_lrlrlr,7,46035.0,6.0,0.15,14.177382052121489,511,0.8539848932761062,46035.7,1.0,True
04,legacy_lrlrlr,8,46292.0,6.0,0.15,21.179771135464538,512,0.928663758781958,46292.0,1.0,True
04,legacy_lrlrlr,9,46441.0,6.0,0.15,20.419932774269327,558,0.9891999527248501,46441.0,1.1,True
04,legacy_lrlrlr,10,50474.0,6.0,0.15,11.988040807050854,510,0.9570590337007009,50473.95,1.0,True
04,legacy_lrlrlr,11,51433.0,6.0,0.15,51.311521488886484,573,0.9206459601620821,51433.05,1.1,True
04,legacy_lrlrlr,12,51582.0,6.0,0.15,17.949036549910655,487,0.9075195707079601,51582.1,0.9,True
04,legacy_lrlrlr,13,51847.0,6.0,0.15,11.314256139893626,497,0.8988802128600557,51846.85,1.0,True
04,legacy_lrlrlr,14,52280.0,6.0,0.15,10.130238492734438,554,0.9655113319694378,52280.0,1.1,True
04,legacy_lrlrlr,15,56655.0,6.0,0.15,12.013830904669799,529,0.904519726723849,56654.85,1.1,True
04,legacy_lrlrlr,16,56730.0,6.0,0.15,13.959597405523589,584,0.8708794731696888,56729.3,1.1,True
04,legacy_lrlrlr,17,56855.0,6.0,0.15,16.871655570006297,563,0.9295040600670521,56854.95,1.1,True
04,legacy_lrlrlr,18,56957.0,6.0,0.15,21.88138902399692,493,0.9109066266141159,56957.0,0.9,True
04,legacy_lrlrlr,19,57316.0,6.0,0.15,18.516343214232176,505,0.8886413794020817,57315.95,1.0,True
04,legacy_lrlrlr,0,28842.0,2.0,0.25,12.304825407921747,581,0.928790808823437,28842.15,1.1,True
04,legacy_lrlrlr,1,29063.0,2.0,0.25,13.180153634232465,569,0.5959722919523829,29062.85,1.2,True
04,legacy_lrlrlr,2,33706.0,2.0,0.25,12.162010892799767,493,0.5861904601121389,33706.05,0.9,True
04,legacy_lrlrlr,3,34393.0,2.0,0.25,13.92074724435135,449,0.7242398664431279,34393.75,0.8,True
04,legacy_lrlrlr,4,34492.0,2.0,0.25,17.702434465116145,556,0.9355323060913915,34492.05,1.1,True
04,legacy_lrlrlr,5,39663.0,2.0,0.25,11.995426287736306,535,0.5304822814923386,39662.7,0.9,True
04,legacy_lrlrlr,6,40847.0,2.0,0.25,28.412625557435213,498,0.0,,,True
04,legacy_lrlrlr,7,46035.0,2.0,0.25,14.177382052121489,547,0.571990137370048,46034.4,1.1,True
04,legacy_lrlrlr,8,46292.0,2.0,0.25,21.179771135464538,454,0.76309876149945,46292.05,0.8,True
04,legacy_lrlrlr,9,46441.0,2.0,0.25,20.419932774269327,546,0.9498402195265502,46441.2,1.0,True
04,legacy_lrlrlr,10,50474.0,2.0,0.25,11.988040807050854,560,0.8320597844667106,50474.1,1.1,True
04,legacy_lrlrlr,11,51433.0,2.0,0.25,51.311521488886484,506,0.6921536720258082,51433.65,1.0,True
04,legacy_lrlrlr,12,51582.0,2.0,0.25,17.949036549910655,515,0.8920408626672501,51581.95,1.0,True
04,legacy_lrlrlr,13,51847.0,2.0,0.25,11.314256139893626,494,0.713567472619128,51847.1,0.9,True
04,legacy_lrlrlr,14,52280.0,2.0,0.25,10.130238492734438,485,0.8823277992063306,52280.05,0.9,True
04,legacy_lrlrlr,15,56655.0,2.0,0.25,12.013830904669799,556,0.9085367042427058,56655.7,1.1,True
04,legacy_lrlrlr,16,56730.0,2.0,0.25,13.959597405523589,503,0.489866062199084,56729.65,1.1,True
04,legacy_lrlrlr,17,56855.0,2.0,0.25,16.871655570006297,606,0.9152375391711359,56854.95,1.2,True
04,legacy_lrlrlr,18,56957.0,2.0,0.25,21.88138902399692,513,0.8475475593213482,56956.85,1.0,True
04,legacy_lrlrlr,19,57316.0,2.0,0.25,18.516343214232176,511,0.5884245656380738,57315.4,0.9,True
04,legacy_lrlrlr,0,28842.0,4.0,0.25,12.304825407921747,538,0.9348845838735091,28841.8,1.1,True
04,legacy_lrlrlr,1,29063.0,4.0,0.25,13.180153634232465,519,0.7057482758296385,29063.05,1.0,True
04,legacy_lrlrlr,2,33706.0,4.0,0.25,12.162010892799767,511,0.0,,,True
04,legacy_lrlrlr,3,34393.0,4.0,0.25,13.92074724435135,515,0.8251700689516961,34392.25,1.0,True
04,legacy_lrlrlr,4,34492.0,4.0,0.25,17.702434465116145,502,0.8996428705582797,34491.9,1.0,True
04,legacy_lrlrlr,5,39663.0,4.0,0.25,11.995426287736306,486,0.7981864205428385,39663.0,0.9,True
04,legacy_lrlrlr,6,40847.0,4.0,0.25,28.412625557435213,463,0.7652540539189753,40847.5,0.9,True
04,legacy_lrlrlr,7,46035.0,4.0,0.25,14.177382052121489,528,0.6808096852291471,46034.5,1.0,True
04,legacy_lrlrlr,8,46292.0,4.0,0.25,21.179771135464538,550,0.89475532875038,46292.2,1.0,True
04,legacy_lrlrlr,9,46441.0,4.0,0.25,20.419932774269327,472,0.9562112989153638,46440.95,0.9,True
04,legacy_lrlrlr,10,50474.0,4.0,0.25,11.988040807050854,525,0.9192390522406184,50474.2,0.9,True
04,legacy_lrlrlr,11,51433.0,4.0,0.25,51.311521488886484,547,0.9319577836886247,51432.9,1.1,True
04,legacy_lrlrlr,12,51582.0,4.0,0.25,17.949036549910655,547,0.9050103172438545,51582.15,1.0,True
04,legacy_lrlrlr,13,51847.0,4.0,0.25,11.314256139893626,481,0.8558398948242812,51847.05,0.9,True
04,legacy_lrlrlr,14,52280.0,4.0,0.25,10.130238492734438,493,0.8818565165509945,52279.85,1.0,True
04,legacy_lrlrlr,15,56655.0,4.0,0.25,12.013830904669799,463,0.9099675903986444,56655.2,0.8,True
04,legacy_lrlrlr,16,56730.0,4.0,0.25,13.959597405523589,471,0.6860370237144565,56730.55,1.0,True
04,legacy_lrlrlr,17,56855.0,4.0,0.25,16.871655570006297,508,0.9008811075927226,56855.0,1.0,True
04,legacy_lrlrlr,18,56957.0,4.0,0.25,21.88138902399692,504,0.8897966097977601,56957.15,0.9,True
04,legacy_lrlrlr,19,57316.0,4.0,0.25,18.516343214232176,569,0.8422924334193329,57315.9,1.2,True
04,legacy_lrlrlr,0,28842.0,6.0,0.25,12.304825407921747,593,0.9402918177445568,28841.85,1.2,True
04,legacy_lrlrlr,1,29063.0,6.0,0.25,13.180153634232465,589,0.7981642829913426,29062.85,1.2,True
04,legacy_lrlrlr,2,33706.0,6.0,0.25,12.162010892799767,590,0.7213659069217486,33705.25,1.2,True
04,legacy_lrlrlr,3,34393.0,6.0,0.25,13.92074724435135,486,0.8694901450651964,34393.05,0.9,True
04,legacy_lrlrlr,4,34492.0,6.0,0.25,17.702434465116145,552,0.9009088795670479,34492.3,1.0,True
04,legacy_lrlrlr,5,39663.0,6.0,0.25,11.995426287736306,550,0.853680089116864,39662.9,1.1,True
04,legacy_lrlrlr,6,40847.0,6.0,0.25,28.412625557435213,534,0.8283130794716563,40847.15,1.0,True
04,legacy_lrlrlr,7,46035.0,6.0,0.25,14.177382052121489,474,0.7803907236810438,46035.7,0.9,True
04,legacy_lrlrlr,8,46292.0,6.0,0.25,21.179771135464538,538,0.9100275942789976,46292.2,1.0,True
04,legacy_lrlrlr,9,46441.0,6.0,0.25,20.419932774269327,555,0.9358162623692597,46440.95,1.1,True
04,legacy_lrlrlr,10,50474.0,6.0,0.25,11.988040807050854,557,0.9166151059630713,50474.0,1.1,True
04,legacy_lrlrlr,11,51433.0,6.0,0.25,51.311521488886484,541,0.9523743099000975,51433.0,1.1,True
04,legacy_lrlrlr,12,51582.0,6.0,0.25,17.949036549910655,572,0.9516844826935087,51582.0,1.1,True
04,legacy_lrlrlr,13,51847.0,6.0,0.25,11.314256139893626,496,0.8376387533080717,51846.8,1.0,True
04,legacy_lrlrlr,14,52280.0,6.0,0.25,10.130238492734438,541,0.9061335432532467,52279.85,1.1,True
04,legacy_lrlrlr,15,56655.0,6.0,0.25,12.013830904669799,554,0.922020659483897,56655.1,1.1,True
04,legacy_lrlrlr,16,56730.0,6.0,0.25,13.959597405523589,575,0.0,,,True
04,legacy_lrlrlr,17,56855.0,6.0,0.25,16.871655570006297,512,0.9496305091931918,56854.95,1.0,True
04,legacy_lrlrlr,18,56957.0,6.0,0.25,21.88138902399692,563,0.9590811745374633,56957.0,1.1,True
04,legacy_lrlrlr,19,57316.0,6.0,0.25,18.516343214232176,579,0.8704802551851971,57315.85,1.2,True
04,double_lrlr_pause,0,28842.0,2.0,0.05,12.304825407921747,727,0.0,,,True
04,double_lrlr_pause,1,29063.0,2.0,0.05,13.180153634232465,847,0.5540282823001398,29063.0,1.1,True
04,double_lrlr_pause,2,33706.0,2.0,0.05,12.162010892799767,848,0.0,,,True
04,double_lrlr_pause,3,34393.0,2.0,0.05,13.92074724435135,731,0.5409918242330616,34392.8,1.0,True
04,double_lrlr_pause,4,34492.0,2.0,0.05,17.702434465116145,801,0.8612343730178899,34492.15,1.0,True
04,double_lrlr_pause,5,39663.0,2.0,0.05,11.995426287736306,846,0.0,,,True
04,double_lrlr_pause,6,40847.0,2.0,0.05,28.412625557435213,784,0.7106209783567495,40846.35,1.0,True
04,double_lrlr_pause,7,46035.0,2.0,0.05,14.177382052121489,854,0.0,,,True
04,double_lrlr_pause,8,46292.0,2.0,0.05,21.179771135464538,707,0.8242551040683204,46292.0,0.9,True
04,double_lrlr_pause,9,46441.0,2.0,0.05,20.419932774269327,846,0.9655384516884249,46441.05,1.1,True
04,double_lrlr_pause,10,50474.0,2.0,0.05,11.988040807050854,804,0.7314237196199813,50474.2,1.0,True
04,double_lrlr_pause,11,51433.0,2.0,0.05,51.311521488886484,759,0.6675880305458811,51432.25,1.0,True
04,double_lrlr_pause,12,51582.0,2.0,0.05,17.949036549910655,766,0.9449410967597993,51581.95,1.0,True
04,double_lrlr_pause,13,51847.0,2.0,0.05,11.314256139893626,698,0.7128759652243988,51847.6,0.9,True
04,double_lrlr_pause,14,52280.0,2.0,0.05,10.130238492734438,801,0.7837773445547512,52279.8,1.1,True
04,double_lrlr_pause,15,56655.0,2.0,0.05,12.013830904669799,762,0.6993429078934974,56654.95,1.0,True
04,double_lrlr_pause,16,56730.0,2.0,0.05,13.959597405523589,839,0.4856313518054628,56730.0,1.1,True
04,double_lrlr_pause,17,56855.0,2.0,0.05,16.871655570006297,773,0.9227426609185434,56855.0,1.0,True
04,double_lrlr_pause,18,56957.0,2.0,0.05,21.88138902399692,800,0.8551521328983767,56957.15,1.0,True
04,double_lrlr_pause,19,57316.0,2.0,0.05,18.516343214232176,823,0.6399007713674784,57316.25,1.0,True
04,double_lrlr_pause,0,28842.0,4.0,0.05,12.304825407921747,715,0.9325259888997566,28842.0,0.9,True
04,double_lrlr_pause,1,29063.0,4.0,0.05,13.180153634232465,737,0.6412667498075731,29062.75,1.0,True
04,double_lrlr_pause,2,33706.0,4.0,0.05,12.162010892799767,842,0.6790706984138906,33706.05,1.1,True
04,double_lrlr_pause,3,34393.0,4.0,0.05,13.92074724435135,780,0.8601632489345012,34393.05,1.0,True
04,double_lrlr_pause,4,34492.0,4.0,0.05,17.702434465116145,735,0.833385099193171,34491.85,1.0,True
04,double_lrlr_pause,5,39663.0,4.0,0.05,11.995426287736306,696,0.788140503989829,39662.9,0.9,True
04,double_lrlr_pause,6,40847.0,4.0,0.05,28.412625557435213,844,0.8230936892193426,40847.0,1.1,True
04,double_lrlr_pause,7,46035.0,4.0,0.05,14.177382052121489,811,0.6093771781672579,46034.8,1.1,True
04,double_lrlr_pause,8,46292.0,4.0,0.05,21.179771135464538,727,0.9123471565985096,46292.1,0.9,True
04,double_lrlr_pause,9,46441.0,4.0,0.05,20.419932774269327,717,0.9378719127236469,46441.0,0.9,True
04,double_lrlr_pause,10,50474.0,4.0,0.05,11.988040807050854,745,0.7991778628726831,50473.9,1.0,True
04,double_lrlr_pause,11,51433.0,4.0,0.05,51.311521488886484,729,0.7990229260160535,51432.75,1.0,True
04,double_lrlr_pause,12,51582.0,4.0,0.05,17.949036549910655,769,0.9792006048091402,51582.0,1.0,True
04,double_lrlr_pause,13,51847.0,4.0,0.05,11.314256139893626,698,0.8929914876307925,51846.95,0.9,True
04,double_lrlr_pause,14,52280.0,4.0,0.05,10.130238492734438,700,0.9392958833118322,52279.9,0.9,True
04,double_lrlr_pause,15,56655.0,4.0,0.05,12.013830904669799,838,0.9095177135409329,56655.0,1.1,True
04,double_lrlr_pause,16,56730.0,4.0,0.05,13.959597405523589,842,0.7358740245019101,56730.0,1.1,True
04,double_lrlr_pause,17,56855.0,4.0,0.05,16.871655570006297,707,0.9591523391948565,56855.0,0.9,True
04,double_lrlr_pause,18,56957.0,4.0,0.05,21.88138902399692,765,0.9710296086262944,56956.95,1.0,True
04,double_lrlr_pause,19,57316.0,4.0,0.05,18.516343214232176,728,0.7418717002338959,57316.1,0.9,True
04,double_lrlr_pause,0,28842.0,6.0,0.05,12.304825407921747,798,0.9096554449800646,28842.15,1.0,True
04,double_lrlr_pause,1,29063.0,6.0,0.05,13.180153634232465,709,0.8310292677725734,29062.35,0.9,True
04,double_lrlr_pause,2,33706.0,6.0,0.05,12.162010892799767,760,0.7671649821517326,33705.95,1.0,True
04,double_lrlr_pause,3,34393.0,6.0,0.05,13.92074724435135,762,0.9166389969633756,34393.0,1.0,True
04,double_lrlr_pause,4,34492.0,6.0,0.05,17.702434465116145,793,0.9137063412465658,34492.1,1.0,True
04,double_lrlr_pause,5,39663.0,6.0,0.05,11.995426287736306,714,0.8755458600424717,39663.0,0.9,True
04,double_lrlr_pause,6,40847.0,6.0,0.05,28.412625557435213,796,0.8344718024012305,40847.1,1.0,True
04,double_lrlr_pause,7,46035.0,6.0,0.05,14.177382052121489,752,0.7285556047416378,46034.9,1.0,True
04,double_lrlr_pause,8,46292.0,6.0,0.05,21.179771135464538,706,0.9526128984449181,46292.0,0.9,True
04,double_lrlr_pause,9,46441.0,6.0,0.05,20.419932774269327,773,0.9717347900528156,46441.05,1.0,True
04,double_lrlr_pause,10,50474.0,6.0,0.05,11.988040807050854,809,0.8144729909775652,50473.85,1.1,True
04,double_lrlr_pause,11,51433.0,6.0,0.05,51.311521488886484,823,0.8622750913756444,51432.85,1.1,True
04,double_lrlr_pause,12,51582.0,6.0,0.05,17.949036549910655,825,0.9402076950674658,51581.9,1.1,True
04,double_lrlr_pause,13,51847.0,6.0,0.05,11.314256139893626,844,0.8971781167585989,51847.05,1.1,True
04,double_lrlr_pause,14,52280.0,6.0,0.05,10.130238492734438,792,0.923731173588109,52280.1,1.0,True
04,double_lrlr_pause,15,56655.0,6.0,0.05,12.013830904669799,733,0.8033888476777319,56655.1,0.9,True
04,double_lrlr_pause,16,56730.0,6.0,0.05,13.959597405523589,719,0.7381778440326967,56730.05,0.9,True
04,double_lrlr_pause,17,56855.0,6.0,0.05,16.871655570006297,845,0.9635082057864899,56855.05,1.1,True
04,double_lrlr_pause,18,56957.0,6.0,0.05,21.88138902399692,773,0.9670823357790871,56957.0,1.0,True
04,double_lrlr_pause,19,57316.0,6.0,0.05,18.516343214232176,861,0.881208253909988,57316.1,1.1,True
04,double_lrlr_pause,0,28842.0,2.0,0.15,12.304825407921747,865,0.829762946078288,28842.1,1.1,True
04,double_lrlr_pause,1,29063.0,2.0,0.15,13.180153634232465,847,0.0,,,True
04,double_lrlr_pause,2,33706.0,2.0,0.15,12.162010892799767,767,0.0,,,True
04,double_lrlr_pause,3,34393.0,2.0,0.15,13.92074724435135,837,0.639755358456192,34392.3,1.1,True
04,double_lrlr_pause,4,34492.0,2.0,0.15,17.702434465116145,706,0.8632679707395001,34492.0,0.9,True
04,double_lrlr_pause,5,39663.0,2.0,0.15,11.995426287736306,847,0.6130947769243476,39662.85,1.2,True
04,double_lrlr_pause,6,40847.0,2.0,0.15,28.412625557435213,749,0.6300873256535913,40846.95,1.0,True
04,double_lrlr_pause,7,46035.0,2.0,0.15,14.177382052121489,838,0.0,,,True
04,double_lrlr_pause,8,46292.0,2.0,0.15,21.179771135464538,743,0.7522250587558404,46292.0,1.0,True
04,double_lrlr_pause,9,46441.0,2.0,0.15,20.419932774269327,825,0.8907035234131835,46441.0,1.1,True
04,double_lrlr_pause,10,50474.0,2.0,0.15,11.988040807050854,748,0.7967449588777917,50473.95,1.0,True
04,double_lrlr_pause,11,51433.0,2.0,0.15,51.311521488886484,704,0.7702438684240019,51432.95,0.9,True
04,double_lrlr_pause,12,51582.0,2.0,0.15,17.949036549910655,851,0.9299127543155682,51581.95,1.1,True
04,double_lrlr_pause,13,51847.0,2.0,0.15,11.314256139893626,819,0.0,,,True
04,double_lrlr_pause,14,52280.0,2.0,0.15,10.130238492734438,869,0.8303988555807083,52280.15,1.1,True
04,double_lrlr_pause,15,56655.0,2.0,0.15,12.013830904669799,804,0.6118448129201552,56655.15,1.0,True
04,double_lrlr_pause,16,56730.0,2.0,0.15,13.959597405523589,855,0.0,,,True
04,double_lrlr_pause,17,56855.0,2.0,0.15,16.871655570006297,761,0.8798330805454592,56854.95,1.0,True
04,double_lrlr_pause,18,56957.0,2.0,0.15,21.88138902399692,758,0.8736903688873084,56957.0,1.0,True
04,double_lrlr_pause,19,57316.0,2.0,0.15,18.516343214232176,776,0.0,,,True
04,double_lrlr_pause,0,28842.0,4.0,0.15,12.304825407921747,797,0.8673871962061749,28842.15,1.0,True
04,double_lrlr_pause,1,29063.0,4.0,0.15,13.180153634232465,757,0.5668461563589664,29062.9,1.0,True
04,double_lrlr_pause,2,33706.0,4.0,0.15,12.162010892799767,728,0.5919739194681459,33705.7,1.0,True
04,double_lrlr_pause,3,34393.0,4.0,0.15,13.92074724435135,870,0.8586961423634631,34393.2,1.1,True
04,double_lrlr_pause,4,34492.0,4.0,0.15,17.702434465116145,854,0.9584788752942527,34492.0,1.1,True
04,double_lrlr_pause,5,39663.0,4.0,0.15,11.995426287736306,691,0.554309805599114,39663.5,0.9,True
04,double_lrlr_pause,6,40847.0,4.0,0.15,28.412625557435213,749,0.0,,,True
04,double_lrlr_pause,7,46035.0,4.0,0.15,14.177382052121489,745,0.6599407813898694,46035.55,1.0,True
04,double_lrlr_pause,8,46292.0,4.0,0.15,21.179771135464538,864,0.8640476641834526,46292.15,1.1,True
04,double_lrlr_pause,9,46441.0,4.0,0.15,20.419932774269327,830,0.9611364461262314,46441.0,1.1,True
04,double_lrlr_pause,10,50474.0,4.0,0.15,11.988040807050854,842,0.9287993881998053,50474.0,1.1,True
04,double_lrlr_pause,11,51433.0,4.0,0.15,51.311521488886484,811,0.8147614925791612,51432.9,1.1,True
04,double_lrlr_pause,12,51582.0,4.0,0.15,17.949036549910655,783,0.9520885105279387,51582.0,1.0,True
04,double_lrlr_pause,13,51847.0,4.0,0.15,11.314256139893626,866,0.8539623538974699,51847.1,1.1,True
04,double_lrlr_pause,14,52280.0,4.0,0.15,10.130238492734438,773,0.9434843117625626,52280.0,1.0,True
04,double_lrlr_pause,15,56655.0,4.0,0.15,12.013830904669799,780,0.8600484782996419,56655.05,1.0,True
04,double_lrlr_pause,16,56730.0,4.0,0.15,13.959597405523589,862,0.6871572806797829,56730.15,1.1,True
04,double_lrlr_pause,17,56855.0,4.0,0.15,16.871655570006297,788,0.9557654667981064,56855.1,1.0,True
04,double_lrlr_pause,18,56957.0,4.0,0.15,21.88138902399692,730,0.8768442502210444,56957.05,0.9,True
04,double_lrlr_pause,19,57316.0,4.0,0.15,18.516343214232176,778,0.7003959484600263,57316.0,1.0,True
04,double_lrlr_pause,0,28842.0,6.0,0.15,12.304825407921747,718,0.876419880130134,28842.05,0.9,True
04,double_lrlr_pause,1,29063.0,6.0,0.15,13.180153634232465,837,0.6195158841731568,29062.95,1.1,True
04,double_lrlr_pause,2,33706.0,6.0,0.15,12.162010892799767,817,0.686122623644534,33705.75,1.1,True
04,double_lrlr_pause,3,34393.0,6.0,0.15,13.92074724435135,792,0.8928983982692015,34393.1,1.0,True
04,double_lrlr_pause,4,34492.0,6.0,0.15,17.702434465116145,765,0.9505596669238301,34492.0,1.0,True
04,double_lrlr_pause,5,39663.0,6.0,0.15,11.995426287736306,861,0.776868422749164,39663.1,1.1,True
04,double_lrlr_pause,6,40847.0,6.0,0.15,28.412625557435213,871,0.8359192260661535,40847.1,1.1,True
04,double_lrlr_pause,7,46035.0,6.0,0.15,14.177382052121489,824,0.7077018355723006,46034.85,1.1,True
04,double_lrlr_pause,8,46292.0,6.0,0.15,21.179771135464538,754,0.7996606742950101,46292.0,1.0,True
04,double_lrlr_pause,9,46441.0,6.0,0.15,20.419932774269327,763,0.9636544385342228,46440.9,1.0,True
04,double_lrlr_pause,10,50474.0,6.0,0.15,11.988040807050854,800,0.8536251738564178,50474.1,1.0,True
04,double_lrlr_pause,11,51433.0,6.0,0.15,51.311521488886484,683,0.8778879073949942,51432.85,0.9,True
04,double_lrlr_pause,12,51582.0,6.0,0.15,17.949036549910655,856,0.976354911907793,51582.1,1.1,True
04,double_lrlr_pause,13,51847.0,6.0,0.15,11.314256139893626,826,0.8644938362739149,51846.95,1.1,True
04,double_lrlr_pause,14,52280.0,6.0,0.15,10.130238492734438,849,0.9501389569894865,52280.05,1.1,True
04,double_lrlr_pause,15,56655.0,6.0,0.15,12.013830904669799,717,0.8910515943615741,56655.0,0.9,True
04,double_lrlr_pause,16,56730.0,6.0,0.15,13.959597405523589,755,0.7104802944790172,56729.95,1.0,True
04,double_lrlr_pause,17,56855.0,6.0,0.15,16.871655570006297,767,0.9520623794399651,56855.0,1.0,True
04,double_lrlr_pause,18,56957.0,6.0,0.15,21.88138902399692,724,0.939728609161217,56957.0,0.9,True
04,double_lrlr_pause,19,57316.0,6.0,0.15,18.516343214232176,818,0.8505210425048794,57315.95,1.1,True
04,double_lrlr_pause,0,28842.0,2.0,0.25,12.304825407921747,735,0.7901193586722256,28841.9,1.0,True
04,double_lrlr_pause,1,29063.0,2.0,0.25,13.180153634232465,719,0.47470899857636345,29062.35,0.9,True
04,double_lrlr_pause,2,33706.0,2.0,0.25,12.162010892799767,708,0.0,,,True
04,double_lrlr_pause,3,34393.0,2.0,0.25,13.92074724435135,838,0.7648535924669473,34393.0,1.1,True
04,double_lrlr_pause,4,34492.0,2.0,0.25,17.702434465116145,767,0.8676920562839638,34491.9,1.0,True
04,double_lrlr_pause,5,39663.0,2.0,0.25,11.995426287736306,774,0.49458180476158264,39663.05,1.2,True
04,double_lrlr_pause,6,40847.0,2.0,0.25,28.412625557435213,867,0.6148688976097331,40847.75,1.2,True
04,double_lrlr_pause,7,46035.0,2.0,0.25,14.177382052121489,874,0.0,,,True
04,double_lrlr_pause,8,46292.0,2.0,0.25,21.179771135464538,885,0.7182081000018672,46292.0,1.2,True
04,double_lrlr_pause,9,46441.0,2.0,0.25,20.419932774269327,826,0.9254794429013815,46440.9,1.1,True
04,double_lrlr_pause,10,50474.0,2.0,0.25,11.988040807050854,850,0.7464958745171537,50474.05,1.1,True
04,double_lrlr_pause,11,51433.0,2.0,0.25,51.311521488886484,859,0.0,,,True
04,double_lrlr_pause,12,51582.0,2.0,0.25,17.949036549910655,747,0.9293658647871168,51581.9,1.0,True
04,double_lrlr_pause,13,51847.0,2.0,0.25,11.314256139893626,815,0.7529485086732097,51847.2,1.0,True
04,double_lrlr_pause,14,52280.0,2.0,0.25,10.130238492734438,786,0.8349836059479101,52279.7,1.1,True
04,double_lrlr_pause,15,56655.0,2.0,0.25,12.013830904669799,855,0.0,,,True
04,double_lrlr_pause,16,56730.0,2.0,0.25,13.959597405523589,710,0.0,,,True
04,double_lrlr_pause,17,56855.0,2.0,0.25,16.871655570006297,837,0.7858906486000544,56855.0,1.1,True
04,double_lrlr_pause,18,56957.0,2.0,0.25,21.88138902399692,807,0.8734411371700376,56956.7,1.1,True
04,double_lrlr_pause,19,57316.0,2.0,0.25,18.516343214232176,835,0.5732132646715993,57316.4,1.2,True
04,double_lrlr_pause,0,28842.0,4.0,0.25,12.304825407921747,761,0.9092453565775097,28841.9,1.0,True
04,double_lrlr_pause,1,29063.0,4.0,0.25,13.180153634232465,774,0.6828999231956788,29062.25,1.0,True
04,double_lrlr_pause,2,33706.0,4.0,0.25,12.162010892799767,747,0.5460514279781699,33706.0,1.0,True
04,double_lrlr_pause,3,34393.0,4.0,0.25,13.92074724435135,703,0.7772072413004513,34393.05,0.9,True
04,double_lrlr_pause,4,34492.0,4.0,0.25,17.702434465116145,844,0.9244388717745724,34492.0,1.1,True
04,double_lrlr_pause,5,39663.0,4.0,0.25,11.995426287736306,803,0.5959949266006072,39662.95,1.1,True
04,double_lrlr_pause,6,40847.0,4.0,0.25,28.412625557435213,727,0.5106504014026509,40847.5,1.0,True
04,double_lrlr_pause,7,46035.0,4.0,0.25,14.177382052121489,862,0.7279695783482284,46034.55,1.2,True
04,double_lrlr_pause,8,46292.0,4.0,0.25,21.179771135464538,777,0.8834444658486914,46292.0,1.0,True
04,double_lrlr_pause,9,46441.0,4.0,0.25,20.419932774269327,734,0.9048411534991728,46441.2,0.9,True
04,double_lrlr_pause,10,50474.0,4.0,0.25,11.988040807050854,812,0.7051746555400408,50474.0,1.1,True
04,double_lrlr_pause,11,51433.0,4.0,0.25,51.311521488886484,770,0.7676705791578557,51432.95,1.0,True
04,double_lrlr_pause,12,51582.0,4.0,0.25,17.949036549910655,802,0.9105924170618989,51582.1,1.0,True
04,double_lrlr_pause,13,51847.0,4.0,0.25,11.314256139893626,728,0.739487933047325,51847.1,0.9,True
04,double_lrlr_pause,14,52280.0,4.0,0.25,10.130238492734438,731,0.8108796045294409,52279.7,1.0,True
04,double_lrlr_pause,15,56655.0,4.0,0.25,12.013830904669799,682,0.8579285682675032,56654.9,0.9,True
04,double_lrlr_pause,16,56730.0,4.0,0.25,13.959597405523589,701,0.5561260164629263,56729.9,0.9,True
04,double_lrlr_pause,17,56855.0,4.0,0.25,16.871655570006297,804,0.8855224365772919,56855.2,1.0,True
04,double_lrlr_pause,18,56957.0,4.0,0.25,21.88138902399692,792,0.802523850741166,56956.7,1.1,True
04,double_lrlr_pause,19,57316.0,4.0,0.25,18.516343214232176,871,0.6633388805042066,57316.25,1.1,True
04,double_lrlr_pause,0,28842.0,6.0,0.25,12.304825407921747,866,0.9219563350173339,28842.25,1.1,True
04,double_lrlr_pause,1,29063.0,6.0,0.25,13.180153634232465,780,0.7604935123417946,29063.15,1.0,True
04,double_lrlr_pause,2,33706.0,6.0,0.25,12.162010892799767,748,0.6550249953906279,33705.8,1.0,True
04,double_lrlr_pause,3,34393.0,6.0,0.25,13.92074724435135,746,0.8118293907049561,34392.85,1.0,True
04,double_lrlr_pause,4,34492.0,6.0,0.25,17.702434465116145,804,0.8950228552757017,34492.1,1.0,True
04,double_lrlr_pause,5,39663.0,6.0,0.25,11.995426287736306,820,0.7069518165142323,39663.3,1.0,True
04,double_lrlr_pause,6,40847.0,6.0,0.25,28.412625557435213,710,0.8768699052244107,40847.0,0.9,True
04,double_lrlr_pause,7,46035.0,6.0,0.25,14.177382052121489,887,0.7566912886607562,46034.85,1.2,True
04,double_lrlr_pause,8,46292.0,6.0,0.25,21.179771135464538,746,0.8524016828650173,46292.15,0.9,True
04,double_lrlr_pause,9,46441.0,6.0,0.25,20.419932774269327,783,0.8939510100868026,46441.1,1.0,True
04,double_lrlr_pause,10,50474.0,6.0,0.25,11.988040807050854,777,0.8767317872557958,50474.0,1.0,True
04,double_lrlr_pause,11,51433.0,6.0,0.25,51.311521488886484,730,0.8916307322468349,51433.2,0.9,True
04,double_lrlr_pause,12,51582.0,6.0,0.25,17.949036549910655,836,0.8859514948603586,51582.0,1.1,True
04,double_lrlr_pause,13,51847.0,6.0,0.25,11.314256139893626,684,0.8114768084464222,51846.9,0.9,True
04,double_lrlr_pause,14,52280.0,6.0,0.25,10.130238492734438,748,0.8765311996038876,52279.9,1.0,True
04,double_lrlr_pause,15,56655.0,6.0,0.25,12.013830904669799,769,0.9053275538104095,56655.1,1.0,True
04,double_lrlr_pause,16,56730.0,6.0,0.25,13.959597405523589,684,0.585390693300662,56729.6,0.8,True
04,double_lrlr_pause,17,56855.0,6.0,0.25,16.871655570006297,819,0.9215394038835117,56854.95,1.1,True
04,double_lrlr_pause,18,56957.0,6.0,0.25,21.88138902399692,676,0.7121389981263353,56957.4,0.8,True
04,double_lrlr_pause,19,57316.0,6.0,0.25,18.516343214232176,816,0.7843114796922597,57315.95,1.1,True
04,iso8_matched,0,28842.0,2.0,0.05,12.304825407921747,602,0.9271730147980882,28841.95,0.9,True
04,iso8_matched,1,29063.0,2.0,0.05,13.180153634232465,679,0.0,,,True
04,iso8_matched,2,33706.0,2.0,0.05,12.162010892799767,687,0.4716834302079023,33705.85,1.1,True
04,iso8_matched,3,34393.0,2.0,0.05,13.92074724435135,603,0.7473191631776265,34393.0,0.9,True
04,iso8_matched,4,34492.0,2.0,0.05,17.702434465116145,629,0.8793765543788533,34492.1,0.9,True
04,iso8_matched,5,39663.0,2.0,0.05,11.995426287736306,674,0.6610287473008633,39662.9,1.1,True
04,iso8_matched,6,40847.0,2.0,0.05,28.412625557435213,720,0.0,,,True
04,iso8_matched,7,46035.0,2.0,0.05,14.177382052121489,641,0.0,,,True
04,iso8_matched,8,46292.0,2.0,0.05,21.179771135464538,659,0.8675090285545828,46292.0,1.0,True
04,iso8_matched,9,46441.0,2.0,0.05,20.419932774269327,663,0.9715434130245066,46441.05,1.0,True
04,iso8_matched,10,50474.0,2.0,0.05,11.988040807050854,612,0.8172661089584508,50474.05,0.9,True
04,iso8_matched,11,51433.0,2.0,0.05,51.311521488886484,629,0.684177834217103,51433.1,0.9,True
04,iso8_matched,12,51582.0,2.0,0.05,17.949036549910655,751,0.9045840600915616,51581.9,1.2,True
04,iso8_matched,13,51847.0,2.0,0.05,11.314256139893626,619,0.6565352109163715,51847.05,0.9,True
04,iso8_matched,14,52280.0,2.0,0.05,10.130238492734438,737,0.8849148124050624,52280.1,1.1,True
04,iso8_matched,15,56655.0,2.0,0.05,12.013830904669799,628,0.7811859756478529,56654.9,1.0,True
04,iso8_matched,16,56730.0,2.0,0.05,13.959597405523589,656,0.5732999228468992,56729.3,1.0,True
04,iso8_matched,17,56855.0,2.0,0.05,16.871655570006297,701,0.9155710443879181,56854.9,1.1,True
04,iso8_matched,18,56957.0,2.0,0.05,21.88138902399692,677,0.8964850809866148,56957.1,1.0,True
04,iso8_matched,19,57316.0,2.0,0.05,18.516343214232176,749,0.7241574028810233,57315.9,1.2,True
04,iso8_matched,0,28842.0,4.0,0.05,12.304825407921747,643,0.9732786126449041,28841.95,1.0,True
04,iso8_matched,1,29063.0,4.0,0.05,13.180153634232465,718,0.7176199310611098,29063.05,1.1,True
04,iso8_matched,2,33706.0,4.0,0.05,12.162010892799767,617,0.5739837915448841,33706.05,0.9,True
04,iso8_matched,3,34393.0,4.0,0.05,13.92074724435135,592,0.8876934508987282,34393.6,0.9,True
04,iso8_matched,4,34492.0,4.0,0.05,17.702434465116145,685,0.9076606510318765,34492.15,1.0,True
04,iso8_matched,5,39663.0,4.0,0.05,11.995426287736306,619,0.6992457349609855,39662.4,0.9,True
04,iso8_matched,6,40847.0,4.0,0.05,28.412625557435213,599,0.8107574126949478,40847.0,0.9,True
04,iso8_matched,7,46035.0,4.0,0.05,14.177382052121489,712,0.6395001510156241,46035.3,1.0,True
04,iso8_matched,8,46292.0,4.0,0.05,21.179771135464538,658,0.9544203726344335,46292.05,1.0,True
04,iso8_matched,9,46441.0,4.0,0.05,20.419932774269327,719,0.9815822866706232,46441.05,1.1,True
04,iso8_matched,10,50474.0,4.0,0.05,11.988040807050854,652,0.943682909802055,50473.95,1.0,True
04,iso8_matched,11,51433.0,4.0,0.05,51.311521488886484,603,0.9050936920150667,51432.35,0.9,True
04,iso8_matched,12,51582.0,4.0,0.05,17.949036549910655,693,0.9097850623110542,51581.9,1.1,True
04,iso8_matched,13,51847.0,4.0,0.05,11.314256139893626,684,0.8189698032080046,51847.15,1.0,True
04,iso8_matched,14,52280.0,4.0,0.05,10.130238492734438,611,0.937404485249076,52280.0,0.9,True
04,iso8_matched,15,56655.0,4.0,0.05,12.013830904669799,675,0.8540188175322235,56655.1,1.0,True
04,iso8_matched,16,56730.0,4.0,0.05,13.959597405523589,643,0.6255103510760556,56729.95,1.0,True
04,iso8_matched,17,56855.0,4.0,0.05,16.871655570006297,614,0.9586679194559352,56855.05,0.9,True
04,iso8_matched,18,56957.0,4.0,0.05,21.88138902399692,689,0.8872447956839077,56956.85,1.1,True
04,iso8_matched,19,57316.0,4.0,0.05,18.516343214232176,658,0.8423650808452676,57316.05,1.0,True
04,iso8_matched,0,28842.0,6.0,0.05,12.304825407921747,655,0.9689696343278204,28842.0,1.0,True
04,iso8_matched,1,29063.0,6.0,0.05,13.180153634232465,692,0.7598125954861062,29062.9,1.1,True
04,iso8_matched,2,33706.0,6.0,0.05,12.162010892799767,709,0.787290941308382,33706.0,1.1,True
04,iso8_matched,3,34393.0,6.0,0.05,13.92074724435135,719,0.929726675971855,34393.0,1.1,True
04,iso8_matched,4,34492.0,6.0,0.05,17.702434465116145,662,0.9595507433396014,34492.0,1.0,True
04,iso8_matched,5,39663.0,6.0,0.05,11.995426287736306,666,0.8207017096338043,39663.1,1.0,True
04,iso8_matched,6,40847.0,6.0,0.05,28.412625557435213,635,0.8516783857531631,40846.9,1.0,True
04,iso8_matched,7,46035.0,6.0,0.05,14.177382052121489,672,0.7970813996410078,46035.75,1.0,True
04,iso8_matched,8,46292.0,6.0,0.05,21.179771135464538,704,0.9003567691218595,46292.0,1.1,True
04,iso8_matched,9,46441.0,6.0,0.05,20.419932774269327,607,0.9919804587248379,46441.0,0.9,True
04,iso8_matched,10,50474.0,6.0,0.05,11.988040807050854,719,0.9685605279140687,50474.05,1.1,True
04,iso8_matched,11,51433.0,6.0,0.05,51.311521488886484,642,0.9089784550203791,51432.9,1.0,True
04,iso8_matched,12,51582.0,6.0,0.05,17.949036549910655,727,0.9858363002630035,51582.1,1.1,True
04,iso8_matched,13,51847.0,6.0,0.05,11.314256139893626,599,0.9357462265282535,51846.95,0.9,True
04,iso8_matched,14,52280.0,6.0,0.05,10.130238492734438,599,0.9742993325530316,52279.95,0.9,True
04,iso8_matched,15,56655.0,6.0,0.05,12.013830904669799,711,0.9473402601403256,56655.0,1.1,True
04,iso8_matched,16,56730.0,6.0,0.05,13.959597405523589,736,0.6703783813225367,56729.35,1.1,True
04,iso8_matched,17,56855.0,6.0,0.05,16.871655570006297,673,0.9414007857167442,56855.1,1.0,True
04,iso8_matched,18,56957.0,6.0,0.05,21.88138902399692,717,0.9840054048224579,56957.0,1.1,True
04,iso8_matched,19,57316.0,6.0,0.05,18.516343214232176,615,0.8907518480870138,57316.05,0.9,True
04,iso8_matched,0,28842.0,2.0,0.15,12.304825407921747,607,0.8459456578066352,28842.0,0.9,True
04,iso8_matched,1,29063.0,2.0,0.15,13.180153634232465,693,0.46831671651434353,29063.0,1.1,True
04,iso8_matched,2,33706.0,2.0,0.15,12.162010892799767,638,0.4773530965317727,33705.25,1.0,True
04,iso8_matched,3,34393.0,2.0,0.15,13.92074724435135,603,0.7303305769371762,34393.0,0.9,True
04,iso8_matched,4,34492.0,2.0,0.15,17.702434465116145,613,0.8944082309051683,34492.1,0.9,True
04,iso8_matched,5,39663.0,2.0,0.15,11.995426287736306,627,0.0,,,True
04,iso8_matched,6,40847.0,2.0,0.15,28.412625557435213,759,0.6263724244430096,40846.9,1.2,True
04,iso8_matched,7,46035.0,2.0,0.15,14.177382052121489,629,0.0,,,True
04,iso8_matched,8,46292.0,2.0,0.15,21.179771135464538,617,0.8252823787056768,46292.1,0.9,True
04,iso8_matched,9,46441.0,2.0,0.15,20.419932774269327,622,0.9220813593291507,46440.85,1.0,True
04,iso8_matched,10,50474.0,2.0,0.15,11.988040807050854,700,0.8465326355949587,50474.0,1.1,True
04,iso8_matched,11,51433.0,2.0,0.15,51.311521488886484,623,0.6457989797574112,51433.15,0.9,True
04,iso8_matched,12,51582.0,2.0,0.15,17.949036549910655,611,0.9308242521262946,51582.1,0.9,True
04,iso8_matched,13,51847.0,2.0,0.15,11.314256139893626,666,0.6980444941824815,51847.05,1.0,True
04,iso8_matched,14,52280.0,2.0,0.15,10.130238492734438,602,0.8600425618012185,52280.05,0.9,True
04,iso8_matched,15,56655.0,2.0,0.15,12.013830904669799,676,0.8124942895589561,56655.1,1.0,True
04,iso8_matched,16,56730.0,2.0,0.15,13.959597405523589,657,0.0,,,True
04,iso8_matched,17,56855.0,2.0,0.15,16.871655570006297,635,0.9139016761215145,56854.95,1.0,True
04,iso8_matched,18,56957.0,2.0,0.15,21.88138902399692,696,0.9466370287343776,56956.95,1.1,True
04,iso8_matched,19,57316.0,2.0,0.15,18.516343214232176,720,0.522821747014841,57316.75,1.1,True
04,iso8_matched,0,28842.0,4.0,0.15,12.304825407921747,687,0.8916567138128096,28841.8,1.1,True
04,iso8_matched,1,29063.0,4.0,0.15,13.180153634232465,619,0.6812988147979204,29063.0,0.9,True
04,iso8_matched,2,33706.0,4.0,0.15,12.162010892799767,671,0.6514386051059627,33705.3,1.0,True
04,iso8_matched,3,34393.0,4.0,0.15,13.92074724435135,595,0.8215184672930904,34393.5,0.9,True
04,iso8_matched,4,34492.0,4.0,0.15,17.702434465116145,654,0.9403583939417244,34492.0,1.0,True
04,iso8_matched,5,39663.0,4.0,0.15,11.995426287736306,708,0.49703703359521173,39662.95,1.1,True
04,iso8_matched,6,40847.0,4.0,0.15,28.412625557435213,690,0.8062234123331936,40846.85,1.1,True
04,iso8_matched,7,46035.0,4.0,0.15,14.177382052121489,666,0.692012050373344,46035.75,1.0,True
04,iso8_matched,8,46292.0,4.0,0.15,21.179771135464538,603,0.9182690977062866,46292.0,0.9,True
04,iso8_matched,9,46441.0,4.0,0.15,20.419932774269327,672,0.9296294713376501,46441.0,1.0,True
04,iso8_matched,10,50474.0,4.0,0.15,11.988040807050854,744,0.9044279869133405,50473.9,1.2,True
04,iso8_matched,11,51433.0,4.0,0.15,51.311521488886484,693,0.832073840462701,51433.15,1.0,True
04,iso8_matched,12,51582.0,4.0,0.15,17.949036549910655,656,0.9757448628934934,51582.0,1.0,True
04,iso8_matched,13,51847.0,4.0,0.15,11.314256139893626,746,0.8133923411515529,51846.8,1.2,True
04,iso8_matched,14,52280.0,4.0,0.15,10.130238492734438,656,0.9483383120601154,52279.95,1.0,True
04,iso8_matched,15,56655.0,4.0,0.15,12.013830904669799,711,0.8963996253214146,56654.95,1.1,True
04,iso8_matched,16,56730.0,4.0,0.15,13.959597405523589,645,0.737137219457949,56729.3,1.0,True
04,iso8_matched,17,56855.0,4.0,0.15,16.871655570006297,648,0.9167537144514186,56855.05,1.0,True
04,iso8_matched,18,56957.0,4.0,0.15,21.88138902399692,631,0.915627487872773,56956.85,1.0,True
04,iso8_matched,19,57316.0,4.0,0.15,18.516343214232176,651,0.8243705013945598,57316.0,1.0,True
04,iso8_matched,0,28842.0,6.0,0.15,12.304825407921747,642,0.9393155102036417,28841.9,1.0,True
04,iso8_matched,1,29063.0,6.0,0.15,13.180153634232465,615,0.8220385449071986,29063.1,0.9,True
04,iso8_matched,2,33706.0,6.0,0.15,12.162010892799767,698,0.770065530385629,33706.0,1.1,True
04,iso8_matched,3,34393.0,6.0,0.15,13.92074724435135,663,0.9005633774262279,34393.05,1.0,True
04,iso8_matched,4,34492.0,6.0,0.15,17.702434465116145,645,0.8980010740724241,34491.9,1.0,True
04,iso8_matched,5,39663.0,6.0,0.15,11.995426287736306,684,0.8355718277544316,39662.95,1.1,True
04,iso8_matched,6,40847.0,6.0,0.15,28.412625557435213,628,0.8265932594151333,40846.85,1.0,True
04,iso8_matched,7,46035.0,6.0,0.15,14.177382052121489,717,0.6085666618960343,46035.75,1.1,True
04,iso8_matched,8,46292.0,6.0,0.15,21.179771135464538,610,0.9430920137352382,46292.05,0.9,True
04,iso8_matched,9,46441.0,6.0,0.15,20.419932774269327,704,0.931273417363576,46440.95,1.1,True
04,iso8_matched,10,50474.0,6.0,0.15,11.988040807050854,674,0.862287754853147,50474.05,1.0,True
04,iso8_matched,11,51433.0,6.0,0.15,51.311521488886484,635,0.8831104972087189,51432.9,1.0,True
04,iso8_matched,12,51582.0,6.0,0.15,17.949036549910655,687,0.9150996199307208,51582.05,1.0,True
04,iso8_matched,13,51847.0,6.0,0.15,11.314256139893626,722,0.9096323282474061,51847.0,1.1,True
04,iso8_matched,14,52280.0,6.0,0.15,10.130238492734438,588,0.9307927784147009,52279.85,0.9,True
04,iso8_matched,15,56655.0,6.0,0.15,12.013830904669799,629,0.8713397244994212,56654.9,1.0,True
04,iso8_matched,16,56730.0,6.0,0.15,13.959597405523589,630,0.7915249485801736,56729.4,0.9,True
04,iso8_matched,17,56855.0,6.0,0.15,16.871655570006297,693,0.914954201304823,56854.9,1.1,True
04,iso8_matched,18,56957.0,6.0,0.15,21.88138902399692,679,0.915409317662733,56956.8,1.1,True
04,iso8_matched,19,57316.0,6.0,0.15,18.516343214232176,611,0.9164500193569949,57316.0,0.9,True
04,iso8_matched,0,28842.0,2.0,0.25,12.304825407921747,612,0.8440696867987008,28841.8,1.0,True
04,iso8_matched,1,29063.0,2.0,0.25,13.180153634232465,755,0.0,,,True
04,iso8_matched,2,33706.0,2.0,0.25,12.162010892799767,655,0.0,,,True
04,iso8_matched,3,34393.0,2.0,0.25,13.92074724435135,696,0.0,,,True
04,iso8_matched,4,34492.0,2.0,0.25,17.702434465116145,626,0.7775847351736926,34491.5,0.9,True
04,iso8_matched,5,39663.0,2.0,0.25,11.995426287736306,628,0.5752193039058937,39663.4,1.0,True
04,iso8_matched,6,40847.0,2.0,0.25,28.412625557435213,654,0.5781998069306346,40846.35,1.0,True
04,iso8_matched,7,46035.0,2.0,0.25,14.177382052121489,672,0.0,,,True
04,iso8_matched,8,46292.0,2.0,0.25,21.179771135464538,726,0.8816752646636926,46292.1,1.1,True
04,iso8_matched,9,46441.0,2.0,0.25,20.419932774269327,690,0.9289327734287184,46440.9,1.1,True
04,iso8_matched,10,50474.0,2.0,0.25,11.988040807050854,720,0.7988547156016597,50474.4,1.0,True
04,iso8_matched,11,51433.0,2.0,0.25,51.311521488886484,649,0.6906889274547604,51432.95,1.0,True
04,iso8_matched,12,51582.0,2.0,0.25,17.949036549910655,758,0.9428357792532868,51581.95,1.2,True
04,iso8_matched,13,51847.0,2.0,0.25,11.314256139893626,708,0.6257795665244305,51846.9,1.1,True
04,iso8_matched,14,52280.0,2.0,0.25,10.130238492734438,738,0.8016895052603119,52279.8,1.2,True
04,iso8_matched,15,56655.0,2.0,0.25,12.013830904669799,726,0.7682937326961006,56655.0,1.1,True
04,iso8_matched,16,56730.0,2.0,0.25,13.959597405523589,658,0.5436429269429748,56729.25,1.0,True
04,iso8_matched,17,56855.0,2.0,0.25,16.871655570006297,725,0.7619412470580915,56854.35,1.1,True
04,iso8_matched,18,56957.0,2.0,0.25,21.88138902399692,694,0.8905660075588115,56956.95,1.1,True
04,iso8_matched,19,57316.0,2.0,0.25,18.516343214232176,664,0.6034474781575191,57316.15,1.0,True
04,iso8_matched,0,28842.0,4.0,0.25,12.304825407921747,656,0.9401934871511126,28842.0,1.0,True
04,iso8_matched,1,29063.0,4.0,0.25,13.180153634232465,648,0.6623624029031772,29062.25,1.0,True
04,iso8_matched,2,33706.0,4.0,0.25,12.162010892799767,616,0.5091448213024562,33706.7,0.9,True
04,iso8_matched,3,34393.0,4.0,0.25,13.92074724435135,615,0.8253822859842276,34393.1,0.9,True
04,iso8_matched,4,34492.0,4.0,0.25,17.702434465116145,657,0.8848495870620067,34492.1,1.0,True
04,iso8_matched,5,39663.0,4.0,0.25,11.995426287736306,635,0.6905489966814259,39662.25,1.0,True
04,iso8_matched,6,40847.0,4.0,0.25,28.412625557435213,708,0.7654837575741095,40846.9,1.1,True
04,iso8_matched,7,46035.0,4.0,0.25,14.177382052121489,753,0.0,,,True
04,iso8_matched,8,46292.0,4.0,0.25,21.179771135464538,697,0.8012864421979642,46292.65,1.1,True
04,iso8_matched,9,46441.0,4.0,0.25,20.419932774269327,661,0.8872899638218168,46441.15,1.0,True
04,iso8_matched,10,50474.0,4.0,0.25,11.988040807050854,585,0.8180189609310656,50474.2,0.8,True
04,iso8_matched,11,51433.0,4.0,0.25,51.311521488886484,603,0.8485820203445477,51433.0,0.9,True
04,iso8_matched,12,51582.0,4.0,0.25,17.949036549910655,666,0.85286655421594,51581.9,1.1,True
04,iso8_matched,13,51847.0,4.0,0.25,11.314256139893626,722,0.8311303165317827,51847.0,1.1,True
04,iso8_matched,14,52280.0,4.0,0.25,10.130238492734438,554,0.8857737961902536,52280.0,0.8,True
04,iso8_matched,15,56655.0,4.0,0.25,12.013830904669799,637,0.8242043463339979,56654.95,1.0,True
04,iso8_matched,16,56730.0,4.0,0.25,13.959597405523589,649,0.6267055386644904,56729.95,1.0,True
04,iso8_matched,17,56855.0,4.0,0.25,16.871655570006297,642,0.8993457776302349,56855.0,1.0,True
04,iso8_matched,18,56957.0,4.0,0.25,21.88138902399692,619,0.9241296683953667,56957.05,0.9,True
04,iso8_matched,19,57316.0,4.0,0.25,18.516343214232176,683,0.8260788710865251,57316.5,1.1,True
04,iso8_matched,0,28842.0,6.0,0.25,12.304825407921747,598,0.8699561510912164,28841.75,1.0,True
04,iso8_matched,1,29063.0,6.0,0.25,13.180153634232465,581,0.7656374412931183,29062.3,0.9,True
04,iso8_matched,2,33706.0,6.0,0.25,12.162010892799767,652,0.6031708149908721,33706.55,1.0,True
04,iso8_matched,3,34393.0,6.0,0.25,13.92074724435135,666,0.8969562902658375,34393.2,1.0,True
04,iso8_matched,4,34492.0,6.0,0.25,17.702434465116145,595,0.8823524308466549,34491.95,0.9,True
04,iso8_matched,5,39663.0,6.0,0.25,11.995426287736306,666,0.7818947569543391,39663.75,1.0,True
04,iso8_matched,6,40847.0,6.0,0.25,28.412625557435213,644,0.7949048047693782,40847.05,0.9,True
04,iso8_matched,7,46035.0,6.0,0.25,14.177382052121489,614,0.7467904335830089,46034.8,1.0,True
04,iso8_matched,8,46292.0,6.0,0.25,21.179771135464538,657,0.9402795750367813,46292.1,1.0,True
04,iso8_matched,9,46441.0,6.0,0.25,20.419932774269327,706,0.9135779734109908,46440.9,1.1,True
04,iso8_matched,10,50474.0,6.0,0.25,11.988040807050854,659,0.8524486156198757,50474.0,1.0,True
04,iso8_matched,11,51433.0,6.0,0.25,51.311521488886484,769,0.9379563841514532,51433.05,1.2,True
04,iso8_matched,12,51582.0,6.0,0.25,17.949036549910655,622,0.8432073110233589,51582.1,0.9,True
04,iso8_matched,13,51847.0,6.0,0.25,11.314256139893626,734,0.8868932823370608,51847.0,1.1,True
04,iso8_matched,14,52280.0,6.0,0.25,10.130238492734438,599,0.876523567676594,52279.95,0.9,True
04,iso8_matched,15,56655.0,6.0,0.25,12.013830904669799,684,0.8693954673428447,56655.15,1.0,True
04,iso8_matched,16,56730.0,6.0,0.25,13.959597405523589,712,0.5988309446853953,56729.25,1.1,True
04,iso8_matched,17,56855.0,6.0,0.25,16.871655570006297,582,0.8564838345028841,56854.85,0.9,True
04,iso8_matched,18,56957.0,6.0,0.25,21.88138902399692,632,0.9267645153912717,56956.75,1.0,True
04,iso8_matched,19,57316.0,6.0,0.25,18.516343214232176,598,0.7898332420095447,57316.4,0.8,True
04,sync8_c0,0,28842.0,2.0,0.05,12.304825407921747,612,0.9250178641251477,28842.0,0.9,True
04,sync8_c0,1,29063.0,2.0,0.05,13.180153634232465,700,0.0,,,True
04,sync8_c0,2,33706.0,2.0,0.05,12.162010892799767,739,0.5097721845901969,33706.2,1.1,True
04,sync8_c0,3,34393.0,2.0,0.05,13.92074724435135,631,0.6621243401076948,34393.1,0.9,True
04,sync8_c0,4,34492.0,2.0,0.05,17.702434465116145,739,0.8836176518456045,34492.2,1.1,True
04,sync8_c0,5,39663.0,2.0,0.05,11.995426287736306,671,0.5674622011814163,39663.0,1.1,True
04,sync8_c0,6,40847.0,2.0,0.05,28.412625557435213,599,0.593918373685409,40846.9,0.9,True
04,sync8_c0,7,46035.0,2.0,0.05,14.177382052121489,689,0.0,,,True
04,sync8_c0,8,46292.0,2.0,0.05,21.179771135464538,660,0.880174187100554,46292.05,1.0,True
04,sync8_c0,9,46441.0,2.0,0.05,20.419932774269327,643,0.9294259932805733,46440.95,1.0,True
04,sync8_c0,10,50474.0,2.0,0.05,11.988040807050854,684,0.8040259581528725,50473.95,1.1,True
04,sync8_c0,11,51433.0,2.0,0.05,51.311521488886484,744,0.6852869189129333,51433.2,1.1,True
04,sync8_c0,12,51582.0,2.0,0.05,17.949036549910655,725,0.9385651802039827,51582.1,1.1,True
04,sync8_c0,13,51847.0,2.0,0.05,11.314256139893626,688,0.699654465380538,51846.95,1.1,True
04,sync8_c0,14,52280.0,2.0,0.05,10.130238492734438,622,0.8500816120875423,52280.05,0.9,True
04,sync8_c0,15,56655.0,2.0,0.05,12.013830904669799,613,0.7767437434182166,56655.0,0.9,True
04,sync8_c0,16,56730.0,2.0,0.05,13.959597405523589,737,0.5663143621980237,56730.2,1.1,True
04,sync8_c0,17,56855.0,2.0,0.05,16.871655570006297,685,0.8749539102140461,56854.85,1.1,True
04,sync8_c0,18,56957.0,2.0,0.05,21.88138902399692,684,0.9205267285250563,56957.0,1.1,True
04,sync8_c0,19,57316.0,2.0,0.05,18.516343214232176,677,0.6093932533357296,57316.1,1.0,True
04,sync8_c0,0,28842.0,4.0,0.05,12.304825407921747,713,0.944563287354336,28842.1,1.1,True
04,sync8_c0,1,29063.0,4.0,0.05,13.180153634232465,657,0.67143125627004,29063.0,1.0,True
04,sync8_c0,2,33706.0,4.0,0.05,12.162010892799767,595,0.7222826652832741,33705.9,0.9,True
04,sync8_c0,3,34393.0,4.0,0.05,13.92074724435135,631,0.8245100218969362,34392.9,1.0,True
04,sync8_c0,4,34492.0,4.0,0.05,17.702434465116145,740,0.8895819981822165,34492.2,1.1,True
04,sync8_c0,5,39663.0,4.0,0.05,11.995426287736306,602,0.7805631728896076,39662.95,0.9,True
04,sync8_c0,6,40847.0,4.0,0.05,28.412625557435213,700,0.8250115956322273,40847.0,1.1,True
04,sync8_c0,7,46035.0,4.0,0.05,14.177382052121489,724,0.6823380458535651,46034.8,1.2,True
04,sync8_c0,8,46292.0,4.0,0.05,21.179771135464538,617,0.9168660845527099,46292.05,0.9,True
04,sync8_c0,9,46441.0,4.0,0.05,20.419932774269327,651,0.9886553937352404,46441.0,1.0,True
04,sync8_c0,10,50474.0,4.0,0.05,11.988040807050854,630,0.8622949169482759,50474.1,0.9,True
04,sync8_c0,11,51433.0,4.0,0.05,51.311521488886484,694,0.8177821148988577,51433.0,1.1,True
04,sync8_c0,12,51582.0,4.0,0.05,17.949036549910655,703,0.9777623378104462,51582.0,1.1,True
04,sync8_c0,13,51847.0,4.0,0.05,11.314256139893626,685,0.8433090363265051,51846.95,1.1,True
04,sync8_c0,14,52280.0,4.0,0.05,10.130238492734438,654,0.965593753772214,52280.0,1.0,True
04,sync8_c0,15,56655.0,4.0,0.05,12.013830904669799,714,0.9055516072801806,56655.05,1.1,True
04,sync8_c0,16,56730.0,4.0,0.05,13.959597405523589,619,0.5257882578172756,56730.05,0.9,True
04,sync8_c0,17,56855.0,4.0,0.05,16.871655570006297,690,0.9094323145036227,56854.95,1.1,True
04,sync8_c0,18,56957.0,4.0,0.05,21.88138902399692,615,0.9634125663769761,56957.0,0.9,True
04,sync8_c0,19,57316.0,4.0,0.05,18.516343214232176,699,0.812351485133042,57315.95,1.1,True
04,sync8_c0,0,28842.0,6.0,0.05,12.304825407921747,693,0.9555690865290069,28842.0,1.1,True
04,sync8_c0,1,29063.0,6.0,0.05,13.180153634232465,624,0.7361081640480787,29063.05,0.9,True
04,sync8_c0,2,33706.0,6.0,0.05,12.162010892799767,730,0.6894073727587569,33706.1,1.1,True
04,sync8_c0,3,34393.0,6.0,0.05,13.92074724435135,674,0.901932398164858,34393.1,1.0,True
04,sync8_c0,4,34492.0,6.0,0.05,17.702434465116145,600,0.982129609030532,34491.95,0.9,True
04,sync8_c0,5,39663.0,6.0,0.05,11.995426287736306,605,0.8558194450430149,39662.95,0.9,True
04,sync8_c0,6,40847.0,6.0,0.05,28.412625557435213,652,0.900866272138396,40847.0,1.0,True
04,sync8_c0,7,46035.0,6.0,0.05,14.177382052121489,715,0.7835755972654801,46035.05,1.1,True
04,sync8_c0,8,46292.0,6.0,0.05,21.179771135464538,702,0.9752869745458708,46292.0,1.1,True
04,sync8_c0,9,46441.0,6.0,0.05,20.419932774269327,602,0.9666571583162165,46440.95,0.9,True
04,sync8_c0,10,50474.0,6.0,0.05,11.988040807050854,681,0.9070765231540323,50473.95,1.1,True
04,sync8_c0,11,51433.0,6.0,0.05,51.311521488886484,694,0.9329928563490157,51432.95,1.1,True
04,sync8_c0,12,51582.0,6.0,0.05,17.949036549910655,716,0.97919300821595,51582.1,1.1,True
04,sync8_c0,13,51847.0,6.0,0.05,11.314256139893626,670,0.8823741157091519,51847.05,1.0,True
04,sync8_c0,14,52280.0,6.0,0.05,10.130238492734438,669,0.9503900727365191,52280.05,1.0,True
04,sync8_c0,15,56655.0,6.0,0.05,12.013830904669799,616,0.9020360993906521,56655.0,0.9,True
04,sync8_c0,16,56730.0,6.0,0.05,13.959597405523589,671,0.7962841503675451,56730.1,1.0,True
04,sync8_c0,17,56855.0,6.0,0.05,16.871655570006297,677,0.9212525149557642,56855.1,1.0,True
04,sync8_c0,18,56957.0,6.0,0.05,21.88138902399692,736,0.8999366493914267,56957.2,1.1,True
04,sync8_c0,19,57316.0,6.0,0.05,18.516343214232176,733,0.8373933034364244,57316.15,1.1,True
04,sync8_c0,0,28842.0,2.0,0.15,12.304825407921747,597,0.9171887711943595,28841.95,0.9,True
04,sync8_c0,1,29063.0,2.0,0.15,13.180153634232465,731,0.6003319841144744,29062.75,1.2,True
04,sync8_c0,2,33706.0,2.0,0.15,12.162010892799767,640,0.0,,,True
04,sync8_c0,3,34393.0,2.0,0.15,13.92074724435135,692,0.7161983000021567,34393.0,1.1,True
04,sync8_c0,4,34492.0,2.0,0.15,17.702434465116145,667,0.897104300493323,34491.95,1.0,True
04,sync8_c0,5,39663.0,2.0,0.15,11.995426287736306,604,0.5806836543623896,39662.95,0.9,True
04,sync8_c0,6,40847.0,2.0,0.15,28.412625557435213,708,0.6326138386666822,40847.05,1.1,True
04,sync8_c0,7,46035.0,2.0,0.15,14.177382052121489,716,0.5634828818467599,46034.7,1.2,True
04,sync8_c0,8,46292.0,2.0,0.15,21.179771135464538,634,0.0,,,True
04,sync8_c0,9,46441.0,2.0,0.15,20.419932774269327,744,0.8790490388877239,46440.9,1.2,True
04,sync8_c0,10,50474.0,2.0,0.15,11.988040807050854,664,0.7510263542282367,50474.05,1.0,True
04,sync8_c0,11,51433.0,2.0,0.15,51.311521488886484,616,0.762111490157272,51433.0,0.9,True
04,sync8_c0,12,51582.0,2.0,0.15,17.949036549910655,718,0.924425547008352,51582.05,1.1,True
04,sync8_c0,13,51847.0,2.0,0.15,11.314256139893626,664,0.7021547307189691,51847.0,1.0,True
04,sync8_c0,14,52280.0,2.0,0.15,10.130238492734438,720,0.8927626124233982,52280.1,1.1,True
04,sync8_c0,15,56655.0,2.0,0.15,12.013830904669799,589,0.6793437763882276,56654.95,0.9,True
04,sync8_c0,16,56730.0,2.0,0.15,13.959597405523589,668,0.0,,,True
04,sync8_c0,17,56855.0,2.0,0.15,16.871655570006297,675,0.8906806766199155,56855.1,1.0,True
04,sync8_c0,18,56957.0,2.0,0.15,21.88138902399692,732,0.9020867374665413,56957.05,1.1,True
04,sync8_c0,19,57316.0,2.0,0.15,18.516343214232176,718,0.5380274475319818,57316.1,1.1,True
04,sync8_c0,0,28842.0,4.0,0.15,12.304825407921747,700,0.9133103880577547,28841.95,1.1,True
04,sync8_c0,1,29063.0,4.0,0.15,13.180153634232465,712,0.45379086990847317,29063.15,1.0,True
04,sync8_c0,2,33706.0,4.0,0.15,12.162010892799767,634,0.5727844664917022,33705.9,1.0,True
04,sync8_c0,3,34393.0,4.0,0.15,13.92074724435135,687,0.8341224280921716,34393.1,1.0,True
04,sync8_c0,4,34492.0,4.0,0.15,17.702434465116145,687,0.9361381941090409,34492.0,1.1,True
04,sync8_c0,5,39663.0,4.0,0.15,11.995426287736306,652,0.7005026782527447,39662.95,1.0,True
04,sync8_c0,6,40847.0,4.0,0.15,28.412625557435213,659,0.8297423287513329,40847.05,1.0,True
04,sync8_c0,7,46035.0,4.0,0.15,14.177382052121489,649,0.6154469950906849,46035.0,1.0,True
04,sync8_c0,8,46292.0,4.0,0.15,21.179771135464538,723,0.9392510570113347,46292.05,1.1,True
04,sync8_c0,9,46441.0,4.0,0.15,20.419932774269327,720,0.9660493924657264,46441.05,1.1,True
04,sync8_c0,10,50474.0,4.0,0.15,11.988040807050854,666,0.8814804900167977,50474.1,1.0,True
04,sync8_c0,11,51433.0,4.0,0.15,51.311521488886484,694,0.8674626496930036,51432.95,1.1,True
04,sync8_c0,12,51582.0,4.0,0.15,17.949036549910655,726,0.8874192165773065,51582.2,1.1,True
04,sync8_c0,13,51847.0,4.0,0.15,11.314256139893626,714,0.8204010564972538,51847.1,1.1,True
04,sync8_c0,14,52280.0,4.0,0.15,10.130238492734438,663,0.9341662069685194,52280.05,1.0,True
04,sync8_c0,15,56655.0,4.0,0.15,12.013830904669799,586,0.8959517933185579,56654.95,0.9,True
04,sync8_c0,16,56730.0,4.0,0.15,13.959597405523589,607,0.7295938097773662,56730.0,0.9,True
04,sync8_c0,17,56855.0,4.0,0.15,16.871655570006297,617,0.8864313930153304,56854.95,0.9,True
04,sync8_c0,18,56957.0,4.0,0.15,21.88138902399692,617,0.8887315025448762,56956.8,1.0,True
04,sync8_c0,19,57316.0,4.0,0.15,18.516343214232176,640,0.7351876225211162,57315.95,1.0,True
04,sync8_c0,0,28842.0,6.0,0.15,12.304825407921747,754,0.91803547013301,28841.85,1.2,True
04,sync8_c0,1,29063.0,6.0,0.15,13.180153634232465,642,0.8077732062885268,29062.95,1.0,True
04,sync8_c0,2,33706.0,6.0,0.15,12.162010892799767,664,0.6835342785779188,33706.05,1.0,True
04,sync8_c0,3,34393.0,6.0,0.15,13.92074724435135,654,0.9182976278337854,34392.95,1.0,True
04,sync8_c0,4,34492.0,6.0,0.15,17.702434465116145,763,0.9728322142308745,34492.0,1.2,True
04,sync8_c0,5,39663.0,6.0,0.15,11.995426287736306,588,0.6898418804156733,39662.9,0.9,True
04,sync8_c0,6,40847.0,6.0,0.15,28.412625557435213,722,0.8686504686874568,40847.1,1.1,True
04,sync8_c0,7,46035.0,6.0,0.15,14.177382052121489,683,0.7864283002693785,46034.9,1.1,True
04,sync8_c0,8,46292.0,6.0,0.15,21.179771135464538,720,0.9594283738259177,46292.05,1.1,True
04,sync8_c0,9,46441.0,6.0,0.15,20.419932774269327,615,0.9762346682942724,46441.0,0.9,True
04,sync8_c0,10,50474.0,6.0,0.15,11.988040807050854,669,0.9446298511102603,50474.1,1.0,True
04,sync8_c0,11,51433.0,6.0,0.15,51.311521488886484,661,0.8710469484051508,51433.05,1.0,True
04,sync8_c0,12,51582.0,6.0,0.15,17.949036549910655,624,0.8732961079944425,51582.05,0.9,True
04,sync8_c0,13,51847.0,6.0,0.15,11.314256139893626,634,0.8644045148694977,51846.85,1.0,True
04,sync8_c0,14,52280.0,6.0,0.15,10.130238492734438,691,0.9028635368327733,52280.1,1.0,True
04,sync8_c0,15,56655.0,6.0,0.15,12.013830904669799,725,0.8805283950995065,56655.1,1.1,True
04,sync8_c0,16,56730.0,6.0,0.15,13.959597405523589,631,0.7717369827545927,56729.95,1.0,True
04,sync8_c0,17,56855.0,6.0,0.15,16.871655570006297,683,0.9081210759465278,56855.0,1.1,True
04,sync8_c0,18,56957.0,6.0,0.15,21.88138902399692,655,0.932733289988524,56957.0,1.0,True
04,sync8_c0,19,57316.0,6.0,0.15,18.516343214232176,612,0.7804087603425502,57315.8,1.0,True
04,sync8_c0,0,28842.0,2.0,0.25,12.304825407921747,623,0.8223903867583602,28842.0,0.9,True
04,sync8_c0,1,29063.0,2.0,0.25,13.180153634232465,596,0.5233030660640664,29062.95,0.9,True
04,sync8_c0,2,33706.0,2.0,0.25,12.162010892799767,647,0.0,,,True
04,sync8_c0,3,34393.0,2.0,0.25,13.92074724435135,587,0.5628053358840374,34392.85,0.9,True
04,sync8_c0,4,34492.0,2.0,0.25,17.702434465116145,720,0.9026133581097361,34492.05,1.1,True
04,sync8_c0,5,39663.0,2.0,0.25,11.995426287736306,757,0.6482872591421515,39662.95,1.2,True
04,sync8_c0,6,40847.0,2.0,0.25,28.412625557435213,583,0.5166190810997713,40847.05,0.8,True
04,sync8_c0,7,46035.0,2.0,0.25,14.177382052121489,670,0.0,,,True
04,sync8_c0,8,46292.0,2.0,0.25,21.179771135464538,718,0.8055595422804591,46292.0,1.1,True
04,sync8_c0,9,46441.0,2.0,0.25,20.419932774269327,646,0.8873808637370759,46441.0,1.0,True
04,sync8_c0,10,50474.0,2.0,0.25,11.988040807050854,726,0.7410329741486978,50474.1,1.1,True
04,sync8_c0,11,51433.0,2.0,0.25,51.311521488886484,732,0.7040461322784687,51433.0,1.2,True
04,sync8_c0,12,51582.0,2.0,0.25,17.949036549910655,585,0.8341490442311745,51582.05,0.9,True
04,sync8_c0,13,51847.0,2.0,0.25,11.314256139893626,661,0.7032937740380244,51846.95,1.0,True
04,sync8_c0,14,52280.0,2.0,0.25,10.130238492734438,732,0.7822092787082181,52279.95,1.2,True
04,sync8_c0,15,56655.0,2.0,0.25,12.013830904669799,615,0.6567059640970141,56654.9,0.9,True
04,sync8_c0,16,56730.0,2.0,0.25,13.959597405523589,676,0.0,,,True
04,sync8_c0,17,56855.0,2.0,0.25,16.871655570006297,746,0.8831192862174296,56854.9,1.2,True
04,sync8_c0,18,56957.0,2.0,0.25,21.88138902399692,618,0.8607642925721006,56956.8,1.0,True
04,sync8_c0,19,57316.0,2.0,0.25,18.516343214232176,641,0.6550412168082427,57315.9,1.0,True
04,sync8_c0,0,28842.0,4.0,0.25,12.304825407921747,609,0.8096282891429288,28841.95,0.9,True
04,sync8_c0,1,29063.0,4.0,0.25,13.180153634232465,697,0.6619948497157628,29063.05,1.1,True
04,sync8_c0,2,33706.0,4.0,0.25,12.162010892799767,576,0.6309027766271367,33706.05,0.8,True
04,sync8_c0,3,34393.0,4.0,0.25,13.92074724435135,560,0.7174305258640801,34393.0,0.8,True
04,sync8_c0,4,34492.0,4.0,0.25,17.702434465116145,738,0.9017604932231496,34492.15,1.1,True
04,sync8_c0,5,39663.0,4.0,0.25,11.995426287736306,655,0.6913445235934979,39663.5,1.1,True
04,sync8_c0,6,40847.0,4.0,0.25,28.412625557435213,639,0.6615924984105974,40847.1,0.9,True
04,sync8_c0,7,46035.0,4.0,0.25,14.177382052121489,742,0.6421456418718502,46034.85,1.2,True
04,sync8_c0,8,46292.0,4.0,0.25,21.179771135464538,663,0.8205036847027242,46292.0,1.1,True
04,sync8_c0,9,46441.0,4.0,0.25,20.419932774269327,667,0.9251173128012053,46440.95,1.0,True
04,sync8_c0,10,50474.0,4.0,0.25,11.988040807050854,618,0.8628202909547978,50473.85,1.0,True
04,sync8_c0,11,51433.0,4.0,0.25,51.311521488886484,726,0.7829707829935301,51433.0,1.2,True
04,sync8_c0,12,51582.0,4.0,0.25,17.949036549910655,688,0.9408118726135267,51582.15,1.0,True
04,sync8_c0,13,51847.0,4.0,0.25,11.314256139893626,568,0.7836524850870661,51847.1,0.8,True
04,sync8_c0,14,52280.0,4.0,0.25,10.130238492734438,724,0.849096563782697,52279.9,1.2,True
04,sync8_c0,15,56655.0,4.0,0.25,12.013830904669799,639,0.8265206363690301,56655.05,1.0,True
04,sync8_c0,16,56730.0,4.0,0.25,13.959597405523589,762,0.657141373447067,56730.3,1.1,True
04,sync8_c0,17,56855.0,4.0,0.25,16.871655570006297,608,0.9457837731527996,56855.05,0.9,True
04,sync8_c0,18,56957.0,4.0,0.25,21.88138902399692,664,0.9543962872052092,56957.1,1.0,True
04,sync8_c0,19,57316.0,4.0,0.25,18.516343214232176,640,0.785129908794061,57316.0,1.0,True
04,sync8_c0,0,28842.0,6.0,0.25,12.304825407921747,633,0.8219363687464316,28842.1,0.9,True
04,sync8_c0,1,29063.0,6.0,0.25,13.180153634232465,644,0.7195346464843203,29062.9,1.0,True
04,sync8_c0,2,33706.0,6.0,0.25,12.162010892799767,633,0.5835495388259081,33705.8,1.0,True
04,sync8_c0,3,34393.0,6.0,0.25,13.92074724435135,570,0.8309330733992114,34392.9,0.9,True
04,sync8_c0,4,34492.0,6.0,0.25,17.702434465116145,622,0.9124346120530241,34492.0,0.9,True
04,sync8_c0,5,39663.0,6.0,0.25,11.995426287736306,585,0.7243982090697219,39662.85,0.9,True
04,sync8_c0,6,40847.0,6.0,0.25,28.412625557435213,599,0.8432595601634973,40847.0,0.9,True
04,sync8_c0,7,46035.0,6.0,0.25,14.177382052121489,664,0.5517672608891065,46035.05,1.0,True
04,sync8_c0,8,46292.0,6.0,0.25,21.179771135464538,695,0.9048183889430935,46292.1,1.1,True
04,sync8_c0,9,46441.0,6.0,0.25,20.419932774269327,667,0.9133105647397657,46441.1,1.0,True
04,sync8_c0,10,50474.0,6.0,0.25,11.988040807050854,677,0.9236464250690409,50473.9,1.1,True
04,sync8_c0,11,51433.0,6.0,0.25,51.311521488886484,596,0.8289034753260169,51433.0,0.9,True
04,sync8_c0,12,51582.0,6.0,0.25,17.949036549910655,611,0.9034469959203029,51581.95,0.9,True
04,sync8_c0,13,51847.0,6.0,0.25,11.314256139893626,626,0.8316523428423964,51847.15,0.9,True
04,sync8_c0,14,52280.0,6.0,0.25,10.130238492734438,607,0.8967993631759367,52280.0,0.9,True
04,sync8_c0,15,56655.0,6.0,0.25,12.013830904669799,703,0.9196427469888416,56655.0,1.1,True
04,sync8_c0,16,56730.0,6.0,0.25,13.959597405523589,640,0.6446345250816884,56730.1,0.9,True
04,sync8_c0,17,56855.0,6.0,0.25,16.871655570006297,657,0.9247314836303063,56854.95,1.0,True
04,sync8_c0,18,56957.0,6.0,0.25,21.88138902399692,606,0.785929003288235,56956.8,0.9,True
04,sync8_c0,19,57316.0,6.0,0.25,18.516343214232176,598,0.8492586975653135,57315.9,0.9,True
04,sync8_c1,0,28842.0,2.0,0.05,12.304825407921747,738,0.8575850614778523,28842.2,1.1,True
04,sync8_c1,1,29063.0,2.0,0.05,13.180153634232465,665,0.0,,,True
04,sync8_c1,2,33706.0,2.0,0.05,12.162010892799767,711,0.49584371003570493,33705.45,1.0,True
04,sync8_c1,3,34393.0,2.0,0.05,13.92074724435135,668,0.7056979621735959,34393.1,1.0,True
04,sync8_c1,4,34492.0,2.0,0.05,17.702434465116145,658,0.9585381472392379,34492.0,1.0,True
04,sync8_c1,5,39663.0,2.0,0.05,11.995426287736306,727,0.6592690924118876,39663.1,1.1,True
04,sync8_c1,6,40847.0,2.0,0.05,28.412625557435213,735,0.5696001483168818,40847.15,1.1,True
04,sync8_c1,7,46035.0,2.0,0.05,14.177382052121489,718,0.0,,,True
04,sync8_c1,8,46292.0,2.0,0.05,21.179771135464538,733,0.8303501874927222,46292.15,1.1,True
04,sync8_c1,9,46441.0,2.0,0.05,20.419932774269327,628,0.8773730733375283,46440.85,1.0,True
04,sync8_c1,10,50474.0,2.0,0.05,11.988040807050854,650,0.8237401882088918,50474.0,1.0,True
04,sync8_c1,11,51433.0,2.0,0.05,51.311521488886484,720,0.7275607909585294,51433.1,1.1,True
04,sync8_c1,12,51582.0,2.0,0.05,17.949036549910655,629,0.8749106960296553,51581.85,1.0,True
04,sync8_c1,13,51847.0,2.0,0.05,11.314256139893626,732,0.6233094115152513,51847.15,1.1,True
04,sync8_c1,14,52280.0,2.0,0.05,10.130238492734438,628,0.8337906785350814,52279.85,1.0,True
04,sync8_c1,15,56655.0,2.0,0.05,12.013830904669799,661,0.7532184004050886,56655.0,1.0,True
04,sync8_c1,16,56730.0,2.0,0.05,13.959597405523589,651,0.0,,,True
04,sync8_c1,17,56855.0,2.0,0.05,16.871655570006297,744,0.8432929810697881,56855.2,1.1,True
04,sync8_c1,18,56957.0,2.0,0.05,21.88138902399692,713,0.9786376408796602,56957.05,1.1,True
04,sync8_c1,19,57316.0,2.0,0.05,18.516343214232176,715,0.5240112127518484,57316.05,1.1,True
04,sync8_c1,0,28842.0,4.0,0.05,12.304825407921747,693,0.9125326628356545,28841.95,1.1,True
04,sync8_c1,1,29063.0,4.0,0.05,13.180153634232465,626,0.7081943874353034,29063.05,0.9,True
04,sync8_c1,2,33706.0,4.0,0.05,12.162010892799767,644,0.6768934865063605,33705.95,1.0,True
04,sync8_c1,3,34393.0,4.0,0.05,13.92074724435135,590,0.8430906722610607,34392.9,0.9,True
04,sync8_c1,4,34492.0,4.0,0.05,17.702434465116145,736,0.9354021037359808,34492.15,1.1,True
04,sync8_c1,5,39663.0,4.0,0.05,11.995426287736306,644,0.6983968289232372,39662.95,1.0,True
04,sync8_c1,6,40847.0,4.0,0.05,28.412625557435213,651,0.8440430902893596,40846.95,1.0,True
04,sync8_c1,7,46035.0,4.0,0.05,14.177382052121489,691,0.572237347411955,46035.2,1.0,True
04,sync8_c1,8,46292.0,4.0,0.05,21.179771135464538,651,0.9573411846160015,46292.0,1.0,True
04,sync8_c1,9,46441.0,4.0,0.05,20.419932774269327,714,0.9778545445383053,46441.05,1.1,True
04,sync8_c1,10,50474.0,4.0,0.05,11.988040807050854,640,0.9093045409006851,50473.9,1.0,True
04,sync8_c1,11,51433.0,4.0,0.05,51.311521488886484,603,0.8525621127979298,51432.95,0.9,True
04,sync8_c1,12,51582.0,4.0,0.05,17.949036549910655,620,0.9012620545267991,51582.05,0.9,True
04,sync8_c1,13,51847.0,4.0,0.05,11.314256139893626,627,0.7829937943682957,51847.1,0.9,True
04,sync8_c1,14,52280.0,4.0,0.05,10.130238492734438,718,0.9519014871883094,52280.1,1.1,True
04,sync8_c1,15,56655.0,4.0,0.05,12.013830904669799,636,0.8661330198467189,56654.9,1.0,True
04,sync8_c1,16,56730.0,4.0,0.05,13.959597405523589,637,0.6519424859453321,56729.9,1.0,True
04,sync8_c1,17,56855.0,4.0,0.05,16.871655570006297,679,0.9024351358773495,56855.1,1.0,True
04,sync8_c1,18,56957.0,4.0,0.05,21.88138902399692,687,0.9128327290843177,56956.9,1.1,True
04,sync8_c1,19,57316.0,4.0,0.05,18.516343214232176,682,0.7958375426430658,57316.1,1.0,True
04,sync8_c1,0,28842.0,6.0,0.05,12.304825407921747,680,0.8865976190904088,28842.15,1.0,True
04,sync8_c1,1,29063.0,6.0,0.05,13.180153634232465,685,0.7448954313995774,29063.1,1.0,True
04,sync8_c1,2,33706.0,6.0,0.05,12.162010892799767,694,0.7160192084468765,33705.95,1.1,True
04,sync8_c1,3,34393.0,6.0,0.05,13.92074724435135,719,0.9527672563590566,34393.1,1.1,True
04,sync8_c1,4,34492.0,6.0,0.05,17.702434465116145,629,0.8781854185231743,34492.1,0.9,True
04,sync8_c1,5,39663.0,6.0,0.05,11.995426287736306,602,0.8322198625642395,39662.95,0.9,True
04,sync8_c1,6,40847.0,6.0,0.05,28.412625557435213,605,0.8798978107871271,40847.0,0.9,True
04,sync8_c1,7,46035.0,6.0,0.05,14.177382052121489,611,0.7004307898398572,46035.0,0.9,True
04,sync8_c1,8,46292.0,6.0,0.05,21.179771135464538,626,0.8731366219954374,46292.1,0.9,True
04,sync8_c1,9,46441.0,6.0,0.05,20.419932774269327,717,0.9752647078254677,46441.1,1.1,True
04,sync8_c1,10,50474.0,6.0,0.05,11.988040807050854,622,0.8803771545702392,50474.05,0.9,True
04,sync8_c1,11,51433.0,6.0,0.05,51.311521488886484,716,0.933136923031013,51433.1,1.1,True
04,sync8_c1,12,51582.0,6.0,0.05,17.949036549910655,588,0.968568150945191,51581.9,0.9,True
04,sync8_c1,13,51847.0,6.0,0.05,11.314256139893626,688,0.8666744309618456,51846.95,1.1,True
04,sync8_c1,14,52280.0,6.0,0.05,10.130238492734438,631,0.8817277039623643,52279.85,1.0,True
04,sync8_c1,15,56655.0,6.0,0.05,12.013830904669799,726,0.9388983719977613,56655.15,1.1,True
04,sync8_c1,16,56730.0,6.0,0.05,13.959597405523589,723,0.7008034617443363,56730.1,1.1,True
04,sync8_c1,17,56855.0,6.0,0.05,16.871655570006297,680,0.9171617116357561,56855.15,1.0,True
04,sync8_c1,18,56957.0,6.0,0.05,21.88138902399692,736,0.9001227199177715,56957.15,1.1,True
04,sync8_c1,19,57316.0,6.0,0.05,18.516343214232176,750,0.7751386960153513,57315.9,1.2,True
04,sync8_c1,0,28842.0,2.0,0.15,12.304825407921747,722,0.9022665834074189,28842.05,1.1,True
04,sync8_c1,1,29063.0,2.0,0.15,13.180153634232465,635,0.0,,,True
04,sync8_c1,2,33706.0,2.0,0.15,12.162010892799767,587,0.0,,,True
04,sync8_c1,3,34393.0,2.0,0.15,13.92074724435135,656,0.6586179138656204,34393.0,1.0,True
04,sync8_c1,4,34492.0,2.0,0.15,17.702434465116145,679,0.8609988384213163,34491.85,1.1,True
04,sync8_c1,5,39663.0,2.0,0.15,11.995426287736306,716,0.6605359764577844,39663.1,1.1,True
04,sync8_c1,6,40847.0,2.0,0.15,28.412625557435213,597,0.5775859083897738,40846.95,0.9,True
04,sync8_c1,7,46035.0,2.0,0.15,14.177382052121489,739,0.0,,,True
04,sync8_c1,8,46292.0,2.0,0.15,21.179771135464538,701,0.8485028483635285,46292.0,1.1,True
04,sync8_c1,9,46441.0,2.0,0.15,20.419932774269327,761,0.9273682334222895,46441.0,1.2,True
04,sync8_c1,10,50474.0,2.0,0.15,11.988040807050854,632,0.7896908415117572,50473.95,1.0,True
04,sync8_c1,11,51433.0,2.0,0.15,51.311521488886484,596,0.6581495548050594,51432.9,0.9,True
04,sync8_c1,12,51582.0,2.0,0.15,17.949036549910655,620,0.9464604421580063,51582.05,0.9,True
04,sync8_c1,13,51847.0,2.0,0.15,11.314256139893626,743,0.5587000067212574,51847.25,1.1,True
04,sync8_c1,14,52280.0,2.0,0.15,10.130238492734438,734,0.8714315700454468,52280.15,1.1,True
04,sync8_c1,15,56655.0,2.0,0.15,12.013830904669799,675,0.7350951890322256,56655.05,1.0,True
04,sync8_c1,16,56730.0,2.0,0.15,13.959597405523589,607,0.5598795583279409,56729.95,0.9,True
04,sync8_c1,17,56855.0,2.0,0.15,16.871655570006297,591,0.8514300002380188,56854.85,0.9,True
04,sync8_c1,18,56957.0,2.0,0.15,21.88138902399692,630,0.9012664582169337,56957.05,0.9,True
04,sync8_c1,19,57316.0,2.0,0.15,18.516343214232176,699,0.5333764609457582,57315.9,1.1,True
04,sync8_c1,0,28842.0,4.0,0.15,12.304825407921747,691,0.9015016314672648,28842.0,1.1,True
04,sync8_c1,1,29063.0,4.0,0.15,13.180153634232465,668,0.617240931897705,29062.85,1.1,True
04,sync8_c1,2,33706.0,4.0,0.15,12.162010892799767,636,0.0,,,True
04,sync8_c1,3,34393.0,4.0,0.15,13.92074724435135,724,0.8604878762180667,34393.1,1.1,True
04,sync8_c1,4,34492.0,4.0,0.15,17.702434465116145,629,0.914555496032147,34492.05,0.9,True
04,sync8_c1,5,39663.0,4.0,0.15,11.995426287736306,707,0.5804019013299585,39663.15,1.0,True
04,sync8_c1,6,40847.0,4.0,0.15,28.412625557435213,736,0.7848256401351612,40847.15,1.1,True
04,sync8_c1,7,46035.0,4.0,0.15,14.177382052121489,673,0.7006286756209041,46034.85,1.1,True
04,sync8_c1,8,46292.0,4.0,0.15,21.179771135464538,664,0.8960727554519738,46292.1,1.0,True
04,sync8_c1,9,46441.0,4.0,0.15,20.419932774269327,655,0.9755892675574901,46441.0,1.0,True
04,sync8_c1,10,50474.0,4.0,0.15,11.988040807050854,674,0.8451262989974331,50474.05,1.0,True
04,sync8_c1,11,51433.0,4.0,0.15,51.311521488886484,626,0.796114753582933,51432.95,1.0,True
04,sync8_c1,12,51582.0,4.0,0.15,17.949036549910655,605,0.894229414609706,51581.9,0.9,True
04,sync8_c1,13,51847.0,4.0,0.15,11.314256139893626,654,0.8160517414508985,51847.05,1.0,True
04,sync8_c1,14,52280.0,4.0,0.15,10.130238492734438,691,0.828748741874613,52280.05,1.0,True
04,sync8_c1,15,56655.0,4.0,0.15,12.013830904669799,668,0.904242956236317,56655.05,1.0,True
04,sync8_c1,16,56730.0,4.0,0.15,13.959597405523589,590,0.0,,,True
04,sync8_c1,17,56855.0,4.0,0.15,16.871655570006297,637,0.930524566185361,56854.9,1.0,True
04,sync8_c1,18,56957.0,4.0,0.15,21.88138902399692,723,0.9630142406833507,56957.1,1.1,True
04,sync8_c1,19,57316.0,4.0,0.15,18.516343214232176,591,0.7806588780536252,57315.9,0.9,True
04,sync8_c1,0,28842.0,6.0,0.15,12.304825407921747,584,0.924751942977273,28841.85,0.9,True
04,sync8_c1,1,29063.0,6.0,0.15,13.180153634232465,624,0.7672488842111993,29062.85,1.0,True
04,sync8_c1,2,33706.0,6.0,0.15,12.162010892799767,592,0.8148607722231082,33705.9,0.9,True
04,sync8_c1,3,34393.0,6.0,0.15,13.92074724435135,738,0.8795224691731995,34392.9,1.2,True
04,sync8_c1,4,34492.0,6.0,0.15,17.702434465116145,590,0.9273030235838104,34491.9,0.9,True
04,sync8_c1,5,39663.0,6.0,0.15,11.995426287736306,703,0.6885372244134135,39663.0,1.1,True
04,sync8_c1,6,40847.0,6.0,0.15,28.412625557435213,599,0.8272817866357529,40846.9,0.9,True
04,sync8_c1,7,46035.0,6.0,0.15,14.177382052121489,631,0.623325549373817,46035.05,0.9,True
04,sync8_c1,8,46292.0,6.0,0.15,21.179771135464538,688,0.9324372664545709,46292.15,1.0,True
04,sync8_c1,9,46441.0,6.0,0.15,20.419932774269327,659,0.946525693415569,46441.0,1.0,True
04,sync8_c1,10,50474.0,6.0,0.15,11.988040807050854,663,0.9492472267333516,50474.0,1.0,True
04,sync8_c1,11,51433.0,6.0,0.15,51.311521488886484,707,0.9110141581823468,51433.0,1.1,True
04,sync8_c1,12,51582.0,6.0,0.15,17.949036549910655,628,0.9145394796980832,51581.8,1.0,True
04,sync8_c1,13,51847.0,6.0,0.15,11.314256139893626,580,0.8466099529053062,51846.95,0.9,True
04,sync8_c1,14,52280.0,6.0,0.15,10.130238492734438,636,0.9191177244933876,52279.9,1.0,True
04,sync8_c1,15,56655.0,6.0,0.15,12.013830904669799,610,0.9179299295584399,56655.05,0.9,True
04,sync8_c1,16,56730.0,6.0,0.15,13.959597405523589,624,0.7938828623733992,56730.1,0.9,True
04,sync8_c1,17,56855.0,6.0,0.15,16.871655570006297,724,0.9482034455278527,56855.0,1.1,True
04,sync8_c1,18,56957.0,6.0,0.15,21.88138902399692,652,0.9637346625790215,56957.0,1.0,True
04,sync8_c1,19,57316.0,6.0,0.15,18.516343214232176,662,0.8729069677304396,57316.0,1.0,True
04,sync8_c1,0,28842.0,2.0,0.25,12.304825407921747,715,0.783147182662827,28842.2,1.1,True
04,sync8_c1,1,29063.0,2.0,0.25,13.180153634232465,695,0.0,,,True
04,sync8_c1,2,33706.0,2.0,0.25,12.162010892799767,604,0.0,,,True
04,sync8_c1,3,34393.0,2.0,0.25,13.92074724435135,637,0.5840343855866148,34393.1,0.9,True
04,sync8_c1,4,34492.0,2.0,0.25,17.702434465116145,680,0.857349209224037,34491.9,1.1,True
04,sync8_c1,5,39663.0,2.0,0.25,11.995426287736306,713,0.6582132076566746,39663.1,1.1,True
04,sync8_c1,6,40847.0,2.0,0.25,28.412625557435213,678,0.5774484253700167,40847.1,1.0,True
04,sync8_c1,7,46035.0,2.0,0.25,14.177382052121489,643,0.0,,,True
04,sync8_c1,8,46292.0,2.0,0.25,21.179771135464538,545,0.0,,,True
04,sync8_c1,9,46441.0,2.0,0.25,20.419932774269327,673,0.8847848071670004,46441.05,1.0,True
04,sync8_c1,10,50474.0,2.0,0.25,11.988040807050854,630,0.8073935584763883,50473.85,1.0,True
04,sync8_c1,11,51433.0,2.0,0.25,51.311521488886484,671,0.6756304577568937,51433.15,1.0,True
04,sync8_c1,12,51582.0,2.0,0.25,17.949036549910655,601,0.875089361607769,51582.0,0.9,True
04,sync8_c1,13,51847.0,2.0,0.25,11.314256139893626,653,0.5413125795714373,51847.2,0.9,True
04,sync8_c1,14,52280.0,2.0,0.25,10.130238492734438,642,0.854713696657237,52280.0,1.0,True
04,sync8_c1,15,56655.0,2.0,0.25,12.013830904669799,701,0.7715671548775124,56655.05,1.1,True
04,sync8_c1,16,56730.0,2.0,0.25,13.959597405523589,562,0.5189420178115695,56729.9,0.9,True
04,sync8_c1,17,56855.0,2.0,0.25,16.871655570006297,759,0.8497073482490543,56854.95,1.2,True
04,sync8_c1,18,56957.0,2.0,0.25,21.88138902399692,611,0.8824376778474621,56956.9,0.9,True
04,sync8_c1,19,57316.0,2.0,0.25,18.516343214232176,602,0.5621435662073865,57315.9,0.9,True
04,sync8_c1,0,28842.0,4.0,0.25,12.304825407921747,730,0.8158228602263545,28841.8,1.2,True
04,sync8_c1,1,29063.0,4.0,0.25,13.180153634232465,629,0.5899696816258979,29063.1,0.9,True
04,sync8_c1,2,33706.0,4.0,0.25,12.162010892799767,621,0.0,,,True
04,sync8_c1,3,34393.0,4.0,0.25,13.92074724435135,732,0.7709391407566099,34393.25,1.1,True
04,sync8_c1,4,34492.0,4.0,0.25,17.702434465116145,735,0.8258228547158942,34492.0,1.2,True
04,sync8_c1,5,39663.0,4.0,0.25,11.995426287736306,690,0.7329179626081599,39662.9,1.1,True
04,sync8_c1,6,40847.0,4.0,0.25,28.412625557435213,689,0.7440707218721864,40847.1,1.1,True
04,sync8_c1,7,46035.0,4.0,0.25,14.177382052121489,651,0.0,,,True
04,sync8_c1,8,46292.0,4.0,0.25,21.179771135464538,625,0.7743871241609829,46292.0,1.0,True
04,sync8_c1,9,46441.0,4.0,0.25,20.419932774269327,724,0.8428231844505768,46441.05,1.1,True
04,sync8_c1,10,50474.0,4.0,0.25,11.988040807050854,674,0.8766611348586595,50474.1,1.0,True
04,sync8_c1,11,51433.0,4.0,0.25,51.311521488886484,610,0.794760401320131,51433.0,0.9,True
04,sync8_c1,12,51582.0,4.0,0.25,17.949036549910655,752,0.8544624584597609,51582.25,1.1,True
04,sync8_c1,13,51847.0,4.0,0.25,11.314256139893626,683,0.7773510727550795,51846.8,1.1,True
04,sync8_c1,14,52280.0,4.0,0.25,10.130238492734438,625,0.7947899437069597,52279.9,1.0,True
04,sync8_c1,15,56655.0,4.0,0.25,12.013830904669799,670,0.9095832183237322,56655.05,1.0,True
04,sync8_c1,16,56730.0,4.0,0.25,13.959597405523589,716,0.5638746273462292,56730.05,1.1,True
04,sync8_c1,17,56855.0,4.0,0.25,16.871655570006297,597,0.950233334110411,56854.95,0.9,True
04,sync8_c1,18,56957.0,4.0,0.25,21.88138902399692,708,0.9757523438043314,56957.05,1.1,True
04,sync8_c1,19,57316.0,4.0,0.25,18.516343214232176,677,0.6902676543101082,57316.2,1.0,True
04,sync8_c1,0,28842.0,6.0,0.25,12.304825407921747,717,0.8749309498444159,28842.0,1.1,True
04,sync8_c1,1,29063.0,6.0,0.25,13.180153634232465,712,0.7302285912271073,29062.95,1.1,True
04,sync8_c1,2,33706.0,6.0,0.25,12.162010892799767,680,0.7033995039811438,33706.1,1.1,True
04,sync8_c1,3,34393.0,6.0,0.25,13.92074724435135,730,0.9085996522090194,34393.1,1.1,True
04,sync8_c1,4,34492.0,6.0,0.25,17.702434465116145,618,0.8936105421519425,34491.95,0.9,True
04,sync8_c1,5,39663.0,6.0,0.25,11.995426287736306,596,0.7902386793312312,39663.0,0.9,True
04,sync8_c1,6,40847.0,6.0,0.25,28.412625557435213,678,0.8338523606023256,40847.05,1.0,True
04,sync8_c1,7,46035.0,6.0,0.25,14.177382052121489,661,0.7541548709332964,46035.05,1.0,True
04,sync8_c1,8,46292.0,6.0,0.25,21.179771135464538,616,0.9236311355723764,46292.05,0.9,True
04,sync8_c1,9,46441.0,6.0,0.25,20.419932774269327,614,0.9045875548124277,46441.1,0.9,True
04,sync8_c1,10,50474.0,6.0,0.25,11.988040807050854,602,0.8895245229621049,50473.9,0.9,True
04,sync8_c1,11,51433.0,6.0,0.25,51.311521488886484,573,0.7286953011367802,51432.9,0.9,True
04,sync8_c1,12,51582.0,6.0,0.25,17.949036549910655,606,0.8978942183030144,51581.95,0.9,True
04,sync8_c1,13,51847.0,6.0,0.25,11.314256139893626,704,0.8528304274273854,51847.0,1.1,True
04,sync8_c1,14,52280.0,6.0,0.25,10.130238492734438,588,0.7913341398847146,52279.75,0.9,True
04,sync8_c1,15,56655.0,6.0,0.25,12.013830904669799,717,0.9176138391848999,56655.15,1.1,True
04,sync8_c1,16,56730.0,6.0,0.25,13.959597405523589,689,0.7394399187304665,56730.2,1.0,True
04,sync8_c1,17,56855.0,6.0,0.25,16.871655570006297,694,0.9172960467714902,56855.05,1.1,True
04,sync8_c1,18,56957.0,6.0,0.25,21.88138902399692,619,0.836206243985822,56957.1,0.9,True
04,sync8_c1,19,57316.0,6.0,0.25,18.516343214232176,740,0.8378763199176068,57315.9,1.2,True
05,legacy_lrl,0,43600.0,2.0,0.05,12.334660692409017,339,0.0,,,True
05,legacy_lrl,1,43717.0,2.0,0.05,12.481645976825451,297,0.8683271969787639,43716.85,1.1,True
05,legacy_lrl,2,43792.0,2.0,0.05,11.94134692574754,291,0.6899381005702958,43791.35,0.9,True
05,legacy_lrl,3,43875.0,2.0,0.05,14.033843846684046,336,0.8380556426261451,43875.15,1.0,True
05,legacy_lrl,4,43985.0,2.0,0.05,12.085156567178371,336,0.7475319778118664,43985.0,1.2,True
05,legacy_lrl,5,44131.0,2.0,0.05,13.896605899898855,301,0.9199679332718129,44130.95,1.0,True
05,legacy_lrl,6,44212.0,2.0,0.05,13.341814934522231,334,0.9244778559888422,44212.0,1.1,True
05,legacy_lrl,7,44368.0,2.0,0.05,14.252268168553702,288,0.9254463179486605,44368.0,0.9,True
05,legacy_lrl,8,44467.0,2.0,0.05,16.509753026062075,323,0.8945833941698547,44467.0,1.1,True
05,legacy_lrl,9,44643.0,2.0,0.05,14.084701975255612,295,0.9143377589956003,44642.95,1.0,True
05,legacy_lrl,10,44765.0,2.0,0.05,10.912960162153036,285,0.949154192096273,44765.0,0.9,True
05,legacy_lrl,11,44923.0,2.0,0.05,8.766566656505052,282,0.7457248455587173,44923.0,0.9,True
05,legacy_lrl,12,51997.0,2.0,0.05,13.105774036533006,347,0.9554449273196098,51996.95,1.2,True
05,legacy_lrl,13,52080.0,2.0,0.05,11.506090231026576,308,0.9592529887375445,52080.0,1.0,True
05,legacy_lrl,14,52225.0,2.0,0.05,12.839055829598843,312,0.9631311263900283,52225.05,1.0,True
05,legacy_lrl,15,52285.0,2.0,0.05,12.510225171430575,300,0.7906094631620038,52284.9,1.2,True
05,legacy_lrl,16,52400.0,2.0,0.05,13.13744786136446,321,0.8316507211888069,52400.1,1.0,True
05,legacy_lrl,17,52488.0,2.0,0.05,11.941568650032284,305,0.8231940628185939,52487.3,1.0,True
05,legacy_lrl,18,52571.0,2.0,0.05,11.422717589508496,297,0.86521815304383,52570.95,1.0,True
05,legacy_lrl,19,52638.0,2.0,0.05,10.818029057174245,278,0.9584541138080767,52637.95,0.9,True
05,legacy_lrl,0,43600.0,4.0,0.05,12.334660692409017,286,0.8990206568714381,43599.9,1.0,True
05,legacy_lrl,1,43717.0,4.0,0.05,12.481645976825451,320,0.8773797900165196,43716.35,1.0,True
05,legacy_lrl,2,43792.0,4.0,0.05,11.94134692574754,279,0.8913983319379671,43791.95,0.9,True
05,legacy_lrl,3,43875.0,4.0,0.05,14.033843846684046,317,0.9628360525519611,43875.05,1.0,True
05,legacy_lrl,4,43985.0,4.0,0.05,12.085156567178371,318,0.5660846660720946,43985.2,1.2,True
05,legacy_lrl,5,44131.0,4.0,0.05,13.896605899898855,278,0.9816030356434428,44130.95,0.9,True
05,legacy_lrl,6,44212.0,4.0,0.05,13.341814934522231,299,0.9708376871794806,44211.95,1.0,True
05,legacy_lrl,7,44368.0,4.0,0.05,14.252268168553702,284,0.9661730217757151,44367.95,0.9,True
05,legacy_lrl,8,44467.0,4.0,0.05,16.509753026062075,307,0.9710420793997057,44467.0,1.0,True
05,legacy_lrl,9,44643.0,4.0,0.05,14.084701975255612,346,0.974268281623022,44643.0,1.2,True
05,legacy_lrl,10,44765.0,4.0,0.05,10.912960162153036,282,0.9722519308164881,44764.95,0.9,True
05,legacy_lrl,11,44923.0,4.0,0.05,8.766566656505052,301,0.8874908962725072,44923.0,1.0,True
05,legacy_lrl,12,51997.0,4.0,0.05,13.105774036533006,343,0.9780397858094368,51997.1,1.1,True
05,legacy_lrl,13,52080.0,4.0,0.05,11.506090231026576,301,0.9831513595885913,52080.0,1.0,True
05,legacy_lrl,14,52225.0,4.0,0.05,12.839055829598843,299,0.9765893409665253,52225.0,1.0,True
05,legacy_lrl,15,52285.0,4.0,0.05,12.510225171430575,308,0.8965353833404469,52285.7,1.0,True
05,legacy_lrl,16,52400.0,4.0,0.05,13.13744786136446,280,0.9621609447640549,52399.95,0.9,True
05,legacy_lrl,17,52488.0,4.0,0.05,11.941568650032284,293,0.9154892005949453,52488.05,0.9,True
05,legacy_lrl,18,52571.0,4.0,0.05,11.422717589508496,319,0.9529389306489285,52570.95,1.1,True
05,legacy_lrl,19,52638.0,4.0,0.05,10.818029057174245,327,0.9817997058043725,52638.0,1.1,True
05,legacy_lrl,0,43600.0,6.0,0.05,12.334660692409017,286,0.9346787018562273,43599.95,1.0,True
05,legacy_lrl,1,43717.0,6.0,0.05,12.481645976825451,313,0.9066561254609414,43717.05,1.0,True
05,legacy_lrl,2,43792.0,6.0,0.05,11.94134692574754,322,0.9393250529660641,43791.95,1.1,True
05,legacy_lrl,3,43875.0,6.0,0.05,14.033843846684046,339,0.9449357021849291,43875.0,1.1,True
05,legacy_lrl,4,43985.0,6.0,0.05,12.085156567178371,339,0.8447740447825436,43984.95,1.2,True
05,legacy_lrl,5,44131.0,6.0,0.05,13.896605899898855,292,0.9613099533673826,44131.05,0.9,True
05,legacy_lrl,6,44212.0,6.0,0.05,13.341814934522231,293,0.9806959930561718,44211.95,1.0,True
05,legacy_lrl,7,44368.0,6.0,0.05,14.252268168553702,302,0.9898593374160459,44368.0,1.0,True
05,legacy_lrl,8,44467.0,6.0,0.05,16.509753026062075,301,0.9753216838386793,44466.95,1.0,True
05,legacy_lrl,9,44643.0,6.0,0.05,14.084701975255612,290,0.9650186749488596,44643.0,0.9,True
05,legacy_lrl,10,44765.0,6.0,0.05,10.912960162153036,331,0.9932530632931998,44765.0,1.1,True
05,legacy_lrl,11,44923.0,6.0,0.05,8.766566656505052,326,0.9065756838597285,44923.1,1.0,True
05,legacy_lrl,12,51997.0,6.0,0.05,13.105774036533006,308,0.990397872145557,51997.0,1.0,True
05,legacy_lrl,13,52080.0,6.0,0.05,11.506090231026576,284,0.987881424484431,52080.0,0.9,True
05,legacy_lrl,14,52225.0,6.0,0.05,12.839055829598843,303,0.9885166457510087,52225.0,1.0,True
05,legacy_lrl,15,52285.0,6.0,0.05,12.510225171430575,326,0.9604149594385234,52285.0,1.1,True
05,legacy_lrl,16,52400.0,6.0,0.05,13.13744786136446,289,0.9757418425078083,52400.05,0.9,True
05,legacy_lrl,17,52488.0,6.0,0.05,11.941568650032284,325,0.9298663720623007,52488.0,1.1,True
05,legacy_lrl,18,52571.0,6.0,0.05,11.422717589508496,276,0.9641016067405765,52570.95,0.9,True
05,legacy_lrl,19,52638.0,6.0,0.05,10.818029057174245,322,0.9809043812315508,52637.95,1.1,True
05,legacy_lrl,0,43600.0,2.0,0.15,12.334660692409017,347,0.0,,,True
05,legacy_lrl,1,43717.0,2.0,0.15,12.481645976825451,307,0.8578184734009769,43716.95,1.1,True
05,legacy_lrl,2,43792.0,2.0,0.15,11.94134692574754,301,0.6905097744135946,43792.0,0.9,True
05,legacy_lrl,3,43875.0,2.0,0.15,14.033843846684046,267,0.8161824386346039,43875.05,0.8,True
05,legacy_lrl,4,43985.0,2.0,0.15,12.085156567178371,343,0.5413054668678515,43985.1,1.2,True
05,legacy_lrl,5,44131.0,2.0,0.15,13.896605899898855,298,0.9019065304913759,44131.0,0.9,True
05,legacy_lrl,6,44212.0,2.0,0.15,13.341814934522231,285,0.9462063746362314,44211.9,1.0,True
05,legacy_lrl,7,44368.0,2.0,0.15,14.252268168553702,340,0.9432873616281285,44368.05,1.1,True
05,legacy_lrl,8,44467.0,2.0,0.15,16.509753026062075,281,0.9119595965624537,44467.0,0.9,True
05,legacy_lrl,9,44643.0,2.0,0.15,14.084701975255612,309,0.9312423946910792,44643.05,1.0,True
05,legacy_lrl,10,44765.0,2.0,0.15,10.912960162153036,330,0.9560714402845994,44765.1,1.0,True
05,legacy_lrl,11,44923.0,2.0,0.15,8.766566656505052,282,0.7517036287559737,44923.6,0.9,True
05,legacy_lrl,12,51997.0,2.0,0.15,13.105774036533006,331,0.9284638675587527,51997.05,1.0,True
05,legacy_lrl,13,52080.0,2.0,0.15,11.506090231026576,328,0.9523986860237514,52079.95,1.1,True
05,legacy_lrl,14,52225.0,2.0,0.15,12.839055829598843,310,0.0,,,True
05,legacy_lrl,15,52285.0,2.0,0.15,12.510225171430575,321,0.7234679090309871,52285.7,1.0,True
05,legacy_lrl,16,52400.0,2.0,0.15,13.13744786136446,341,0.864671538988957,52400.05,1.1,True
05,legacy_lrl,17,52488.0,2.0,0.15,11.941568650032284,292,0.8043342473518832,52487.3,1.0,True
05,legacy_lrl,18,52571.0,2.0,0.15,11.422717589508496,344,0.8797653019607012,52571.05,1.1,True
05,legacy_lrl,19,52638.0,2.0,0.15,10.818029057174245,287,0.9298000989894545,52637.95,0.9,True
05,legacy_lrl,0,43600.0,4.0,0.15,12.334660692409017,344,0.8485547556347481,43599.3,1.1,True
05,legacy_lrl,1,43717.0,4.0,0.15,12.481645976825451,308,0.8868088566022589,43717.7,1.0,True
05,legacy_lrl,2,43792.0,4.0,0.15,11.94134692574754,301,0.8266374089792814,43792.05,1.0,True
05,legacy_lrl,3,43875.0,4.0,0.15,14.033843846684046,318,0.9609336195526322,43875.05,1.0,True
05,legacy_lrl,4,43985.0,4.0,0.15,12.085156567178371,321,0.7970422879148524,43984.95,1.2,True
05,legacy_lrl,5,44131.0,4.0,0.15,13.896605899898855,318,0.9625182049505534,44131.0,1.0,True
05,legacy_lrl,6,44212.0,4.0,0.15,13.341814934522231,345,0.9709171836682867,44212.1,1.1,True
05,legacy_lrl,7,44368.0,4.0,0.15,14.252268168553702,309,0.9798300567106847,44368.0,1.0,True
05,legacy_lrl,8,44467.0,4.0,0.15,16.509753026062075,333,0.9585637946215773,44467.05,1.1,True
05,legacy_lrl,9,44643.0,4.0,0.15,14.084701975255612,338,0.9812923283101108,44643.05,1.1,True
05,legacy_lrl,10,44765.0,4.0,0.15,10.912960162153036,318,0.9793742900933148,44765.05,1.0,True
05,legacy_lrl,11,44923.0,4.0,0.15,8.766566656505052,351,0.9180707305294381,44923.0,1.2,True
05,legacy_lrl,12,51997.0,4.0,0.15,13.105774036533006,325,0.9804765644390298,51996.95,1.1,True
05,legacy_lrl,13,52080.0,4.0,0.15,11.506090231026576,339,0.9812504584750503,52080.05,1.1,True
05,legacy_lrl,14,52225.0,4.0,0.15,12.839055829598843,323,0.9769430404483146,52225.05,1.0,True
05,legacy_lrl,15,52285.0,4.0,0.15,12.510225171430575,277,0.8896675046197494,52285.6,0.9,True
05,legacy_lrl,16,52400.0,4.0,0.15,13.13744786136446,289,0.9428134852745288,52400.05,0.9,True
05,legacy_lrl,17,52488.0,4.0,0.15,11.941568650032284,281,0.9463805982743811,52488.0,0.9,True
05,legacy_lrl,18,52571.0,4.0,0.15,11.422717589508496,304,0.9635697671764227,52571.0,1.0,True
05,legacy_lrl,19,52638.0,4.0,0.15,10.818029057174245,351,0.9791356317807965,52638.0,1.2,True
05,legacy_lrl,0,43600.0,6.0,0.15,12.334660692409017,340,0.9281841177091904,43600.0,1.1,True
05,legacy_lrl,1,43717.0,6.0,0.15,12.481645976825451,299,0.95517499236841,43716.95,1.0,True
05,legacy_lrl,2,43792.0,6.0,0.15,11.94134692574754,272,0.9168090179229296,43792.05,0.8,True
05,legacy_lrl,3,43875.0,6.0,0.15,14.033843846684046,329,0.9537665554183715,43875.15,1.0,True
05,legacy_lrl,4,43985.0,6.0,0.15,12.085156567178371,287,0.7455832343059863,43984.85,1.2,True
05,legacy_lrl,5,44131.0,6.0,0.15,13.896605899898855,305,0.9759882177495788,44131.0,1.0,True
05,legacy_lrl,6,44212.0,6.0,0.15,13.341814934522231,298,0.9555347134414658,44212.05,0.9,True
05,legacy_lrl,7,44368.0,6.0,0.15,14.252268168553702,310,0.964209046140495,44367.85,1.1,True
05,legacy_lrl,8,44467.0,6.0,0.15,16.509753026062075,269,0.9723411399579346,44466.9,0.9,True
05,legacy_lrl,9,44643.0,6.0,0.15,14.084701975255612,324,0.9599871627797391,44642.95,1.1,True
05,legacy_lrl,10,44765.0,6.0,0.15,10.912960162153036,322,0.9771475137939174,44765.0,1.1,True
05,legacy_lrl,11,44923.0,6.0,0.15,8.766566656505052,307,0.9313232530465325,44922.95,1.1,True
05,legacy_lrl,12,51997.0,6.0,0.15,13.105774036533006,281,0.9844001293816638,51997.0,0.9,True
05,legacy_lrl,13,52080.0,6.0,0.15,11.506090231026576,322,0.97341350890671,52079.95,1.1,True
05,legacy_lrl,14,52225.0,6.0,0.15,12.839055829598843,293,0.9826244978424926,52224.95,1.0,True
05,legacy_lrl,15,52285.0,6.0,0.15,12.510225171430575,276,0.9174574662815607,52284.9,0.9,True
05,legacy_lrl,16,52400.0,6.0,0.15,13.13744786136446,312,0.9544508354848584,52400.05,1.0,True
05,legacy_lrl,17,52488.0,6.0,0.15,11.941568650032284,293,0.9519121365922381,52487.9,1.0,True
05,legacy_lrl,18,52571.0,6.0,0.15,11.422717589508496,325,0.9822021145210956,52571.0,1.1,True
05,legacy_lrl,19,52638.0,6.0,0.15,10.818029057174245,324,0.9788072754421328,52638.05,1.0,True
05,legacy_lrl,0,43600.0,2.0,0.25,12.334660692409017,290,0.758596040171219,43600.25,1.2,True
05,legacy_lrl,1,43717.0,2.0,0.25,12.481645976825451,344,0.0,,,True
05,legacy_lrl,2,43792.0,2.0,0.25,11.94134692574754,298,0.6900284100537831,43791.3,1.0,True
05,legacy_lrl,3,43875.0,2.0,0.25,14.033843846684046,278,0.920210811029608,43875.0,0.9,True
05,legacy_lrl,4,43985.0,2.0,0.25,12.085156567178371,275,0.675180372301511,43985.1,1.2,True
05,legacy_lrl,5,44131.0,2.0,0.25,13.896605899898855,311,0.8861163959744299,44130.9,1.0,True
05,legacy_lrl,6,44212.0,2.0,0.25,13.341814934522231,321,0.9501476048386139,44211.95,1.1,True
05,legacy_lrl,7,44368.0,2.0,0.25,14.252268168553702,303,0.9191643888203321,44368.0,1.0,True
05,legacy_lrl,8,44467.0,2.0,0.25,16.509753026062075,316,0.8369874221755821,44467.0,1.0,True
05,legacy_lrl,9,44643.0,2.0,0.25,14.084701975255612,349,0.9054776060089089,44643.0,1.2,True
05,legacy_lrl,10,44765.0,2.0,0.25,10.912960162153036,259,0.9533968458916044,44764.95,0.8,True
05,legacy_lrl,11,44923.0,2.0,0.25,8.766566656505052,294,0.7771541800214373,44922.25,1.0,True
05,legacy_lrl,12,51997.0,2.0,0.25,13.105774036533006,301,0.9247227086810955,51997.05,1.0,True
05,legacy_lrl,13,52080.0,2.0,0.25,11.506090231026576,291,0.9264282356482985,52079.85,1.0,True
05,legacy_lrl,14,52225.0,2.0,0.25,12.839055829598843,305,0.9002232805117681,52225.0,1.0,True
05,legacy_lrl,15,52285.0,2.0,0.25,12.510225171430575,304,0.8556442490066035,52284.9,1.2,True
05,legacy_lrl,16,52400.0,2.0,0.25,13.13744786136446,342,0.8322806575872332,52400.0,1.1,True
05,legacy_lrl,17,52488.0,2.0,0.25,11.941568650032284,299,0.0,,,True
05,legacy_lrl,18,52571.0,2.0,0.25,11.422717589508496,276,0.7980394921938464,52570.85,0.9,True
05,legacy_lrl,19,52638.0,2.0,0.25,10.818029057174245,326,0.9512305200036689,52638.05,1.0,True
05,legacy_lrl,0,43600.0,4.0,0.25,12.334660692409017,311,0.84544459166467,43600.05,0.9,True
05,legacy_lrl,1,43717.0,4.0,0.25,12.481645976825451,301,0.8621390072030221,43717.6,1.0,True
05,legacy_lrl,2,43792.0,4.0,0.25,11.94134692574754,284,0.8854317728904908,43791.9,1.0,True
05,legacy_lrl,3,43875.0,4.0,0.25,14.033843846684046,334,0.8831669668365059,43875.25,0.9,True
05,legacy_lrl,4,43985.0,4.0,0.25,12.085156567178371,332,0.5615651502748598,43985.2,1.2,True
05,legacy_lrl,5,44131.0,4.0,0.25,13.896605899898855,274,0.9446957141689524,44130.9,0.9,True
05,legacy_lrl,6,44212.0,4.0,0.25,13.341814934522231,333,0.9723669588616247,44212.0,1.1,True
05,legacy_lrl,7,44368.0,4.0,0.25,14.252268168553702,314,0.9511189504142734,44367.9,1.1,True
05,legacy_lrl,8,44467.0,4.0,0.25,16.509753026062075,317,0.9612746964043182,44467.1,1.0,True
05,legacy_lrl,9,44643.0,4.0,0.25,14.084701975255612,313,0.9117284728249977,44642.85,1.2,True
05,legacy_lrl,10,44765.0,4.0,0.25,10.912960162153036,311,0.9709992699266201,44764.95,1.1,True
05,legacy_lrl,11,44923.0,4.0,0.25,8.766566656505052,306,0.8640123005987818,44922.95,1.0,True
05,legacy_lrl,12,51997.0,4.0,0.25,13.105774036533006,318,0.9462431498416735,51997.05,1.0,True
05,legacy_lrl,13,52080.0,4.0,0.25,11.506090231026576,316,0.9694483733862171,52080.0,1.1,True
05,legacy_lrl,14,52225.0,4.0,0.25,12.839055829598843,337,0.973466472777557,52225.05,1.1,True
05,legacy_lrl,15,52285.0,4.0,0.25,12.510225171430575,278,0.8448507779951677,52285.45,1.0,True
05,legacy_lrl,16,52400.0,4.0,0.25,13.13744786136446,304,0.9341319554245922,52400.0,1.1,True
05,legacy_lrl,17,52488.0,4.0,0.25,11.941568650032284,337,0.915787458629187,52488.05,1.1,True
05,legacy_lrl,18,52571.0,4.0,0.25,11.422717589508496,304,0.9718412633091216,52570.95,1.0,True
05,legacy_lrl,19,52638.0,4.0,0.25,10.818029057174245,295,0.9123254021569668,52638.0,0.9,True
05,legacy_lrl,0,43600.0,6.0,0.25,12.334660692409017,266,0.8815424457211427,43600.0,0.8,True
05,legacy_lrl,1,43717.0,6.0,0.25,12.481645976825451,326,0.8804273533787952,43717.0,1.1,True
05,legacy_lrl,2,43792.0,6.0,0.25,11.94134692574754,337,0.9244451434357323,43792.05,1.1,True
05,legacy_lrl,3,43875.0,6.0,0.25,14.033843846684046,281,0.9652485246008541,43874.95,0.9,True
05,legacy_lrl,4,43985.0,6.0,0.25,12.085156567178371,297,0.77392516879846,43984.85,1.2,True
05,legacy_lrl,5,44131.0,6.0,0.25,13.896605899898855,272,0.965930785328963,44131.0,0.8,True
05,legacy_lrl,6,44212.0,6.0,0.25,13.341814934522231,330,0.9438633994366895,44212.15,1.0,True
05,legacy_lrl,7,44368.0,6.0,0.25,14.252268168553702,316,0.9922258475261413,44368.05,1.0,True
05,legacy_lrl,8,44467.0,6.0,0.25,16.509753026062075,326,0.9504279201093958,44467.0,1.1,True
05,legacy_lrl,9,44643.0,6.0,0.25,14.084701975255612,314,0.9547829971284801,44643.05,1.0,True
05,legacy_lrl,10,44765.0,6.0,0.25,10.912960162153036,317,0.9710342570155579,44765.1,1.0,True
05,legacy_lrl,11,44923.0,6.0,0.25,8.766566656505052,364,0.9246720833633518,44923.1,1.2,True
05,legacy_lrl,12,51997.0,6.0,0.25,13.105774036533006,268,0.9524245503449751,51997.1,0.8,True
05,legacy_lrl,13,52080.0,6.0,0.25,11.506090231026576,274,0.9584533216441978,52079.9,0.9,True
05,legacy_lrl,14,52225.0,6.0,0.25,12.839055829598843,283,0.9446323221287073,52225.0,0.9,True
05,legacy_lrl,15,52285.0,6.0,0.25,12.510225171430575,313,0.8843515286940361,52284.95,1.0,True
05,legacy_lrl,16,52400.0,6.0,0.25,13.13744786136446,277,0.9586264831991507,52399.95,0.9,True
05,legacy_lrl,17,52488.0,6.0,0.25,11.941568650032284,296,0.904345890862698,52487.95,0.9,True
05,legacy_lrl,18,52571.0,6.0,0.25,11.422717589508496,309,0.9626678046758088,52570.95,1.1,True
05,legacy_lrl,19,52638.0,6.0,0.25,10.818029057174245,278,0.9673441085800343,52637.9,0.9,True
05,legacy_lrlr,0,43600.0,2.0,0.05,12.334660692409017,382,0.6370377020610938,43600.0,1.0,True
05,legacy_lrlr,1,43717.0,2.0,0.05,12.481645976825451,415,0.8635916798570517,43716.9,1.2,True
05,legacy_lrlr,2,43792.0,2.0,0.05,11.94134692574754,351,0.7909748907530678,43791.4,0.9,True
05,legacy_lrlr,3,43875.0,2.0,0.05,14.033843846684046,348,0.782022775441856,43874.95,0.9,True
05,legacy_lrlr,4,43985.0,2.0,0.05,12.085156567178371,355,0.0,,,True
05,legacy_lrlr,5,44131.0,2.0,0.05,13.896605899898855,393,0.923143895566675,44130.95,1.1,True
05,legacy_lrlr,6,44212.0,2.0,0.05,13.341814934522231,391,0.9236981903523112,44212.05,1.0,True
05,legacy_lrlr,7,44368.0,2.0,0.05,14.252268168553702,401,0.8966906559207358,44368.0,1.1,True
05,legacy_lrlr,8,44467.0,2.0,0.05,16.509753026062075,425,0.8938072795413308,44467.15,1.1,True
05,legacy_lrlr,9,44643.0,2.0,0.05,14.084701975255612,400,0.9262787016414404,44643.0,1.1,True
05,legacy_lrlr,10,44765.0,2.0,0.05,10.912960162153036,374,0.9564024498028483,44764.95,1.0,True
05,legacy_lrlr,11,44923.0,2.0,0.05,8.766566656505052,397,0.7377951817691729,44923.05,1.0,True
05,legacy_lrlr,12,51997.0,2.0,0.05,13.105774036533006,351,0.9491921968761476,51997.0,0.9,True
05,legacy_lrlr,13,52080.0,2.0,0.05,11.506090231026576,375,0.951430936438751,52080.0,1.0,True
05,legacy_lrlr,14,52225.0,2.0,0.05,12.839055829598843,395,0.936565652856862,52224.95,1.1,True
05,legacy_lrlr,15,52285.0,2.0,0.05,12.510225171430575,346,0.7076929111720798,52284.95,0.9,True
05,legacy_lrlr,16,52400.0,2.0,0.05,13.13744786136446,387,0.8435606441998792,52400.05,1.0,True
05,legacy_lrlr,17,52488.0,2.0,0.05,11.941568650032284,369,0.8349577289578327,52487.95,1.0,True
05,legacy_lrlr,18,52571.0,2.0,0.05,11.422717589508496,417,0.9237747520172109,52571.05,1.1,True
05,legacy_lrlr,19,52638.0,2.0,0.05,10.818029057174245,370,0.9207041562594684,52637.95,1.0,True
05,legacy_lrlr,0,43600.0,4.0,0.05,12.334660692409017,417,0.8714366104563993,43600.05,1.1,True
05,legacy_lrlr,1,43717.0,4.0,0.05,12.481645976825451,365,0.854076456114794,43716.95,1.0,True
05,legacy_lrlr,2,43792.0,4.0,0.05,11.94134692574754,428,0.900216702288546,43792.1,1.1,True
05,legacy_lrlr,3,43875.0,4.0,0.05,14.033843846684046,389,0.8935256010892276,43875.05,1.0,True
05,legacy_lrlr,4,43985.0,4.0,0.05,12.085156567178371,358,0.0,,,True
05,legacy_lrlr,5,44131.0,4.0,0.05,13.896605899898855,398,0.9640689217017196,44130.95,1.1,True
05,legacy_lrlr,6,44212.0,4.0,0.05,13.341814934522231,360,0.9666347440957508,44212.05,0.9,True
05,legacy_lrlr,7,44368.0,4.0,0.05,14.252268168553702,410,0.9813277972659233,44368.0,1.1,True
05,legacy_lrlr,8,44467.0,4.0,0.05,16.509753026062075,393,0.9593569017239733,44466.95,1.1,True
05,legacy_lrlr,9,44643.0,4.0,0.05,14.084701975255612,344,0.9718651164510371,44642.95,0.9,True
05,legacy_lrlr,10,44765.0,4.0,0.05,10.912960162153036,397,0.981065301395708,44764.95,1.1,True
05,legacy_lrlr,11,44923.0,4.0,0.05,8.766566656505052,400,0.8944195165513686,44922.95,1.1,True
05,legacy_lrlr,12,51997.0,4.0,0.05,13.105774036533006,415,0.979507933824091,51997.05,1.1,True
05,legacy_lrlr,13,52080.0,4.0,0.05,11.506090231026576,366,0.9759948738447632,52079.95,1.0,True
05,legacy_lrlr,14,52225.0,4.0,0.05,12.839055829598843,366,0.9786747414816525,52224.95,1.0,True
05,legacy_lrlr,15,52285.0,4.0,0.05,12.510225171430575,404,0.826296667907974,52285.0,1.1,True
05,legacy_lrlr,16,52400.0,4.0,0.05,13.13744786136446,348,0.9704144910027762,52400.0,0.9,True
05,legacy_lrlr,17,52488.0,4.0,0.05,11.941568650032284,394,0.873995107408253,52488.1,1.0,True
05,legacy_lrlr,18,52571.0,4.0,0.05,11.422717589508496,395,0.9460228909093481,52570.95,1.1,True
05,legacy_lrlr,19,52638.0,4.0,0.05,10.818029057174245,348,0.9673114267154143,52638.0,0.9,True
05,legacy_lrlr,0,43600.0,6.0,0.05,12.334660692409017,377,0.9455178116750999,43600.0,1.0,True
05,legacy_lrlr,1,43717.0,6.0,0.05,12.481645976825451,355,0.932732535676886,43717.05,0.9,True
05,legacy_lrlr,2,43792.0,6.0,0.05,11.94134692574754,389,0.9380069702698168,43792.05,1.0,True
05,legacy_lrlr,3,43875.0,6.0,0.05,14.033843846684046,383,0.9557294971919306,43875.05,1.0,True
05,legacy_lrlr,4,43985.0,6.0,0.05,12.085156567178371,417,0.0,,,True
05,legacy_lrlr,5,44131.0,6.0,0.05,13.896605899898855,414,0.976941724022856,44131.05,1.1,True
05,legacy_lrlr,6,44212.0,6.0,0.05,13.341814934522231,398,0.9818902995352141,44211.95,1.1,True
05,legacy_lrlr,7,44368.0,6.0,0.05,14.252268168553702,357,0.9779339476057602,44368.05,0.9,True
05,legacy_lrlr,8,44467.0,6.0,0.05,16.509753026062075,353,0.9884105571342555,44467.0,0.9,True
05,legacy_lrlr,9,44643.0,6.0,0.05,14.084701975255612,355,0.9710763843511376,44643.05,0.9,True
05,legacy_lrlr,10,44765.0,6.0,0.05,10.912960162153036,393,0.9635537583724206,44764.95,1.1,True
05,legacy_lrlr,11,44923.0,6.0,0.05,8.766566656505052,353,0.9598557906583983,44923.0,0.9,True
05,legacy_lrlr,12,51997.0,6.0,0.05,13.105774036533006,417,0.9748954537116389,51997.05,1.1,True
05,legacy_lrlr,13,52080.0,6.0,0.05,11.506090231026576,390,0.9677633950830664,52080.05,1.0,True
05,legacy_lrlr,14,52225.0,6.0,0.05,12.839055829598843,384,0.9749288627938022,52225.05,1.0,True
05,legacy_lrlr,15,52285.0,6.0,0.05,12.510225171430575,357,0.9477442998363123,52285.05,0.9,True
05,legacy_lrlr,16,52400.0,6.0,0.05,13.13744786136446,402,0.9636579724331069,52400.0,1.1,True
05,legacy_lrlr,17,52488.0,6.0,0.05,11.941568650032284,426,0.9362897908115486,52487.95,1.2,True
05,legacy_lrlr,18,52571.0,6.0,0.05,11.422717589508496,356,0.960286647542981,52570.9,1.0,True
05,legacy_lrlr,19,52638.0,6.0,0.05,10.818029057174245,391,0.9685004495182932,52638.1,1.0,True
05,legacy_lrlr,0,43600.0,2.0,0.15,12.334660692409017,396,0.0,,,True
05,legacy_lrlr,1,43717.0,2.0,0.15,12.481645976825451,368,0.6528144822002833,43716.55,0.8,True
05,legacy_lrlr,2,43792.0,2.0,0.15,11.94134692574754,422,0.7736563241323356,43791.35,1.1,True
05,legacy_lrlr,3,43875.0,2.0,0.15,14.033843846684046,387,0.7854334226094289,43875.65,1.1,True
05,legacy_lrlr,4,43985.0,2.0,0.15,12.085156567178371,373,0.0,,,True
05,legacy_lrlr,5,44131.0,2.0,0.15,13.896605899898855,410,0.877089722993829,44131.05,1.1,True
05,legacy_lrlr,6,44212.0,2.0,0.15,13.341814934522231,401,0.8871286722950544,44211.95,1.1,True
05,legacy_lrlr,7,44368.0,2.0,0.15,14.252268168553702,399,0.9148574545784641,44368.0,1.1,True
05,legacy_lrlr,8,44467.0,2.0,0.15,16.509753026062075,420,0.912580711283368,44467.1,1.1,True
05,legacy_lrlr,9,44643.0,2.0,0.15,14.084701975255612,380,0.9099368122618278,44642.95,1.0,True
05,legacy_lrlr,10,44765.0,2.0,0.15,10.912960162153036,347,0.914301972383639,44765.0,0.9,True
05,legacy_lrlr,11,44923.0,2.0,0.15,8.766566656505052,385,0.0,,,True
05,legacy_lrlr,12,51997.0,2.0,0.15,13.105774036533006,402,0.9299954102788353,51996.95,1.1,True
05,legacy_lrlr,13,52080.0,2.0,0.15,11.506090231026576,388,0.919713819698012,52080.0,1.0,True
05,legacy_lrlr,14,52225.0,2.0,0.15,12.839055829598843,404,0.9482681969742066,52225.0,1.1,True
05,legacy_lrlr,15,52285.0,2.0,0.15,12.510225171430575,348,0.7045602495311243,52284.9,1.0,True
05,legacy_lrlr,16,52400.0,2.0,0.15,13.13744786136446,412,0.897319446562225,52400.05,1.1,True
05,legacy_lrlr,17,52488.0,2.0,0.15,11.941568650032284,385,0.0,,,True
05,legacy_lrlr,18,52571.0,2.0,0.15,11.422717589508496,398,0.8765161355581811,52570.95,1.1,True
05,legacy_lrlr,19,52638.0,2.0,0.15,10.818029057174245,351,0.9202959518739188,52638.0,0.9,True
05,legacy_lrlr,0,43600.0,4.0,0.15,12.334660692409017,361,0.8639228240098288,43599.9,1.0,True
05,legacy_lrlr,1,43717.0,4.0,0.15,12.481645976825451,355,0.8673966143428379,43717.0,0.9,True
05,legacy_lrlr,2,43792.0,4.0,0.15,11.94134692574754,327,0.8848442356047025,43792.0,0.8,True
05,legacy_lrlr,3,43875.0,4.0,0.15,14.033843846684046,340,0.8824799569676304,43874.9,0.9,True
05,legacy_lrlr,4,43985.0,4.0,0.15,12.085156567178371,366,0.0,,,True
05,legacy_lrlr,5,44131.0,4.0,0.15,13.896605899898855,360,0.9334087935804799,44130.9,1.0,True
05,legacy_lrlr,6,44212.0,4.0,0.15,13.341814934522231,370,0.9645364488145811,44211.95,1.0,True
05,legacy_lrlr,7,44368.0,4.0,0.15,14.252268168553702,379,0.9676769011322448,44368.0,1.0,True
05,legacy_lrlr,8,44467.0,4.0,0.15,16.509753026062075,373,0.9359289238975903,44466.95,1.0,True
05,legacy_lrlr,9,44643.0,4.0,0.15,14.084701975255612,417,0.9322494856558506,44642.95,1.2,True
05,legacy_lrlr,10,44765.0,4.0,0.15,10.912960162153036,368,0.9569341167487377,44764.95,1.0,True
05,legacy_lrlr,11,44923.0,4.0,0.15,8.766566656505052,404,0.8984134493990434,44923.0,1.1,True
05,legacy_lrlr,12,51997.0,4.0,0.15,13.105774036533006,386,0.9730913881184293,51997.05,1.0,True
05,legacy_lrlr,13,52080.0,4.0,0.15,11.506090231026576,389,0.9706169279611466,52080.05,1.0,True
05,legacy_lrlr,14,52225.0,4.0,0.15,12.839055829598843,361,0.957686042741176,52225.05,0.9,True
05,legacy_lrlr,15,52285.0,4.0,0.15,12.510225171430575,369,0.8984029496362691,52284.95,1.0,True
05,legacy_lrlr,16,52400.0,4.0,0.15,13.13744786136446,415,0.958652262478683,52400.1,1.1,True
05,legacy_lrlr,17,52488.0,4.0,0.15,11.941568650032284,408,0.9358439603834319,52488.0,1.1,True
05,legacy_lrlr,18,52571.0,4.0,0.15,11.422717589508496,432,0.9549800822193645,52571.05,1.2,True
05,legacy_lrlr,19,52638.0,4.0,0.15,10.818029057174245,379,0.9636102028375003,52638.0,1.0,True
05,legacy_lrlr,0,43600.0,6.0,0.15,12.334660692409017,366,0.928065211236086,43600.0,1.0,True
05,legacy_lrlr,1,43717.0,6.0,0.15,12.481645976825451,367,0.9141998659027094,43717.05,0.9,True
05,legacy_lrlr,2,43792.0,6.0,0.15,11.94134692574754,357,0.9371147315138468,43791.85,1.0,True
05,legacy_lrlr,3,43875.0,6.0,0.15,14.033843846684046,406,0.9395925617695127,43874.95,1.1,True
05,legacy_lrlr,4,43985.0,6.0,0.15,12.085156567178371,387,0.5068394589422714,43985.0,1.0,True
05,legacy_lrlr,5,44131.0,6.0,0.15,13.896605899898855,421,0.9618455549271864,44131.0,1.1,True
05,legacy_lrlr,6,44212.0,6.0,0.15,13.341814934522231,373,0.9768571189213369,44212.0,1.0,True
05,legacy_lrlr,7,44368.0,6.0,0.15,14.252268168553702,372,0.9857002176995004,44368.0,1.0,True
05,legacy_lrlr,8,44467.0,6.0,0.15,16.509753026062075,425,0.963332459227287,44467.1,1.1,True
05,legacy_lrlr,9,44643.0,6.0,0.15,14.084701975255612,397,0.9710311482014727,44642.95,1.1,True
05,legacy_lrlr,10,44765.0,6.0,0.15,10.912960162153036,358,0.9650759705774449,44765.0,0.9,True
05,legacy_lrlr,11,44923.0,6.0,0.15,8.766566656505052,399,0.9154330425959915,44923.0,1.1,True
05,legacy_lrlr,12,51997.0,6.0,0.15,13.105774036533006,381,0.9525869607747974,51997.0,1.0,True
05,legacy_lrlr,13,52080.0,6.0,0.15,11.506090231026576,360,0.9641333906326107,52080.0,0.9,True
05,legacy_lrlr,14,52225.0,6.0,0.15,12.839055829598843,358,0.9446206337074337,52225.0,0.9,True
05,legacy_lrlr,15,52285.0,6.0,0.15,12.510225171430575,356,0.9409782601070282,52285.0,0.9,True
05,legacy_lrlr,16,52400.0,6.0,0.15,13.13744786136446,354,0.9810726045599543,52400.0,0.9,True
05,legacy_lrlr,17,52488.0,6.0,0.15,11.941568650032284,390,0.96499244990778,52488.1,1.0,True
05,legacy_lrlr,18,52571.0,6.0,0.15,11.422717589508496,423,0.9723456099193136,52571.05,1.1,True
05,legacy_lrlr,19,52638.0,6.0,0.15,10.818029057174245,374,0.9730721646309103,52637.95,1.0,True
05,legacy_lrlr,0,43600.0,2.0,0.25,12.334660692409017,368,0.6516479575408932,43600.1,0.9,True
05,legacy_lrlr,1,43717.0,2.0,0.25,12.481645976825451,379,0.0,,,True
05,legacy_lrlr,2,43792.0,2.0,0.25,11.94134692574754,338,0.8270653282986041,43791.3,0.9,True
05,legacy_lrlr,3,43875.0,2.0,0.25,14.033843846684046,376,0.7691352112680857,43875.15,0.9,True
05,legacy_lrlr,4,43985.0,2.0,0.25,12.085156567178371,398,0.0,,,True
05,legacy_lrlr,5,44131.0,2.0,0.25,13.896605899898855,449,0.8753400732606877,44131.05,1.2,True
05,legacy_lrlr,6,44212.0,2.0,0.25,13.341814934522231,352,0.894269537409456,44212.05,0.9,True
05,legacy_lrlr,7,44368.0,2.0,0.25,14.252268168553702,361,0.9054849457261771,44368.15,0.9,True
05,legacy_lrlr,8,44467.0,2.0,0.25,16.509753026062075,354,0.8458715015998217,44467.65,1.0,True
05,legacy_lrlr,9,44643.0,2.0,0.25,14.084701975255612,394,0.9297760481636549,44643.0,1.1,True
05,legacy_lrlr,10,44765.0,2.0,0.25,10.912960162153036,415,0.9343870346932456,44765.05,1.1,True
05,legacy_lrlr,11,44923.0,2.0,0.25,8.766566656505052,401,0.7993349124715886,44922.25,1.1,True
05,legacy_lrlr,12,51997.0,2.0,0.25,13.105774036533006,367,0.8519259098238523,51996.9,1.0,True
05,legacy_lrlr,13,52080.0,2.0,0.25,11.506090231026576,397,0.9134699613288262,52079.95,1.1,True
05,legacy_lrlr,14,52225.0,2.0,0.25,12.839055829598843,416,0.9224454661843939,52225.05,1.1,True
05,legacy_lrlr,15,52285.0,2.0,0.25,12.510225171430575,387,0.6751266407638797,52285.4,1.2,True
05,legacy_lrlr,16,52400.0,2.0,0.25,13.13744786136446,332,0.8622746410239018,52399.95,0.9,True
05,legacy_lrlr,17,52488.0,2.0,0.25,11.941568650032284,339,0.7463706399664516,52487.45,0.8,True
05,legacy_lrlr,18,52571.0,2.0,0.25,11.422717589508496,384,0.8185902314980134,52571.05,1.0,True
05,legacy_lrlr,19,52638.0,2.0,0.25,10.818029057174245,379,0.9152120952459479,52638.0,1.0,True
05,legacy_lrlr,0,43600.0,4.0,0.25,12.334660692409017,407,0.8075219041847417,43600.1,1.1,True
05,legacy_lrlr,1,43717.0,4.0,0.25,12.481645976825451,354,0.869907399787665,43717.0,0.9,True
05,legacy_lrlr,2,43792.0,4.0,0.25,11.94134692574754,435,0.8774196156338052,43792.0,1.2,True
05,legacy_lrlr,3,43875.0,4.0,0.25,14.033843846684046,388,0.8974104073678698,43875.2,0.9,True
05,legacy_lrlr,4,43985.0,4.0,0.25,12.085156567178371,394,0.0,,,True
05,legacy_lrlr,5,44131.0,4.0,0.25,13.896605899898855,429,0.9681436784665279,44130.9,1.2,True
05,legacy_lrlr,6,44212.0,4.0,0.25,13.341814934522231,393,0.9314920386734542,44212.1,1.0,True
05,legacy_lrlr,7,44368.0,4.0,0.25,14.252268168553702,397,0.9471230868484317,44367.9,1.2,True
05,legacy_lrlr,8,44467.0,4.0,0.25,16.509753026062075,362,0.9344658584111631,44467.0,1.0,True
05,legacy_lrlr,9,44643.0,4.0,0.25,14.084701975255612,376,0.9425709168218986,44643.05,1.0,True
05,legacy_lrlr,10,44765.0,4.0,0.25,10.912960162153036,338,0.9226985258364362,44765.1,0.8,True
05,legacy_lrlr,11,44923.0,4.0,0.25,8.766566656505052,384,0.8838580980767573,44923.1,1.0,True
05,legacy_lrlr,12,51997.0,4.0,0.25,13.105774036533006,428,0.969047395251474,51997.0,1.2,True
05,legacy_lrlr,13,52080.0,4.0,0.25,11.506090231026576,352,0.9612411110596696,52080.0,0.9,True
05,legacy_lrlr,14,52225.0,4.0,0.25,12.839055829598843,359,0.9704349387670667,52224.9,1.0,True
05,legacy_lrlr,15,52285.0,4.0,0.25,12.510225171430575,414,0.9165810396066322,52284.8,1.2,True
05,legacy_lrlr,16,52400.0,4.0,0.25,13.13744786136446,418,0.9400630926623097,52399.9,1.2,True
05,legacy_lrlr,17,52488.0,4.0,0.25,11.941568650032284,404,0.9446409578159339,52488.0,1.1,True
05,legacy_lrlr,18,52571.0,4.0,0.25,11.422717589508496,402,0.9172945624065799,52570.9,1.1,True
05,legacy_lrlr,19,52638.0,4.0,0.25,10.818029057174245,367,0.9199457070359992,52638.1,0.9,True
05,legacy_lrlr,0,43600.0,6.0,0.25,12.334660692409017,371,0.9213093753650862,43600.15,0.9,True
05,legacy_lrlr,1,43717.0,6.0,0.25,12.481645976825451,367,0.9537800697107617,43716.95,1.0,True
05,legacy_lrlr,2,43792.0,6.0,0.25,11.94134692574754,395,0.9450775961512865,43792.15,1.0,True
05,legacy_lrlr,3,43875.0,6.0,0.25,14.033843846684046,389,0.9432169301314206,43874.95,1.1,True
05,legacy_lrlr,4,43985.0,6.0,0.25,12.085156567178371,366,0.0,,,True
05,legacy_lrlr,5,44131.0,6.0,0.25,13.896605899898855,364,0.9459340257360437,44131.05,1.0,True
05,legacy_lrlr,6,44212.0,6.0,0.25,13.341814934522231,410,0.9759423836389248,44212.05,1.1,True
05,legacy_lrlr,7,44368.0,6.0,0.25,14.252268168553702,407,0.9740258161885337,44368.0,1.1,True
05,legacy_lrlr,8,44467.0,6.0,0.25,16.509753026062075,399,0.9706182695298068,44467.0,1.1,True
05,legacy_lrlr,9,44643.0,6.0,0.25,14.084701975255612,356,0.9440046042247489,44643.0,0.9,True
05,legacy_lrlr,10,44765.0,6.0,0.25,10.912960162153036,372,0.928644543718624,44764.9,1.0,True
05,legacy_lrlr,11,44923.0,6.0,0.25,8.766566656505052,393,0.8905346713667698,44922.9,1.1,True
05,legacy_lrlr,12,51997.0,6.0,0.25,13.105774036533006,369,0.9613155357432283,51997.05,1.0,True
05,legacy_lrlr,13,52080.0,6.0,0.25,11.506090231026576,391,0.9591734094487926,52080.05,1.0,True
05,legacy_lrlr,14,52225.0,6.0,0.25,12.839055829598843,414,0.9400727410176528,52225.2,1.0,True
05,legacy_lrlr,15,52285.0,6.0,0.25,12.510225171430575,354,0.8553594929655011,52285.05,1.0,True
05,legacy_lrlr,16,52400.0,6.0,0.25,13.13744786136446,337,0.9188608736178536,52399.9,0.9,True
05,legacy_lrlr,17,52488.0,6.0,0.25,11.941568650032284,357,0.8880166548725661,52488.05,0.9,True
05,legacy_lrlr,18,52571.0,6.0,0.25,11.422717589508496,421,0.9631814376519264,52571.0,1.1,True
05,legacy_lrlr,19,52638.0,6.0,0.25,10.818029057174245,366,0.9679577908402306,52638.0,1.0,True
05,legacy_lrlrlr,0,43600.0,2.0,0.05,12.334660692409017,504,0.597278133488251,43599.25,1.0,True
05,legacy_lrlrlr,1,43717.0,2.0,0.05,12.481645976825451,556,0.8349196819140494,43717.0,1.1,True
05,legacy_lrlrlr,2,43792.0,2.0,0.05,11.94134692574754,541,0.7775889557101117,43791.95,1.1,True
05,legacy_lrlrlr,3,43875.0,2.0,0.05,14.033843846684046,489,0.7205854551965568,43874.9,1.0,True
05,legacy_lrlrlr,4,43985.0,2.0,0.05,12.085156567178371,549,0.0,,,True
05,legacy_lrlrlr,5,44131.0,2.0,0.05,13.896605899898855,577,0.9166979533868469,44131.1,1.1,True
05,legacy_lrlrlr,6,44212.0,2.0,0.05,13.341814934522231,553,0.9190473327755492,44211.95,1.1,True
05,legacy_lrlrlr,7,44368.0,2.0,0.05,14.252268168553702,550,0.9212302060787402,44367.95,1.1,True
05,legacy_lrlrlr,8,44467.0,2.0,0.05,16.509753026062075,488,0.9142384955891195,44467.05,0.9,True
05,legacy_lrlrlr,9,44643.0,2.0,0.05,14.084701975255612,553,0.9069162832942586,44642.95,1.1,True
05,legacy_lrlrlr,10,44765.0,2.0,0.05,10.912960162153036,511,0.9535050221992315,44764.95,1.0,True
05,legacy_lrlrlr,11,44923.0,2.0,0.05,8.766566656505052,496,0.6270149490942539,44922.9,1.0,True
05,legacy_lrlrlr,12,51997.0,2.0,0.05,13.105774036533006,573,0.9074102533568656,51997.1,1.1,True
05,legacy_lrlrlr,13,52080.0,2.0,0.05,11.506090231026576,576,0.9327607163810627,52080.1,1.1,True
05,legacy_lrlrlr,14,52225.0,2.0,0.05,12.839055829598843,551,0.9589999765586994,52224.95,1.1,True
05,legacy_lrlrlr,15,52285.0,2.0,0.05,12.510225171430575,534,0.810289747251889,52285.1,1.0,True
05,legacy_lrlrlr,16,52400.0,2.0,0.05,13.13744786136446,566,0.8690947875577688,52400.0,1.1,True
05,legacy_lrlrlr,17,52488.0,2.0,0.05,11.941568650032284,508,0.7302106701331507,52487.25,1.0,True
05,legacy_lrlrlr,18,52571.0,2.0,0.05,11.422717589508496,556,0.0,,,True
05,legacy_lrlrlr,19,52638.0,2.0,0.05,10.818029057174245,494,0.8797829637621574,52638.05,0.9,True
05,legacy_lrlrlr,0,43600.0,4.0,0.05,12.334660692409017,491,0.8606280833134836,43600.05,0.9,True
05,legacy_lrlrlr,1,43717.0,4.0,0.05,12.481645976825451,545,0.8488082149712289,43716.9,1.1,True
05,legacy_lrlrlr,2,43792.0,4.0,0.05,11.94134692574754,528,0.9147176587697012,43792.05,1.0,True
05,legacy_lrlrlr,3,43875.0,4.0,0.05,14.033843846684046,529,0.9013179996261824,43875.05,1.0,True
05,legacy_lrlrlr,4,43985.0,4.0,0.05,12.085156567178371,557,0.6275351012376138,43985.0,1.1,True
05,legacy_lrlrlr,5,44131.0,4.0,0.05,13.896605899898855,490,0.9556263942695002,44131.05,0.9,True
05,legacy_lrlrlr,6,44212.0,4.0,0.05,13.341814934522231,479,0.9821123726216536,44212.0,0.9,True
05,legacy_lrlrlr,7,44368.0,4.0,0.05,14.252268168553702,539,0.9135705927581418,44368.1,1.0,True
05,legacy_lrlrlr,8,44467.0,4.0,0.05,16.509753026062075,511,0.9730893488246168,44466.95,1.0,True
05,legacy_lrlrlr,9,44643.0,4.0,0.05,14.084701975255612,506,0.981292998293273,44642.95,1.0,True
05,legacy_lrlrlr,10,44765.0,4.0,0.05,10.912960162153036,528,0.9568413392040679,44765.05,1.0,True
05,legacy_lrlrlr,11,44923.0,4.0,0.05,8.766566656505052,544,0.802704579533983,44923.15,1.0,True
05,legacy_lrlrlr,12,51997.0,4.0,0.05,13.105774036533006,506,0.969291354564847,51996.95,1.0,True
05,legacy_lrlrlr,13,52080.0,4.0,0.05,11.506090231026576,501,0.9644243431895467,52079.9,1.0,True
05,legacy_lrlrlr,14,52225.0,4.0,0.05,12.839055829598843,578,0.9573300834803096,52225.1,1.1,True
05,legacy_lrlrlr,15,52285.0,4.0,0.05,12.510225171430575,561,0.911949146801294,52285.0,1.1,True
05,legacy_lrlrlr,16,52400.0,4.0,0.05,13.13744786136446,472,0.956942341635343,52399.95,0.9,True
05,legacy_lrlrlr,17,52488.0,4.0,0.05,11.941568650032284,561,0.9078446574034423,52488.0,1.1,True
05,legacy_lrlrlr,18,52571.0,4.0,0.05,11.422717589508496,582,0.8929379407948466,52571.1,1.1,True
05,legacy_lrlrlr,19,52638.0,4.0,0.05,10.818029057174245,540,0.9227623137039177,52637.95,1.1,True
05,legacy_lrlrlr,0,43600.0,6.0,0.05,12.334660692409017,495,0.8806870815241522,43599.9,1.0,True
05,legacy_lrlrlr,1,43717.0,6.0,0.05,12.481645976825451,560,0.9668143433052241,43717.0,1.1,True
05,legacy_lrlrlr,2,43792.0,6.0,0.05,11.94134692574754,532,0.9304374571252528,43792.1,1.0,True
05,legacy_lrlrlr,3,43875.0,6.0,0.05,14.033843846684046,475,0.9683192843051228,43875.0,0.9,True
05,legacy_lrlrlr,4,43985.0,6.0,0.05,12.085156567178371,524,0.5177843678025909,43985.0,1.0,True
05,legacy_lrlrlr,5,44131.0,6.0,0.05,13.896605899898855,528,0.9659399827767848,44131.05,1.0,True
05,legacy_lrlrlr,6,44212.0,6.0,0.05,13.341814934522231,495,0.9421191562887747,44212.05,0.9,True
05,legacy_lrlrlr,7,44368.0,6.0,0.05,14.252268168553702,476,0.9724035442455131,44368.0,0.9,True
05,legacy_lrlrlr,8,44467.0,6.0,0.05,16.509753026062075,586,0.9433254585395425,44467.15,1.1,True
05,legacy_lrlrlr,9,44643.0,6.0,0.05,14.084701975255612,514,0.9790904514424548,44643.0,1.0,True
05,legacy_lrlrlr,10,44765.0,6.0,0.05,10.912960162153036,501,0.9589704084961657,44764.95,1.0,True
05,legacy_lrlrlr,11,44923.0,6.0,0.05,8.766566656505052,537,0.9042960732817373,44922.9,1.1,True
05,legacy_lrlrlr,12,51997.0,6.0,0.05,13.105774036533006,585,0.9263641348817092,51996.9,1.2,True
05,legacy_lrlrlr,13,52080.0,6.0,0.05,11.506090231026576,546,0.9443540582859312,52079.95,1.1,True
05,legacy_lrlrlr,14,52225.0,6.0,0.05,12.839055829598843,503,0.9783531822017741,52224.95,1.0,True
05,legacy_lrlrlr,15,52285.0,6.0,0.05,12.510225171430575,570,0.9660715589955163,52285.1,1.1,True
05,legacy_lrlrlr,16,52400.0,6.0,0.05,13.13744786136446,495,0.928024851967827,52399.9,1.0,True
05,legacy_lrlrlr,17,52488.0,6.0,0.05,11.941568650032284,558,0.9364603488312536,52488.0,1.1,True
05,legacy_lrlrlr,18,52571.0,6.0,0.05,11.422717589508496,495,0.9340817548179724,52571.05,0.9,True
05,legacy_lrlrlr,19,52638.0,6.0,0.05,10.818029057174245,535,0.9382973212059903,52638.1,1.0,True
05,legacy_lrlrlr,0,43600.0,2.0,0.15,12.334660692409017,521,0.753482807451064,43600.75,1.0,True
05,legacy_lrlrlr,1,43717.0,2.0,0.15,12.481645976825451,535,0.7957526119974514,43717.1,1.0,True
05,legacy_lrlrlr,2,43792.0,2.0,0.15,11.94134692574754,514,0.7518571171551508,43791.95,1.0,True
05,legacy_lrlrlr,3,43875.0,2.0,0.15,14.033843846684046,556,0.7196111177285205,43874.9,1.1,True
05,legacy_lrlrlr,4,43985.0,2.0,0.15,12.085156567178371,516,0.0,,,True
05,legacy_lrlrlr,5,44131.0,2.0,0.15,13.896605899898855,575,0.9067178403439371,44131.1,1.1,True
05,legacy_lrlrlr,6,44212.0,2.0,0.15,13.341814934522231,579,0.905543603677941,44212.1,1.1,True
05,legacy_lrlrlr,7,44368.0,2.0,0.15,14.252268168553702,507,0.8848363853070345,44367.85,1.0,True
05,legacy_lrlrlr,8,44467.0,2.0,0.15,16.509753026062075,547,0.9071539018470134,44466.95,1.1,True
05,legacy_lrlrlr,9,44643.0,2.0,0.15,14.084701975255612,480,0.879615397082838,44643.0,0.9,True
05,legacy_lrlrlr,10,44765.0,2.0,0.15,10.912960162153036,530,0.8930157662967899,44765.1,1.0,True
05,legacy_lrlrlr,11,44923.0,2.0,0.15,8.766566656505052,540,0.6536102242844541,44923.6,1.1,True
05,legacy_lrlrlr,12,51997.0,2.0,0.15,13.105774036533006,464,0.8901134399491576,51996.9,0.9,True
05,legacy_lrlrlr,13,52080.0,2.0,0.15,11.506090231026576,595,0.910648374027761,52079.95,1.2,True
05,legacy_lrlrlr,14,52225.0,2.0,0.15,12.839055829598843,518,0.9347196155127199,52225.05,1.0,True
05,legacy_lrlrlr,15,52285.0,2.0,0.15,12.510225171430575,515,0.7510884530072213,52285.7,1.0,True
05,legacy_lrlrlr,16,52400.0,2.0,0.15,13.13744786136446,472,0.8101216814689417,52400.05,0.9,True
05,legacy_lrlrlr,17,52488.0,2.0,0.15,11.941568650032284,504,0.809330880328883,52487.9,1.0,True
05,legacy_lrlrlr,18,52571.0,2.0,0.15,11.422717589508496,511,0.8668834011634029,52570.95,1.0,True
05,legacy_lrlrlr,19,52638.0,2.0,0.15,10.818029057174245,551,0.9186040125869049,52637.95,1.1,True
05,legacy_lrlrlr,0,43600.0,4.0,0.15,12.334660692409017,527,0.7408027154973607,43599.35,1.0,True
05,legacy_lrlrlr,1,43717.0,4.0,0.15,12.481645976825451,505,0.8655690572729373,43717.0,1.0,True
05,legacy_lrlrlr,2,43792.0,4.0,0.15,11.94134692574754,548,0.9082917595367451,43791.9,1.1,True
05,legacy_lrlrlr,3,43875.0,4.0,0.15,14.033843846684046,560,0.8856000713393715,43875.05,1.1,True
05,legacy_lrlrlr,4,43985.0,4.0,0.15,12.085156567178371,538,0.0,,,True
05,legacy_lrlrlr,5,44131.0,4.0,0.15,13.896605899898855,496,0.9229675409793088,44131.05,0.9,True
05,legacy_lrlrlr,6,44212.0,4.0,0.15,13.341814934522231,524,0.918239702840728,44212.1,1.0,True
05,legacy_lrlrlr,7,44368.0,4.0,0.15,14.252268168553702,508,0.966266861576161,44367.95,1.0,True
05,legacy_lrlrlr,8,44467.0,4.0,0.15,16.509753026062075,544,0.9292661030188516,44467.0,1.1,True
05,legacy_lrlrlr,9,44643.0,4.0,0.15,14.084701975255612,531,0.9534227133792748,44643.05,1.0,True
05,legacy_lrlrlr,10,44765.0,4.0,0.15,10.912960162153036,502,0.9247330040296112,44765.25,0.9,True
05,legacy_lrlrlr,11,44923.0,4.0,0.15,8.766566656505052,581,0.8730851837632027,44923.15,1.1,True
05,legacy_lrlrlr,12,51997.0,4.0,0.15,13.105774036533006,549,0.977704738653534,51996.95,1.1,True
05,legacy_lrlrlr,13,52080.0,4.0,0.15,11.506090231026576,473,0.974771900591072,52079.95,0.9,True
05,legacy_lrlrlr,14,52225.0,4.0,0.15,12.839055829598843,472,0.9486212558061424,52225.0,0.9,True
05,legacy_lrlrlr,15,52285.0,4.0,0.15,12.510225171430575,499,0.8964572335615584,52285.05,0.9,True
05,legacy_lrlrlr,16,52400.0,4.0,0.15,13.13744786136446,513,0.9224807198736988,52400.05,1.0,True
05,legacy_lrlrlr,17,52488.0,4.0,0.15,11.941568650032284,569,0.8955836570679169,52488.0,1.1,True
05,legacy_lrlrlr,18,52571.0,4.0,0.15,11.422717589508496,506,0.9273205662283243,52570.95,1.0,True
05,legacy_lrlrlr,19,52638.0,4.0,0.15,10.818029057174245,570,0.9569891343628576,52638.05,1.1,True
05,legacy_lrlrlr,0,43600.0,6.0,0.15,12.334660692409017,533,0.8928780849674388,43600.15,1.0,True
05,legacy_lrlrlr,1,43717.0,6.0,0.15,12.481645976825451,580,0.9397390450355931,43716.9,1.2,True
05,legacy_lrlrlr,2,43792.0,6.0,0.15,11.94134692574754,556,0.9589035334593157,43791.95,1.1,True
05,legacy_lrlrlr,3,43875.0,6.0,0.15,14.033843846684046,481,0.9137416054252003,43874.8,1.0,True
05,legacy_lrlrlr,4,43985.0,6.0,0.15,12.085156567178371,479,0.555938002929692,43985.0,0.9,True
05,legacy_lrlrlr,5,44131.0,6.0,0.15,13.896605899898855,551,0.973416820325137,44130.9,1.1,True
05,legacy_lrlrlr,6,44212.0,6.0,0.15,13.341814934522231,572,0.9744573026549832,44212.05,1.1,True
05,legacy_lrlrlr,7,44368.0,6.0,0.15,14.252268168553702,525,0.9502075932253423,44368.05,1.0,True
05,legacy_lrlrlr,8,44467.0,6.0,0.15,16.509753026062075,535,0.9267354185914427,44467.15,1.0,True
05,legacy_lrlrlr,9,44643.0,6.0,0.15,14.084701975255612,564,0.971508373483383,44643.05,1.1,True
05,legacy_lrlrlr,10,44765.0,6.0,0.15,10.912960162153036,514,0.970365234555564,44765.05,1.0,True
05,legacy_lrlrlr,11,44923.0,6.0,0.15,8.766566656505052,456,0.8517727125954597,44923.2,0.8,True
05,legacy_lrlrlr,12,51997.0,6.0,0.15,13.105774036533006,511,0.9425349719561564,51997.0,1.0,True
05,legacy_lrlrlr,13,52080.0,6.0,0.15,11.506090231026576,559,0.9902805555836676,52080.0,1.1,True
05,legacy_lrlrlr,14,52225.0,6.0,0.15,12.839055829598843,509,0.9673046529118369,52225.0,1.0,True
05,legacy_lrlrlr,15,52285.0,6.0,0.15,12.510225171430575,522,0.9291624697937081,52285.0,1.0,True
05,legacy_lrlrlr,16,52400.0,6.0,0.15,13.13744786136446,500,0.944302642517186,52399.95,1.0,True
05,legacy_lrlrlr,17,52488.0,6.0,0.15,11.941568650032284,469,0.9366459712625604,52487.95,0.9,True
05,legacy_lrlrlr,18,52571.0,6.0,0.15,11.422717589508496,540,0.9271990841921738,52571.15,1.0,True
05,legacy_lrlrlr,19,52638.0,6.0,0.15,10.818029057174245,517,0.9785184146408362,52638.0,1.0,True
05,legacy_lrlrlr,0,43600.0,2.0,0.25,12.334660692409017,536,0.6332584073000688,43599.9,1.1,True
05,legacy_lrlrlr,1,43717.0,2.0,0.25,12.481645976825451,473,0.7092787972989687,43717.15,0.8,True
05,legacy_lrlrlr,2,43792.0,2.0,0.25,11.94134692574754,565,0.0,,,True
05,legacy_lrlrlr,3,43875.0,2.0,0.25,14.033843846684046,564,0.7650156935040915,43875.05,1.1,True
05,legacy_lrlrlr,4,43985.0,2.0,0.25,12.085156567178371,519,0.0,,,True
05,legacy_lrlrlr,5,44131.0,2.0,0.25,13.896605899898855,581,0.8510200862625391,44131.15,1.1,True
05,legacy_lrlrlr,6,44212.0,2.0,0.25,13.341814934522231,541,0.936008487779318,44211.9,1.1,True
05,legacy_lrlrlr,7,44368.0,2.0,0.25,14.252268168553702,566,0.8706064250163487,44368.05,1.1,True
05,legacy_lrlrlr,8,44467.0,2.0,0.25,16.509753026062075,550,0.8837872519048682,44466.95,1.1,True
05,legacy_lrlrlr,9,44643.0,2.0,0.25,14.084701975255612,508,0.9188540525336419,44643.0,1.0,True
05,legacy_lrlrlr,10,44765.0,2.0,0.25,10.912960162153036,573,0.9220692299596487,44765.05,1.1,True
05,legacy_lrlrlr,11,44923.0,2.0,0.25,8.766566656505052,528,0.7282945654541256,44923.05,1.0,True
05,legacy_lrlrlr,12,51997.0,2.0,0.25,13.105774036533006,558,0.9116353422542579,51996.9,1.1,True
05,legacy_lrlrlr,13,52080.0,2.0,0.25,11.506090231026576,576,0.8922415261449305,52080.1,1.1,True
05,legacy_lrlrlr,14,52225.0,2.0,0.25,12.839055829598843,513,0.9059600421316478,52224.9,1.0,True
05,legacy_lrlrlr,15,52285.0,2.0,0.25,12.510225171430575,547,0.6971236801079369,52284.6,0.9,True
05,legacy_lrlrlr,16,52400.0,2.0,0.25,13.13744786136446,509,0.8418960574440926,52399.9,1.0,True
05,legacy_lrlrlr,17,52488.0,2.0,0.25,11.941568650032284,543,0.6887418408543662,52487.25,1.1,True
05,legacy_lrlrlr,18,52571.0,2.0,0.25,11.422717589508496,553,0.8528876513351417,52571.25,1.0,True
05,legacy_lrlrlr,19,52638.0,2.0,0.25,10.818029057174245,567,0.9408130109408851,52637.8,1.2,True
05,legacy_lrlrlr,0,43600.0,4.0,0.25,12.334660692409017,462,0.7871070857507321,43599.95,0.9,True
05,legacy_lrlrlr,1,43717.0,4.0,0.25,12.481645976825451,554,0.891701884495664,43716.9,1.1,True
05,legacy_lrlrlr,2,43792.0,4.0,0.25,11.94134692574754,510,0.866181027289641,43792.05,1.0,True
05,legacy_lrlrlr,3,43875.0,4.0,0.25,14.033843846684046,516,0.8756708901424377,43875.2,0.9,True
05,legacy_lrlrlr,4,43985.0,4.0,0.25,12.085156567178371,470,0.45476496379367237,43984.95,0.9,True
05,legacy_lrlrlr,5,44131.0,4.0,0.25,13.896605899898855,533,0.919507226389156,44131.1,1.0,True
05,legacy_lrlrlr,6,44212.0,4.0,0.25,13.341814934522231,522,0.8397148700106501,44212.15,1.0,True
05,legacy_lrlrlr,7,44368.0,4.0,0.25,14.252268168553702,523,0.8901757114513994,44367.75,1.1,True
05,legacy_lrlrlr,8,44467.0,4.0,0.25,16.509753026062075,512,0.9578934159055589,44466.95,1.0,True
05,legacy_lrlrlr,9,44643.0,4.0,0.25,14.084701975255612,578,0.9477132551755297,44643.1,1.1,True
05,legacy_lrlrlr,10,44765.0,4.0,0.25,10.912960162153036,527,0.9497588726196626,44765.05,1.0,True
05,legacy_lrlrlr,11,44923.0,4.0,0.25,8.766566656505052,552,0.872753721237214,44922.95,1.1,True
05,legacy_lrlrlr,12,51997.0,4.0,0.25,13.105774036533006,572,0.9489170221002226,51997.1,1.1,True
05,legacy_lrlrlr,13,52080.0,4.0,0.25,11.506090231026576,505,0.9077732635947491,52080.0,1.0,True
05,legacy_lrlrlr,14,52225.0,4.0,0.25,12.839055829598843,566,0.9286840595199006,52225.0,1.1,True
05,legacy_lrlrlr,15,52285.0,4.0,0.25,12.510225171430575,561,0.8899979257199104,52285.1,1.1,True
05,legacy_lrlrlr,16,52400.0,4.0,0.25,13.13744786136446,565,0.9366307926769499,52400.1,1.1,True
05,legacy_lrlrlr,17,52488.0,4.0,0.25,11.941568650032284,537,0.8658217570492492,52488.2,1.0,True
05,legacy_lrlrlr,18,52571.0,4.0,0.25,11.422717589508496,476,0.90374196626813,52571.0,0.9,True
05,legacy_lrlrlr,19,52638.0,4.0,0.25,10.818029057174245,445,0.8665650714866485,52637.4,0.8,True
05,legacy_lrlrlr,0,43600.0,6.0,0.25,12.334660692409017,570,0.8890972930486161,43600.0,1.1,True
05,legacy_lrlrlr,1,43717.0,6.0,0.25,12.481645976825451,517,0.895589690689782,43716.95,1.0,True
05,legacy_lrlrlr,2,43792.0,6.0,0.25,11.94134692574754,474,0.8812598049228066,43792.05,0.9,True
05,legacy_lrlrlr,3,43875.0,6.0,0.25,14.033843846684046,572,0.8736399469992998,43874.95,1.1,True
05,legacy_lrlrlr,4,43985.0,6.0,0.25,12.085156567178371,568,0.47309450625275107,43985.0,1.1,True
05,legacy_lrlrlr,5,44131.0,6.0,0.25,13.896605899898855,483,0.9306423591619993,44131.05,0.9,True
05,legacy_lrlrlr,6,44212.0,6.0,0.25,13.341814934522231,513,0.9375972544392881,44212.0,1.0,True
05,legacy_lrlrlr,7,44368.0,6.0,0.25,14.252268168553702,474,0.9193064171982667,44367.95,0.9,True
05,legacy_lrlrlr,8,44467.0,6.0,0.25,16.509753026062075,557,0.8744180641962074,44466.95,1.1,True
05,legacy_lrlrlr,9,44643.0,6.0,0.25,14.084701975255612,488,0.9327491781715781,44642.9,1.0,True
05,legacy_lrlrlr,10,44765.0,6.0,0.25,10.912960162153036,567,0.9003531398642716,44764.85,1.2,True
05,legacy_lrlrlr,11,44923.0,6.0,0.25,8.766566656505052,489,0.882341974001902,44923.0,0.9,True
05,legacy_lrlrlr,12,51997.0,6.0,0.25,13.105774036533006,592,0.9536705773964639,51997.0,1.2,True
05,legacy_lrlrlr,13,52080.0,6.0,0.25,11.506090231026576,444,0.8364078614268745,52079.8,0.9,True
05,legacy_lrlrlr,14,52225.0,6.0,0.25,12.839055829598843,488,0.9349770234138448,52225.05,0.9,True
05,legacy_lrlrlr,15,52285.0,6.0,0.25,12.510225171430575,556,0.8892652152863127,52285.15,1.0,True
05,legacy_lrlrlr,16,52400.0,6.0,0.25,13.13744786136446,501,0.9149317313615458,52400.2,0.9,True
05,legacy_lrlrlr,17,52488.0,6.0,0.25,11.941568650032284,553,0.9095574082939937,52488.2,1.0,True
05,legacy_lrlrlr,18,52571.0,6.0,0.25,11.422717589508496,486,0.8371953282606903,52570.9,0.9,True
05,legacy_lrlrlr,19,52638.0,6.0,0.25,10.818029057174245,566,0.9188203745430867,52638.05,1.1,True
05,double_lrlr_pause,0,43600.0,2.0,0.05,12.334660692409017,827,0.0,,,True
05,double_lrlr_pause,1,43717.0,2.0,0.05,12.481645976825451,868,0.7792348792025368,43717.15,1.1,True
05,double_lrlr_pause,2,43792.0,2.0,0.05,11.94134692574754,709,0.7428220767674437,43792.0,0.9,True
05,double_lrlr_pause,3,43875.0,2.0,0.05,14.033843846684046,849,0.8107802120284261,43875.0,1.1,True
05,double_lrlr_pause,4,43985.0,2.0,0.05,12.085156567178371,736,0.0,,,True
05,double_lrlr_pause,5,44131.0,2.0,0.05,13.896605899898855,764,0.8645632578968739,44130.95,1.0,True
05,double_lrlr_pause,6,44212.0,2.0,0.05,13.341814934522231,769,0.9250894590613583,44212.0,1.0,True
05,double_lrlr_pause,7,44368.0,2.0,0.05,14.252268168553702,860,0.0,,,True
05,double_lrlr_pause,8,44467.0,2.0,0.05,16.509753026062075,793,0.0,,,True
05,double_lrlr_pause,9,44643.0,2.0,0.05,14.084701975255612,692,0.8653964663578809,44642.9,0.9,True
05,double_lrlr_pause,10,44765.0,2.0,0.05,10.912960162153036,717,0.9204036554350926,44765.05,0.9,True
05,double_lrlr_pause,11,44923.0,2.0,0.05,8.766566656505052,834,0.0,,,True
05,double_lrlr_pause,12,51997.0,2.0,0.05,13.105774036533006,851,0.910663370248108,51997.05,1.1,True
05,double_lrlr_pause,13,52080.0,2.0,0.05,11.506090231026576,721,0.7787328521300637,52080.05,0.9,True
05,double_lrlr_pause,14,52225.0,2.0,0.05,12.839055829598843,815,0.8600446157322489,52224.85,1.1,True
05,double_lrlr_pause,15,52285.0,2.0,0.05,12.510225171430575,857,0.8326703947931049,52285.1,1.1,True
05,double_lrlr_pause,16,52400.0,2.0,0.05,13.13744786136446,851,0.786377792494953,52400.05,1.1,True
05,double_lrlr_pause,17,52488.0,2.0,0.05,11.941568650032284,850,0.772479514326861,52488.05,1.1,True
05,double_lrlr_pause,18,52571.0,2.0,0.05,11.422717589508496,776,0.6449432033137132,52571.0,1.0,True
05,double_lrlr_pause,19,52638.0,2.0,0.05,10.818029057174245,795,0.8647706841833642,52638.1,1.0,True
05,double_lrlr_pause,0,43600.0,4.0,0.05,12.334660692409017,749,0.7241702533007367,43599.9,1.0,True
05,double_lrlr_pause,1,43717.0,4.0,0.05,12.481645976825451,766,0.9101819896133065,43716.95,1.0,True
05,double_lrlr_pause,2,43792.0,4.0,0.05,11.94134692574754,863,0.9026716954917503,43792.1,1.1,True
05,double_lrlr_pause,3,43875.0,4.0,0.05,14.033843846684046,780,0.9226365798019467,43875.05,1.0,True
05,double_lrlr_pause,4,43985.0,4.0,0.05,12.085156567178371,838,0.5813800381121754,43985.0,1.1,True
05,double_lrlr_pause,5,44131.0,4.0,0.05,13.896605899898855,843,0.9641600794112547,44131.0,1.1,True
05,double_lrlr_pause,6,44212.0,4.0,0.05,13.341814934522231,796,0.8774699734429752,44212.1,1.0,True
05,double_lrlr_pause,7,44368.0,4.0,0.05,14.252268168553702,840,0.8014843753904455,44367.95,1.1,True
05,double_lrlr_pause,8,44467.0,4.0,0.05,16.509753026062075,751,0.9519771062574549,44466.9,1.0,True
05,double_lrlr_pause,9,44643.0,4.0,0.05,14.084701975255612,848,0.9742056909673654,44643.05,1.1,True
05,double_lrlr_pause,10,44765.0,4.0,0.05,10.912960162153036,837,0.9791351877950287,44765.0,1.1,True
05,double_lrlr_pause,11,44923.0,4.0,0.05,8.766566656505052,757,0.8754274450734056,44922.95,1.0,True
05,double_lrlr_pause,12,51997.0,4.0,0.05,13.105774036533006,761,0.9557833188823356,51996.95,1.0,True
05,double_lrlr_pause,13,52080.0,4.0,0.05,11.506090231026576,747,0.8655651345679283,52079.9,1.0,True
05,double_lrlr_pause,14,52225.0,4.0,0.05,12.839055829598843,730,0.8537696862852376,52225.05,0.9,True
05,double_lrlr_pause,15,52285.0,4.0,0.05,12.510225171430575,705,0.9117858142795068,52285.0,0.9,True
05,double_lrlr_pause,16,52400.0,4.0,0.05,13.13744786136446,859,0.8134824379367079,52400.1,1.1,True
05,double_lrlr_pause,17,52488.0,4.0,0.05,11.941568650032284,837,0.8799777756601483,52488.0,1.1,True
05,double_lrlr_pause,18,52571.0,4.0,0.05,11.422717589508496,771,0.8167759268758664,52571.0,1.0,True
05,double_lrlr_pause,19,52638.0,4.0,0.05,10.818029057174245,814,0.8605790712531004,52637.85,1.1,True
05,double_lrlr_pause,0,43600.0,6.0,0.05,12.334660692409017,794,0.8198147343106081,43600.1,1.0,True
05,double_lrlr_pause,1,43717.0,6.0,0.05,12.481645976825451,738,0.8727344189851871,43716.85,1.0,True
05,double_lrlr_pause,2,43792.0,6.0,0.05,11.94134692574754,754,0.906633662338374,43791.95,1.0,True
05,double_lrlr_pause,3,43875.0,6.0,0.05,14.033843846684046,836,0.9372392797959898,43875.0,1.1,True
05,double_lrlr_pause,4,43985.0,6.0,0.05,12.085156567178371,691,0.645509215744216,43984.9,0.9,True
05,double_lrlr_pause,5,44131.0,6.0,0.05,13.896605899898855,804,0.8854528900296145,44131.15,1.0,True
05,double_lrlr_pause,6,44212.0,6.0,0.05,13.341814934522231,826,0.934685503542617,44211.9,1.1,True
05,double_lrlr_pause,7,44368.0,6.0,0.05,14.252268168553702,783,0.8754189683596821,44368.1,1.0,True
05,double_lrlr_pause,8,44467.0,6.0,0.05,16.509753026062075,865,0.9408403831071331,44467.15,1.1,True
05,double_lrlr_pause,9,44643.0,6.0,0.05,14.084701975255612,869,0.9121913010639626,44643.15,1.1,True
05,double_lrlr_pause,10,44765.0,6.0,0.05,10.912960162153036,733,0.8579430729474561,44765.1,0.9,True
05,double_lrlr_pause,11,44923.0,6.0,0.05,8.766566656505052,801,0.838861941276933,44923.15,1.0,True
05,double_lrlr_pause,12,51997.0,6.0,0.05,13.105774036533006,741,0.8446588731589959,51996.85,1.0,True
05,double_lrlr_pause,13,52080.0,6.0,0.05,11.506090231026576,782,0.9326922619501594,52080.05,1.0,True
05,double_lrlr_pause,14,52225.0,6.0,0.05,12.839055829598843,812,0.8583163041452292,52224.85,1.1,True
05,double_lrlr_pause,15,52285.0,6.0,0.05,12.510225171430575,722,0.8853076038329151,52285.05,0.9,True
05,double_lrlr_pause,16,52400.0,6.0,0.05,13.13744786136446,719,0.8830710393557518,52400.05,0.9,True
05,double_lrlr_pause,17,52488.0,6.0,0.05,11.941568650032284,829,0.8759645333735012,52487.95,1.1,True
05,double_lrlr_pause,18,52571.0,6.0,0.05,11.422717589508496,725,0.7657893689143493,52570.8,1.0,True
05,double_lrlr_pause,19,52638.0,6.0,0.05,10.818029057174245,755,0.9416473047385728,52637.9,1.0,True
05,double_lrlr_pause,0,43600.0,2.0,0.15,12.334660692409017,800,0.0,,,True
05,double_lrlr_pause,1,43717.0,2.0,0.15,12.481645976825451,818,0.825974394969103,43716.85,1.1,True
05,double_lrlr_pause,2,43792.0,2.0,0.15,11.94134692574754,825,0.6070127747908198,43792.35,1.0,True
05,double_lrlr_pause,3,43875.0,2.0,0.15,14.033843846684046,706,0.8142701556522504,43875.0,0.9,True
05,double_lrlr_pause,4,43985.0,2.0,0.15,12.085156567178371,839,0.0,,,True
05,double_lrlr_pause,5,44131.0,2.0,0.15,13.896605899898855,793,0.8146778154760106,44131.2,1.0,True
05,double_lrlr_pause,6,44212.0,2.0,0.15,13.341814934522231,807,0.8413706000550945,44212.1,1.0,True
05,double_lrlr_pause,7,44368.0,2.0,0.15,14.252268168553702,730,0.0,,,True
05,double_lrlr_pause,8,44467.0,2.0,0.15,16.509753026062075,827,0.8744258255313425,44466.95,1.1,True
05,double_lrlr_pause,9,44643.0,2.0,0.15,14.084701975255612,798,0.8045143029913274,44643.1,1.0,True
05,double_lrlr_pause,10,44765.0,2.0,0.15,10.912960162153036,816,0.8384261030929445,44765.25,1.0,True
05,double_lrlr_pause,11,44923.0,2.0,0.15,8.766566656505052,711,0.7128694731872235,44922.75,1.0,True
05,double_lrlr_pause,12,51997.0,2.0,0.15,13.105774036533006,778,0.9022040359925667,51997.1,1.0,True
05,double_lrlr_pause,13,52080.0,2.0,0.15,11.506090231026576,807,0.8329795851679573,52080.2,1.0,True
05,double_lrlr_pause,14,52225.0,2.0,0.15,12.839055829598843,735,0.7904628511019013,52224.8,1.0,True
05,double_lrlr_pause,15,52285.0,2.0,0.15,12.510225171430575,734,0.7230371836729955,52284.8,1.0,True
05,double_lrlr_pause,16,52400.0,2.0,0.15,13.13744786136446,731,0.7358618397692374,52399.8,1.0,True
05,double_lrlr_pause,17,52488.0,2.0,0.15,11.941568650032284,884,0.7080227728815561,52487.85,1.2,True
05,double_lrlr_pause,18,52571.0,2.0,0.15,11.422717589508496,742,0.5798438622211904,52570.85,1.0,True
05,double_lrlr_pause,19,52638.0,2.0,0.15,10.818029057174245,788,0.8673709862091336,52638.05,1.0,True
05,double_lrlr_pause,0,43600.0,4.0,0.15,12.334660692409017,713,0.7653996688103427,43600.0,0.9,True
05,double_lrlr_pause,1,43717.0,4.0,0.15,12.481645976825451,771,0.9309519726377348,43717.0,1.0,True
05,double_lrlr_pause,2,43792.0,4.0,0.15,11.94134692574754,792,0.804785819347118,43792.1,1.0,True
05,double_lrlr_pause,3,43875.0,4.0,0.15,14.033843846684046,864,0.9128452724429276,43875.1,1.1,True
05,double_lrlr_pause,4,43985.0,4.0,0.15,12.085156567178371,725,0.4890452179119866,43985.05,0.9,True
05,double_lrlr_pause,5,44131.0,4.0,0.15,13.896605899898855,841,0.9232739812434365,44131.0,1.1,True
05,double_lrlr_pause,6,44212.0,4.0,0.15,13.341814934522231,796,0.8535261328782119,44212.15,1.0,True
05,double_lrlr_pause,7,44368.0,4.0,0.15,14.252268168553702,861,0.8359141574691694,44368.15,1.1,True
05,double_lrlr_pause,8,44467.0,4.0,0.15,16.509753026062075,834,0.9688089776406176,44467.0,1.1,True
05,double_lrlr_pause,9,44643.0,4.0,0.15,14.084701975255612,796,0.9155318819269135,44643.05,1.0,True
05,double_lrlr_pause,10,44765.0,4.0,0.15,10.912960162153036,839,0.9439953889801598,44764.95,1.1,True
05,double_lrlr_pause,11,44923.0,4.0,0.15,8.766566656505052,770,0.8921412708178799,44923.0,1.0,True
05,double_lrlr_pause,12,51997.0,4.0,0.15,13.105774036533006,715,0.9159479871845494,51997.0,0.9,True
05,double_lrlr_pause,13,52080.0,4.0,0.15,11.506090231026576,752,0.9082910202865151,52079.9,1.0,True
05,double_lrlr_pause,14,52225.0,4.0,0.15,12.839055829598843,752,0.8383712492218823,52224.95,1.0,True
05,double_lrlr_pause,15,52285.0,4.0,0.15,12.510225171430575,693,0.873078788134157,52284.9,0.9,True
05,double_lrlr_pause,16,52400.0,4.0,0.15,13.13744786136446,815,0.7953205241364383,52399.85,1.1,True
05,double_lrlr_pause,17,52488.0,4.0,0.15,11.941568650032284,757,0.8254716055938892,52488.0,1.0,True
05,double_lrlr_pause,18,52571.0,4.0,0.15,11.422717589508496,718,0.7584582054822313,52570.8,1.0,True
05,double_lrlr_pause,19,52638.0,4.0,0.15,10.818029057174245,693,0.9247770393703025,52637.85,0.9,True
05,double_lrlr_pause,0,43600.0,6.0,0.15,12.334660692409017,873,0.8258813339334619,43600.2,1.1,True
05,double_lrlr_pause,1,43717.0,6.0,0.15,12.481645976825451,782,0.946477717105031,43717.05,1.0,True
05,double_lrlr_pause,2,43792.0,6.0,0.15,11.94134692574754,758,0.8781663522397458,43792.0,1.0,True
05,double_lrlr_pause,3,43875.0,6.0,0.15,14.033843846684046,840,0.9379915260147755,43875.0,1.1,True
05,double_lrlr_pause,4,43985.0,6.0,0.15,12.085156567178371,823,0.6644964063770278,43984.9,1.1,True
05,double_lrlr_pause,5,44131.0,6.0,0.15,13.896605899898855,759,0.9515165480455332,44130.9,1.0,True
05,double_lrlr_pause,6,44212.0,6.0,0.15,13.341814934522231,865,0.9178484581586325,44212.15,1.1,True
05,double_lrlr_pause,7,44368.0,6.0,0.15,14.252268168553702,856,0.9141138974054859,44368.0,1.1,True
05,double_lrlr_pause,8,44467.0,6.0,0.15,16.509753026062075,847,0.8966167046108244,44467.05,1.1,True
05,double_lrlr_pause,9,44643.0,6.0,0.15,14.084701975255612,706,0.910062276889001,44642.95,0.9,True
05,double_lrlr_pause,10,44765.0,6.0,0.15,10.912960162153036,855,0.9480315217146397,44765.1,1.1,True
05,double_lrlr_pause,11,44923.0,6.0,0.15,8.766566656505052,866,0.9133551807910358,44923.1,1.1,True
05,double_lrlr_pause,12,51997.0,6.0,0.15,13.105774036533006,696,0.9346173670064915,51996.95,0.9,True
05,double_lrlr_pause,13,52080.0,6.0,0.15,11.506090231026576,737,0.8755134638868524,52080.1,0.9,True
05,double_lrlr_pause,14,52225.0,6.0,0.15,12.839055829598843,805,0.8682633435997253,52224.85,1.1,True
05,double_lrlr_pause,15,52285.0,6.0,0.15,12.510225171430575,833,0.9306638853284889,52284.9,1.1,True
05,double_lrlr_pause,16,52400.0,6.0,0.15,13.13744786136446,714,0.9214337648873109,52400.05,0.9,True
05,double_lrlr_pause,17,52488.0,6.0,0.15,11.941568650032284,785,0.9081316808068384,52488.05,1.0,True
05,double_lrlr_pause,18,52571.0,6.0,0.15,11.422717589508496,714,0.880096428869555,52571.0,0.9,True
05,double_lrlr_pause,19,52638.0,6.0,0.15,10.818029057174245,718,0.9392282232107886,52638.05,0.9,True
05,double_lrlr_pause,0,43600.0,2.0,0.25,12.334660692409017,740,0.5743566543800999,43599.7,1.0,True
05,double_lrlr_pause,1,43717.0,2.0,0.25,12.481645976825451,875,0.7690350592454664,43717.2,1.1,True
05,double_lrlr_pause,2,43792.0,2.0,0.25,11.94134692574754,798,0.7703886789661181,43792.2,1.0,True
05,double_lrlr_pause,3,43875.0,2.0,0.25,14.033843846684046,781,0.8090442346949671,43874.95,1.0,True
05,double_lrlr_pause,4,43985.0,2.0,0.25,12.085156567178371,822,0.0,,,True
05,double_lrlr_pause,5,44131.0,2.0,0.25,13.896605899898855,765,0.8112916385736435,44131.05,1.0,True
05,double_lrlr_pause,6,44212.0,2.0,0.25,13.341814934522231,828,0.8185357089382044,44211.8,1.1,True
05,double_lrlr_pause,7,44368.0,2.0,0.25,14.252268168553702,727,0.7073546731930896,44367.9,0.9,True
05,double_lrlr_pause,8,44467.0,2.0,0.25,16.509753026062075,720,0.8259010731264604,44467.2,0.9,True
05,double_lrlr_pause,9,44643.0,2.0,0.25,14.084701975255612,820,0.776517090279458,44643.25,1.0,True
05,double_lrlr_pause,10,44765.0,2.0,0.25,10.912960162153036,755,0.9108883324800079,44765.0,1.0,True
05,double_lrlr_pause,11,44923.0,2.0,0.25,8.766566656505052,834,0.6952528413460182,44922.3,1.1,True
05,double_lrlr_pause,12,51997.0,2.0,0.25,13.105774036533006,783,0.9014230788068683,51997.1,1.0,True
05,double_lrlr_pause,13,52080.0,2.0,0.25,11.506090231026576,826,0.8441630024808222,52079.95,1.1,True
05,double_lrlr_pause,14,52225.0,2.0,0.25,12.839055829598843,824,0.8939952042542574,52224.9,1.1,True
05,double_lrlr_pause,15,52285.0,2.0,0.25,12.510225171430575,794,0.7271295967106037,52285.25,1.0,True
05,double_lrlr_pause,16,52400.0,2.0,0.25,13.13744786136446,767,0.0,,,True
05,double_lrlr_pause,17,52488.0,2.0,0.25,11.941568650032284,841,0.6890440676331583,52487.95,1.1,True
05,double_lrlr_pause,18,52571.0,2.0,0.25,11.422717589508496,724,0.5971312012869302,52570.4,0.9,True
05,double_lrlr_pause,19,52638.0,2.0,0.25,10.818029057174245,804,0.7872862695002226,52638.1,1.0,True
05,double_lrlr_pause,0,43600.0,4.0,0.25,12.334660692409017,838,0.8027571567279949,43600.05,1.1,True
05,double_lrlr_pause,1,43717.0,4.0,0.25,12.481645976825451,766,0.8281955948117152,43717.0,1.0,True
05,double_lrlr_pause,2,43792.0,4.0,0.25,11.94134692574754,861,0.8514641832731144,43792.15,1.1,True
05,double_lrlr_pause,3,43875.0,4.0,0.25,14.033843846684046,722,0.8028440841010409,43875.05,0.9,True
05,double_lrlr_pause,4,43985.0,4.0,0.25,12.085156567178371,840,0.5542498446778649,43985.0,1.1,True
05,double_lrlr_pause,5,44131.0,4.0,0.25,13.896605899898855,797,0.900926931157494,44131.2,1.0,True
05,double_lrlr_pause,6,44212.0,4.0,0.25,13.341814934522231,738,0.8299731735130778,44211.9,1.0,True
05,double_lrlr_pause,7,44368.0,4.0,0.25,14.252268168553702,774,0.7992891316407491,44368.05,1.0,True
05,double_lrlr_pause,8,44467.0,4.0,0.25,16.509753026062075,752,0.9068940135473663,44467.0,1.0,True
05,double_lrlr_pause,9,44643.0,4.0,0.25,14.084701975255612,701,0.8992751768149306,44643.05,0.9,True
05,double_lrlr_pause,10,44765.0,4.0,0.25,10.912960162153036,735,0.8224274499816906,44765.15,0.9,True
05,double_lrlr_pause,11,44923.0,4.0,0.25,8.766566656505052,812,0.7733125884751276,44922.7,1.1,True
05,double_lrlr_pause,12,51997.0,4.0,0.25,13.105774036533006,655,0.8176164662571269,51997.25,0.8,True
05,double_lrlr_pause,13,52080.0,4.0,0.25,11.506090231026576,742,0.8151667067583945,52080.05,0.9,True
05,double_lrlr_pause,14,52225.0,4.0,0.25,12.839055829598843,728,0.8357715642185684,52225.05,0.9,True
05,double_lrlr_pause,15,52285.0,4.0,0.25,12.510225171430575,813,0.834997930430975,52284.8,1.1,True
05,double_lrlr_pause,16,52400.0,4.0,0.25,13.13744786136446,822,0.8625286813111759,52399.9,1.1,True
05,double_lrlr_pause,17,52488.0,4.0,0.25,11.941568650032284,798,0.7225299020359164,52487.85,1.1,True
05,double_lrlr_pause,18,52571.0,4.0,0.25,11.422717589508496,788,0.0,,,True
05,double_lrlr_pause,19,52638.0,4.0,0.25,10.818029057174245,766,0.8883932351434178,52637.85,1.0,True
05,double_lrlr_pause,0,43600.0,6.0,0.25,12.334660692409017,753,0.7669377643602201,43600.35,0.9,True
05,double_lrlr_pause,1,43717.0,6.0,0.25,12.481645976825451,809,0.7937670514420107,43716.85,1.1,True
05,double_lrlr_pause,2,43792.0,6.0,0.25,11.94134692574754,800,0.8670737821384732,43792.05,1.0,True
05,double_lrlr_pause,3,43875.0,6.0,0.25,14.033843846684046,797,0.8145137590617778,43874.9,1.1,True
05,double_lrlr_pause,4,43985.0,6.0,0.25,12.085156567178371,734,0.5759478229516218,43985.15,0.9,True
05,double_lrlr_pause,5,44131.0,6.0,0.25,13.896605899898855,712,0.8275596370262782,44131.1,0.9,True
05,double_lrlr_pause,6,44212.0,6.0,0.25,13.341814934522231,810,0.8924023234365995,44211.9,1.1,True
05,double_lrlr_pause,7,44368.0,6.0,0.25,14.252268168553702,732,0.8102125631657031,44368.1,0.9,True
05,double_lrlr_pause,8,44467.0,6.0,0.25,16.509753026062075,870,0.8630210165766792,44467.2,1.1,True
05,double_lrlr_pause,9,44643.0,6.0,0.25,14.084701975255612,718,0.8052174522706228,44642.95,0.9,True
05,double_lrlr_pause,10,44765.0,6.0,0.25,10.912960162153036,685,0.7462181405791385,44765.0,0.9,True
05,double_lrlr_pause,11,44923.0,6.0,0.25,8.766566656505052,771,0.8693041965695438,44922.9,1.0,True
05,double_lrlr_pause,12,51997.0,6.0,0.25,13.105774036533006,800,0.8772320105895459,51997.15,1.0,True
05,double_lrlr_pause,13,52080.0,6.0,0.25,11.506090231026576,836,0.9113470719006924,52080.0,1.1,True
05,double_lrlr_pause,14,52225.0,6.0,0.25,12.839055829598843,697,0.8863519911726876,52225.0,0.9,True
05,double_lrlr_pause,15,52285.0,6.0,0.25,12.510225171430575,714,0.8488673349793576,52284.95,0.9,True
05,double_lrlr_pause,16,52400.0,6.0,0.25,13.13744786136446,723,0.8884361504067058,52400.0,0.9,True
05,double_lrlr_pause,17,52488.0,6.0,0.25,11.941568650032284,788,0.7390152038822442,52488.2,1.0,True
05,double_lrlr_pause,18,52571.0,6.0,0.25,11.422717589508496,773,0.7972573435661684,52571.0,1.0,True
05,double_lrlr_pause,19,52638.0,6.0,0.25,10.818029057174245,808,0.8112524248087628,52637.8,1.1,True
05,iso8_matched,0,43600.0,2.0,0.05,12.334660692409017,636,0.7284854624259581,43599.95,1.0,True
05,iso8_matched,1,43717.0,2.0,0.05,12.481645976825451,657,0.830584683082949,43717.0,1.0,True
05,iso8_matched,2,43792.0,2.0,0.05,11.94134692574754,654,0.8237883255949741,43792.7,1.0,True
05,iso8_matched,3,43875.0,2.0,0.05,14.033843846684046,596,0.8230395889109374,43874.95,0.9,True
05,iso8_matched,4,43985.0,2.0,0.05,12.085156567178371,694,0.0,,,True
05,iso8_matched,5,44131.0,2.0,0.05,13.896605899898855,683,0.8635209743931055,44131.15,1.0,True
05,iso8_matched,6,44212.0,2.0,0.05,13.341814934522231,710,0.9308088802200739,44212.0,1.1,True
05,iso8_matched,7,44368.0,2.0,0.05,14.252268168553702,622,0.8190038769377644,44367.4,0.9,True
05,iso8_matched,8,44467.0,2.0,0.05,16.509753026062075,665,0.9205931124084007,44467.05,1.0,True
05,iso8_matched,9,44643.0,2.0,0.05,14.084701975255612,673,0.856137959043991,44643.05,1.0,True
05,iso8_matched,10,44765.0,2.0,0.05,10.912960162153036,669,0.9389789397042199,44765.05,1.0,True
05,iso8_matched,11,44923.0,2.0,0.05,8.766566656505052,631,0.0,,,True
05,iso8_matched,12,51997.0,2.0,0.05,13.105774036533006,715,0.9108161744347332,51997.0,1.1,True
05,iso8_matched,13,52080.0,2.0,0.05,11.506090231026576,590,0.9296690012008043,52079.9,0.9,True
05,iso8_matched,14,52225.0,2.0,0.05,12.839055829598843,730,0.9471662252664114,52225.1,1.1,True
05,iso8_matched,15,52285.0,2.0,0.05,12.510225171430575,609,0.7955717448423453,52285.05,0.9,True
05,iso8_matched,16,52400.0,2.0,0.05,13.13744786136446,603,0.8521584019736502,52399.95,0.9,True
05,iso8_matched,17,52488.0,2.0,0.05,11.941568650032284,717,0.7640055623931865,52487.25,1.1,True
05,iso8_matched,18,52571.0,2.0,0.05,11.422717589508496,605,0.705921826738586,52571.65,0.9,True
05,iso8_matched,19,52638.0,2.0,0.05,10.818029057174245,641,0.9319276988211855,52637.9,1.0,True
05,iso8_matched,0,43600.0,4.0,0.05,12.334660692409017,702,0.8077722121809487,43600.7,1.1,True
05,iso8_matched,1,43717.0,4.0,0.05,12.481645976825451,727,0.9399683571353956,43717.05,1.1,True
05,iso8_matched,2,43792.0,4.0,0.05,11.94134692574754,651,0.9305214592372332,43792.0,1.0,True
05,iso8_matched,3,43875.0,4.0,0.05,14.033843846684046,647,0.915224752526814,43874.95,1.0,True
05,iso8_matched,4,43985.0,4.0,0.05,12.085156567178371,589,0.4710835258696144,43984.3,0.9,True
05,iso8_matched,5,44131.0,4.0,0.05,13.896605899898855,673,0.9237813364579929,44131.05,1.0,True
05,iso8_matched,6,44212.0,4.0,0.05,13.341814934522231,655,0.97515320700036,44212.0,1.0,True
05,iso8_matched,7,44368.0,4.0,0.05,14.252268168553702,657,0.9720114237618214,44368.0,1.0,True
05,iso8_matched,8,44467.0,4.0,0.05,16.509753026062075,681,0.8833481705325164,44467.15,1.0,True
05,iso8_matched,9,44643.0,4.0,0.05,14.084701975255612,678,0.8928722826008121,44643.1,1.0,True
05,iso8_matched,10,44765.0,4.0,0.05,10.912960162153036,646,0.9603747684118394,44764.95,1.0,True
05,iso8_matched,11,44923.0,4.0,0.05,8.766566656505052,687,0.8115136816418724,44923.15,1.0,True
05,iso8_matched,12,51997.0,4.0,0.05,13.105774036533006,730,0.9623159444507107,51997.1,1.1,True
05,iso8_matched,13,52080.0,4.0,0.05,11.506090231026576,606,0.9735190184962031,52080.0,0.9,True
05,iso8_matched,14,52225.0,4.0,0.05,12.839055829598843,609,0.9454588662361434,52225.0,0.9,True
05,iso8_matched,15,52285.0,4.0,0.05,12.510225171430575,741,0.9163917278326681,52285.15,1.1,True
05,iso8_matched,16,52400.0,4.0,0.05,13.13744786136446,605,0.9805442254145527,52400.0,0.9,True
05,iso8_matched,17,52488.0,4.0,0.05,11.941568650032284,695,0.8195482623925116,52487.95,1.1,True
05,iso8_matched,18,52571.0,4.0,0.05,11.422717589508496,614,0.8616672503282294,52571.7,0.9,True
05,iso8_matched,19,52638.0,4.0,0.05,10.818029057174245,686,0.8781553290887997,52637.9,1.1,True
05,iso8_matched,0,43600.0,6.0,0.05,12.334660692409017,619,0.8791628528804755,43600.05,0.9,True
05,iso8_matched,1,43717.0,6.0,0.05,12.481645976825451,737,0.9346280059281935,43717.1,1.1,True
05,iso8_matched,2,43792.0,6.0,0.05,11.94134692574754,614,0.9475373036210949,43792.05,0.9,True
05,iso8_matched,3,43875.0,6.0,0.05,14.033843846684046,700,0.9234833008791994,43874.95,1.1,True
05,iso8_matched,4,43985.0,6.0,0.05,12.085156567178371,607,0.6923736792895426,43985.0,0.9,True
05,iso8_matched,5,44131.0,6.0,0.05,13.896605899898855,681,0.9216244283045298,44131.1,1.0,True
05,iso8_matched,6,44212.0,6.0,0.05,13.341814934522231,693,0.920439750511895,44211.9,1.1,True
05,iso8_matched,7,44368.0,6.0,0.05,14.252268168553702,595,0.9775355583424952,44367.95,0.9,True
05,iso8_matched,8,44467.0,6.0,0.05,16.509753026062075,714,0.9753236449908518,44467.0,1.1,True
05,iso8_matched,9,44643.0,6.0,0.05,14.084701975255612,731,0.9666304809507347,44643.05,1.1,True
05,iso8_matched,10,44765.0,6.0,0.05,10.912960162153036,705,0.9756310351062306,44764.95,1.1,True
05,iso8_matched,11,44923.0,6.0,0.05,8.766566656505052,630,0.8831747360897557,44922.85,1.0,True
05,iso8_matched,12,51997.0,6.0,0.05,13.105774036533006,650,0.983502080884531,51997.0,1.0,True
05,iso8_matched,13,52080.0,6.0,0.05,11.506090231026576,668,0.9492782969597373,52080.05,1.0,True
05,iso8_matched,14,52225.0,6.0,0.05,12.839055829598843,643,0.951290720675067,52224.9,1.0,True
05,iso8_matched,15,52285.0,6.0,0.05,12.510225171430575,634,0.900871103446173,52284.85,1.0,True
05,iso8_matched,16,52400.0,6.0,0.05,13.13744786136446,739,0.9212776087506545,52400.15,1.1,True
05,iso8_matched,17,52488.0,6.0,0.05,11.941568650032284,618,0.8829209372476783,52488.1,0.9,True
05,iso8_matched,18,52571.0,6.0,0.05,11.422717589508496,731,0.8564233503925208,52571.1,1.1,True
05,iso8_matched,19,52638.0,6.0,0.05,10.818029057174245,609,0.973334889840205,52638.0,0.9,True
05,iso8_matched,0,43600.0,2.0,0.15,12.334660692409017,670,0.0,,,True
05,iso8_matched,1,43717.0,2.0,0.15,12.481645976825451,736,0.0,,,True
05,iso8_matched,2,43792.0,2.0,0.15,11.94134692574754,754,0.8447497085255996,43792.7,1.2,True
05,iso8_matched,3,43875.0,2.0,0.15,14.033843846684046,591,0.6714509697770948,43875.0,0.9,True
05,iso8_matched,4,43985.0,2.0,0.15,12.085156567178371,614,0.0,,,True
05,iso8_matched,5,44131.0,2.0,0.15,13.896605899898855,638,0.8504229321274681,44130.85,1.0,True
05,iso8_matched,6,44212.0,2.0,0.15,13.341814934522231,689,0.7948727720643285,44212.25,1.0,True
05,iso8_matched,7,44368.0,2.0,0.15,14.252268168553702,683,0.8478546164866293,44368.1,1.0,True
05,iso8_matched,8,44467.0,2.0,0.15,16.509753026062075,651,0.8679925163173098,44467.05,1.0,True
05,iso8_matched,9,44643.0,2.0,0.15,14.084701975255612,740,0.8913158193313918,44643.15,1.1,True
05,iso8_matched,10,44765.0,2.0,0.15,10.912960162153036,595,0.9134033153425899,44765.0,0.9,True
05,iso8_matched,11,44923.0,2.0,0.15,8.766566656505052,701,0.6428215997871332,44923.75,1.1,True
05,iso8_matched,12,51997.0,2.0,0.15,13.105774036533006,633,0.8826891603838036,51997.05,0.9,True
05,iso8_matched,13,52080.0,2.0,0.15,11.506090231026576,693,0.8406775985866889,52079.95,1.1,True
05,iso8_matched,14,52225.0,2.0,0.15,12.839055829598843,693,0.8465364173052412,52224.25,1.1,True
05,iso8_matched,15,52285.0,2.0,0.15,12.510225171430575,622,0.8058462743717462,52285.5,1.0,True
05,iso8_matched,16,52400.0,2.0,0.15,13.13744786136446,642,0.8590882782812694,52399.95,1.0,True
05,iso8_matched,17,52488.0,2.0,0.15,11.941568650032284,704,0.6604703140877402,52488.75,1.1,True
05,iso8_matched,18,52571.0,2.0,0.15,11.422717589508496,596,0.8527318019510306,52570.35,0.9,True
05,iso8_matched,19,52638.0,2.0,0.15,10.818029057174245,643,0.9196472837631109,52637.95,1.0,True
05,iso8_matched,0,43600.0,4.0,0.15,12.334660692409017,698,0.7951523116682184,43600.65,1.1,True
05,iso8_matched,1,43717.0,4.0,0.15,12.481645976825451,623,0.8667099960208182,43717.15,0.9,True
05,iso8_matched,2,43792.0,4.0,0.15,11.94134692574754,631,0.8371165346330589,43791.95,1.0,True
05,iso8_matched,3,43875.0,4.0,0.15,14.033843846684046,565,0.820970828089017,43875.2,0.8,True
05,iso8_matched,4,43985.0,4.0,0.15,12.085156567178371,727,0.6450049298510738,43985.05,1.1,True
05,iso8_matched,5,44131.0,4.0,0.15,13.896605899898855,596,0.9273042712795752,44130.95,0.9,True
05,iso8_matched,6,44212.0,4.0,0.15,13.341814934522231,737,0.9495131413295369,44212.1,1.1,True
05,iso8_matched,7,44368.0,4.0,0.15,14.252268168553702,592,0.914011917148807,44367.9,0.9,True
05,iso8_matched,8,44467.0,4.0,0.15,16.509753026062075,643,0.950366912557459,44466.95,1.0,True
05,iso8_matched,9,44643.0,4.0,0.15,14.084701975255612,745,0.9341581923509302,44643.15,1.1,True
05,iso8_matched,10,44765.0,4.0,0.15,10.912960162153036,585,0.8937216666543076,44765.0,0.9,True
05,iso8_matched,11,44923.0,4.0,0.15,8.766566656505052,612,0.8157436550740013,44922.9,0.9,True
05,iso8_matched,12,51997.0,4.0,0.15,13.105774036533006,678,0.9409231091972511,51997.15,1.0,True
05,iso8_matched,13,52080.0,4.0,0.15,11.506090231026576,680,0.8734108697818052,52079.8,1.1,True
05,iso8_matched,14,52225.0,4.0,0.15,12.839055829598843,601,0.9527402287970728,52224.95,0.9,True
05,iso8_matched,15,52285.0,4.0,0.15,12.510225171430575,700,0.9073325833107403,52284.9,1.1,True
05,iso8_matched,16,52400.0,4.0,0.15,13.13744786136446,730,0.9311295758059595,52400.05,1.1,True
05,iso8_matched,17,52488.0,4.0,0.15,11.941568650032284,738,0.82287353127848,52488.2,1.1,True
05,iso8_matched,18,52571.0,4.0,0.15,11.422717589508496,713,0.5916714221560078,52571.75,1.1,True
05,iso8_matched,19,52638.0,4.0,0.15,10.818029057174245,731,0.9649195600061303,52638.05,1.1,True
05,iso8_matched,0,43600.0,6.0,0.15,12.334660692409017,660,0.8555011098518387,43600.0,1.0,True
05,iso8_matched,1,43717.0,6.0,0.15,12.481645976825451,708,0.9350040541444191,43717.05,1.1,True
05,iso8_matched,2,43792.0,6.0,0.15,11.94134692574754,740,0.9106898303992319,43792.1,1.1,True
05,iso8_matched,3,43875.0,6.0,0.15,14.033843846684046,641,0.9262144859481009,43874.95,1.0,True
05,iso8_matched,4,43985.0,6.0,0.15,12.085156567178371,668,0.6204248996688468,43984.3,1.0,True
05,iso8_matched,5,44131.0,6.0,0.15,13.896605899898855,693,0.8988076698438419,44131.25,1.0,True
05,iso8_matched,6,44212.0,6.0,0.15,13.341814934522231,722,0.9411096791989874,44212.0,1.1,True
05,iso8_matched,7,44368.0,6.0,0.15,14.252268168553702,668,0.9516520234715524,44368.05,1.0,True
05,iso8_matched,8,44467.0,6.0,0.15,16.509753026062075,664,0.9442105248630971,44467.05,1.0,True
05,iso8_matched,9,44643.0,6.0,0.15,14.084701975255612,733,0.9597322143235852,44643.1,1.1,True
05,iso8_matched,10,44765.0,6.0,0.15,10.912960162153036,645,0.9112149710096551,44764.9,1.0,True
05,iso8_matched,11,44923.0,6.0,0.15,8.766566656505052,750,0.8839154967324012,44922.85,1.2,True
05,iso8_matched,12,51997.0,6.0,0.15,13.105774036533006,647,0.9415015174476195,51997.05,1.0,True
05,iso8_matched,13,52080.0,6.0,0.15,11.506090231026576,644,0.9604286771469075,52079.85,1.0,True
05,iso8_matched,14,52225.0,6.0,0.15,12.839055829598843,584,0.859038922687491,52225.2,0.8,True
05,iso8_matched,15,52285.0,6.0,0.15,12.510225171430575,683,0.9059425079257112,52285.2,1.0,True
05,iso8_matched,16,52400.0,6.0,0.15,13.13744786136446,621,0.9500098784288947,52400.0,0.9,True
05,iso8_matched,17,52488.0,6.0,0.15,11.941568650032284,694,0.9107588921422729,52487.85,1.1,True
05,iso8_matched,18,52571.0,6.0,0.15,11.422717589508496,656,0.8999561404619878,52571.0,1.0,True
05,iso8_matched,19,52638.0,6.0,0.15,10.818029057174245,663,0.9593342949636108,52638.05,1.0,True
05,iso8_matched,0,43600.0,2.0,0.25,12.334660692409017,754,0.0,,,True
05,iso8_matched,1,43717.0,2.0,0.25,12.481645976825451,647,0.7488750967197795,43717.25,0.9,True
05,iso8_matched,2,43792.0,2.0,0.25,11.94134692574754,683,0.7120566196839516,43792.2,1.0,True
05,iso8_matched,3,43875.0,2.0,0.25,14.033843846684046,765,0.8092555016351346,43875.0,1.2,True
05,iso8_matched,4,43985.0,2.0,0.25,12.085156567178371,704,0.0,,,True
05,iso8_matched,5,44131.0,2.0,0.25,13.896605899898855,699,0.8624661195162406,44131.0,1.1,True
05,iso8_matched,6,44212.0,2.0,0.25,13.341814934522231,687,0.7883203385517309,44212.15,1.0,True
05,iso8_matched,7,44368.0,2.0,0.25,14.252268168553702,640,0.7377693773501073,44368.05,1.0,True
05,iso8_matched,8,44467.0,2.0,0.25,16.509753026062075,657,0.8083069704450534,44467.45,1.1,True
05,iso8_matched,9,44643.0,2.0,0.25,14.084701975255612,746,0.8661668404598135,44642.4,1.1,True
05,iso8_matched,10,44765.0,2.0,0.25,10.912960162153036,610,0.8317864266920315,44765.1,0.9,True
05,iso8_matched,11,44923.0,2.0,0.25,8.766566656505052,640,0.0,,,True
05,iso8_matched,12,51997.0,2.0,0.25,13.105774036533006,722,0.8694992025727873,51997.05,1.1,True
05,iso8_matched,13,52080.0,2.0,0.25,11.506090231026576,610,0.849508312219695,52080.15,0.9,True
05,iso8_matched,14,52225.0,2.0,0.25,12.839055829598843,693,0.8731688530037737,52224.85,1.1,True
05,iso8_matched,15,52285.0,2.0,0.25,12.510225171430575,619,0.707028342423196,52285.6,0.9,True
05,iso8_matched,16,52400.0,2.0,0.25,13.13744786136446,643,0.8458043392574477,52400.2,0.9,True
05,iso8_matched,17,52488.0,2.0,0.25,11.941568650032284,725,0.0,,,True
05,iso8_matched,18,52571.0,2.0,0.25,11.422717589508496,674,0.6980834253044873,52571.0,1.0,True
05,iso8_matched,19,52638.0,2.0,0.25,10.818029057174245,659,0.7621914007984855,52638.1,1.0,True
05,iso8_matched,0,43600.0,4.0,0.25,12.334660692409017,740,0.7380628667742187,43600.7,1.2,True
05,iso8_matched,1,43717.0,4.0,0.25,12.481645976825451,689,0.8248689354008848,43717.05,1.0,True
05,iso8_matched,2,43792.0,4.0,0.25,11.94134692574754,650,0.8989451876926354,43792.0,1.0,True
05,iso8_matched,3,43875.0,4.0,0.25,14.033843846684046,695,0.9172487897169224,43874.95,1.1,True
05,iso8_matched,4,43985.0,4.0,0.25,12.085156567178371,682,0.0,,,True
05,iso8_matched,5,44131.0,4.0,0.25,13.896605899898855,683,0.832491366478524,44130.85,1.1,True
05,iso8_matched,6,44212.0,4.0,0.25,13.341814934522231,723,0.8863216056506532,44212.15,1.1,True
05,iso8_matched,7,44368.0,4.0,0.25,14.252268168553702,707,0.8520890593659394,44367.95,1.1,True
05,iso8_matched,8,44467.0,4.0,0.25,16.509753026062075,590,0.9070625478998935,44466.9,0.9,True
05,iso8_matched,9,44643.0,4.0,0.25,14.084701975255612,730,0.8925676549242013,44642.7,1.2,True
05,iso8_matched,10,44765.0,4.0,0.25,10.912960162153036,631,0.9249872929377071,44765.0,0.9,True
05,iso8_matched,11,44923.0,4.0,0.25,8.766566656505052,619,0.8406126258928818,44923.0,0.9,True
05,iso8_matched,12,51997.0,4.0,0.25,13.105774036533006,665,0.8801063508357347,51997.0,1.0,True
05,iso8_matched,13,52080.0,4.0,0.25,11.506090231026576,688,0.905668647161559,52080.3,1.0,True
05,iso8_matched,14,52225.0,4.0,0.25,12.839055829598843,674,0.951334899345902,52225.1,1.0,True
05,iso8_matched,15,52285.0,4.0,0.25,12.510225171430575,609,0.9256032668862513,52285.0,0.9,True
05,iso8_matched,16,52400.0,4.0,0.25,13.13744786136446,700,0.8998450110077342,52400.25,1.0,True
05,iso8_matched,17,52488.0,4.0,0.25,11.941568650032284,730,0.9092957310846904,52488.05,1.1,True
05,iso8_matched,18,52571.0,4.0,0.25,11.422717589508496,620,0.5422128496418649,52571.5,1.0,True
05,iso8_matched,19,52638.0,4.0,0.25,10.818029057174245,599,0.8766052788303862,52637.85,0.9,True
05,iso8_matched,0,43600.0,6.0,0.25,12.334660692409017,675,0.8207558025598237,43599.85,1.1,True
05,iso8_matched,1,43717.0,6.0,0.25,12.481645976825451,647,0.850674647632841,43717.05,1.0,True
05,iso8_matched,2,43792.0,6.0,0.25,11.94134692574754,754,0.9136872399266303,43791.85,1.2,True
05,iso8_matched,3,43875.0,6.0,0.25,14.033843846684046,620,0.8649533325653209,43875.1,0.9,True
05,iso8_matched,4,43985.0,6.0,0.25,12.085156567178371,619,0.6426299104727812,43985.05,0.9,True
05,iso8_matched,5,44131.0,6.0,0.25,13.896605899898855,702,0.882361130718436,44130.9,1.1,True
05,iso8_matched,6,44212.0,6.0,0.25,13.341814934522231,601,0.875052825412971,44211.95,0.9,True
05,iso8_matched,7,44368.0,6.0,0.25,14.252268168553702,621,0.8736998853283868,44368.1,0.9,True
05,iso8_matched,8,44467.0,6.0,0.25,16.509753026062075,634,0.9308217346485991,44466.95,1.0,True
05,iso8_matched,9,44643.0,6.0,0.25,14.084701975255612,659,0.9234130181897057,44642.85,1.0,True
05,iso8_matched,10,44765.0,6.0,0.25,10.912960162153036,659,0.9035892330404608,44764.75,1.1,True
05,iso8_matched,11,44923.0,6.0,0.25,8.766566656505052,652,0.9064712026418815,44923.05,1.0,True
05,iso8_matched,12,51997.0,6.0,0.25,13.105774036533006,701,0.9577930714928719,51997.0,1.1,True
05,iso8_matched,13,52080.0,6.0,0.25,11.506090231026576,713,0.9193103974277089,52079.9,1.1,True
05,iso8_matched,14,52225.0,6.0,0.25,12.839055829598843,702,0.721059409353338,52224.35,1.1,True
05,iso8_matched,15,52285.0,6.0,0.25,12.510225171430575,718,0.9011487093256658,52284.95,1.1,True
05,iso8_matched,16,52400.0,6.0,0.25,13.13744786136446,667,0.9033054677829083,52400.0,1.0,True
05,iso8_matched,17,52488.0,6.0,0.25,11.941568650032284,609,0.8196766534715297,52488.0,0.9,True
05,iso8_matched,18,52571.0,6.0,0.25,11.422717589508496,592,0.8840794421161984,52570.9,0.9,True
05,iso8_matched,19,52638.0,6.0,0.25,10.818029057174245,707,0.9527634992718771,52638.0,1.1,True
05,sync8_c0,0,43600.0,2.0,0.05,12.334660692409017,674,0.6856249170338606,43599.9,1.1,True
05,sync8_c0,1,43717.0,2.0,0.05,12.481645976825451,727,0.7549893124752046,43717.15,1.1,True
05,sync8_c0,2,43792.0,2.0,0.05,11.94134692574754,741,0.7178948912699544,43792.2,1.1,True
05,sync8_c0,3,43875.0,2.0,0.05,14.033843846684046,700,0.8196198633810771,43875.0,1.1,True
05,sync8_c0,4,43985.0,2.0,0.05,12.085156567178371,680,0.0,,,True
05,sync8_c0,5,44131.0,2.0,0.05,13.896605899898855,635,0.7990887384343816,44130.9,1.0,True
05,sync8_c0,6,44212.0,2.0,0.05,13.341814934522231,619,0.8852577674596295,44212.0,0.9,True
05,sync8_c0,7,44368.0,2.0,0.05,14.252268168553702,600,0.9034081131704352,44367.9,0.9,True
05,sync8_c0,8,44467.0,2.0,0.05,16.509753026062075,666,0.9040395447558747,44467.05,1.0,True
05,sync8_c0,9,44643.0,2.0,0.05,14.084701975255612,732,0.8552313181402725,44643.2,1.1,True
05,sync8_c0,10,44765.0,2.0,0.05,10.912960162153036,642,0.9314717461228937,44764.95,1.0,True
05,sync8_c0,11,44923.0,2.0,0.05,8.766566656505052,674,0.6643713027033116,44923.1,1.0,True
05,sync8_c0,12,51997.0,2.0,0.05,13.105774036533006,647,0.9148787490010668,51996.95,1.0,True
05,sync8_c0,13,52080.0,2.0,0.05,11.506090231026576,622,0.8852014120500034,52080.05,0.9,True
05,sync8_c0,14,52225.0,2.0,0.05,12.839055829598843,704,0.9389386503381235,52225.0,1.1,True
05,sync8_c0,15,52285.0,2.0,0.05,12.510225171430575,642,0.7215289523258813,52284.95,1.0,True
05,sync8_c0,16,52400.0,2.0,0.05,13.13744786136446,705,0.8221387842605885,52400.0,1.1,True
05,sync8_c0,17,52488.0,2.0,0.05,11.941568650032284,626,0.7580293595116802,52487.85,1.0,True
05,sync8_c0,18,52571.0,2.0,0.05,11.422717589508496,704,0.7815163724320244,52571.0,1.1,True
05,sync8_c0,19,52638.0,2.0,0.05,10.818029057174245,740,0.8609222722302311,52638.2,1.1,True
05,sync8_c0,0,43600.0,4.0,0.05,12.334660692409017,602,0.8289337941453417,43599.95,0.9,True
05,sync8_c0,1,43717.0,4.0,0.05,12.481645976825451,667,0.8924823881421269,43717.05,1.0,True
05,sync8_c0,2,43792.0,4.0,0.05,11.94134692574754,604,0.9435570870739244,43791.95,0.9,True
05,sync8_c0,3,43875.0,4.0,0.05,14.033843846684046,594,0.9017516654242681,43874.9,0.9,True
05,sync8_c0,4,43985.0,4.0,0.05,12.085156567178371,599,0.5424694758824237,43984.95,0.9,True
05,sync8_c0,5,44131.0,4.0,0.05,13.896605899898855,637,0.9102411071051469,44130.95,1.0,True
05,sync8_c0,6,44212.0,4.0,0.05,13.341814934522231,681,0.8996495714688436,44211.9,1.1,True
05,sync8_c0,7,44368.0,4.0,0.05,14.252268168553702,662,0.948028626799651,44368.05,1.0,True
05,sync8_c0,8,44467.0,4.0,0.05,16.509753026062075,602,0.9561848828817916,44466.95,0.9,True
05,sync8_c0,9,44643.0,4.0,0.05,14.084701975255612,709,0.9621542682831848,44643.05,1.1,True
05,sync8_c0,10,44765.0,4.0,0.05,10.912960162153036,602,0.9738255622094174,44764.95,0.9,True
05,sync8_c0,11,44923.0,4.0,0.05,8.766566656505052,677,0.8719001614242518,44923.1,1.0,True
05,sync8_c0,12,51997.0,4.0,0.05,13.105774036533006,661,0.9687034524783757,51997.0,1.0,True
05,sync8_c0,13,52080.0,4.0,0.05,11.506090231026576,597,0.9692332843712952,52079.95,0.9,True
05,sync8_c0,14,52225.0,4.0,0.05,12.839055829598843,695,0.9714620011370043,52225.0,1.1,True
05,sync8_c0,15,52285.0,4.0,0.05,12.510225171430575,727,0.9011290217849929,52285.15,1.1,True
05,sync8_c0,16,52400.0,4.0,0.05,13.13744786136446,725,0.9127614527256045,52400.15,1.1,True
05,sync8_c0,17,52488.0,4.0,0.05,11.941568650032284,651,0.9103513005209578,52487.95,1.0,True
05,sync8_c0,18,52571.0,4.0,0.05,11.422717589508496,650,0.8659075497821289,52571.0,1.0,True
05,sync8_c0,19,52638.0,4.0,0.05,10.818029057174245,697,0.9542328417294457,52638.0,1.1,True
05,sync8_c0,0,43600.0,6.0,0.05,12.334660692409017,686,0.8263109720528186,43600.15,1.0,True
05,sync8_c0,1,43717.0,6.0,0.05,12.481645976825451,679,0.8816870987161682,43716.9,1.1,True
05,sync8_c0,2,43792.0,6.0,0.05,11.94134692574754,651,0.9608410256347285,43792.0,1.0,True
05,sync8_c0,3,43875.0,6.0,0.05,14.033843846684046,665,0.9482449015796853,43875.05,1.0,True
05,sync8_c0,4,43985.0,6.0,0.05,12.085156567178371,659,0.6456468857360307,43985.05,1.0,True
05,sync8_c0,5,44131.0,6.0,0.05,13.896605899898855,685,0.917707905288462,44130.95,1.1,True
05,sync8_c0,6,44212.0,6.0,0.05,13.341814934522231,690,0.92150404835038,44211.95,1.1,True
05,sync8_c0,7,44368.0,6.0,0.05,14.252268168553702,638,0.9117834804308382,44367.9,1.0,True
05,sync8_c0,8,44467.0,6.0,0.05,16.509753026062075,719,0.9664738066721638,44467.1,1.1,True
05,sync8_c0,9,44643.0,6.0,0.05,14.084701975255612,625,0.8897002028807792,44642.85,1.0,True
05,sync8_c0,10,44765.0,6.0,0.05,10.912960162153036,629,0.892552877758052,44764.9,1.0,True
05,sync8_c0,11,44923.0,6.0,0.05,8.766566656505052,697,0.9243174864609136,44923.0,1.1,True
05,sync8_c0,12,51997.0,6.0,0.05,13.105774036533006,613,0.9475225269118821,51997.0,0.9,True
05,sync8_c0,13,52080.0,6.0,0.05,11.506090231026576,653,0.9863343614050033,52080.0,1.0,True
05,sync8_c0,14,52225.0,6.0,0.05,12.839055829598843,712,0.9941197140960444,52225.05,1.1,True
05,sync8_c0,15,52285.0,6.0,0.05,12.510225171430575,712,0.935338718787791,52285.05,1.1,True
05,sync8_c0,16,52400.0,6.0,0.05,13.13744786136446,659,0.975101936444162,52400.0,1.0,True
05,sync8_c0,17,52488.0,6.0,0.05,11.941568650032284,743,0.8662199436358885,52487.9,1.2,True
05,sync8_c0,18,52571.0,6.0,0.05,11.422717589508496,700,0.8548867290863192,52571.05,1.1,True
05,sync8_c0,19,52638.0,6.0,0.05,10.818029057174245,711,0.9820034079964607,52638.05,1.1,True
05,sync8_c0,0,43600.0,2.0,0.15,12.334660692409017,659,0.6306144229849069,43600.0,1.0,True
05,sync8_c0,1,43717.0,2.0,0.15,12.481645976825451,608,0.6476427201080521,43717.0,0.9,True
05,sync8_c0,2,43792.0,2.0,0.15,11.94134692574754,584,0.7100274117946733,43791.9,0.9,True
05,sync8_c0,3,43875.0,2.0,0.15,14.033843846684046,659,0.7671628680156823,43875.05,1.0,True
05,sync8_c0,4,43985.0,2.0,0.15,12.085156567178371,711,0.0,,,True
05,sync8_c0,5,44131.0,2.0,0.15,13.896605899898855,634,0.8395047718131092,44130.9,1.0,True
05,sync8_c0,6,44212.0,2.0,0.15,13.341814934522231,723,0.9322763808299158,44212.1,1.1,True
05,sync8_c0,7,44368.0,2.0,0.15,14.252268168553702,729,0.7761301734880166,44368.05,1.1,True
05,sync8_c0,8,44467.0,2.0,0.15,16.509753026062075,576,0.7768547710082875,44467.05,0.8,True
05,sync8_c0,9,44643.0,2.0,0.15,14.084701975255612,680,0.8534463588988438,44642.85,1.1,True
05,sync8_c0,10,44765.0,2.0,0.15,10.912960162153036,579,0.8669731467649423,44764.85,0.9,True
05,sync8_c0,11,44923.0,2.0,0.15,8.766566656505052,667,0.7490931270318937,44923.1,1.0,True
05,sync8_c0,12,51997.0,2.0,0.15,13.105774036533006,591,0.9033273898051767,51996.95,0.9,True
05,sync8_c0,13,52080.0,2.0,0.15,11.506090231026576,693,0.8557219443974775,52080.0,1.1,True
05,sync8_c0,14,52225.0,2.0,0.15,12.839055829598843,678,0.8851706262978204,52225.1,1.0,True
05,sync8_c0,15,52285.0,2.0,0.15,12.510225171430575,677,0.7044271924044421,52284.85,1.1,True
05,sync8_c0,16,52400.0,2.0,0.15,13.13744786136446,698,0.8793468855630591,52400.05,1.1,True
05,sync8_c0,17,52488.0,2.0,0.15,11.941568650032284,635,0.0,,,True
05,sync8_c0,18,52571.0,2.0,0.15,11.422717589508496,749,0.697583025545104,52571.1,1.1,True
05,sync8_c0,19,52638.0,2.0,0.15,10.818029057174245,725,0.8238401939192814,52638.15,1.1,True
05,sync8_c0,0,43600.0,4.0,0.15,12.334660692409017,645,0.8319362099711164,43600.1,0.9,True
05,sync8_c0,1,43717.0,4.0,0.15,12.481645976825451,751,0.8333088375262564,43717.25,1.1,True
05,sync8_c0,2,43792.0,4.0,0.15,11.94134692574754,593,0.8921336876777454,43791.9,0.9,True
05,sync8_c0,3,43875.0,4.0,0.15,14.033843846684046,714,0.8919701969854369,43875.05,1.1,True
05,sync8_c0,4,43985.0,4.0,0.15,12.085156567178371,757,0.5051038765844494,43985.0,1.2,True
05,sync8_c0,5,44131.0,4.0,0.15,13.896605899898855,755,0.8647783467725348,44130.95,1.2,True
05,sync8_c0,6,44212.0,4.0,0.15,13.341814934522231,734,0.8939177742572099,44212.2,1.1,True
05,sync8_c0,7,44368.0,4.0,0.15,14.252268168553702,611,0.8619650917281818,44367.85,1.0,True
05,sync8_c0,8,44467.0,4.0,0.15,16.509753026062075,599,0.9367407107494858,44466.95,0.9,True
05,sync8_c0,9,44643.0,4.0,0.15,14.084701975255612,725,0.9218599289504162,44643.2,1.1,True
05,sync8_c0,10,44765.0,4.0,0.15,10.912960162153036,739,0.9142216118729534,44765.15,1.1,True
05,sync8_c0,11,44923.0,4.0,0.15,8.766566656505052,642,0.8438093531640632,44923.0,1.0,True
05,sync8_c0,12,51997.0,4.0,0.15,13.105774036533006,697,0.955287211692651,51997.0,1.1,True
05,sync8_c0,13,52080.0,4.0,0.15,11.506090231026576,636,0.899164707118683,52079.9,1.0,True
05,sync8_c0,14,52225.0,4.0,0.15,12.839055829598843,685,0.8933237492574285,52224.95,1.1,True
05,sync8_c0,15,52285.0,4.0,0.15,12.510225171430575,688,0.8676295403406676,52284.85,1.1,True
05,sync8_c0,16,52400.0,4.0,0.15,13.13744786136446,659,0.8777560704240072,52400.1,1.0,True
05,sync8_c0,17,52488.0,4.0,0.15,11.941568650032284,625,0.8685674679171267,52488.05,0.9,True
05,sync8_c0,18,52571.0,4.0,0.15,11.422717589508496,740,0.8202985109065226,52571.15,1.1,True
05,sync8_c0,19,52638.0,4.0,0.15,10.818029057174245,663,0.9292133242397838,52638.0,1.0,True
05,sync8_c0,0,43600.0,6.0,0.15,12.334660692409017,644,0.858791156232659,43599.85,1.0,True
05,sync8_c0,1,43717.0,6.0,0.15,12.481645976825451,674,0.9027634707086534,43717.1,1.0,True
05,sync8_c0,2,43792.0,6.0,0.15,11.94134692574754,584,0.9071964091311375,43791.9,0.9,True
05,sync8_c0,3,43875.0,6.0,0.15,14.033843846684046,656,0.9260853874021244,43875.0,1.0,True
05,sync8_c0,4,43985.0,6.0,0.15,12.085156567178371,687,0.5981023170106939,43984.95,1.1,True
05,sync8_c0,5,44131.0,6.0,0.15,13.896605899898855,645,0.8622297355759773,44130.85,1.0,True
05,sync8_c0,6,44212.0,6.0,0.15,13.341814934522231,611,0.8933182971968109,44211.95,0.9,True
05,sync8_c0,7,44368.0,6.0,0.15,14.252268168553702,689,0.9334090385854186,44367.9,1.1,True
05,sync8_c0,8,44467.0,6.0,0.15,16.509753026062075,635,0.9030618454311239,44466.9,1.0,True
05,sync8_c0,9,44643.0,6.0,0.15,14.084701975255612,711,0.9532170627849125,44643.05,1.1,True
05,sync8_c0,10,44765.0,6.0,0.15,10.912960162153036,690,0.9567472383283253,44764.95,1.1,True
05,sync8_c0,11,44923.0,6.0,0.15,8.766566656505052,602,0.9021089898687614,44923.0,0.9,True
05,sync8_c0,12,51997.0,6.0,0.15,13.105774036533006,703,0.9487229722464054,51997.05,1.1,True
05,sync8_c0,13,52080.0,6.0,0.15,11.506090231026576,692,0.9178727183254619,52079.95,1.1,True
05,sync8_c0,14,52225.0,6.0,0.15,12.839055829598843,733,0.9266234475302225,52225.1,1.1,True
05,sync8_c0,15,52285.0,6.0,0.15,12.510225171430575,732,0.8609712649736322,52284.85,1.2,True
05,sync8_c0,16,52400.0,6.0,0.15,13.13744786136446,585,0.9146399736133249,52399.9,0.9,True
05,sync8_c0,17,52488.0,6.0,0.15,11.941568650032284,672,0.8722669258685108,52488.1,1.0,True
05,sync8_c0,18,52571.0,6.0,0.15,11.422717589508496,718,0.8876675131633375,52571.05,1.1,True
05,sync8_c0,19,52638.0,6.0,0.15,10.818029057174245,651,0.9570804134603524,52637.9,1.0,True
05,sync8_c0,0,43600.0,2.0,0.25,12.334660692409017,666,0.6267403770858931,43600.15,0.9,True
05,sync8_c0,1,43717.0,2.0,0.25,12.481645976825451,693,0.767105511307926,43716.9,1.1,True
05,sync8_c0,2,43792.0,2.0,0.25,11.94134692574754,717,0.7324793105431094,43791.95,1.1,True
05,sync8_c0,3,43875.0,2.0,0.25,14.033843846684046,724,0.809399068319885,43875.1,1.1,True
05,sync8_c0,4,43985.0,2.0,0.25,12.085156567178371,667,0.0,,,True
05,sync8_c0,5,44131.0,2.0,0.25,13.896605899898855,653,0.8417345028569106,44131.05,1.0,True
05,sync8_c0,6,44212.0,2.0,0.25,13.341814934522231,605,0.8631290544508662,44212.1,0.9,True
05,sync8_c0,7,44368.0,2.0,0.25,14.252268168553702,749,0.0,,,True
05,sync8_c0,8,44467.0,2.0,0.25,16.509753026062075,617,0.8215285276846749,44466.85,1.0,True
05,sync8_c0,9,44643.0,2.0,0.25,14.084701975255612,647,0.8752651401961402,44643.05,1.0,True
05,sync8_c0,10,44765.0,2.0,0.25,10.912960162153036,664,0.9153478130976718,44765.1,1.0,True
05,sync8_c0,11,44923.0,2.0,0.25,8.766566656505052,716,0.6812776241121865,44923.05,1.1,True
05,sync8_c0,12,51997.0,2.0,0.25,13.105774036533006,687,0.8771564376619321,51996.85,1.1,True
05,sync8_c0,13,52080.0,2.0,0.25,11.506090231026576,680,0.7169742114295516,52079.9,1.1,True
05,sync8_c0,14,52225.0,2.0,0.25,12.839055829598843,604,0.7913616242509912,52225.0,0.9,True
05,sync8_c0,15,52285.0,2.0,0.25,12.510225171430575,623,0.7180194109913995,52285.05,0.9,True
05,sync8_c0,16,52400.0,2.0,0.25,13.13744786136446,596,0.7963645322767815,52399.95,0.9,True
05,sync8_c0,17,52488.0,2.0,0.25,11.941568650032284,588,0.0,,,True
05,sync8_c0,18,52571.0,2.0,0.25,11.422717589508496,687,0.0,,,True
05,sync8_c0,19,52638.0,2.0,0.25,10.818029057174245,689,0.8029406316443375,52637.85,1.1,True
05,sync8_c0,0,43600.0,4.0,0.25,12.334660692409017,710,0.7119357993615897,43600.15,1.0,True
05,sync8_c0,1,43717.0,4.0,0.25,12.481645976825451,706,0.8666786300737586,43716.95,1.1,True
05,sync8_c0,2,43792.0,4.0,0.25,11.94134692574754,629,0.8006622679506573,43791.85,1.0,True
05,sync8_c0,3,43875.0,4.0,0.25,14.033843846684046,602,0.8951731154320838,43875.05,0.9,True
05,sync8_c0,4,43985.0,4.0,0.25,12.085156567178371,741,0.5094411762677062,43985.3,1.1,True
05,sync8_c0,5,44131.0,4.0,0.25,13.896605899898855,614,0.836003119411564,44130.95,0.9,True
05,sync8_c0,6,44212.0,4.0,0.25,13.341814934522231,699,0.9432808850464749,44211.85,1.1,True
05,sync8_c0,7,44368.0,4.0,0.25,14.252268168553702,646,0.8662995576409952,44368.15,0.9,True
05,sync8_c0,8,44467.0,4.0,0.25,16.509753026062075,606,0.8643323690710379,44466.95,0.9,True
05,sync8_c0,9,44643.0,4.0,0.25,14.084701975255612,784,0.9404773126398379,44643.0,1.2,True
05,sync8_c0,10,44765.0,4.0,0.25,10.912960162153036,716,0.9030765786186958,44765.0,1.1,True
05,sync8_c0,11,44923.0,4.0,0.25,8.766566656505052,693,0.8435306403799795,44922.95,1.1,True
05,sync8_c0,12,51997.0,4.0,0.25,13.105774036533006,762,0.8697703263144329,51997.05,1.2,True
05,sync8_c0,13,52080.0,4.0,0.25,11.506090231026576,730,0.9331854859397697,52080.1,1.1,True
05,sync8_c0,14,52225.0,4.0,0.25,12.839055829598843,687,0.9022545371730119,52224.9,1.1,True
05,sync8_c0,15,52285.0,4.0,0.25,12.510225171430575,693,0.8420899675606406,52284.95,1.1,True
05,sync8_c0,16,52400.0,4.0,0.25,13.13744786136446,616,0.8764179168857629,52399.85,1.0,True
05,sync8_c0,17,52488.0,4.0,0.25,11.941568650032284,683,0.7831471858155746,52488.0,1.1,True
05,sync8_c0,18,52571.0,4.0,0.25,11.422717589508496,678,0.8438238229414727,52570.85,1.1,True
05,sync8_c0,19,52638.0,4.0,0.25,10.818029057174245,662,0.8519720791046304,52638.0,1.0,True
05,sync8_c0,0,43600.0,6.0,0.25,12.334660692409017,720,0.6699183364835449,43600.75,1.2,True
05,sync8_c0,1,43717.0,6.0,0.25,12.481645976825451,661,0.8814038456719056,43716.95,1.0,True
05,sync8_c0,2,43792.0,6.0,0.25,11.94134692574754,659,0.9247522021373055,43792.0,1.0,True
05,sync8_c0,3,43875.0,6.0,0.25,14.033843846684046,672,0.8086230735481952,43875.3,1.0,True
05,sync8_c0,4,43985.0,6.0,0.25,12.085156567178371,712,0.5628372920666215,43985.05,1.1,True
05,sync8_c0,5,44131.0,6.0,0.25,13.896605899898855,715,0.8551370001694069,44131.05,1.1,True
05,sync8_c0,6,44212.0,6.0,0.25,13.341814934522231,666,0.8761169464404027,44211.95,1.0,True
05,sync8_c0,7,44368.0,6.0,0.25,14.252268168553702,663,0.8957918269637036,44368.05,1.0,True
05,sync8_c0,8,44467.0,6.0,0.25,16.509753026062075,650,0.9221129186749915,44467.0,1.0,True
05,sync8_c0,9,44643.0,6.0,0.25,14.084701975255612,712,0.9591707446614002,44643.0,1.1,True
05,sync8_c0,10,44765.0,6.0,0.25,10.912960162153036,611,0.9008120212103693,44765.05,0.9,True
05,sync8_c0,11,44923.0,6.0,0.25,8.766566656505052,645,0.8802399498709531,44922.85,1.0,True
05,sync8_c0,12,51997.0,6.0,0.25,13.105774036533006,589,0.9032042559106064,51996.95,0.9,True
05,sync8_c0,13,52080.0,6.0,0.25,11.506090231026576,649,0.9172080363760239,52080.0,1.0,True
05,sync8_c0,14,52225.0,6.0,0.25,12.839055829598843,686,0.9150987613376161,52225.0,1.1,True
05,sync8_c0,15,52285.0,6.0,0.25,12.510225171430575,616,0.9075189863376373,52285.05,0.9,True
05,sync8_c0,16,52400.0,6.0,0.25,13.13744786136446,624,0.9151449730334601,52400.0,0.9,True
05,sync8_c0,17,52488.0,6.0,0.25,11.941568650032284,618,0.7766388243139897,52487.9,1.0,True
05,sync8_c0,18,52571.0,6.0,0.25,11.422717589508496,654,0.8713731229853715,52571.1,1.0,True
05,sync8_c0,19,52638.0,6.0,0.25,10.818029057174245,760,0.9293412045426849,52637.9,1.2,True
05,sync8_c1,0,43600.0,2.0,0.05,12.334660692409017,742,0.5485804225613352,43599.85,1.2,True
05,sync8_c1,1,43717.0,2.0,0.05,12.481645976825451,657,0.8205482886521921,43717.0,1.0,True
05,sync8_c1,2,43792.0,2.0,0.05,11.94134692574754,686,0.7474142012010718,43792.15,1.0,True
05,sync8_c1,3,43875.0,2.0,0.05,14.033843846684046,648,0.7815117525755675,43875.0,1.0,True
05,sync8_c1,4,43985.0,2.0,0.05,12.085156567178371,675,0.0,,,True
05,sync8_c1,5,44131.0,2.0,0.05,13.896605899898855,672,0.8870212623812109,44131.1,1.0,True
05,sync8_c1,6,44212.0,2.0,0.05,13.341814934522231,604,0.9022967700068453,44212.0,0.9,True
05,sync8_c1,7,44368.0,2.0,0.05,14.252268168553702,617,0.7957137941551131,44368.05,0.9,True
05,sync8_c1,8,44467.0,2.0,0.05,16.509753026062075,641,0.8893652628425158,44466.9,1.0,True
05,sync8_c1,9,44643.0,2.0,0.05,14.084701975255612,721,0.9000716113145115,44643.1,1.1,True
05,sync8_c1,10,44765.0,2.0,0.05,10.912960162153036,660,0.9458876249130478,44765.0,1.0,True
05,sync8_c1,11,44923.0,2.0,0.05,8.766566656505052,642,0.7868181885702695,44922.95,1.0,True
05,sync8_c1,12,51997.0,2.0,0.05,13.105774036533006,728,0.9008793806843205,51997.1,1.1,True
05,sync8_c1,13,52080.0,2.0,0.05,11.506090231026576,734,0.8754931110709813,52080.15,1.1,True
05,sync8_c1,14,52225.0,2.0,0.05,12.839055829598843,624,0.8747840056646179,52225.1,0.9,True
05,sync8_c1,15,52285.0,2.0,0.05,12.510225171430575,656,0.8268363861615522,52285.0,1.0,True
05,sync8_c1,16,52400.0,2.0,0.05,13.13744786136446,696,0.8767193335935818,52399.95,1.1,True
05,sync8_c1,17,52488.0,2.0,0.05,11.941568650032284,603,0.7506943331344129,52487.95,0.9,True
05,sync8_c1,18,52571.0,2.0,0.05,11.422717589508496,604,0.6533009481231489,52570.95,0.9,True
05,sync8_c1,19,52638.0,2.0,0.05,10.818029057174245,623,0.8513675163518842,52638.05,0.9,True
05,sync8_c1,0,43600.0,4.0,0.05,12.334660692409017,686,0.7936320293743132,43599.95,1.1,True
05,sync8_c1,1,43717.0,4.0,0.05,12.481645976825451,607,0.9289206565905831,43717.0,0.9,True
05,sync8_c1,2,43792.0,4.0,0.05,11.94134692574754,632,0.8607749950861332,43791.9,1.0,True
05,sync8_c1,3,43875.0,4.0,0.05,14.033843846684046,665,0.9298452880677258,43875.05,1.0,True
05,sync8_c1,4,43985.0,4.0,0.05,12.085156567178371,696,0.6083656520631384,43984.95,1.1,True
05,sync8_c1,5,44131.0,4.0,0.05,13.896605899898855,717,0.9453987412413527,44131.1,1.1,True
05,sync8_c1,6,44212.0,4.0,0.05,13.341814934522231,631,0.9293856413224815,44211.9,1.0,True
05,sync8_c1,7,44368.0,4.0,0.05,14.252268168553702,678,0.9126695252099758,44368.1,1.0,True
05,sync8_c1,8,44467.0,4.0,0.05,16.509753026062075,681,0.8874972967933225,44467.15,1.0,True
05,sync8_c1,9,44643.0,4.0,0.05,14.084701975255612,612,0.924821373888671,44643.0,0.9,True
05,sync8_c1,10,44765.0,4.0,0.05,10.912960162153036,742,0.8899892154968827,44765.2,1.1,True
05,sync8_c1,11,44923.0,4.0,0.05,8.766566656505052,675,0.8795819256397656,44923.1,1.0,True
05,sync8_c1,12,51997.0,4.0,0.05,13.105774036533006,680,0.9133478507844991,51997.15,1.0,True
05,sync8_c1,13,52080.0,4.0,0.05,11.506090231026576,700,0.9441866626692884,52080.0,1.1,True
05,sync8_c1,14,52225.0,4.0,0.05,12.839055829598843,677,0.9248935332078236,52225.1,1.0,True
05,sync8_c1,15,52285.0,4.0,0.05,12.510225171430575,584,0.8738935053567283,52284.9,0.9,True
05,sync8_c1,16,52400.0,4.0,0.05,13.13744786136446,647,0.9539362035184605,52400.0,1.0,True
05,sync8_c1,17,52488.0,4.0,0.05,11.941568650032284,605,0.8766991022262312,52488.0,0.9,True
05,sync8_c1,18,52571.0,4.0,0.05,11.422717589508496,666,0.8296279904007213,52571.05,1.0,True
05,sync8_c1,19,52638.0,4.0,0.05,10.818029057174245,728,0.9406665208995928,52638.1,1.1,True
05,sync8_c1,0,43600.0,6.0,0.05,12.334660692409017,598,0.9402042029292594,43599.95,0.9,True
05,sync8_c1,1,43717.0,6.0,0.05,12.481645976825451,650,0.9595356822966654,43716.95,1.0,True
05,sync8_c1,2,43792.0,6.0,0.05,11.94134692574754,584,0.9065915253595083,43791.85,0.9,True
05,sync8_c1,3,43875.0,6.0,0.05,14.033843846684046,593,0.9461464298600989,43874.9,0.9,True
05,sync8_c1,4,43985.0,6.0,0.05,12.085156567178371,639,0.6988342546260574,43984.95,1.0,True
05,sync8_c1,5,44131.0,6.0,0.05,13.896605899898855,614,0.9538105905219557,44131.0,0.9,True
05,sync8_c1,6,44212.0,6.0,0.05,13.341814934522231,638,0.9282752997889999,44211.9,1.0,True
05,sync8_c1,7,44368.0,6.0,0.05,14.252268168553702,618,0.9295727999675248,44368.05,0.9,True
05,sync8_c1,8,44467.0,6.0,0.05,16.509753026062075,607,0.9675026867817734,44467.0,0.9,True
05,sync8_c1,9,44643.0,6.0,0.05,14.084701975255612,734,0.9256300491225437,44643.15,1.1,True
05,sync8_c1,10,44765.0,6.0,0.05,10.912960162153036,661,0.976867916650908,44765.05,1.0,True
05,sync8_c1,11,44923.0,6.0,0.05,8.766566656505052,609,0.9083647005194248,44923.0,0.9,True
05,sync8_c1,12,51997.0,6.0,0.05,13.105774036533006,654,0.9743748741007476,51997.0,1.0,True
05,sync8_c1,13,52080.0,6.0,0.05,11.506090231026576,672,0.9399918683129246,52080.1,1.0,True
05,sync8_c1,14,52225.0,6.0,0.05,12.839055829598843,708,0.9757195353778205,52225.0,1.1,True
05,sync8_c1,15,52285.0,6.0,0.05,12.510225171430575,666,0.907413571273062,52285.05,1.0,True
05,sync8_c1,16,52400.0,6.0,0.05,13.13744786136446,668,0.949944271450647,52400.05,1.0,True
05,sync8_c1,17,52488.0,6.0,0.05,11.941568650032284,671,0.890412751902549,52488.05,1.0,True
05,sync8_c1,18,52571.0,6.0,0.05,11.422717589508496,715,0.89500889015772,52571.1,1.1,True
05,sync8_c1,19,52638.0,6.0,0.05,10.818029057174245,688,0.9295157365817595,52637.9,1.1,True
05,sync8_c1,0,43600.0,2.0,0.15,12.334660692409017,597,0.756064623508184,43600.0,0.9,True
05,sync8_c1,1,43717.0,2.0,0.15,12.481645976825451,585,0.6823509692343376,43716.85,0.9,True
05,sync8_c1,2,43792.0,2.0,0.15,11.94134692574754,675,0.7135503987513873,43791.9,1.1,True
05,sync8_c1,3,43875.0,2.0,0.15,14.033843846684046,620,0.6845306557165133,43874.95,1.0,True
05,sync8_c1,4,43985.0,2.0,0.15,12.085156567178371,654,0.0,,,True
05,sync8_c1,5,44131.0,2.0,0.15,13.896605899898855,712,0.836112223133562,44131.05,1.1,True
05,sync8_c1,6,44212.0,2.0,0.15,13.341814934522231,746,0.8914323169509885,44211.95,1.2,True
05,sync8_c1,7,44368.0,2.0,0.15,14.252268168553702,697,0.7845599982889949,44368.1,1.0,True
05,sync8_c1,8,44467.0,2.0,0.15,16.509753026062075,716,0.8926238910235751,44467.0,1.1,True
05,sync8_c1,9,44643.0,2.0,0.15,14.084701975255612,651,0.8857557344506463,44642.95,1.0,True
05,sync8_c1,10,44765.0,2.0,0.15,10.912960162153036,730,0.9183349303347984,44765.1,1.1,True
05,sync8_c1,11,44923.0,2.0,0.15,8.766566656505052,663,0.7914376959857516,44923.0,1.0,True
05,sync8_c1,12,51997.0,2.0,0.15,13.105774036533006,734,0.8853532368079962,51997.1,1.1,True
05,sync8_c1,13,52080.0,2.0,0.15,11.506090231026576,751,0.8316106808980203,52079.85,1.2,True
05,sync8_c1,14,52225.0,2.0,0.15,12.839055829598843,636,0.8478831093153407,52224.85,1.0,True
05,sync8_c1,15,52285.0,2.0,0.15,12.510225171430575,724,0.7371577972782616,52285.2,1.1,True
05,sync8_c1,16,52400.0,2.0,0.15,13.13744786136446,647,0.8573149195833001,52399.95,1.0,True
05,sync8_c1,17,52488.0,2.0,0.15,11.941568650032284,741,0.7109668341880737,52487.9,1.2,True
05,sync8_c1,18,52571.0,2.0,0.15,11.422717589508496,651,0.6581267968808449,52570.8,1.1,True
05,sync8_c1,19,52638.0,2.0,0.15,10.818029057174245,671,0.9061056201305423,52638.1,1.0,True
05,sync8_c1,0,43600.0,4.0,0.15,12.334660692409017,596,0.7577226100176202,43599.95,0.9,True
05,sync8_c1,1,43717.0,4.0,0.15,12.481645976825451,710,0.9329674144806418,43717.05,1.1,True
05,sync8_c1,2,43792.0,4.0,0.15,11.94134692574754,631,0.8601201819336874,43791.9,1.0,True
05,sync8_c1,3,43875.0,4.0,0.15,14.033843846684046,718,0.9237895363672922,43875.05,1.1,True
05,sync8_c1,4,43985.0,4.0,0.15,12.085156567178371,656,0.0,,,True
05,sync8_c1,5,44131.0,4.0,0.15,13.896605899898855,715,0.9305360542575482,44131.1,1.1,True
05,sync8_c1,6,44212.0,4.0,0.15,13.341814934522231,675,0.9070015771961162,44212.1,1.0,True
05,sync8_c1,7,44368.0,4.0,0.15,14.252268168553702,706,0.9061062116160543,44368.05,1.1,True
05,sync8_c1,8,44467.0,4.0,0.15,16.509753026062075,749,0.8841032076202621,44466.95,1.2,True
05,sync8_c1,9,44643.0,4.0,0.15,14.084701975255612,677,0.8882978315193384,44643.15,1.0,True
05,sync8_c1,10,44765.0,4.0,0.15,10.912960162153036,709,0.936039123458364,44765.1,1.1,True
05,sync8_c1,11,44923.0,4.0,0.15,8.766566656505052,646,0.8957586878092392,44922.9,1.0,True
05,sync8_c1,12,51997.0,4.0,0.15,13.105774036533006,627,0.8507416433656417,51996.85,1.0,True
05,sync8_c1,13,52080.0,4.0,0.15,11.506090231026576,668,0.8919701326052571,52080.15,1.0,True
05,sync8_c1,14,52225.0,4.0,0.15,12.839055829598843,656,0.9285130079908688,52225.0,1.0,True
05,sync8_c1,15,52285.0,4.0,0.15,12.510225171430575,683,0.8107603881349676,52285.0,1.1,True
05,sync8_c1,16,52400.0,4.0,0.15,13.13744786136446,640,0.8972118128107435,52400.0,1.0,True
05,sync8_c1,17,52488.0,4.0,0.15,11.941568650032284,683,0.8419084508706798,52487.95,1.1,True
05,sync8_c1,18,52571.0,4.0,0.15,11.422717589508496,640,0.8003350423885062,52571.1,0.9,True
05,sync8_c1,19,52638.0,4.0,0.15,10.818029057174245,641,0.9075678203300143,52637.9,1.0,True
05,sync8_c1,0,43600.0,6.0,0.15,12.334660692409017,700,0.9100654938639403,43600.05,1.1,True
05,sync8_c1,1,43717.0,6.0,0.15,12.481645976825451,582,0.8735108550243653,43716.9,0.9,True
05,sync8_c1,2,43792.0,6.0,0.15,11.94134692574754,692,0.9429408113197988,43792.0,1.1,True
05,sync8_c1,3,43875.0,6.0,0.15,14.033843846684046,659,0.90577881653438,43875.05,1.0,True
05,sync8_c1,4,43985.0,6.0,0.15,12.085156567178371,727,0.5956676973915856,43985.1,1.1,True
05,sync8_c1,5,44131.0,6.0,0.15,13.896605899898855,633,0.8541985197142267,44130.85,1.0,True
05,sync8_c1,6,44212.0,6.0,0.15,13.341814934522231,651,0.9332546704586107,44211.95,1.0,True
05,sync8_c1,7,44368.0,6.0,0.15,14.252268168553702,713,0.9377606057272665,44368.05,1.1,True
05,sync8_c1,8,44467.0,6.0,0.15,16.509753026062075,627,0.9200630054432328,44467.1,0.9,True
05,sync8_c1,9,44643.0,6.0,0.15,14.084701975255612,623,0.9081220422010148,44643.0,0.9,True
05,sync8_c1,10,44765.0,6.0,0.15,10.912960162153036,703,0.960260302353994,44765.05,1.1,True
05,sync8_c1,11,44923.0,6.0,0.15,8.766566656505052,667,0.9368864239690756,44923.05,1.0,True
05,sync8_c1,12,51997.0,6.0,0.15,13.105774036533006,676,0.8859043283781959,51997.15,1.0,True
05,sync8_c1,13,52080.0,6.0,0.15,11.506090231026576,585,0.9045710395538797,52079.95,0.9,True
05,sync8_c1,14,52225.0,6.0,0.15,12.839055829598843,662,0.8953429781838843,52225.15,1.0,True
05,sync8_c1,15,52285.0,6.0,0.15,12.510225171430575,698,0.9270724814262904,52285.05,1.1,True
05,sync8_c1,16,52400.0,6.0,0.15,13.13744786136446,657,0.9267335995095218,52400.05,1.0,True
05,sync8_c1,17,52488.0,6.0,0.15,11.941568650032284,669,0.8935907083444002,52488.05,1.0,True
05,sync8_c1,18,52571.0,6.0,0.15,11.422717589508496,693,0.8721417719543939,52571.0,1.1,True
05,sync8_c1,19,52638.0,6.0,0.15,10.818029057174245,657,0.9413047172609778,52638.05,1.0,True
05,sync8_c1,0,43600.0,2.0,0.25,12.334660692409017,664,0.5840800904391513,43599.45,1.0,True
05,sync8_c1,1,43717.0,2.0,0.25,12.481645976825451,602,0.7211409589704341,43716.95,0.9,True
05,sync8_c1,2,43792.0,2.0,0.25,11.94134692574754,731,0.7293308638384215,43791.95,1.2,True
05,sync8_c1,3,43875.0,2.0,0.25,14.033843846684046,632,0.6922061819741897,43875.05,0.9,True
05,sync8_c1,4,43985.0,2.0,0.25,12.085156567178371,666,0.0,,,True
05,sync8_c1,5,44131.0,2.0,0.25,13.896605899898855,694,0.8875828812457511,44131.0,1.1,True
05,sync8_c1,6,44212.0,2.0,0.25,13.341814934522231,657,0.8866096854103418,44212.1,1.0,True
05,sync8_c1,7,44368.0,2.0,0.25,14.252268168553702,625,0.8031357223870574,44368.1,0.9,True
05,sync8_c1,8,44467.0,2.0,0.25,16.509753026062075,645,0.8182170356441786,44467.1,0.9,True
05,sync8_c1,9,44643.0,2.0,0.25,14.084701975255612,613,0.9018520708672713,44643.0,0.9,True
05,sync8_c1,10,44765.0,2.0,0.25,10.912960162153036,711,0.8645241776068948,44765.25,1.0,True
05,sync8_c1,11,44923.0,2.0,0.25,8.766566656505052,636,0.6219219666329869,44923.05,1.0,True
05,sync8_c1,12,51997.0,2.0,0.25,13.105774036533006,693,0.8159833626137322,51997.05,1.1,True
05,sync8_c1,13,52080.0,2.0,0.25,11.506090231026576,719,0.8250592611589733,52080.0,1.1,True
05,sync8_c1,14,52225.0,2.0,0.25,12.839055829598843,659,0.8465252416524351,52224.95,1.0,True
05,sync8_c1,15,52285.0,2.0,0.25,12.510225171430575,598,0.7383005813908918,52284.95,0.9,True
05,sync8_c1,16,52400.0,2.0,0.25,13.13744786136446,628,0.7766822649351939,52399.85,1.0,True
05,sync8_c1,17,52488.0,2.0,0.25,11.941568650032284,743,0.7307151722701153,52488.1,1.1,True
05,sync8_c1,18,52571.0,2.0,0.25,11.422717589508496,602,0.6257903893667267,52571.35,0.8,True
05,sync8_c1,19,52638.0,2.0,0.25,10.818029057174245,680,0.889081601718667,52638.0,1.1,True
05,sync8_c1,0,43600.0,4.0,0.25,12.334660692409017,631,0.769969809809495,43599.9,1.0,True
05,sync8_c1,1,43717.0,4.0,0.25,12.481645976825451,697,0.8738144852403329,43716.95,1.1,True
05,sync8_c1,2,43792.0,4.0,0.25,11.94134692574754,648,0.7970452703038614,43791.95,1.0,True
05,sync8_c1,3,43875.0,4.0,0.25,14.033843846684046,578,0.8045264312289323,43874.95,0.8,True
05,sync8_c1,4,43985.0,4.0,0.25,12.085156567178371,701,0.5889957597932317,43984.65,1.2,True
05,sync8_c1,5,44131.0,4.0,0.25,13.896605899898855,619,0.850806938580866,44130.8,1.0,True
05,sync8_c1,6,44212.0,4.0,0.25,13.341814934522231,620,0.9163788349508836,44211.8,1.0,True
05,sync8_c1,7,44368.0,4.0,0.25,14.252268168553702,716,0.840484532932864,44368.1,1.1,True
05,sync8_c1,8,44467.0,4.0,0.25,16.509753026062075,666,0.9077830981596375,44467.05,1.0,True
05,sync8_c1,9,44643.0,4.0,0.25,14.084701975255612,652,0.9248276397196669,44643.0,1.0,True
05,sync8_c1,10,44765.0,4.0,0.25,10.912960162153036,589,0.8987798022661901,44764.95,0.9,True
05,sync8_c1,11,44923.0,4.0,0.25,8.766566656505052,571,0.8444961460561278,44923.05,0.8,True
05,sync8_c1,12,51997.0,4.0,0.25,13.105774036533006,625,0.8570354604118124,51997.0,0.9,True
05,sync8_c1,13,52080.0,4.0,0.25,11.506090231026576,723,0.8823771903300116,52080.2,1.1,True
05,sync8_c1,14,52225.0,4.0,0.25,12.839055829598843,594,0.8966387512211942,52225.0,0.9,True
05,sync8_c1,15,52285.0,4.0,0.25,12.510225171430575,674,0.8485933193606258,52284.95,1.1,True
05,sync8_c1,16,52400.0,4.0,0.25,13.13744786136446,638,0.8518239660393481,52399.85,1.0,True
05,sync8_c1,17,52488.0,4.0,0.25,11.941568650032284,646,0.8724721173443412,52488.0,1.0,True
05,sync8_c1,18,52571.0,4.0,0.25,11.422717589508496,624,0.8066134281465207,52570.95,0.9,True
05,sync8_c1,19,52638.0,4.0,0.25,10.818029057174245,677,0.92829750573158,52637.95,1.1,True
05,sync8_c1,0,43600.0,6.0,0.25,12.334660692409017,659,0.8238602741036428,43600.1,1.0,True
05,sync8_c1,1,43717.0,6.0,0.25,12.481645976825451,632,0.808192407277949,43717.05,0.9,True
05,sync8_c1,2,43792.0,6.0,0.25,11.94134692574754,626,0.7870717874715635,43791.75,1.0,True
05,sync8_c1,3,43875.0,6.0,0.25,14.033843846684046,744,0.8642885769275,43875.2,1.1,True
05,sync8_c1,4,43985.0,6.0,0.25,12.085156567178371,605,0.6952352913307708,43984.95,0.9,True
05,sync8_c1,5,44131.0,6.0,0.25,13.896605899898855,653,0.9390984097785153,44131.05,1.0,True
05,sync8_c1,6,44212.0,6.0,0.25,13.341814934522231,631,0.8469234215576626,44212.15,0.9,True
05,sync8_c1,7,44368.0,6.0,0.25,14.252268168553702,602,0.948541598925717,44367.95,0.9,True
05,sync8_c1,8,44467.0,6.0,0.25,16.509753026062075,757,0.9423214993783134,44467.0,1.2,True
05,sync8_c1,9,44643.0,6.0,0.25,14.084701975255612,655,0.9248603024898806,44642.95,1.0,True
05,sync8_c1,10,44765.0,6.0,0.25,10.912960162153036,714,0.9518493786345673,44765.05,1.1,True
05,sync8_c1,11,44923.0,6.0,0.25,8.766566656505052,650,0.8731748593224194,44923.15,0.9,True
05,sync8_c1,12,51997.0,6.0,0.25,13.105774036533006,732,0.8822144697756088,51997.15,1.1,True
05,sync8_c1,13,52080.0,6.0,0.25,11.506090231026576,755,0.8874255297071156,52079.85,1.2,True
05,sync8_c1,14,52225.0,6.0,0.25,12.839055829598843,723,0.9224013545773284,52225.05,1.1,True
05,sync8_c1,15,52285.0,6.0,0.25,12.510225171430575,617,0.7931409750517399,52284.85,1.0,True
05,sync8_c1,16,52400.0,6.0,0.25,13.13744786136446,599,0.8498110894670647,52399.9,0.9,True
05,sync8_c1,17,52488.0,6.0,0.25,11.941568650032284,621,0.8349365424459004,52488.05,0.9,True
05,sync8_c1,18,52571.0,6.0,0.25,11.422717589508496,715,0.8859314988154634,52571.05,1.1,True
05,sync8_c1,19,52638.0,6.0,0.25,10.818029057174245,630,0.9015603007217761,52638.2,0.9,True
