subject_id,record_id,code_id,anchor_index,anchor_seconds,amplitude_mad,interval_jitter_fraction,local_mad_uv,injection_samples,maximum_matched_score,detected_start_seconds,detected_time_scale,paired_perturbation_seed,engineering_check_only
ST01,ST7011J0,iso8_matched,0,4825.0,4.0,0.15,22.470532064136755,711,0.9352765195485491,4825.05,1.1,8092397536805417117,True
ST01,ST7011J0,iso8_matched,1,8824.0,4.0,0.15,32.02212074383431,702,0.8735744234255495,8823.95,1.1,8092397536805417117,True
ST01,ST7011J0,iso8_matched,2,12668.0,4.0,0.15,30.669043797756064,704,0.6691035728465085,12667.95,1.1,8092397536805417117,True
ST01,ST7011J0,iso8_matched,3,12783.0,4.0,0.15,31.65317851168902,658,0.7894769908795651,12783.0,1.0,8092397536805417117,True
ST01,ST7011J0,iso8_matched,4,12984.0,4.0,0.15,67.11883940536848,590,0.8354760670796874,12983.9,0.9,8092397536805417117,True
ST01,ST7011J0,iso8_matched,5,23360.0,4.0,0.15,54.94658480146891,634,0.9010229385808489,23359.85,1.0,8092397536805417117,True
ST01,ST7011J0,iso8_matched,6,23508.0,4.0,0.15,52.27847300431116,654,0.9617679027844916,23507.95,1.0,8092397536805417117,True
ST01,ST7011J0,iso8_matched,7,23599.0,4.0,0.15,55.60342850185621,626,0.0,,,8092397536805417117,True
ST01,ST7011J0,iso8_matched,8,23768.0,4.0,0.15,80.39734612447184,604,0.8265792724089693,23767.9,0.9,8092397536805417117,True
ST01,ST7011J0,iso8_matched,9,23933.0,4.0,0.15,67.7957624243051,618,0.9558602558466164,23933.1,0.9,8092397536805417117,True
ST01,ST7011J0,iso8_matched,10,24145.0,4.0,0.15,61.139455975221786,657,0.9069596342463055,24145.0,1.0,8092397536805417117,True
ST01,ST7011J0,iso8_matched,11,24967.0,4.0,0.15,14.04240729933759,680,0.8829683406378739,24967.1,1.0,8092397536805417117,True
ST01,ST7011J0,iso8_matched,12,25119.0,4.0,0.15,11.62713832888316,631,0.898976163020843,25119.15,0.9,8092397536805417117,True
ST01,ST7011J0,iso8_matched,13,25246.0,4.0,0.15,14.809572405790234,663,0.8784652996549019,25246.05,1.0,8092397536805417117,True
ST01,ST7011J0,iso8_matched,14,25316.0,4.0,0.15,16.98153592947315,720,0.8990420758358962,25316.05,1.1,8092397536805417117,True
ST01,ST7011J0,iso8_matched,15,25434.0,4.0,0.15,19.177869839074425,731,0.9269592735733297,25434.05,1.1,8092397536805417117,True
ST01,ST7011J0,iso8_matched,16,25681.0,4.0,0.15,18.67247532292787,684,0.8565395223580495,25681.15,1.0,8092397536805417117,True
ST01,ST7011J0,iso8_matched,17,26016.0,4.0,0.15,25.401128078986275,675,0.8743851841505259,26016.1,1.0,8092397536805417117,True
ST01,ST7011J0,iso8_matched,18,26214.0,4.0,0.15,20.38221677519061,613,0.6228788187969547,26213.3,0.9,8092397536805417117,True
ST01,ST7011J0,iso8_matched,19,26319.0,4.0,0.15,23.29073732163514,676,0.9388225991636657,26319.15,1.0,8092397536805417117,True
ST01,ST7011J0,sync8_c0,0,4825.0,4.0,0.15,22.470532064136755,700,0.898010727370349,4825.05,1.1,8092397536805417117,True
ST01,ST7011J0,sync8_c0,1,8824.0,4.0,0.15,32.02212074383431,691,0.8661583884311793,8823.95,1.1,8092397536805417117,True
ST01,ST7011J0,sync8_c0,2,12668.0,4.0,0.15,30.669043797756064,695,0.7367906275158104,12668.0,1.1,8092397536805417117,True
ST01,ST7011J0,sync8_c0,3,12783.0,4.0,0.15,31.65317851168902,662,0.7659451899382668,12783.05,1.0,8092397536805417117,True
ST01,ST7011J0,sync8_c0,4,12984.0,4.0,0.15,67.11883940536848,588,0.8158156853900853,12983.85,0.9,8092397536805417117,True
ST01,ST7011J0,sync8_c0,5,23360.0,4.0,0.15,54.94658480146891,630,0.8885052142792588,23360.05,0.9,8092397536805417117,True
ST01,ST7011J0,sync8_c0,6,23508.0,4.0,0.15,52.27847300431116,654,0.9619812464968377,23507.95,1.0,8092397536805417117,True
ST01,ST7011J0,sync8_c0,7,23599.0,4.0,0.15,55.60342850185621,618,0.8445592064086918,23599.05,0.9,8092397536805417117,True
ST01,ST7011J0,sync8_c0,8,23768.0,4.0,0.15,80.39734612447184,612,0.8187695000829767,23767.95,0.9,8092397536805417117,True
ST01,ST7011J0,sync8_c0,9,23933.0,4.0,0.15,67.7957624243051,615,0.9603159473192161,23933.05,0.9,8092397536805417117,True
ST01,ST7011J0,sync8_c0,10,24145.0,4.0,0.15,61.139455975221786,652,0.91977135574428,24145.0,1.0,8092397536805417117,True
ST01,ST7011J0,sync8_c0,11,24967.0,4.0,0.15,14.04240729933759,687,0.9094527731171934,24966.95,1.1,8092397536805417117,True
ST01,ST7011J0,sync8_c0,12,25119.0,4.0,0.15,11.62713832888316,627,0.9049152158545616,25119.1,0.9,8092397536805417117,True
ST01,ST7011J0,sync8_c0,13,25246.0,4.0,0.15,14.809572405790234,666,0.8904582099622989,25245.85,1.1,8092397536805417117,True
ST01,ST7011J0,sync8_c0,14,25316.0,4.0,0.15,16.98153592947315,720,0.8616628704171977,25316.15,1.1,8092397536805417117,True
ST01,ST7011J0,sync8_c0,15,25434.0,4.0,0.15,19.177869839074425,733,0.890940325879611,25434.1,1.1,8092397536805417117,True
ST01,ST7011J0,sync8_c0,16,25681.0,4.0,0.15,18.67247532292787,689,0.8167046127357627,25681.15,1.0,8092397536805417117,True
ST01,ST7011J0,sync8_c0,17,26016.0,4.0,0.15,25.401128078986275,673,0.8219753614564151,26016.1,1.0,8092397536805417117,True
ST01,ST7011J0,sync8_c0,18,26214.0,4.0,0.15,20.38221677519061,611,0.5650922706115117,26213.95,0.9,8092397536805417117,True
ST01,ST7011J0,sync8_c0,19,26319.0,4.0,0.15,23.29073732163514,673,0.9410548033162042,26319.15,1.0,8092397536805417117,True
ST02,ST7022J0,iso8_matched,0,5952.0,4.0,0.15,20.897414586299917,658,0.7944389654452731,5952.05,1.0,9043303830338651153,True
ST02,ST7022J0,iso8_matched,1,6028.0,4.0,0.15,20.04835087580297,612,0.8537171535991671,6028.0,0.9,9043303830338651153,True
ST02,ST7022J0,iso8_matched,2,6275.0,4.0,0.15,18.96161331012955,668,0.6750841312431303,6274.25,1.0,9043303830338651153,True
ST02,ST7022J0,iso8_matched,3,6422.0,4.0,0.15,26.50156970999035,717,0.9700743815142657,6422.05,1.1,9043303830338651153,True
ST02,ST7022J0,iso8_matched,4,11625.0,4.0,0.15,23.42105093004144,620,0.8894437642952813,11625.1,0.9,9043303830338651153,True
ST02,ST7022J0,iso8_matched,5,11755.0,4.0,0.15,24.749090469479576,619,0.9418270079937506,11755.1,0.9,9043303830338651153,True
ST02,ST7022J0,iso8_matched,6,11979.0,4.0,0.15,28.979862126503374,634,0.9229019036214835,11979.15,0.9,9043303830338651153,True
ST02,ST7022J0,iso8_matched,7,16789.0,4.0,0.15,21.261693100933083,728,0.9064993019544751,16789.05,1.1,9043303830338651153,True
ST02,ST7022J0,iso8_matched,8,16928.0,4.0,0.15,24.96474511246766,747,0.8764766127712392,16927.85,1.2,9043303830338651153,True
ST02,ST7022J0,iso8_matched,9,17320.0,4.0,0.15,39.45328967716126,585,0.9101027910859772,17319.9,0.9,9043303830338651153,True
ST02,ST7022J0,iso8_matched,10,17631.0,4.0,0.15,15.819133933946016,632,0.8523292345981941,17631.15,0.9,9043303830338651153,True
ST02,ST7022J0,iso8_matched,11,20662.0,4.0,0.15,22.6353986976787,717,0.9458329685924393,20662.0,1.1,9043303830338651153,True
ST02,ST7022J0,iso8_matched,12,20726.0,4.0,0.15,23.587850020825925,576,0.7630460624264276,20725.85,0.9,9043303830338651153,True
ST02,ST7022J0,iso8_matched,13,20921.0,4.0,0.15,35.397733641921704,637,0.9142808013747856,20920.9,1.0,9043303830338651153,True
ST02,ST7022J0,iso8_matched,14,21300.0,4.0,0.15,20.36958182819212,684,0.8620738263943221,21299.85,1.1,9043303830338651153,True
ST02,ST7022J0,iso8_matched,15,25120.0,4.0,0.15,14.370281317064268,664,0.9506297197200351,25120.05,1.0,9043303830338651153,True
ST02,ST7022J0,iso8_matched,16,25222.0,4.0,0.15,31.789216052038718,622,0.9136472907643804,25222.05,0.9,9043303830338651153,True
ST02,ST7022J0,iso8_matched,17,25838.0,4.0,0.15,82.82313024370679,661,0.8906967597818332,25838.05,1.0,9043303830338651153,True
ST02,ST7022J0,iso8_matched,18,26051.0,4.0,0.15,21.408179597425985,615,0.9312603726596348,26051.05,0.9,9043303830338651153,True
ST02,ST7022J0,iso8_matched,19,26272.0,4.0,0.15,18.9330990586039,602,0.5406254968546073,26271.4,0.9,9043303830338651153,True
ST02,ST7022J0,sync8_c0,0,5952.0,4.0,0.15,20.897414586299917,650,0.7433377050573178,5952.0,1.0,9043303830338651153,True
ST02,ST7022J0,sync8_c0,1,6028.0,4.0,0.15,20.04835087580297,618,0.8417806680267267,6027.95,0.9,9043303830338651153,True
ST02,ST7022J0,sync8_c0,2,6275.0,4.0,0.15,18.96161331012955,671,0.629779416971134,6275.0,1.0,9043303830338651153,True
ST02,ST7022J0,sync8_c0,3,6422.0,4.0,0.15,26.50156970999035,706,0.9563037231733124,6422.1,1.1,9043303830338651153,True
ST02,ST7022J0,sync8_c0,4,11625.0,4.0,0.15,23.42105093004144,619,0.872154179911117,11625.05,0.9,9043303830338651153,True
ST02,ST7022J0,sync8_c0,5,11755.0,4.0,0.15,24.749090469479576,616,0.9410690566721516,11755.05,0.9,9043303830338651153,True
ST02,ST7022J0,sync8_c0,6,11979.0,4.0,0.15,28.979862126503374,632,0.9329348986695024,11979.1,0.9,9043303830338651153,True
ST02,ST7022J0,sync8_c0,7,16789.0,4.0,0.15,21.261693100933083,732,0.8560795508339691,16788.85,1.2,9043303830338651153,True
ST02,ST7022J0,sync8_c0,8,16928.0,4.0,0.15,24.96474511246766,745,0.8442485856555905,16927.85,1.2,9043303830338651153,True
ST02,ST7022J0,sync8_c0,9,17320.0,4.0,0.15,39.45328967716126,589,0.9341891335500961,17319.9,0.9,9043303830338651153,True
ST02,ST7022J0,sync8_c0,10,17631.0,4.0,0.15,15.819133933946016,627,0.8772404693090805,17631.05,0.9,9043303830338651153,True
ST02,ST7022J0,sync8_c0,11,20662.0,4.0,0.15,22.6353986976787,710,0.9257869809197897,20662.05,1.1,9043303830338651153,True
ST02,ST7022J0,sync8_c0,12,20726.0,4.0,0.15,23.587850020825925,583,0.8171438061728493,20725.85,0.9,9043303830338651153,True
ST02,ST7022J0,sync8_c0,13,20921.0,4.0,0.15,35.397733641921704,642,0.9352753096903202,20920.95,1.0,9043303830338651153,True
ST02,ST7022J0,sync8_c0,14,21300.0,4.0,0.15,20.36958182819212,684,0.8585629696966625,21299.9,1.1,9043303830338651153,True
ST02,ST7022J0,sync8_c0,15,25120.0,4.0,0.15,14.370281317064268,664,0.9478677046490628,25120.05,1.0,9043303830338651153,True
ST02,ST7022J0,sync8_c0,16,25222.0,4.0,0.15,31.789216052038718,623,0.9020014432829727,25222.0,0.9,9043303830338651153,True
ST02,ST7022J0,sync8_c0,17,25838.0,4.0,0.15,82.82313024370679,658,0.8834163669885461,25838.05,1.0,9043303830338651153,True
ST02,ST7022J0,sync8_c0,18,26051.0,4.0,0.15,21.408179597425985,613,0.9054646283425603,26051.0,0.9,9043303830338651153,True
ST02,ST7022J0,sync8_c0,19,26272.0,4.0,0.15,18.9330990586039,600,0.383018429961945,26272.0,0.9,9043303830338651153,True
ST04,ST7041J0,iso8_matched,0,9852.0,4.0,0.15,9.037967837229145,689,0.5763169158639334,9852.15,1.0,16468853336828344310,True
ST04,ST7041J0,iso8_matched,1,12547.0,4.0,0.15,26.07523370173063,694,0.8113830653740091,12546.95,1.1,16468853336828344310,True
ST04,ST7041J0,iso8_matched,2,12663.0,4.0,0.15,35.227205909630435,680,0.5437273797624393,12663.05,1.0,16468853336828344310,True
ST04,ST7041J0,iso8_matched,3,12862.0,4.0,0.15,65.27228977237765,630,0.7810737097375944,12862.2,0.9,16468853336828344310,True
ST04,ST7041J0,iso8_matched,4,13670.0,4.0,0.15,37.04461536888876,609,0.895231206991833,13670.0,0.9,16468853336828344310,True
ST04,ST7041J0,iso8_matched,5,14309.0,4.0,0.15,27.89880199181724,639,0.8966173613709657,14308.95,1.0,16468853336828344310,True
ST04,ST7041J0,iso8_matched,6,14447.0,4.0,0.15,18.55072627782443,707,0.9073283949855824,14446.85,1.1,16468853336828344310,True
ST04,ST7041J0,iso8_matched,7,19762.0,4.0,0.15,32.58852351037327,593,0.7801779372242771,19761.95,0.9,16468853336828344310,True
ST04,ST7041J0,iso8_matched,8,19850.0,4.0,0.15,34.32518309069781,708,0.9407530029922724,19850.0,1.1,16468853336828344310,True
ST04,ST7041J0,iso8_matched,9,19976.0,4.0,0.15,36.87146385128509,699,0.9516044291943518,19975.85,1.1,16468853336828344310,True
ST04,ST7041J0,iso8_matched,10,20179.0,4.0,0.15,49.216665178018026,703,0.9201629203462219,20178.95,1.1,16468853336828344310,True
ST04,ST7041J0,iso8_matched,11,20428.0,4.0,0.15,43.28166738749693,655,0.9337448459983331,20428.0,1.0,16468853336828344310,True
ST04,ST7041J0,iso8_matched,12,20713.0,4.0,0.15,41.37014793497576,635,0.8391729597700442,20713.0,1.0,16468853336828344310,True
ST04,ST7041J0,iso8_matched,13,21311.0,4.0,0.15,13.355971200672826,730,0.9519266734389054,21311.05,1.1,16468853336828344310,True
ST04,ST7041J0,iso8_matched,14,25634.0,4.0,0.15,36.33807350863242,661,0.962285962516122,25634.05,1.0,16468853336828344310,True
ST04,ST7041J0,iso8_matched,15,25761.0,4.0,0.15,38.93550509268865,682,0.8786836900140336,25761.2,1.0,16468853336828344310,True
ST04,ST7041J0,iso8_matched,16,26604.0,4.0,0.15,66.95061849616353,741,0.92107520882443,26604.2,1.1,16468853336828344310,True
ST04,ST7041J0,iso8_matched,17,26671.0,4.0,0.15,52.1156746913705,752,0.7979029805363757,26670.95,1.2,16468853336828344310,True
ST04,ST7041J0,iso8_matched,18,26786.0,4.0,0.15,27.41409577105052,662,0.9247512810282449,26786.75,1.0,16468853336828344310,True
ST04,ST7041J0,iso8_matched,19,27243.0,4.0,0.15,62.729264552006654,681,0.8963222962398849,27243.1,1.0,16468853336828344310,True
ST04,ST7041J0,sync8_c0,0,9852.0,4.0,0.15,9.037967837229145,685,0.0,,,16468853336828344310,True
ST04,ST7041J0,sync8_c0,1,12547.0,4.0,0.15,26.07523370173063,697,0.7328887068685361,12547.05,1.1,16468853336828344310,True
ST04,ST7041J0,sync8_c0,2,12663.0,4.0,0.15,35.227205909630435,684,0.582064457586647,12663.05,1.0,16468853336828344310,True
ST04,ST7041J0,sync8_c0,3,12862.0,4.0,0.15,65.27228977237765,624,0.809198778966398,12862.15,0.9,16468853336828344310,True
ST04,ST7041J0,sync8_c0,4,13670.0,4.0,0.15,37.04461536888876,609,0.898911815882487,13670.05,0.9,16468853336828344310,True
ST04,ST7041J0,sync8_c0,5,14309.0,4.0,0.15,27.89880199181724,636,0.9017803034290925,14308.9,1.0,16468853336828344310,True
ST04,ST7041J0,sync8_c0,6,14447.0,4.0,0.15,18.55072627782443,714,0.945895361255564,14446.95,1.1,16468853336828344310,True
ST04,ST7041J0,sync8_c0,7,19762.0,4.0,0.15,32.58852351037327,601,0.7879361454595295,19762.0,0.9,16468853336828344310,True
ST04,ST7041J0,sync8_c0,8,19850.0,4.0,0.15,34.32518309069781,708,0.939643523809619,19850.05,1.1,16468853336828344310,True
ST04,ST7041J0,sync8_c0,9,19976.0,4.0,0.15,36.87146385128509,708,0.9554953351279722,19975.95,1.1,16468853336828344310,True
ST04,ST7041J0,sync8_c0,10,20179.0,4.0,0.15,49.216665178018026,699,0.9240772838990005,20179.0,1.1,16468853336828344310,True
ST04,ST7041J0,sync8_c0,11,20428.0,4.0,0.15,43.28166738749693,661,0.9273898525807412,20428.0,1.0,16468853336828344310,True
ST04,ST7041J0,sync8_c0,12,20713.0,4.0,0.15,41.37014793497576,630,0.8203692266397689,20713.2,0.9,16468853336828344310,True
ST04,ST7041J0,sync8_c0,13,21311.0,4.0,0.15,13.355971200672826,728,0.9320097201828844,21311.15,1.1,16468853336828344310,True
ST04,ST7041J0,sync8_c0,14,25634.0,4.0,0.15,36.33807350863242,664,0.9575098558344767,25634.05,1.0,16468853336828344310,True
ST04,ST7041J0,sync8_c0,15,25761.0,4.0,0.15,38.93550509268865,675,0.8965792127614672,25761.15,1.0,16468853336828344310,True
ST04,ST7041J0,sync8_c0,16,26604.0,4.0,0.15,66.95061849616353,727,0.9247355438550139,26604.2,1.1,16468853336828344310,True
ST04,ST7041J0,sync8_c0,17,26671.0,4.0,0.15,52.1156746913705,756,0.8193162710302118,26671.05,1.2,16468853336828344310,True
ST04,ST7041J0,sync8_c0,18,26786.0,4.0,0.15,27.41409577105052,666,0.8494552113139217,26786.05,1.0,16468853336828344310,True
ST04,ST7041J0,sync8_c0,19,27243.0,4.0,0.15,62.729264552006654,684,0.8807807644755828,27242.9,1.1,16468853336828344310,True
ST05,ST7052J0,iso8_matched,0,6086.0,4.0,0.15,64.67563040610558,744,0.9233755329450316,6086.1,1.1,3232456907859110080,True
ST05,ST7052J0,iso8_matched,1,11230.0,4.0,0.15,22.998985661640873,619,0.5812602862377041,11230.05,0.9,3232456907859110080,True
ST05,ST7052J0,iso8_matched,2,11363.0,4.0,0.15,34.28468455276524,711,0.9254196330705547,11363.0,1.1,3232456907859110080,True
ST05,ST7052J0,iso8_matched,3,11847.0,4.0,0.15,93.44824788037029,617,0.6232611951732656,11847.75,0.9,3232456907859110080,True
ST05,ST7052J0,iso8_matched,4,11957.0,4.0,0.15,146.45422264361457,610,0.924687172986555,11957.0,0.9,3232456907859110080,True
ST05,ST7052J0,iso8_matched,5,16993.0,4.0,0.15,16.560106119626862,697,0.3073927268512882,16992.25,1.1,3232456907859110080,True
ST05,ST7052J0,iso8_matched,6,17188.0,4.0,0.15,39.392572705003545,588,0.45181759016252737,17188.55,0.9,3232456907859110080,True
ST05,ST7052J0,iso8_matched,7,17426.0,4.0,0.15,71.38174361763593,636,0.8299416400960445,17425.85,1.0,3232456907859110080,True
ST05,ST7052J0,iso8_matched,8,17615.0,4.0,0.15,98.93193393715364,676,0.8828246571414271,17615.1,1.0,3232456907859110080,True
ST05,ST7052J0,iso8_matched,9,18491.0,4.0,0.15,28.408669453619833,639,0.9224072972746712,18490.9,1.0,3232456907859110080,True
ST05,ST7052J0,iso8_matched,10,18552.0,4.0,0.15,26.079290329502587,696,0.8624650022360665,18552.25,1.0,3232456907859110080,True
ST05,ST7052J0,iso8_matched,11,23644.0,4.0,0.15,91.13214838568831,605,0.8114883033609636,23644.0,0.9,3232456907859110080,True
ST05,ST7052J0,iso8_matched,12,23996.0,4.0,0.15,118.97399201074414,607,0.8169181366359285,23996.0,0.9,3232456907859110080,True
ST05,ST7052J0,iso8_matched,13,24559.0,4.0,0.15,276.3686065361086,629,0.8186965892905365,24559.15,0.9,3232456907859110080,True
ST05,ST7052J0,iso8_matched,14,24949.0,4.0,0.15,154.147349452005,704,0.76164684379532,24949.3,1.0,3232456907859110080,True
ST05,ST7052J0,iso8_matched,15,25344.0,4.0,0.15,118.57315498186175,737,0.9519342229733061,25344.1,1.1,3232456907859110080,True
ST05,ST7052J0,iso8_matched,16,25445.0,4.0,0.15,112.50130911425009,661,0.883075746858358,25445.1,1.0,3232456907859110080,True
ST05,ST7052J0,iso8_matched,17,25723.0,4.0,0.15,91.05137096780932,614,0.8725287352063292,25723.0,0.9,3232456907859110080,True
ST05,ST7052J0,iso8_matched,18,26502.0,4.0,0.15,28.98789680069429,644,0.9303690034280592,26501.95,1.0,3232456907859110080,True
ST05,ST7052J0,iso8_matched,19,27099.0,4.0,0.15,13.09401575482112,728,0.7678795234169027,27098.25,1.1,3232456907859110080,True
ST05,ST7052J0,sync8_c0,0,6086.0,4.0,0.15,64.67563040610558,748,0.8562345463653263,6086.2,1.1,3232456907859110080,True
ST05,ST7052J0,sync8_c0,1,11230.0,4.0,0.15,22.998985661640873,618,0.4445913596680239,11230.05,0.9,3232456907859110080,True
ST05,ST7052J0,sync8_c0,2,11363.0,4.0,0.15,34.28468455276524,705,0.9323275753111008,11363.05,1.1,3232456907859110080,True
ST05,ST7052J0,sync8_c0,3,11847.0,4.0,0.15,93.44824788037029,610,0.6970568108603523,11847.0,0.9,3232456907859110080,True
ST05,ST7052J0,sync8_c0,4,11957.0,4.0,0.15,146.45422264361457,612,0.8970704288352512,11956.95,0.9,3232456907859110080,True
ST05,ST7052J0,sync8_c0,5,16993.0,4.0,0.15,16.560106119626862,689,0.2843193799547546,16993.05,1.1,3232456907859110080,True
ST05,ST7052J0,sync8_c0,6,17188.0,4.0,0.15,39.392572705003545,588,0.5358498583299398,17188.2,0.8,3232456907859110080,True
ST05,ST7052J0,sync8_c0,7,17426.0,4.0,0.15,71.38174361763593,640,0.8188997109778,17425.85,1.0,3232456907859110080,True
ST05,ST7052J0,sync8_c0,8,17615.0,4.0,0.15,98.93193393715364,669,0.9008149865692745,17615.05,1.0,3232456907859110080,True
ST05,ST7052J0,sync8_c0,9,18491.0,4.0,0.15,28.408669453619833,632,0.8922825279410392,18490.9,1.0,3232456907859110080,True
ST05,ST7052J0,sync8_c0,10,18552.0,4.0,0.15,26.079290329502587,693,0.8630608563156689,18551.95,1.1,3232456907859110080,True
ST05,ST7052J0,sync8_c0,11,23644.0,4.0,0.15,91.13214838568831,608,0.8211909925749437,23644.0,0.9,3232456907859110080,True
ST05,ST7052J0,sync8_c0,12,23996.0,4.0,0.15,118.97399201074414,606,0.8229933820446591,23996.0,0.9,3232456907859110080,True
ST05,ST7052J0,sync8_c0,13,24559.0,4.0,0.15,276.3686065361086,629,0.7896114682920278,24559.1,0.9,3232456907859110080,True
ST05,ST7052J0,sync8_c0,14,24949.0,4.0,0.15,154.147349452005,704,0.7804240294622498,24949.1,1.1,3232456907859110080,True
ST05,ST7052J0,sync8_c0,15,25344.0,4.0,0.15,118.57315498186175,736,0.9323406994808712,25344.1,1.1,3232456907859110080,True
ST05,ST7052J0,sync8_c0,16,25445.0,4.0,0.15,112.50130911425009,661,0.8666880288683394,25445.05,1.0,3232456907859110080,True
ST05,ST7052J0,sync8_c0,17,25723.0,4.0,0.15,91.05137096780932,624,0.8711259543613995,25722.8,1.0,3232456907859110080,True
ST05,ST7052J0,sync8_c0,18,26502.0,4.0,0.15,28.98789680069429,637,0.8972848299522465,26501.9,1.0,3232456907859110080,True
ST05,ST7052J0,sync8_c0,19,27099.0,4.0,0.15,13.09401575482112,726,0.8029327341639089,27099.15,1.1,3232456907859110080,True
ST06,ST7061J0,iso8_matched,0,6701.0,4.0,0.15,17.965789032566043,732,0.9759981214125035,6701.05,1.1,11705423413839352204,True
ST06,ST7061J0,iso8_matched,1,11172.0,4.0,0.15,12.149010312396024,677,0.8433518964244994,11172.1,1.0,11705423413839352204,True
ST06,ST7061J0,iso8_matched,2,11285.0,4.0,0.15,16.732541960591867,687,0.9129890812351159,11285.15,1.0,11705423413839352204,True
ST06,ST7061J0,iso8_matched,3,11779.0,4.0,0.15,14.59676500786398,765,0.9326480312613169,11779.0,1.2,11705423413839352204,True
ST06,ST7061J0,iso8_matched,4,11985.0,4.0,0.15,24.607476604070648,739,0.7796701689447416,11985.1,1.1,11705423413839352204,True
ST06,ST7061J0,iso8_matched,5,12568.0,4.0,0.15,15.917306013338404,712,0.9831236132238036,12568.0,1.1,11705423413839352204,True
ST06,ST7061J0,iso8_matched,6,12834.0,4.0,0.15,13.602070826410328,743,0.886469517716442,12833.9,1.2,11705423413839352204,True
ST06,ST7061J0,iso8_matched,7,12911.0,4.0,0.15,17.18052630302289,604,0.8839990161041206,12910.9,0.9,11705423413839352204,True
ST06,ST7061J0,iso8_matched,8,13152.0,4.0,0.15,20.323039688712765,746,0.9246897816829075,13151.8,1.2,11705423413839352204,True
ST06,ST7061J0,iso8_matched,9,17648.0,4.0,0.15,5.997842539988194,738,0.7583145952525947,17648.05,1.1,11705423413839352204,True
ST06,ST7061J0,iso8_matched,10,17948.0,4.0,0.15,21.581357322515924,628,0.8751400914245778,17948.1,0.9,11705423413839352204,True
ST06,ST7061J0,iso8_matched,11,18162.0,4.0,0.15,21.27556631360316,705,0.9460011256391628,18162.05,1.1,11705423413839352204,True
ST06,ST7061J0,iso8_matched,12,18285.0,4.0,0.15,20.853718894739924,639,0.9144864900567977,18284.9,1.0,11705423413839352204,True
ST06,ST7061J0,iso8_matched,13,22804.0,4.0,0.15,36.19633226996327,737,0.7517965271783373,22803.9,1.2,11705423413839352204,True
ST06,ST7061J0,iso8_matched,14,23059.0,4.0,0.15,58.50839244672565,692,0.807970062498787,23059.65,1.1,11705423413839352204,True
ST06,ST7061J0,iso8_matched,15,23172.0,4.0,0.15,65.15261416312875,718,0.8716164006362537,23171.25,1.1,11705423413839352204,True
ST06,ST7061J0,iso8_matched,16,23894.0,4.0,0.15,41.23507884527135,703,0.7585099977749756,23893.95,1.1,11705423413839352204,True
ST06,ST7061J0,iso8_matched,17,24088.0,4.0,0.15,47.487150776415895,758,0.9528367985658203,24087.95,1.2,11705423413839352204,True
ST06,ST7061J0,iso8_matched,18,27471.0,4.0,0.15,7.181710095294232,645,0.453705401637156,27471.0,1.0,11705423413839352204,True
ST06,ST7061J0,iso8_matched,19,29744.0,4.0,0.15,76.0679265332586,674,0.9544643151947373,29744.05,1.0,11705423413839352204,True
ST06,ST7061J0,sync8_c0,0,6701.0,4.0,0.15,17.965789032566043,742,0.935041228931173,6701.15,1.1,11705423413839352204,True
ST06,ST7061J0,sync8_c0,1,11172.0,4.0,0.15,12.149010312396024,677,0.8172818173075548,11172.05,1.0,11705423413839352204,True
ST06,ST7061J0,sync8_c0,2,11285.0,4.0,0.15,16.732541960591867,686,0.9011565354462243,11285.1,1.0,11705423413839352204,True
ST06,ST7061J0,sync8_c0,3,11779.0,4.0,0.15,14.59676500786398,765,0.940122953617303,11779.05,1.2,11705423413839352204,True
ST06,ST7061J0,sync8_c0,4,11985.0,4.0,0.15,24.607476604070648,739,0.7443405903635096,11985.15,1.1,11705423413839352204,True
ST06,ST7061J0,sync8_c0,5,12568.0,4.0,0.15,15.917306013338404,713,0.9646345104404218,12568.1,1.1,11705423413839352204,True
ST06,ST7061J0,sync8_c0,6,12834.0,4.0,0.15,13.602070826410328,740,0.8750148056408195,12833.95,1.2,11705423413839352204,True
ST06,ST7061J0,sync8_c0,7,12911.0,4.0,0.15,17.18052630302289,608,0.8763689074268668,12910.9,0.9,11705423413839352204,True
ST06,ST7061J0,sync8_c0,8,13152.0,4.0,0.15,20.323039688712765,751,0.936088904793418,13151.95,1.2,11705423413839352204,True
ST06,ST7061J0,sync8_c0,9,17648.0,4.0,0.15,5.997842539988194,745,0.7499371783887124,17647.85,1.2,11705423413839352204,True
ST06,ST7061J0,sync8_c0,10,17948.0,4.0,0.15,21.581357322515924,630,0.8488437397329637,17948.1,0.9,11705423413839352204,True
ST06,ST7061J0,sync8_c0,11,18162.0,4.0,0.15,21.27556631360316,699,0.9466121713356094,18162.05,1.1,11705423413839352204,True
ST06,ST7061J0,sync8_c0,12,18285.0,4.0,0.15,20.853718894739924,635,0.8892946457873803,18284.9,1.0,11705423413839352204,True
ST06,ST7061J0,sync8_c0,13,22804.0,4.0,0.15,36.19633226996327,733,0.7406991644598028,22804.25,1.1,11705423413839352204,True
ST06,ST7061J0,sync8_c0,14,23059.0,4.0,0.15,58.50839244672565,695,0.763340438937001,23058.95,1.1,11705423413839352204,True
ST06,ST7061J0,sync8_c0,15,23172.0,4.0,0.15,65.15261416312875,713,0.8186545309587844,23172.05,1.1,11705423413839352204,True
ST06,ST7061J0,sync8_c0,16,23894.0,4.0,0.15,41.23507884527135,707,0.7742044692962707,23894.05,1.1,11705423413839352204,True
ST06,ST7061J0,sync8_c0,17,24088.0,4.0,0.15,47.487150776415895,760,0.9488789999315045,24088.0,1.2,11705423413839352204,True
ST06,ST7061J0,sync8_c0,18,27471.0,4.0,0.15,7.181710095294232,633,0.5092860215432398,27471.1,0.9,11705423413839352204,True
ST06,ST7061J0,sync8_c0,19,29744.0,4.0,0.15,76.0679265332586,675,0.9582111739341134,29744.05,1.0,11705423413839352204,True
ST07,ST7071J0,iso8_matched,0,4914.0,4.0,0.15,29.1579739951843,703,0.9632150804693022,4913.95,1.1,9514555123307431821,True
ST07,ST7071J0,iso8_matched,1,5051.0,4.0,0.15,38.63359927306784,747,0.7941191631475687,5050.8,1.2,9514555123307431821,True
ST07,ST7071J0,iso8_matched,2,5283.0,4.0,0.15,37.15974083500294,609,0.8984516230037878,5283.0,0.9,9514555123307431821,True
ST07,ST7071J0,iso8_matched,3,5462.0,4.0,0.15,36.36372850556073,750,0.8207324831911011,5462.15,1.1,9514555123307431821,True
ST07,ST7071J0,iso8_matched,4,5557.0,4.0,0.15,35.41090781751774,721,0.9542461256377338,5557.05,1.1,9514555123307431821,True
ST07,ST7071J0,iso8_matched,5,12102.0,4.0,0.15,22.96899772009859,638,0.9595514853140302,12101.9,1.0,9514555123307431821,True
ST07,ST7071J0,iso8_matched,6,12258.0,4.0,0.15,23.944725021372786,684,0.6878279445867717,12257.9,1.1,9514555123307431821,True
ST07,ST7071J0,iso8_matched,7,12372.0,4.0,0.15,32.223685882994864,617,0.899209999035279,12372.1,0.9,9514555123307431821,True
ST07,ST7071J0,iso8_matched,8,12787.0,4.0,0.15,30.477046194439726,646,0.0,,,9514555123307431821,True
ST07,ST7071J0,iso8_matched,9,12853.0,4.0,0.15,27.105035148966703,635,0.9367051296463159,12852.9,1.0,9514555123307431821,True
ST07,ST7071J0,iso8_matched,10,13176.0,4.0,0.15,37.698314487702035,695,0.8929763532219374,13175.95,1.1,9514555123307431821,True
ST07,ST7071J0,iso8_matched,11,22360.0,4.0,0.15,24.9313024911931,616,0.8848809805797795,22360.1,0.9,9514555123307431821,True
ST07,ST7071J0,iso8_matched,12,22545.0,4.0,0.15,32.58130125086228,696,0.8357449526961882,22544.95,1.1,9514555123307431821,True
ST07,ST7071J0,iso8_matched,13,22674.0,4.0,0.15,57.08711383727796,691,0.8488681702273959,22674.15,1.0,9514555123307431821,True
ST07,ST7071J0,iso8_matched,14,22738.0,4.0,0.15,56.49109297462054,711,0.8971707717188566,22737.95,1.1,9514555123307431821,True
ST07,ST7071J0,iso8_matched,15,22881.0,4.0,0.15,83.63514657258231,601,0.9582523424576027,22880.95,0.9,9514555123307431821,True
ST07,ST7071J0,iso8_matched,16,22963.0,4.0,0.15,87.2954695923943,658,0.9047151276562715,22963.05,1.0,9514555123307431821,True
ST07,ST7071J0,iso8_matched,17,23057.0,4.0,0.15,109.86169861358368,646,0.9162564181115864,23056.95,1.0,9514555123307431821,True
ST07,ST7071J0,iso8_matched,18,23143.0,4.0,0.15,106.35761580149453,686,0.0,,,9514555123307431821,True
ST07,ST7071J0,iso8_matched,19,23225.0,4.0,0.15,93.73603416221648,680,0.8181706286538503,23224.75,1.1,9514555123307431821,True
ST07,ST7071J0,sync8_c0,0,4914.0,4.0,0.15,29.1579739951843,703,0.9762931949688662,4914.0,1.1,9514555123307431821,True
ST07,ST7071J0,sync8_c0,1,5051.0,4.0,0.15,38.63359927306784,758,0.8081652956003131,5050.95,1.2,9514555123307431821,True
ST07,ST7071J0,sync8_c0,2,5283.0,4.0,0.15,37.15974083500294,613,0.8610456848778245,5282.75,1.0,9514555123307431821,True
ST07,ST7071J0,sync8_c0,3,5462.0,4.0,0.15,36.36372850556073,754,0.8652798107953112,5461.95,1.2,9514555123307431821,True
ST07,ST7071J0,sync8_c0,4,5557.0,4.0,0.15,35.41090781751774,721,0.9178581882484097,5557.1,1.1,9514555123307431821,True
ST07,ST7071J0,sync8_c0,5,12102.0,4.0,0.15,22.96899772009859,638,0.9618355591533471,12101.9,1.0,9514555123307431821,True
ST07,ST7071J0,sync8_c0,6,12258.0,4.0,0.15,23.944725021372786,676,0.7544133806402044,12257.9,1.1,9514555123307431821,True
ST07,ST7071J0,sync8_c0,7,12372.0,4.0,0.15,32.223685882994864,622,0.8448563319464599,12372.1,0.9,9514555123307431821,True
ST07,ST7071J0,sync8_c0,8,12787.0,4.0,0.15,30.477046194439726,649,0.5219893237881466,12787.45,1.1,9514555123307431821,True
ST07,ST7071J0,sync8_c0,9,12853.0,4.0,0.15,27.105035148966703,633,0.9254022745530766,12852.9,1.0,9514555123307431821,True
ST07,ST7071J0,sync8_c0,10,13176.0,4.0,0.15,37.698314487702035,690,0.9013413228500198,13175.95,1.1,9514555123307431821,True
ST07,ST7071J0,sync8_c0,11,22360.0,4.0,0.15,24.9313024911931,612,0.8692644083959123,22360.05,0.9,9514555123307431821,True
ST07,ST7071J0,sync8_c0,12,22545.0,4.0,0.15,32.58130125086228,694,0.893360386300815,22545.0,1.1,9514555123307431821,True
ST07,ST7071J0,sync8_c0,13,22674.0,4.0,0.15,57.08711383727796,691,0.8794020213252146,22673.9,1.1,9514555123307431821,True
ST07,ST7071J0,sync8_c0,14,22738.0,4.0,0.15,56.49109297462054,719,0.9207310782710366,22738.05,1.1,9514555123307431821,True
ST07,ST7071J0,sync8_c0,15,22881.0,4.0,0.15,83.63514657258231,603,0.9441913501222678,22880.95,0.9,9514555123307431821,True
ST07,ST7071J0,sync8_c0,16,22963.0,4.0,0.15,87.2954695923943,650,0.8761965574268151,22963.0,1.0,9514555123307431821,True
ST07,ST7071J0,sync8_c0,17,23057.0,4.0,0.15,109.86169861358368,650,0.9246359567468322,23056.95,1.0,9514555123307431821,True
ST07,ST7071J0,sync8_c0,18,23143.0,4.0,0.15,106.35761580149453,692,0.6171498962061968,23142.95,1.1,9514555123307431821,True
ST07,ST7071J0,sync8_c0,19,23225.0,4.0,0.15,93.73603416221648,685,0.8582936497233294,23224.9,1.1,9514555123307431821,True
ST08,ST7082J0,iso8_matched,0,12538.0,4.0,0.15,10.2282292347413,709,0.8858871050487283,12537.95,1.1,7440914725872296125,True
ST08,ST7082J0,iso8_matched,1,12658.0,4.0,0.15,12.724922825214527,674,0.8556744586665851,12658.55,1.1,7440914725872296125,True
ST08,ST7082J0,iso8_matched,2,12726.0,4.0,0.15,16.22827424289095,658,0.38105031000041145,12726.7,1.0,7440914725872296125,True
ST08,ST7082J0,iso8_matched,3,13000.0,4.0,0.15,41.99713018322712,629,0.9343513438552385,13000.1,0.9,7440914725872296125,True
ST08,ST7082J0,iso8_matched,4,13324.0,4.0,0.15,41.298137505032905,636,0.9126845891410232,13323.9,1.0,7440914725872296125,True
ST08,ST7082J0,iso8_matched,5,18946.0,4.0,0.15,12.519979058837311,727,0.882153662102775,18946.1,1.1,7440914725872296125,True
ST08,ST7082J0,iso8_matched,6,19088.0,4.0,0.15,19.98023174535795,607,0.9544038535257808,19088.0,0.9,7440914725872296125,True
ST08,ST7082J0,iso8_matched,7,19186.0,4.0,0.15,26.49418591316267,725,0.566341511454323,19186.0,1.1,7440914725872296125,True
ST08,ST7082J0,iso8_matched,8,19326.0,4.0,0.15,30.55096562781193,612,0.9259117751051938,19326.05,0.9,7440914725872296125,True
ST08,ST7082J0,iso8_matched,9,19403.0,4.0,0.15,21.982433336507505,655,0.9576761363600802,19402.95,1.0,7440914725872296125,True
ST08,ST7082J0,iso8_matched,10,19755.0,4.0,0.15,15.773114286959794,654,0.5980283405162599,19755.7,1.0,7440914725872296125,True
ST08,ST7082J0,iso8_matched,11,19835.0,4.0,0.15,21.241436782376088,732,0.7924019739440104,19835.1,1.1,7440914725872296125,True
ST08,ST7082J0,iso8_matched,12,20003.0,4.0,0.15,32.69934589439283,714,0.8664490390857129,20003.7,1.1,7440914725872296125,True
ST08,ST7082J0,iso8_matched,13,20140.0,4.0,0.15,25.396672468147443,698,0.6641368699951014,20139.85,1.1,7440914725872296125,True
ST08,ST7082J0,iso8_matched,14,20309.0,4.0,0.15,40.865560444480465,672,0.9425445416180757,20309.05,1.0,7440914725872296125,True
ST08,ST7082J0,iso8_matched,15,24913.0,4.0,0.15,11.526076096768508,624,0.6796223543367338,24913.0,0.9,7440914725872296125,True
ST08,ST7082J0,iso8_matched,16,25091.0,4.0,0.15,27.474785833221695,721,0.7447443088078263,25091.75,1.1,7440914725872296125,True
ST08,ST7082J0,iso8_matched,17,25377.0,4.0,0.15,41.426650097671335,718,0.8951710457358519,25376.3,1.1,7440914725872296125,True
ST08,ST7082J0,iso8_matched,18,25489.0,4.0,0.15,49.03812823746364,630,0.9078802578328349,25489.15,0.9,7440914725872296125,True
ST08,ST7082J0,iso8_matched,19,25613.0,4.0,0.15,78.58387093495749,597,0.9241598046204891,25613.0,0.9,7440914725872296125,True
ST08,ST7082J0,sync8_c0,0,12538.0,4.0,0.15,10.2282292347413,711,0.9280598552642919,12538.0,1.1,7440914725872296125,True
ST08,ST7082J0,sync8_c0,1,12658.0,4.0,0.15,12.724922825214527,677,0.8491957664352913,12657.9,1.1,7440914725872296125,True
ST08,ST7082J0,sync8_c0,2,12726.0,4.0,0.15,16.22827424289095,653,0.4474058700684653,12726.0,1.0,7440914725872296125,True
ST08,ST7082J0,sync8_c0,3,13000.0,4.0,0.15,41.99713018322712,636,0.8835917844825457,13000.1,0.9,7440914725872296125,True
ST08,ST7082J0,sync8_c0,4,13324.0,4.0,0.15,41.298137505032905,634,0.9026307119393912,13323.95,1.0,7440914725872296125,True
ST08,ST7082J0,sync8_c0,5,18946.0,4.0,0.15,12.519979058837311,729,0.8167755397967601,18946.15,1.1,7440914725872296125,True
ST08,ST7082J0,sync8_c0,6,19088.0,4.0,0.15,19.98023174535795,610,0.9210387069963475,19087.95,0.9,7440914725872296125,True
ST08,ST7082J0,sync8_c0,7,19186.0,4.0,0.15,26.49418591316267,728,0.5667223795342181,19185.75,1.2,7440914725872296125,True
ST08,ST7082J0,sync8_c0,8,19326.0,4.0,0.15,30.55096562781193,613,0.9151387782513355,19326.05,0.9,7440914725872296125,True
ST08,ST7082J0,sync8_c0,9,19403.0,4.0,0.15,21.982433336507505,664,0.9397613506923939,19403.0,1.0,7440914725872296125,True
ST08,ST7082J0,sync8_c0,10,19755.0,4.0,0.15,15.773114286959794,654,0.6182216027025957,19755.0,1.0,7440914725872296125,True
ST08,ST7082J0,sync8_c0,11,19835.0,4.0,0.15,21.241436782376088,732,0.7405130442957583,19835.2,1.1,7440914725872296125,True
ST08,ST7082J0,sync8_c0,12,20003.0,4.0,0.15,32.69934589439283,719,0.8123073475637349,20003.0,1.1,7440914725872296125,True
ST08,ST7082J0,sync8_c0,13,20140.0,4.0,0.15,25.396672468147443,692,0.6757658104135257,20139.4,1.0,7440914725872296125,True
ST08,ST7082J0,sync8_c0,14,20309.0,4.0,0.15,40.865560444480465,673,0.9464381221632566,20309.05,1.0,7440914725872296125,True
ST08,ST7082J0,sync8_c0,15,24913.0,4.0,0.15,11.526076096768508,635,0.6262398833912035,24912.85,1.0,7440914725872296125,True
ST08,ST7082J0,sync8_c0,16,25091.0,4.0,0.15,27.474785833221695,732,0.6359433185863858,25091.1,1.1,7440914725872296125,True
ST08,ST7082J0,sync8_c0,17,25377.0,4.0,0.15,41.426650097671335,718,0.89141488800097,25377.15,1.1,7440914725872296125,True
ST08,ST7082J0,sync8_c0,18,25489.0,4.0,0.15,49.03812823746364,628,0.9122565891231598,25489.1,0.9,7440914725872296125,True
ST08,ST7082J0,sync8_c0,19,25613.0,4.0,0.15,78.58387093495749,590,0.9079889984910757,25612.95,0.9,7440914725872296125,True
ST09,ST7092J0,iso8_matched,0,12529.0,4.0,0.15,12.08355379545453,740,0.3120237183743435,12528.5,1.1,17225667438434709359,True
ST09,ST7092J0,iso8_matched,1,12611.0,4.0,0.15,11.42919529267219,700,0.7133249275506476,12610.95,1.1,17225667438434709359,True
ST09,ST7092J0,iso8_matched,2,12838.0,4.0,0.15,34.04748683779773,718,0.9374226882308522,12838.0,1.1,17225667438434709359,True
ST09,ST7092J0,iso8_matched,3,13085.0,4.0,0.15,33.737907307390124,584,0.8498254325317818,13084.9,0.9,17225667438434709359,True
ST09,ST7092J0,iso8_matched,4,13217.0,4.0,0.15,37.21589176915034,659,0.9358243378779377,13217.05,1.0,17225667438434709359,True
ST09,ST7092J0,iso8_matched,5,13410.0,4.0,0.15,20.164082411495546,668,0.9603007668167458,13410.15,1.0,17225667438434709359,True
ST09,ST7092J0,iso8_matched,6,19037.0,4.0,0.15,13.772116881880333,627,0.7521556632939278,19036.25,1.0,17225667438434709359,True
ST09,ST7092J0,iso8_matched,7,19583.0,4.0,0.15,21.025730181045844,594,0.8050450802201857,19582.9,0.9,17225667438434709359,True
ST09,ST7092J0,iso8_matched,8,19681.0,4.0,0.15,28.21720865809394,676,0.8821702503154142,19681.05,1.0,17225667438434709359,True
ST09,ST7092J0,iso8_matched,9,22504.0,4.0,0.15,10.113363272029279,616,0.790386227137879,22504.0,0.9,17225667438434709359,True
ST09,ST7092J0,iso8_matched,10,22901.0,4.0,0.15,23.523377466328906,633,0.8895595644912274,22901.15,0.9,17225667438434709359,True
ST09,ST7092J0,iso8_matched,11,23078.0,4.0,0.15,76.40746384712311,697,0.8694742323230047,23077.9,1.1,17225667438434709359,True
ST09,ST7092J0,iso8_matched,12,23250.0,4.0,0.15,64.98454677530525,742,0.9015875357139637,23250.05,1.1,17225667438434709359,True
ST09,ST7092J0,iso8_matched,13,23331.0,4.0,0.15,29.361356878493137,697,0.8882811249501429,23330.95,1.1,17225667438434709359,True
ST09,ST7092J0,iso8_matched,14,23574.0,4.0,0.15,31.782470595471562,616,0.49085631290975507,23573.75,1.0,17225667438434709359,True
ST09,ST7092J0,iso8_matched,15,23744.0,4.0,0.15,66.53171105668612,694,0.7947858263141123,23743.9,1.1,17225667438434709359,True
ST09,ST7092J0,iso8_matched,16,23903.0,4.0,0.15,72.7700837805002,767,0.9315382717036735,23902.9,1.2,17225667438434709359,True
ST09,ST7092J0,iso8_matched,17,24107.0,4.0,0.15,49.80344092183371,682,0.9040183584608086,24107.05,1.0,17225667438434709359,True
ST09,ST7092J0,iso8_matched,18,24172.0,4.0,0.15,37.2376615179558,742,0.9473997955614585,24172.1,1.1,17225667438434709359,True
ST09,ST7092J0,iso8_matched,19,24816.0,4.0,0.15,16.39034779167272,619,0.8789135815573237,24816.0,0.9,17225667438434709359,True
ST09,ST7092J0,sync8_c0,0,12529.0,4.0,0.15,12.08355379545453,735,0.3056298891645718,12528.95,1.2,17225667438434709359,True
ST09,ST7092J0,sync8_c0,1,12611.0,4.0,0.15,11.42919529267219,697,0.6823178271079821,12611.0,1.1,17225667438434709359,True
ST09,ST7092J0,sync8_c0,2,12838.0,4.0,0.15,34.04748683779773,723,0.9418525376106995,12838.1,1.1,17225667438434709359,True
ST09,ST7092J0,sync8_c0,3,13085.0,4.0,0.15,33.737907307390124,583,0.84025859906245,13084.85,0.9,17225667438434709359,True
ST09,ST7092J0,sync8_c0,4,13217.0,4.0,0.15,37.21589176915034,653,0.9317998391670752,13217.05,1.0,17225667438434709359,True
ST09,ST7092J0,sync8_c0,5,13410.0,4.0,0.15,20.164082411495546,666,0.974484099872815,13410.1,1.0,17225667438434709359,True
ST09,ST7092J0,sync8_c0,6,19037.0,4.0,0.15,13.772116881880333,623,0.8669749046172486,19037.15,0.9,17225667438434709359,True
ST09,ST7092J0,sync8_c0,7,19583.0,4.0,0.15,21.025730181045844,600,0.7883026236205912,19582.85,0.9,17225667438434709359,True
ST09,ST7092J0,sync8_c0,8,19681.0,4.0,0.15,28.21720865809394,677,0.863307890064227,19680.9,1.1,17225667438434709359,True
ST09,ST7092J0,sync8_c0,9,22504.0,4.0,0.15,10.113363272029279,618,0.7416393395550903,22504.05,0.9,17225667438434709359,True
ST09,ST7092J0,sync8_c0,10,22901.0,4.0,0.15,23.523377466328906,629,0.8959909854563004,22901.05,0.9,17225667438434709359,True
ST09,ST7092J0,sync8_c0,11,23078.0,4.0,0.15,76.40746384712311,700,0.9024423510083784,23077.95,1.1,17225667438434709359,True
ST09,ST7092J0,sync8_c0,12,23250.0,4.0,0.15,64.98454677530525,741,0.905277372758809,23250.1,1.1,17225667438434709359,True
ST09,ST7092J0,sync8_c0,13,23331.0,4.0,0.15,29.361356878493137,691,0.9009062832388711,23331.0,1.1,17225667438434709359,True
ST09,ST7092J0,sync8_c0,14,23574.0,4.0,0.15,31.782470595471562,616,0.5640737032602487,23573.75,1.0,17225667438434709359,True
ST09,ST7092J0,sync8_c0,15,23744.0,4.0,0.15,66.53171105668612,698,0.7918421685970599,23744.0,1.1,17225667438434709359,True
ST09,ST7092J0,sync8_c0,16,23903.0,4.0,0.15,72.7700837805002,773,0.9490158031628907,23903.0,1.2,17225667438434709359,True
ST09,ST7092J0,sync8_c0,17,24107.0,4.0,0.15,49.80344092183371,678,0.9265298917892335,24107.05,1.0,17225667438434709359,True
ST09,ST7092J0,sync8_c0,18,24172.0,4.0,0.15,37.2376615179558,741,0.9133371646476957,24172.15,1.1,17225667438434709359,True
ST09,ST7092J0,sync8_c0,19,24816.0,4.0,0.15,16.39034779167272,624,0.8829600803580882,24816.0,0.9,17225667438434709359,True
ST10,ST7101J0,iso8_matched,0,12136.0,4.0,0.15,44.606802188039005,610,0.9562504301089477,12135.95,0.9,1299998458085248946,True
ST10,ST7101J0,iso8_matched,1,12493.0,4.0,0.15,36.97205083032043,709,0.9748646656555793,12492.95,1.1,1299998458085248946,True
ST10,ST7101J0,iso8_matched,2,12763.0,4.0,0.15,43.093781391307225,699,0.0,,,1299998458085248946,True
ST10,ST7101J0,iso8_matched,3,13275.0,4.0,0.15,48.33269452183197,705,0.8413720279762988,13275.7,1.1,1299998458085248946,True
ST10,ST7101J0,iso8_matched,4,13340.0,4.0,0.15,33.39328000574035,675,0.9723450947958748,13340.1,1.0,1299998458085248946,True
ST10,ST7101J0,iso8_matched,5,13563.0,4.0,0.15,30.254028983369402,622,0.6602032776203599,13563.45,1.0,1299998458085248946,True
ST10,ST7101J0,iso8_matched,6,20381.0,4.0,0.15,24.463822939857735,738,0.7936686783451236,20381.15,1.1,1299998458085248946,True
ST10,ST7101J0,iso8_matched,7,20497.0,4.0,0.15,25.308509837374395,650,0.5065478340301951,20497.0,1.0,1299998458085248946,True
ST10,ST7101J0,iso8_matched,8,21034.0,4.0,0.15,38.05693021366998,721,0.9413122561008549,21033.95,1.1,1299998458085248946,True
ST10,ST7101J0,iso8_matched,9,21335.0,4.0,0.15,24.72920135724474,634,0.930040307038991,21334.85,1.0,1299998458085248946,True
ST10,ST7101J0,iso8_matched,10,21466.0,4.0,0.15,17.189833755145006,663,0.9711513310742161,21466.05,1.0,1299998458085248946,True
ST10,ST7101J0,iso8_matched,11,21747.0,4.0,0.15,10.451748434038112,632,0.9331878815057814,21747.15,0.9,1299998458085248946,True
ST10,ST7101J0,iso8_matched,12,21893.0,4.0,0.15,6.319247741363402,639,0.9346958037925472,21892.9,1.0,1299998458085248946,True
ST10,ST7101J0,iso8_matched,13,25108.0,4.0,0.15,17.47789305346535,626,0.8888009702057833,25108.2,0.9,1299998458085248946,True
ST10,ST7101J0,iso8_matched,14,25255.0,4.0,0.15,16.962269727728533,612,0.9486185516957524,25255.0,0.9,1299998458085248946,True
ST10,ST7101J0,iso8_matched,15,25522.0,4.0,0.15,37.1811829823252,640,0.894889520838136,25521.85,1.0,1299998458085248946,True
ST10,ST7101J0,iso8_matched,16,28035.0,4.0,0.15,62.60603114674538,665,0.7274163705711455,28034.8,1.1,1299998458085248946,True
ST10,ST7101J0,iso8_matched,17,28139.0,4.0,0.15,66.87566629941176,644,0.7218132952724609,28138.35,1.0,1299998458085248946,True
ST10,ST7101J0,iso8_matched,18,28684.0,4.0,0.15,104.75307744147092,649,0.9596827578038186,28683.95,1.0,1299998458085248946,True
ST10,ST7101J0,iso8_matched,19,29208.0,4.0,0.15,15.60576429444923,680,0.8166882240442693,29207.85,1.1,1299998458085248946,True
ST10,ST7101J0,sync8_c0,0,12136.0,4.0,0.15,44.606802188039005,619,0.933934740915866,12136.0,0.9,1299998458085248946,True
ST10,ST7101J0,sync8_c0,1,12493.0,4.0,0.15,36.97205083032043,714,0.9783299390379592,12493.0,1.1,1299998458085248946,True
ST10,ST7101J0,sync8_c0,2,12763.0,4.0,0.15,43.093781391307225,703,0.5480273078737335,12763.05,1.1,1299998458085248946,True
ST10,ST7101J0,sync8_c0,3,13275.0,4.0,0.15,48.33269452183197,700,0.7775277700947963,13275.0,1.1,1299998458085248946,True
ST10,ST7101J0,sync8_c0,4,13340.0,4.0,0.15,33.39328000574035,672,0.9792077755247923,13340.1,1.0,1299998458085248946,True
ST10,ST7101J0,sync8_c0,5,13563.0,4.0,0.15,30.254028983369402,629,0.6513475350606736,13563.0,0.9,1299998458085248946,True
ST10,ST7101J0,sync8_c0,6,20381.0,4.0,0.15,24.463822939857735,743,0.7801021990772031,20381.25,1.1,1299998458085248946,True
ST10,ST7101J0,sync8_c0,7,20497.0,4.0,0.15,25.308509837374395,651,0.35854645586471406,20496.6,0.9,1299998458085248946,True
ST10,ST7101J0,sync8_c0,8,21034.0,4.0,0.15,38.05693021366998,731,0.8869809487821827,21034.05,1.1,1299998458085248946,True
ST10,ST7101J0,sync8_c0,9,21335.0,4.0,0.15,24.72920135724474,638,0.9455118940873481,21334.9,1.0,1299998458085248946,True
ST10,ST7101J0,sync8_c0,10,21466.0,4.0,0.15,17.189833755145006,665,0.9565492615680632,21466.05,1.0,1299998458085248946,True
ST10,ST7101J0,sync8_c0,11,21747.0,4.0,0.15,10.451748434038112,636,0.9100657615996668,21747.05,0.9,1299998458085248946,True
ST10,ST7101J0,sync8_c0,12,21893.0,4.0,0.15,6.319247741363402,640,0.9382261391668445,21892.9,1.0,1299998458085248946,True
ST10,ST7101J0,sync8_c0,13,25108.0,4.0,0.15,17.47789305346535,623,0.8717124017176688,25108.15,0.9,1299998458085248946,True
ST10,ST7101J0,sync8_c0,14,25255.0,4.0,0.15,16.962269727728533,609,0.9154476929800278,25254.95,0.9,1299998458085248946,True
ST10,ST7101J0,sync8_c0,15,25522.0,4.0,0.15,37.1811829823252,641,0.8809947474636166,25521.9,1.0,1299998458085248946,True
ST10,ST7101J0,sync8_c0,16,28035.0,4.0,0.15,62.60603114674538,669,0.6933554433315908,28034.85,1.1,1299998458085248946,True
ST10,ST7101J0,sync8_c0,17,28139.0,4.0,0.15,66.87566629941176,640,0.6638062203639162,28139.0,1.0,1299998458085248946,True
ST10,ST7101J0,sync8_c0,18,28684.0,4.0,0.15,104.75307744147092,652,0.9728427433281869,28684.0,1.0,1299998458085248946,True
ST10,ST7101J0,sync8_c0,19,29208.0,4.0,0.15,15.60576429444923,667,0.8643475938114974,29208.1,1.0,1299998458085248946,True
ST11,ST7112J0,iso8_matched,0,4528.0,4.0,0.15,42.65909514137199,675,0.8450913217522779,4528.1,1.0,9352929555181470807,True
ST11,ST7112J0,iso8_matched,1,4809.0,4.0,0.15,17.595506154721864,731,0.8832426874586341,4809.15,1.1,9352929555181470807,True
ST11,ST7112J0,iso8_matched,2,5155.0,4.0,0.15,16.6221884641435,612,0.9337783866295876,5155.05,0.9,9352929555181470807,True
ST11,ST7112J0,iso8_matched,3,10028.0,4.0,0.15,21.927103432135674,760,0.8647105299929758,10027.9,1.2,9352929555181470807,True
ST11,ST7112J0,iso8_matched,4,10183.0,4.0,0.15,38.54859488251305,703,0.5094357055989442,10183.0,0.8,9352929555181470807,True
ST11,ST7112J0,iso8_matched,5,11202.0,4.0,0.15,73.54431594352354,668,0.8945075238634091,11202.1,1.0,9352929555181470807,True
ST11,ST7112J0,iso8_matched,6,11840.0,4.0,0.15,37.124752788284795,713,0.9597112969241035,11840.0,1.1,9352929555181470807,True
ST11,ST7112J0,iso8_matched,7,12103.0,4.0,0.15,10.341557674630382,735,0.9000729938192168,12103.1,1.1,9352929555181470807,True
ST11,ST7112J0,iso8_matched,8,15759.0,4.0,0.15,26.301907489595962,680,0.8788504585059309,15758.85,1.1,9352929555181470807,True
ST11,ST7112J0,iso8_matched,9,16311.0,4.0,0.15,36.89459413806028,637,0.9348739068140952,16310.85,1.0,9352929555181470807,True
ST11,ST7112J0,iso8_matched,10,20447.0,4.0,0.15,97.98796043748136,735,0.8751115574009335,20447.05,1.1,9352929555181470807,True
ST11,ST7112J0,iso8_matched,11,20692.0,4.0,0.15,99.18537211786673,615,0.6581385828063944,20692.0,0.9,9352929555181470807,True
ST11,ST7112J0,iso8_matched,12,21531.0,4.0,0.15,37.25589803977001,746,0.9278687952710472,21530.9,1.2,9352929555181470807,True
ST11,ST7112J0,iso8_matched,13,21615.0,4.0,0.15,33.5315698332786,621,0.8996909653133663,21615.05,0.9,9352929555181470807,True
ST11,ST7112J0,iso8_matched,14,26006.0,4.0,0.15,32.4113559685785,713,0.8297445085347399,26005.25,1.1,9352929555181470807,True
ST11,ST7112J0,iso8_matched,15,26565.0,4.0,0.15,75.84878884332653,611,0.9571351270411379,26565.05,0.9,9352929555181470807,True
ST11,ST7112J0,iso8_matched,16,27109.0,4.0,0.15,27.42327070773434,596,0.9504824405304856,27108.95,0.9,9352929555181470807,True
ST11,ST7112J0,iso8_matched,17,27575.0,4.0,0.15,10.620699116060669,650,0.8486963982437921,27574.9,1.0,9352929555181470807,True
ST11,ST7112J0,iso8_matched,18,27952.0,4.0,0.15,9.090508404757433,679,0.8057081002408519,27952.05,1.0,9352929555181470807,True
ST11,ST7112J0,iso8_matched,19,28117.0,4.0,0.15,7.375105308546594,657,0.9351484498451772,28117.05,1.0,9352929555181470807,True
ST11,ST7112J0,sync8_c0,0,4528.0,4.0,0.15,42.65909514137199,668,0.8516623152768897,4528.1,1.0,9352929555181470807,True
ST11,ST7112J0,sync8_c0,1,4809.0,4.0,0.15,17.595506154721864,733,0.8371792069326608,4809.25,1.1,9352929555181470807,True
ST11,ST7112J0,sync8_c0,2,5155.0,4.0,0.15,16.6221884641435,611,0.9345947061577102,5155.0,0.9,9352929555181470807,True
ST11,ST7112J0,sync8_c0,3,10028.0,4.0,0.15,21.927103432135674,767,0.8508689155604964,10027.95,1.2,9352929555181470807,True
ST11,ST7112J0,sync8_c0,4,10183.0,4.0,0.15,38.54859488251305,709,0.4785967654980414,10183.25,0.8,9352929555181470807,True
ST11,ST7112J0,sync8_c0,5,11202.0,4.0,0.15,73.54431594352354,675,0.8505468483170705,11202.15,1.0,9352929555181470807,True
ST11,ST7112J0,sync8_c0,6,11840.0,4.0,0.15,37.124752788284795,712,0.9652413729405793,11840.05,1.1,9352929555181470807,True
ST11,ST7112J0,sync8_c0,7,12103.0,4.0,0.15,10.341557674630382,742,0.8758165188792187,12102.9,1.2,9352929555181470807,True
ST11,ST7112J0,sync8_c0,8,15759.0,4.0,0.15,26.301907489595962,672,0.9130595370413374,15759.1,1.0,9352929555181470807,True
ST11,ST7112J0,sync8_c0,9,16311.0,4.0,0.15,36.89459413806028,642,0.9271638859351125,16310.9,1.0,9352929555181470807,True
ST11,ST7112J0,sync8_c0,10,20447.0,4.0,0.15,97.98796043748136,733,0.8687549562983655,20447.1,1.1,9352929555181470807,True
ST11,ST7112J0,sync8_c0,11,20692.0,4.0,0.15,99.18537211786673,619,0.7181401452131714,20691.75,1.0,9352929555181470807,True
ST11,ST7112J0,sync8_c0,12,21531.0,4.0,0.15,37.25589803977001,741,0.892911737508242,21530.9,1.2,9352929555181470807,True
ST11,ST7112J0,sync8_c0,13,21615.0,4.0,0.15,33.5315698332786,630,0.9048873658608555,21614.85,1.0,9352929555181470807,True
ST11,ST7112J0,sync8_c0,14,26006.0,4.0,0.15,32.4113559685785,708,0.7749419976264655,26006.05,1.1,9352929555181470807,True
ST11,ST7112J0,sync8_c0,15,26565.0,4.0,0.15,75.84878884332653,607,0.978095811762961,26565.0,0.9,9352929555181470807,True
ST11,ST7112J0,sync8_c0,16,27109.0,4.0,0.15,27.42327070773434,598,0.94271879120727,27108.95,0.9,9352929555181470807,True
ST11,ST7112J0,sync8_c0,17,27575.0,4.0,0.15,10.620699116060669,649,0.8570094919671626,27574.9,1.0,9352929555181470807,True
ST11,ST7112J0,sync8_c0,18,27952.0,4.0,0.15,9.090508404757433,686,0.8063065976419936,27952.1,1.0,9352929555181470807,True
ST11,ST7112J0,sync8_c0,19,28117.0,4.0,0.15,7.375105308546594,654,0.934559957457347,28117.05,1.0,9352929555181470807,True
ST12,ST7121J0,iso8_matched,0,6124.0,4.0,0.15,21.563828537994816,769,0.9527130931206917,6124.1,1.2,9012919019734772530,True
ST12,ST7121J0,iso8_matched,1,6214.0,4.0,0.15,24.446460818882993,730,0.9499653565440634,6214.05,1.1,9012919019734772530,True
ST12,ST7121J0,iso8_matched,2,6711.0,4.0,0.15,20.852932423680485,692,0.857429328288001,6710.8,1.1,9012919019734772530,True
ST12,ST7121J0,iso8_matched,3,11404.0,4.0,0.15,22.95155909277778,608,0.873559550890068,11404.1,0.9,9012919019734772530,True
ST12,ST7121J0,iso8_matched,4,11823.0,4.0,0.15,35.00511857665101,609,0.8958378223270937,11823.05,0.9,9012919019734772530,True
ST12,ST7121J0,iso8_matched,5,20913.0,4.0,0.15,51.92373175548369,652,0.858722383414061,20912.95,1.0,9012919019734772530,True
ST12,ST7121J0,iso8_matched,6,21019.0,4.0,0.15,71.20036322034268,631,0.9304068268168034,21018.8,1.0,9012919019734772530,True
ST12,ST7121J0,iso8_matched,7,21151.0,4.0,0.15,58.42536784973814,616,0.9359177984738599,21151.05,0.9,9012919019734772530,True
ST12,ST7121J0,iso8_matched,8,21626.0,4.0,0.15,64.42643741385604,641,0.9404430888659919,21625.85,1.0,9012919019734772530,True
ST12,ST7121J0,iso8_matched,9,21724.0,4.0,0.15,54.34363482716183,620,0.9241722585149493,21723.8,1.0,9012919019734772530,True
ST12,ST7121J0,iso8_matched,10,21821.0,4.0,0.15,46.98038505743211,655,0.9599593076360224,21821.0,1.0,9012919019734772530,True
ST12,ST7121J0,iso8_matched,11,22194.0,4.0,0.15,64.05407410693957,707,0.9546076864258983,22194.0,1.1,9012919019734772530,True
ST12,ST7121J0,iso8_matched,12,22992.0,4.0,0.15,26.14371613577478,587,0.9525812804375388,22991.95,0.9,9012919019734772530,True
ST12,ST7121J0,iso8_matched,13,27038.0,4.0,0.15,18.961392071714133,706,0.8756049721074978,27038.0,1.1,9012919019734772530,True
ST12,ST7121J0,iso8_matched,14,27564.0,4.0,0.15,52.15954957357808,729,0.9549448371333872,27564.1,1.1,9012919019734772530,True
ST12,ST7121J0,iso8_matched,15,27848.0,4.0,0.15,46.64912277931962,654,0.3555133143592152,27848.65,1.0,9012919019734772530,True
ST12,ST7121J0,iso8_matched,16,28086.0,4.0,0.15,52.17137395839451,727,0.8314178012664281,28086.1,1.1,9012919019734772530,True
ST12,ST7121J0,iso8_matched,17,28348.0,4.0,0.15,59.806727767932074,706,0.9346548536002716,28348.0,1.1,9012919019734772530,True
ST12,ST7121J0,iso8_matched,18,28664.0,4.0,0.15,38.078245552663816,658,0.9180050693935126,28663.95,1.0,9012919019734772530,True
ST12,ST7121J0,iso8_matched,19,29724.0,4.0,0.15,8.739933945642287,656,0.9556464409444181,29724.0,1.0,9012919019734772530,True
ST12,ST7121J0,sync8_c0,0,6124.0,4.0,0.15,21.563828537994816,766,0.943998555134272,6124.1,1.2,9012919019734772530,True
ST12,ST7121J0,sync8_c0,1,6214.0,4.0,0.15,24.446460818882993,730,0.94472706234976,6214.15,1.1,9012919019734772530,True
ST12,ST7121J0,sync8_c0,2,6711.0,4.0,0.15,20.852932423680485,694,0.8800631561819825,6710.9,1.1,9012919019734772530,True
ST12,ST7121J0,sync8_c0,3,11404.0,4.0,0.15,22.95155909277778,604,0.8447889177783701,11404.05,0.9,9012919019734772530,True
ST12,ST7121J0,sync8_c0,4,11823.0,4.0,0.15,35.00511857665101,610,0.8659455862843474,11823.0,0.9,9012919019734772530,True
ST12,ST7121J0,sync8_c0,5,20913.0,4.0,0.15,51.92373175548369,653,0.8510959716133989,20913.0,1.0,9012919019734772530,True
ST12,ST7121J0,sync8_c0,6,21019.0,4.0,0.15,71.20036322034268,632,0.9146198648890532,21018.8,1.0,9012919019734772530,True
ST12,ST7121J0,sync8_c0,7,21151.0,4.0,0.15,58.42536784973814,606,0.9398025620540211,21150.95,0.9,9012919019734772530,True
ST12,ST7121J0,sync8_c0,8,21626.0,4.0,0.15,64.42643741385604,650,0.9608391908914664,21625.9,1.0,9012919019734772530,True
ST12,ST7121J0,sync8_c0,9,21724.0,4.0,0.15,54.34363482716183,618,0.8979624289417769,21723.8,1.0,9012919019734772530,True
ST12,ST7121J0,sync8_c0,10,21821.0,4.0,0.15,46.98038505743211,655,0.9405129180450901,21821.05,1.0,9012919019734772530,True
ST12,ST7121J0,sync8_c0,11,22194.0,4.0,0.15,64.05407410693957,703,0.9463821064424274,22194.05,1.1,9012919019734772530,True
ST12,ST7121J0,sync8_c0,12,22992.0,4.0,0.15,26.14371613577478,577,0.8903514195517955,22991.85,0.9,9012919019734772530,True
ST12,ST7121J0,sync8_c0,13,27038.0,4.0,0.15,18.961392071714133,703,0.8770749988810299,27038.05,1.1,9012919019734772530,True
ST12,ST7121J0,sync8_c0,14,27564.0,4.0,0.15,52.15954957357808,726,0.9215253414028526,27564.15,1.1,9012919019734772530,True
ST12,ST7121J0,sync8_c0,15,27848.0,4.0,0.15,46.64912277931962,644,0.5356031845861556,27847.9,1.0,9012919019734772530,True
ST12,ST7121J0,sync8_c0,16,28086.0,4.0,0.15,52.17137395839451,730,0.8160159215752465,28086.15,1.1,9012919019734772530,True
ST12,ST7121J0,sync8_c0,17,28348.0,4.0,0.15,59.806727767932074,703,0.9272020489380668,28348.05,1.1,9012919019734772530,True
ST12,ST7121J0,sync8_c0,18,28664.0,4.0,0.15,38.078245552663816,656,0.9177743132007975,28663.95,1.0,9012919019734772530,True
ST12,ST7121J0,sync8_c0,19,29724.0,4.0,0.15,8.739933945642287,649,0.949673969354393,29724.0,1.0,9012919019734772530,True
ST13,ST7132J0,iso8_matched,0,7302.0,4.0,0.15,24.009278331358043,747,0.8560938151009293,7302.15,1.1,7960265450983786750,True
ST13,ST7132J0,iso8_matched,1,7377.0,4.0,0.15,30.168962698724027,636,0.46980816998309605,7376.85,1.0,7960265450983786750,True
ST13,ST7132J0,iso8_matched,2,7451.0,4.0,0.15,32.71003650214797,636,0.8453460100625224,7451.2,0.9,7960265450983786750,True
ST13,ST7132J0,iso8_matched,3,7785.0,4.0,0.15,28.66342333007035,750,0.5221268123608402,7785.15,1.1,7960265450983786750,True
ST13,ST7132J0,iso8_matched,4,8017.0,4.0,0.15,37.2720682026334,683,0.9522165734108248,8017.1,1.0,7960265450983786750,True
ST13,ST7132J0,iso8_matched,5,8788.0,4.0,0.15,32.747791628521604,737,0.855021889823972,8788.1,1.1,7960265450983786750,True
ST13,ST7132J0,iso8_matched,6,13868.0,4.0,0.15,17.017053696979616,730,0.8895277427343034,13868.15,1.1,7960265450983786750,True
ST13,ST7132J0,iso8_matched,7,14117.0,4.0,0.15,19.520125584279675,613,0.8664844999081989,14117.0,0.9,7960265450983786750,True
ST13,ST7132J0,iso8_matched,8,18528.0,4.0,0.15,35.00307430307607,603,0.7958109957536715,18527.95,0.9,7960265450983786750,True
ST13,ST7132J0,iso8_matched,9,18939.0,4.0,0.15,37.80685795108671,670,0.9078424051081705,18939.05,1.0,7960265450983786750,True
ST13,ST7132J0,iso8_matched,10,19576.0,4.0,0.15,19.6012643623433,716,0.9191678389270665,19576.0,1.1,7960265450983786750,True
ST13,ST7132J0,iso8_matched,11,19809.0,4.0,0.15,21.90647552075531,731,0.9528396633927265,19809.1,1.1,7960265450983786750,True
ST13,ST7132J0,iso8_matched,12,19916.0,4.0,0.15,19.84711831437155,642,0.9155511182658344,19915.9,1.0,7960265450983786750,True
ST13,ST7132J0,iso8_matched,13,20395.0,4.0,0.15,21.129357268804217,645,0.8136849184480794,20395.2,0.9,7960265450983786750,True
ST13,ST7132J0,iso8_matched,14,20600.0,4.0,0.15,12.430941983810879,632,0.8828114621011579,20599.9,1.0,7960265450983786750,True
ST13,ST7132J0,iso8_matched,15,20724.0,4.0,0.15,11.373223954719109,652,0.9043345403388011,20724.7,1.0,7960265450983786750,True
ST13,ST7132J0,iso8_matched,16,20803.0,4.0,0.15,12.89738811877388,722,0.6943463745350533,20803.05,1.1,7960265450983786750,True
ST13,ST7132J0,iso8_matched,17,24132.0,4.0,0.15,14.84328639765164,638,0.770304188825098,24132.15,0.9,7960265450983786750,True
ST13,ST7132J0,iso8_matched,18,24373.0,4.0,0.15,24.048543681135108,704,0.8992362659729204,24373.0,1.1,7960265450983786750,True
ST13,ST7132J0,iso8_matched,19,24591.0,4.0,0.15,19.423601405827156,712,0.0,,,7960265450983786750,True
ST13,ST7132J0,sync8_c0,0,7302.0,4.0,0.15,24.009278331358043,749,0.84737295523099,7302.25,1.1,7960265450983786750,True
ST13,ST7132J0,sync8_c0,1,7377.0,4.0,0.15,30.168962698724027,644,0.4860597346690881,7376.65,1.1,7960265450983786750,True
ST13,ST7132J0,sync8_c0,2,7451.0,4.0,0.15,32.71003650214797,637,0.8373600152677615,7451.15,0.9,7960265450983786750,True
ST13,ST7132J0,sync8_c0,3,7785.0,4.0,0.15,28.66342333007035,762,0.5237123471600414,7785.0,1.2,7960265450983786750,True
ST13,ST7132J0,sync8_c0,4,8017.0,4.0,0.15,37.2720682026334,678,0.9606411025506109,8017.05,1.0,7960265450983786750,True
ST13,ST7132J0,sync8_c0,5,8788.0,4.0,0.15,32.747791628521604,735,0.8215860977142696,8788.15,1.1,7960265450983786750,True
ST13,ST7132J0,sync8_c0,6,13868.0,4.0,0.15,17.017053696979616,735,0.8422716990900543,13867.9,1.2,7960265450983786750,True
ST13,ST7132J0,sync8_c0,7,14117.0,4.0,0.15,19.520125584279675,621,0.8646379255955873,14116.8,1.0,7960265450983786750,True
ST13,ST7132J0,sync8_c0,8,18528.0,4.0,0.15,35.00307430307607,609,0.6978901891863658,18527.95,0.9,7960265450983786750,True
ST13,ST7132J0,sync8_c0,9,18939.0,4.0,0.15,37.80685795108671,668,0.9002856478349102,18939.05,1.0,7960265450983786750,True
ST13,ST7132J0,sync8_c0,10,19576.0,4.0,0.15,19.6012643623433,724,0.9147849001557524,19576.1,1.1,7960265450983786750,True
ST13,ST7132J0,sync8_c0,11,19809.0,4.0,0.15,21.90647552075531,738,0.8828963698372917,19809.2,1.1,7960265450983786750,True
ST13,ST7132J0,sync8_c0,12,19916.0,4.0,0.15,19.84711831437155,636,0.8719682610527267,19915.85,1.0,7960265450983786750,True
ST13,ST7132J0,sync8_c0,13,20395.0,4.0,0.15,21.129357268804217,641,0.7910415152848979,20395.15,0.9,7960265450983786750,True
ST13,ST7132J0,sync8_c0,14,20600.0,4.0,0.15,12.430941983810879,630,0.891393714135511,20599.9,1.0,7960265450983786750,True
ST13,ST7132J0,sync8_c0,15,20724.0,4.0,0.15,11.373223954719109,647,0.8935425604067934,20723.95,1.0,7960265450983786750,True
ST13,ST7132J0,sync8_c0,16,20803.0,4.0,0.15,12.89738811877388,726,0.6817314992631675,20803.1,1.1,7960265450983786750,True
ST13,ST7132J0,sync8_c0,17,24132.0,4.0,0.15,14.84328639765164,633,0.8551523558456947,24132.1,0.9,7960265450983786750,True
ST13,ST7132J0,sync8_c0,18,24373.0,4.0,0.15,24.048543681135108,697,0.9104515115892803,24373.0,1.1,7960265450983786750,True
ST13,ST7132J0,sync8_c0,19,24591.0,4.0,0.15,19.423601405827156,705,0.4247607799674685,24591.5,0.8,7960265450983786750,True
ST14,ST7141J0,iso8_matched,0,6223.0,4.0,0.15,20.732456859694388,678,0.9413668968132322,6223.15,1.0,15110362656999570382,True
ST14,ST7141J0,iso8_matched,1,6487.0,4.0,0.15,34.45096193069704,695,0.8557946682020532,6487.15,1.0,15110362656999570382,True
ST14,ST7141J0,iso8_matched,2,6803.0,4.0,0.15,29.35183617006963,739,0.9171141450342812,6803.15,1.1,15110362656999570382,True
ST14,ST7141J0,iso8_matched,3,7085.0,4.0,0.15,32.24800305511747,590,0.9650107808024727,7084.95,0.9,15110362656999570382,True
ST14,ST7141J0,iso8_matched,4,7263.0,4.0,0.15,20.94513869959369,737,0.8922074597171772,7263.05,1.1,15110362656999570382,True
ST14,ST7141J0,iso8_matched,5,7468.0,4.0,0.15,11.51022455944923,731,0.9051196328581584,7468.1,1.1,15110362656999570382,True
ST14,ST7141J0,iso8_matched,6,7777.0,4.0,0.15,6.195625105113993,715,0.930990518332239,7777.05,1.1,15110362656999570382,True
ST14,ST7141J0,iso8_matched,7,13725.0,4.0,0.15,23.255564205831345,687,0.0,,,15110362656999570382,True
ST14,ST7141J0,iso8_matched,8,13847.0,4.0,0.15,40.02710853768209,706,0.9098361881645026,13846.95,1.1,15110362656999570382,True
ST14,ST7141J0,iso8_matched,9,14090.0,4.0,0.15,49.297238195046546,646,0.8119840498653572,14089.9,1.0,15110362656999570382,True
ST14,ST7141J0,iso8_matched,10,15015.0,4.0,0.15,44.78376431128532,699,0.7327940864696075,15014.95,1.1,15110362656999570382,True
ST14,ST7141J0,iso8_matched,11,15410.0,4.0,0.15,17.768409063888793,668,0.9200228497098294,15410.05,1.0,15110362656999570382,True
ST14,ST7141J0,iso8_matched,12,21484.0,4.0,0.15,11.083162260199693,614,0.44238380972560304,21484.0,0.9,15110362656999570382,True
ST14,ST7141J0,iso8_matched,13,21859.0,4.0,0.15,58.85496604471383,630,0.8645778675481868,21858.85,1.0,15110362656999570382,True
ST14,ST7141J0,iso8_matched,14,22138.0,4.0,0.15,38.50354023125198,663,0.8595040838826058,22138.1,1.0,15110362656999570382,True
ST14,ST7141J0,iso8_matched,15,22249.0,4.0,0.15,35.75935438704977,651,0.9597053637186729,22248.95,1.0,15110362656999570382,True
ST14,ST7141J0,iso8_matched,16,22496.0,4.0,0.15,17.02410363190242,623,0.9107156808619327,22496.1,0.9,15110362656999570382,True
ST14,ST7141J0,iso8_matched,17,22692.0,4.0,0.15,39.336777007137435,617,0.8759802520125319,22692.05,0.9,15110362656999570382,True
ST14,ST7141J0,iso8_matched,18,22876.0,4.0,0.15,23.450011722523705,722,0.9809893616208305,22876.1,1.1,15110362656999570382,True
ST14,ST7141J0,iso8_matched,19,23200.0,4.0,0.15,23.37005701922634,687,0.6767443817349764,23200.1,1.0,15110362656999570382,True
ST14,ST7141J0,sync8_c0,0,6223.0,4.0,0.15,20.732456859694388,678,0.9534560466594054,6223.1,1.0,15110362656999570382,True
ST14,ST7141J0,sync8_c0,1,6487.0,4.0,0.15,34.45096193069704,691,0.8806861935060921,6487.1,1.0,15110362656999570382,True
ST14,ST7141J0,sync8_c0,2,6803.0,4.0,0.15,29.35183617006963,735,0.8776595874308052,6803.25,1.1,15110362656999570382,True
ST14,ST7141J0,sync8_c0,3,7085.0,4.0,0.15,32.24800305511747,591,0.9653771934413322,7084.95,0.9,15110362656999570382,True
ST14,ST7141J0,sync8_c0,4,7263.0,4.0,0.15,20.94513869959369,742,0.8461045812782142,7263.1,1.1,15110362656999570382,True
ST14,ST7141J0,sync8_c0,5,7468.0,4.0,0.15,11.51022455944923,731,0.8680795461602963,7468.15,1.1,15110362656999570382,True
ST14,ST7141J0,sync8_c0,6,7777.0,4.0,0.15,6.195625105113993,714,0.9033449001060697,7777.1,1.1,15110362656999570382,True
ST14,ST7141J0,sync8_c0,7,13725.0,4.0,0.15,23.255564205831345,689,0.7168670876541081,13725.05,1.1,15110362656999570382,True
ST14,ST7141J0,sync8_c0,8,13847.0,4.0,0.15,40.02710853768209,711,0.9367563472039662,13847.0,1.1,15110362656999570382,True
ST14,ST7141J0,sync8_c0,9,14090.0,4.0,0.15,49.297238195046546,646,0.7601924510665867,14089.95,1.0,15110362656999570382,True
ST14,ST7141J0,sync8_c0,10,15015.0,4.0,0.15,44.78376431128532,704,0.708471231737773,15015.0,1.1,15110362656999570382,True
ST14,ST7141J0,sync8_c0,11,15410.0,4.0,0.15,17.768409063888793,670,0.922282921155476,15410.05,1.0,15110362656999570382,True
ST14,ST7141J0,sync8_c0,12,21484.0,4.0,0.15,11.083162260199693,618,0.4100905498790155,21484.0,0.9,15110362656999570382,True
ST14,ST7141J0,sync8_c0,13,21859.0,4.0,0.15,58.85496604471383,626,0.8664427147809144,21858.85,1.0,15110362656999570382,True
ST14,ST7141J0,sync8_c0,14,22138.0,4.0,0.15,38.50354023125198,664,0.8632371625046389,22138.05,1.0,15110362656999570382,True
ST14,ST7141J0,sync8_c0,15,22249.0,4.0,0.15,35.75935438704977,655,0.9644672143727622,22249.0,1.0,15110362656999570382,True
ST14,ST7141J0,sync8_c0,16,22496.0,4.0,0.15,17.02410363190242,624,0.8676811751875169,22496.1,0.9,15110362656999570382,True
ST14,ST7141J0,sync8_c0,17,22692.0,4.0,0.15,39.336777007137435,621,0.8779861754936561,22692.05,0.9,15110362656999570382,True
ST14,ST7141J0,sync8_c0,18,22876.0,4.0,0.15,23.450011722523705,718,0.9642206976836963,22876.15,1.1,15110362656999570382,True
ST14,ST7141J0,sync8_c0,19,23200.0,4.0,0.15,23.37005701922634,686,0.7484501241274597,23200.1,1.0,15110362656999570382,True
ST15,ST7151J0,iso8_matched,0,14711.0,4.0,0.15,19.229775455910076,729,0.8681669851075572,14711.1,1.1,9710212937101456260,True
ST15,ST7151J0,iso8_matched,1,15143.0,4.0,0.15,39.18619084991379,696,0.9613567622517798,15142.85,1.1,9710212937101456260,True
ST15,ST7151J0,iso8_matched,2,15299.0,4.0,0.15,37.354280923973036,712,0.9493737085306906,15299.0,1.1,9710212937101456260,True
ST15,ST7151J0,iso8_matched,3,15462.0,4.0,0.15,46.75481755222288,646,0.925534460650955,15461.85,1.0,9710212937101456260,True
ST15,ST7151J0,iso8_matched,4,21758.0,4.0,0.15,17.843709603530293,688,0.8751533934956256,21758.2,1.0,9710212937101456260,True
ST15,ST7151J0,iso8_matched,5,21843.0,4.0,0.15,20.014555388838573,664,0.9299396733198023,21843.05,1.0,9710212937101456260,True
ST15,ST7151J0,iso8_matched,6,21962.0,4.0,0.15,30.38622188305341,615,0.6908608021831696,21962.15,0.9,9710212937101456260,True
ST15,ST7151J0,iso8_matched,7,22203.0,4.0,0.15,34.349937071738374,672,0.9486438685485837,22203.0,1.0,9710212937101456260,True
ST15,ST7151J0,iso8_matched,8,22315.0,4.0,0.15,28.692288608663297,741,0.9116054479956776,22314.9,1.2,9710212937101456260,True
ST15,ST7151J0,iso8_matched,9,22843.0,4.0,0.15,32.282772043997895,647,0.8899002912668713,22842.95,1.0,9710212937101456260,True
ST15,ST7151J0,iso8_matched,10,22969.0,4.0,0.15,37.61029062765721,675,0.8280510186859984,22969.05,1.0,9710212937101456260,True
ST15,ST7151J0,iso8_matched,11,23052.0,4.0,0.15,47.494199052140964,571,0.7057092629393922,23052.4,0.9,9710212937101456260,True
ST15,ST7151J0,iso8_matched,12,23255.0,4.0,0.15,86.43481624256309,613,0.9428006160765261,23255.0,0.9,9710212937101456260,True
ST15,ST7151J0,iso8_matched,13,28809.0,4.0,0.15,6.81469408269359,653,0.9212648727769145,28809.05,1.0,9710212937101456260,True
ST15,ST7151J0,iso8_matched,14,29221.0,4.0,0.15,22.927242101832693,632,0.8015314234092692,29221.7,0.9,9710212937101456260,True
ST15,ST7151J0,iso8_matched,15,29294.0,4.0,0.15,22.361515384298762,726,0.9763710665855084,29294.05,1.1,9710212937101456260,True
ST15,ST7151J0,iso8_matched,16,29444.0,4.0,0.15,27.10554533910034,732,0.9406761774789075,29444.1,1.1,9710212937101456260,True
ST15,ST7151J0,iso8_matched,17,29837.0,4.0,0.15,11.487232847213754,612,0.9057619595065278,29837.05,0.9,9710212937101456260,True
ST15,ST7151J0,iso8_matched,18,30056.0,4.0,0.15,21.404069877183872,641,0.9073473972898246,30056.0,1.0,9710212937101456260,True
ST15,ST7151J0,iso8_matched,19,30203.0,4.0,0.15,45.60448473745593,640,0.8757906062544188,30202.85,1.0,9710212937101456260,True
ST15,ST7151J0,sync8_c0,0,14711.0,4.0,0.15,19.229775455910076,729,0.8958873504126766,14711.15,1.1,9710212937101456260,True
ST15,ST7151J0,sync8_c0,1,15143.0,4.0,0.15,39.18619084991379,704,0.9686204373811579,15143.0,1.1,9710212937101456260,True
ST15,ST7151J0,sync8_c0,2,15299.0,4.0,0.15,37.354280923973036,708,0.9361543051129697,15299.1,1.1,9710212937101456260,True
ST15,ST7151J0,sync8_c0,3,15462.0,4.0,0.15,46.75481755222288,655,0.9361720265867133,15461.9,1.0,9710212937101456260,True
ST15,ST7151J0,sync8_c0,4,21758.0,4.0,0.15,17.843709603530293,687,0.8584621586127718,21758.2,1.0,9710212937101456260,True
ST15,ST7151J0,sync8_c0,5,21843.0,4.0,0.15,20.014555388838573,671,0.892537766618562,21843.05,1.0,9710212937101456260,True
ST15,ST7151J0,sync8_c0,6,21962.0,4.0,0.15,30.38622188305341,612,0.6932208851773926,21962.05,0.9,9710212937101456260,True
ST15,ST7151J0,sync8_c0,7,22203.0,4.0,0.15,34.349937071738374,681,0.9204167549162007,22203.05,1.0,9710212937101456260,True
ST15,ST7151J0,sync8_c0,8,22315.0,4.0,0.15,28.692288608663297,736,0.89622157152316,22314.95,1.2,9710212937101456260,True
ST15,ST7151J0,sync8_c0,9,22843.0,4.0,0.15,32.282772043997895,649,0.8916674519906834,22842.95,1.0,9710212937101456260,True
ST15,ST7151J0,sync8_c0,10,22969.0,4.0,0.15,37.61029062765721,679,0.8181798083651297,22969.05,1.0,9710212937101456260,True
ST15,ST7151J0,sync8_c0,11,23052.0,4.0,0.15,47.494199052140964,574,0.6485024463654728,23051.75,0.9,9710212937101456260,True
ST15,ST7151J0,sync8_c0,12,23255.0,4.0,0.15,86.43481624256309,616,0.9267513471481712,23255.0,0.9,9710212937101456260,True
ST15,ST7151J0,sync8_c0,13,28809.0,4.0,0.15,6.81469408269359,649,0.9289969291884556,28809.0,1.0,9710212937101456260,True
ST15,ST7151J0,sync8_c0,14,29221.0,4.0,0.15,22.927242101832693,636,0.7683127997803422,29220.85,1.0,9710212937101456260,True
ST15,ST7151J0,sync8_c0,15,29294.0,4.0,0.15,22.361515384298762,739,0.8956334161005353,29294.15,1.1,9710212937101456260,True
ST15,ST7151J0,sync8_c0,16,29444.0,4.0,0.15,27.10554533910034,740,0.8721484212397366,29443.9,1.2,9710212937101456260,True
ST15,ST7151J0,sync8_c0,17,29837.0,4.0,0.15,11.487232847213754,612,0.9097637942979111,29837.0,0.9,9710212937101456260,True
ST15,ST7151J0,sync8_c0,18,30056.0,4.0,0.15,21.404069877183872,632,0.8784493231137943,30055.95,1.0,9710212937101456260,True
ST15,ST7151J0,sync8_c0,19,30203.0,4.0,0.15,45.60448473745593,643,0.8784886849447594,30202.85,1.0,9710212937101456260,True
ST16,ST7162J0,iso8_matched,0,5016.0,4.0,0.15,17.131997579664528,738,0.9090978176505395,5016.1,1.1,4525289487637756177,True
ST16,ST7162J0,iso8_matched,1,5079.0,4.0,0.15,15.715334447024434,737,0.7624617729374571,5079.15,1.1,4525289487637756177,True
ST16,ST7162J0,iso8_matched,2,5163.0,4.0,0.15,18.802104736755663,704,0.8869223705696965,5162.95,1.1,4525289487637756177,True
ST16,ST7162J0,iso8_matched,3,5271.0,4.0,0.15,25.550026930405217,731,0.91488801448653,5271.1,1.1,4525289487637756177,True
ST16,ST7162J0,iso8_matched,4,5607.0,4.0,0.15,20.250456236900643,722,0.9516101802198706,5607.05,1.1,4525289487637756177,True
ST16,ST7162J0,iso8_matched,5,5749.0,4.0,0.15,22.4004678076516,751,0.9057910955072419,5749.25,1.1,4525289487637756177,True
ST16,ST7162J0,iso8_matched,6,5862.0,4.0,0.15,26.527202107064042,710,0.890340937779821,5862.05,1.1,4525289487637756177,True
ST16,ST7162J0,iso8_matched,7,5981.0,4.0,0.15,25.489986875217518,643,0.8885381532568957,5980.95,1.0,4525289487637756177,True
ST16,ST7162J0,iso8_matched,8,23593.0,4.0,0.15,13.61525517631528,660,0.9269905295409023,23593.1,1.0,4525289487637756177,True
ST16,ST7162J0,iso8_matched,9,23659.0,4.0,0.15,15.640717304117377,655,0.34073467858439443,23659.7,1.0,4525289487637756177,True
ST16,ST7162J0,iso8_matched,10,23727.0,4.0,0.15,17.780320349971202,673,0.5672173416562298,23727.75,1.0,4525289487637756177,True
ST16,ST7162J0,iso8_matched,11,23836.0,4.0,0.15,28.108173921060327,607,0.9286609134023068,23836.0,0.9,4525289487637756177,True
ST16,ST7162J0,iso8_matched,12,23928.0,4.0,0.15,55.447418940176746,634,0.7133303514817803,23927.55,0.9,4525289487637756177,True
ST16,ST7162J0,iso8_matched,13,24012.0,4.0,0.15,71.03371357024986,625,0.8805991132586785,24011.85,1.0,4525289487637756177,True
ST16,ST7162J0,iso8_matched,14,24137.0,4.0,0.15,113.7779724025817,734,0.813942403949686,24137.05,1.1,4525289487637756177,True
ST16,ST7162J0,iso8_matched,15,24280.0,4.0,0.15,127.79850862363652,716,0.9517740431939711,24280.05,1.1,4525289487637756177,True
ST16,ST7162J0,iso8_matched,16,24433.0,4.0,0.15,102.55429864205422,625,0.8626275804828849,24432.4,0.9,4525289487637756177,True
ST16,ST7162J0,iso8_matched,17,24549.0,4.0,0.15,95.27437548673498,731,0.7493009335775107,24549.05,1.1,4525289487637756177,True
ST16,ST7162J0,iso8_matched,18,24810.0,4.0,0.15,119.4703964344604,678,0.8731031186491524,24810.1,1.0,4525289487637756177,True
ST16,ST7162J0,iso8_matched,19,24874.0,4.0,0.15,100.70061959810229,656,0.9521661369173522,24873.9,1.0,4525289487637756177,True
ST16,ST7162J0,sync8_c0,0,5016.0,4.0,0.15,17.131997579664528,737,0.8837034836180094,5016.15,1.1,4525289487637756177,True
ST16,ST7162J0,sync8_c0,1,5079.0,4.0,0.15,15.715334447024434,739,0.7518185634667314,5078.95,1.2,4525289487637756177,True
ST16,ST7162J0,sync8_c0,2,5163.0,4.0,0.15,18.802104736755663,716,0.9607200738480504,5163.05,1.1,4525289487637756177,True
ST16,ST7162J0,sync8_c0,3,5271.0,4.0,0.15,25.550026930405217,732,0.8837810830598909,5271.15,1.1,4525289487637756177,True
ST16,ST7162J0,sync8_c0,4,5607.0,4.0,0.15,20.250456236900643,717,0.9101256782019629,5607.1,1.1,4525289487637756177,True
ST16,ST7162J0,sync8_c0,5,5749.0,4.0,0.15,22.4004678076516,752,0.866483603953755,5749.0,1.2,4525289487637756177,True
ST16,ST7162J0,sync8_c0,6,5862.0,4.0,0.15,26.527202107064042,710,0.8671533252467877,5862.1,1.1,4525289487637756177,True
ST16,ST7162J0,sync8_c0,7,5981.0,4.0,0.15,25.489986875217518,645,0.9082548042175225,5980.95,1.0,4525289487637756177,True
ST16,ST7162J0,sync8_c0,8,23593.0,4.0,0.15,13.61525517631528,664,0.9134673350692044,23593.1,1.0,4525289487637756177,True
ST16,ST7162J0,sync8_c0,9,23659.0,4.0,0.15,15.640717304117377,656,0.5329314056151196,23659.45,1.1,4525289487637756177,True
ST16,ST7162J0,sync8_c0,10,23727.0,4.0,0.15,17.780320349971202,670,0.4622550465608475,23727.0,1.0,4525289487637756177,True
ST16,ST7162J0,sync8_c0,11,23836.0,4.0,0.15,28.108173921060327,612,0.9141927391624384,23836.0,0.9,4525289487637756177,True
ST16,ST7162J0,sync8_c0,12,23928.0,4.0,0.15,55.447418940176746,634,0.6406247573220087,23927.55,0.9,4525289487637756177,True
ST16,ST7162J0,sync8_c0,13,24012.0,4.0,0.15,71.03371357024986,627,0.8752766846236686,24011.85,1.0,4525289487637756177,True
ST16,ST7162J0,sync8_c0,14,24137.0,4.0,0.15,113.7779724025817,737,0.7219561336986628,24137.15,1.1,4525289487637756177,True
ST16,ST7162J0,sync8_c0,15,24280.0,4.0,0.15,127.79850862363652,721,0.9263092651664783,24280.1,1.1,4525289487637756177,True
ST16,ST7162J0,sync8_c0,16,24433.0,4.0,0.15,102.55429864205422,624,0.8801454148374838,24433.05,0.9,4525289487637756177,True
ST16,ST7162J0,sync8_c0,17,24549.0,4.0,0.15,95.27437548673498,736,0.7033810306102232,24549.2,1.1,4525289487637756177,True
ST16,ST7162J0,sync8_c0,18,24810.0,4.0,0.15,119.4703964344604,682,0.8483490537151029,24810.1,1.0,4525289487637756177,True
ST16,ST7162J0,sync8_c0,19,24874.0,4.0,0.15,100.70061959810229,657,0.9450895541918074,24873.95,1.0,4525289487637756177,True
ST17,ST7171J0,iso8_matched,0,11153.0,4.0,0.15,34.80374584029831,729,0.9514803662053115,11153.0,1.1,13548033807864619740,True
ST17,ST7171J0,iso8_matched,1,11247.0,4.0,0.15,39.07775842191643,739,0.9099681059923227,11247.15,1.1,13548033807864619740,True
ST17,ST7171J0,iso8_matched,2,11438.0,4.0,0.15,43.56504832410384,751,0.9127689749175202,11437.8,1.2,13548033807864619740,True
ST17,ST7171J0,iso8_matched,3,11546.0,4.0,0.15,20.9059154091176,673,0.9118086409085955,11546.15,1.0,13548033807864619740,True
ST17,ST7171J0,iso8_matched,4,11660.0,4.0,0.15,14.379749119260806,673,0.0,,,13548033807864619740,True
ST17,ST7171J0,iso8_matched,5,11734.0,4.0,0.15,15.75397243002529,613,0.8067239845619537,11734.05,0.9,13548033807864619740,True
ST17,ST7171J0,iso8_matched,6,11809.0,4.0,0.15,24.325191759801267,595,0.5429383941501761,11808.95,0.9,13548033807864619740,True
ST17,ST7171J0,iso8_matched,7,12053.0,4.0,0.15,39.919834881519066,625,0.8970173752112668,12052.85,1.0,13548033807864619740,True
ST17,ST7171J0,iso8_matched,8,18394.0,4.0,0.15,34.357517354107834,667,0.4971046973677822,18394.1,1.0,13548033807864619740,True
ST17,ST7171J0,iso8_matched,9,18777.0,4.0,0.15,15.222346932800027,725,0.9117899758602758,18777.05,1.1,13548033807864619740,True
ST17,ST7171J0,iso8_matched,10,18903.0,4.0,0.15,9.970130650127379,597,0.859225787057966,18902.35,0.9,13548033807864619740,True
ST17,ST7171J0,iso8_matched,11,19164.0,4.0,0.15,7.82592798441638,710,0.9123369773977924,19163.95,1.1,13548033807864619740,True
ST17,ST7171J0,iso8_matched,12,25429.0,4.0,0.15,21.25940384836614,708,0.44088422179950787,25429.15,1.0,13548033807864619740,True
ST17,ST7171J0,iso8_matched,13,25677.0,4.0,0.15,30.22876964569485,720,0.9765077503825388,25677.0,1.1,13548033807864619740,True
ST17,ST7171J0,iso8_matched,14,25878.0,4.0,0.15,14.153215614867998,672,0.8295442680478647,25878.1,1.0,13548033807864619740,True
ST17,ST7171J0,iso8_matched,15,25996.0,4.0,0.15,14.896145914000074,643,0.5423512041824542,25995.25,1.0,13548033807864619740,True
ST17,ST7171J0,iso8_matched,16,26133.0,4.0,0.15,23.075643747828863,674,0.8404067500813456,26133.15,1.0,13548033807864619740,True
ST17,ST7171J0,iso8_matched,17,26301.0,4.0,0.15,15.43254869363101,610,0.9221720105612967,26300.95,0.9,13548033807864619740,True
ST17,ST7171J0,iso8_matched,18,26435.0,4.0,0.15,14.62844707921317,624,0.8838876606376023,26434.75,1.0,13548033807864619740,True
ST17,ST7171J0,iso8_matched,19,26563.0,4.0,0.15,10.204638883836221,665,0.8972471237770292,26563.1,1.0,13548033807864619740,True
ST17,ST7171J0,sync8_c0,0,11153.0,4.0,0.15,34.80374584029831,730,0.9542671968776214,11153.1,1.1,13548033807864619740,True
ST17,ST7171J0,sync8_c0,1,11247.0,4.0,0.15,39.07775842191643,742,0.8921656621160997,11246.9,1.2,13548033807864619740,True
ST17,ST7171J0,sync8_c0,2,11438.0,4.0,0.15,43.56504832410384,753,0.8937693333611479,11437.85,1.2,13548033807864619740,True
ST17,ST7171J0,sync8_c0,3,11546.0,4.0,0.15,20.9059154091176,658,0.9218411284682794,11546.1,1.0,13548033807864619740,True
ST17,ST7171J0,sync8_c0,4,11660.0,4.0,0.15,14.379749119260806,674,0.09578890918392594,11659.75,1.1,13548033807864619740,True
ST17,ST7171J0,sync8_c0,5,11734.0,4.0,0.15,15.75397243002529,612,0.809316846535477,11734.05,0.9,13548033807864619740,True
ST17,ST7171J0,sync8_c0,6,11809.0,4.0,0.15,24.325191759801267,590,0.4961466784284054,11808.95,0.9,13548033807864619740,True
ST17,ST7171J0,sync8_c0,7,12053.0,4.0,0.15,39.919834881519066,628,0.9451882524325733,12052.9,1.0,13548033807864619740,True
ST17,ST7171J0,sync8_c0,8,18394.0,4.0,0.15,34.357517354107834,663,0.6814510759481589,18394.05,1.0,13548033807864619740,True
ST17,ST7171J0,sync8_c0,9,18777.0,4.0,0.15,15.222346932800027,730,0.8659802899335479,18777.15,1.1,13548033807864619740,True
ST17,ST7171J0,sync8_c0,10,18903.0,4.0,0.15,9.970130650127379,590,0.761671716376693,18902.95,0.9,13548033807864619740,True
ST17,ST7171J0,sync8_c0,11,19164.0,4.0,0.15,7.82592798441638,708,0.919952612452749,19164.0,1.1,13548033807864619740,True
ST17,ST7171J0,sync8_c0,12,25429.0,4.0,0.15,21.25940384836614,705,0.5045498746358352,25429.75,1.1,13548033807864619740,True
ST17,ST7171J0,sync8_c0,13,25677.0,4.0,0.15,30.22876964569485,722,0.9726390190912191,25677.05,1.1,13548033807864619740,True
ST17,ST7171J0,sync8_c0,14,25878.0,4.0,0.15,14.153215614867998,677,0.7970994958098355,25878.1,1.0,13548033807864619740,True
ST17,ST7171J0,sync8_c0,15,25996.0,4.0,0.15,14.896145914000074,648,0.5883027087514955,25995.95,1.0,13548033807864619740,True
ST17,ST7171J0,sync8_c0,16,26133.0,4.0,0.15,23.075643747828863,670,0.8752928607371521,26133.1,1.0,13548033807864619740,True
ST17,ST7171J0,sync8_c0,17,26301.0,4.0,0.15,15.43254869363101,625,0.85709846950255,26301.0,0.9,13548033807864619740,True
ST17,ST7171J0,sync8_c0,18,26435.0,4.0,0.15,14.62844707921317,622,0.8591617893039459,26434.75,1.0,13548033807864619740,True
ST17,ST7171J0,sync8_c0,19,26563.0,4.0,0.15,10.204638883836221,659,0.8826519308740248,26563.1,1.0,13548033807864619740,True
ST18,ST7182J0,iso8_matched,0,11338.0,4.0,0.15,10.691059782569779,695,0.8675867365826204,11337.9,1.1,3479511412643701127,True
ST18,ST7182J0,iso8_matched,1,11530.0,4.0,0.15,10.097090433558815,665,0.929725039983927,11530.05,1.0,3479511412643701127,True
ST18,ST7182J0,iso8_matched,2,11614.0,4.0,0.15,10.883223158738293,610,0.9231440848534358,11613.9,0.9,3479511412643701127,True
ST18,ST7182J0,iso8_matched,3,17683.0,4.0,0.15,6.968590295247617,604,0.8966801307238929,17683.0,0.9,3479511412643701127,True
ST18,ST7182J0,iso8_matched,4,18444.0,4.0,0.15,8.518657107676775,699,0.8992186519235487,18444.0,1.1,3479511412643701127,True
ST18,ST7182J0,iso8_matched,5,18550.0,4.0,0.15,7.595865204766823,630,0.9073395080349012,18549.9,1.0,3479511412643701127,True
ST18,ST7182J0,iso8_matched,6,18989.0,4.0,0.15,11.424405369705903,695,0.9066539550121612,18988.95,1.1,3479511412643701127,True
ST18,ST7182J0,iso8_matched,7,19103.0,4.0,0.15,9.104344541169374,624,0.8386849504310208,19102.9,1.0,3479511412643701127,True
ST18,ST7182J0,iso8_matched,8,19825.0,4.0,0.15,7.095580764180456,610,0.9516876139313503,19825.0,0.9,3479511412643701127,True
ST18,ST7182J0,iso8_matched,9,24526.0,4.0,0.15,6.522733190956974,668,0.52790181999301,24526.05,1.0,3479511412643701127,True
ST18,ST7182J0,iso8_matched,10,24618.0,4.0,0.15,7.806345762693119,707,0.9561127854195225,24617.95,1.1,3479511412643701127,True
ST18,ST7182J0,iso8_matched,11,25222.0,4.0,0.15,13.479252594966331,734,0.942874092060813,25222.05,1.1,3479511412643701127,True
ST18,ST7182J0,iso8_matched,12,25400.0,4.0,0.15,10.650723344038028,699,0.4159608548426129,25400.75,0.9,3479511412643701127,True
ST18,ST7182J0,iso8_matched,13,25825.0,4.0,0.15,10.019307782263043,624,0.3991973822835067,25825.55,1.0,3479511412643701127,True
ST18,ST7182J0,iso8_matched,14,26362.0,4.0,0.15,10.936799512198428,694,0.9378619859627357,26361.9,1.1,3479511412643701127,True
ST18,ST7182J0,iso8_matched,15,26525.0,4.0,0.15,10.99803876281424,683,0.8943642439072216,26524.85,1.1,3479511412643701127,True
ST18,ST7182J0,iso8_matched,16,27211.0,4.0,0.15,8.463018217719092,609,0.8154741649470961,27211.0,0.9,3479511412643701127,True
ST18,ST7182J0,iso8_matched,17,27328.0,4.0,0.15,8.16208275917316,741,0.9117276693418573,27328.1,1.1,3479511412643701127,True
ST18,ST7182J0,iso8_matched,18,27481.0,4.0,0.15,9.672086199292224,675,0.9039892229656904,27481.15,1.0,3479511412643701127,True
ST18,ST7182J0,iso8_matched,19,27575.0,4.0,0.15,11.082299273762278,734,0.9640821781484643,27575.05,1.1,3479511412643701127,True
ST18,ST7182J0,sync8_c0,0,11338.0,4.0,0.15,10.691059782569779,696,0.8678966726459475,11338.0,1.1,3479511412643701127,True
ST18,ST7182J0,sync8_c0,1,11530.0,4.0,0.15,10.097090433558815,663,0.9291609675953489,11530.05,1.0,3479511412643701127,True
ST18,ST7182J0,sync8_c0,2,11614.0,4.0,0.15,10.883223158738293,617,0.8969894090153534,11613.9,0.9,3479511412643701127,True
ST18,ST7182J0,sync8_c0,3,17683.0,4.0,0.15,6.968590295247617,600,0.9122053683505983,17683.0,0.9,3479511412643701127,True
ST18,ST7182J0,sync8_c0,4,18444.0,4.0,0.15,8.518657107676775,698,0.9162435182023478,18444.1,1.1,3479511412643701127,True
ST18,ST7182J0,sync8_c0,5,18550.0,4.0,0.15,7.595865204766823,624,0.8842676463941822,18549.9,1.0,3479511412643701127,True
ST18,ST7182J0,sync8_c0,6,18989.0,4.0,0.15,11.424405369705903,697,0.9116276642295768,18989.0,1.1,3479511412643701127,True
ST18,ST7182J0,sync8_c0,7,19103.0,4.0,0.15,9.104344541169374,615,0.8246040756904696,19103.1,0.9,3479511412643701127,True
ST18,ST7182J0,sync8_c0,8,19825.0,4.0,0.15,7.095580764180456,614,0.9455659040389128,19825.0,0.9,3479511412643701127,True
ST18,ST7182J0,sync8_c0,9,24526.0,4.0,0.15,6.522733190956974,682,0.375945350862992,24526.1,1.0,3479511412643701127,True
ST18,ST7182J0,sync8_c0,10,24618.0,4.0,0.15,7.806345762693119,720,0.9470957050294708,24618.05,1.1,3479511412643701127,True
ST18,ST7182J0,sync8_c0,11,25222.0,4.0,0.15,13.479252594966331,747,0.8737446429567758,25221.9,1.2,3479511412643701127,True
ST18,ST7182J0,sync8_c0,12,25400.0,4.0,0.15,10.650723344038028,693,0.2581853742666063,25400.25,1.2,3479511412643701127,True
ST18,ST7182J0,sync8_c0,13,25825.0,4.0,0.15,10.019307782263043,625,0.4483211056297579,25825.0,0.9,3479511412643701127,True
ST18,ST7182J0,sync8_c0,14,26362.0,4.0,0.15,10.936799512198428,689,0.9260392026633316,26362.0,1.1,3479511412643701127,True
ST18,ST7182J0,sync8_c0,15,26525.0,4.0,0.15,10.99803876281424,676,0.8521098482367969,26524.9,1.1,3479511412643701127,True
ST18,ST7182J0,sync8_c0,16,27211.0,4.0,0.15,8.463018217719092,605,0.8155955575060433,27210.95,0.9,3479511412643701127,True
ST18,ST7182J0,sync8_c0,17,27328.0,4.0,0.15,8.16208275917316,744,0.8841348550133071,27327.9,1.2,3479511412643701127,True
ST18,ST7182J0,sync8_c0,18,27481.0,4.0,0.15,9.672086199292224,666,0.9333840881541368,27481.1,1.0,3479511412643701127,True
ST18,ST7182J0,sync8_c0,19,27575.0,4.0,0.15,11.082299273762278,731,0.9595168116070083,27575.1,1.1,3479511412643701127,True
ST19,ST7192J0,iso8_matched,0,4061.0,4.0,0.15,55.37123347593675,696,0.8876123853039465,4061.0,1.1,11206659900117090793,True
ST19,ST7192J0,iso8_matched,1,4496.0,4.0,0.15,46.01639657515821,637,0.9092599940642769,4495.9,1.0,11206659900117090793,True
ST19,ST7192J0,iso8_matched,2,10361.0,4.0,0.15,48.41329673525277,724,0.9581427596985916,10361.05,1.1,11206659900117090793,True
ST19,ST7192J0,iso8_matched,3,10568.0,4.0,0.15,50.937416162575516,638,0.8837467337896259,10567.9,1.0,11206659900117090793,True
ST19,ST7192J0,iso8_matched,4,10959.0,4.0,0.15,64.98213271341297,701,0.9360781045974557,10958.95,1.1,11206659900117090793,True
ST19,ST7192J0,iso8_matched,5,11325.0,4.0,0.15,49.160105937914324,667,0.766657664533762,11325.1,1.0,11206659900117090793,True
ST19,ST7192J0,iso8_matched,6,17140.0,4.0,0.15,36.22828891701271,606,0.9488424364303634,17139.95,0.9,11206659900117090793,True
ST19,ST7192J0,iso8_matched,7,17414.0,4.0,0.15,46.19651589667446,606,0.6390743490764413,17414.7,0.9,11206659900117090793,True
ST19,ST7192J0,iso8_matched,8,17500.0,4.0,0.15,82.63516175745265,710,0.7891810732721951,17500.05,1.1,11206659900117090793,True
ST19,ST7192J0,iso8_matched,9,17588.0,4.0,0.15,95.57547151129228,624,0.8792563084136706,17588.0,0.9,11206659900117090793,True
ST19,ST7192J0,iso8_matched,10,17768.0,4.0,0.15,64.87369324273409,722,0.9742167235991942,17768.05,1.1,11206659900117090793,True
ST19,ST7192J0,iso8_matched,11,18248.0,4.0,0.15,85.33585574440012,650,0.9145657883488101,18248.0,1.0,11206659900117090793,True
ST19,ST7192J0,iso8_matched,12,18440.0,4.0,0.15,98.13278522908244,680,0.7545822462917501,18440.1,1.0,11206659900117090793,True
ST19,ST7192J0,iso8_matched,13,18510.0,4.0,0.15,75.46446763979107,626,0.8882656212549205,18509.75,1.0,11206659900117090793,True
ST19,ST7192J0,iso8_matched,14,23519.0,4.0,0.15,87.56639164596841,692,0.8909028529556006,23519.15,1.0,11206659900117090793,True
ST19,ST7192J0,iso8_matched,15,23771.0,4.0,0.15,34.11470884537314,636,0.8691223216658613,23771.2,0.9,11206659900117090793,True
ST19,ST7192J0,iso8_matched,16,26591.0,4.0,0.15,15.8220507705869,648,0.7298632275753175,26590.95,1.0,11206659900117090793,True
ST19,ST7192J0,iso8_matched,17,26883.0,4.0,0.15,55.66318580843633,692,0.8505228521510311,26882.85,1.1,11206659900117090793,True
ST19,ST7192J0,iso8_matched,18,27010.0,4.0,0.15,70.94288523184467,665,0.7131899022477769,27009.35,1.0,11206659900117090793,True
ST19,ST7192J0,iso8_matched,19,27465.0,4.0,0.15,45.47464881203202,638,0.8867034797338248,27464.95,1.0,11206659900117090793,True
ST19,ST7192J0,sync8_c0,0,4061.0,4.0,0.15,55.37123347593675,699,0.9032203506856166,4061.1,1.1,11206659900117090793,True
ST19,ST7192J0,sync8_c0,1,4496.0,4.0,0.15,46.01639657515821,629,0.894216751208552,4496.05,0.9,11206659900117090793,True
ST19,ST7192J0,sync8_c0,2,10361.0,4.0,0.15,48.41329673525277,730,0.8790449793207963,10360.85,1.2,11206659900117090793,True
ST19,ST7192J0,sync8_c0,3,10568.0,4.0,0.15,50.937416162575516,634,0.9010710941139516,10568.05,0.9,11206659900117090793,True
ST19,ST7192J0,sync8_c0,4,10959.0,4.0,0.15,64.98213271341297,703,0.9783058638072158,10959.05,1.1,11206659900117090793,True
ST19,ST7192J0,sync8_c0,5,11325.0,4.0,0.15,49.160105937914324,672,0.7161184578716331,11325.15,1.0,11206659900117090793,True
ST19,ST7192J0,sync8_c0,6,17140.0,4.0,0.15,36.22828891701271,616,0.9053128454566993,17139.95,0.9,11206659900117090793,True
ST19,ST7192J0,sync8_c0,7,17414.0,4.0,0.15,46.19651589667446,600,0.6618827210439211,17414.0,0.9,11206659900117090793,True
ST19,ST7192J0,sync8_c0,8,17500.0,4.0,0.15,82.63516175745265,717,0.732384643335288,17500.15,1.1,11206659900117090793,True
ST19,ST7192J0,sync8_c0,9,17588.0,4.0,0.15,95.57547151129228,636,0.8353980783010474,17588.0,0.9,11206659900117090793,True
ST19,ST7192J0,sync8_c0,10,17768.0,4.0,0.15,64.87369324273409,723,0.9570223851812842,17768.1,1.1,11206659900117090793,True
ST19,ST7192J0,sync8_c0,11,18248.0,4.0,0.15,85.33585574440012,650,0.9151601504707654,18248.0,1.0,11206659900117090793,True
ST19,ST7192J0,sync8_c0,12,18440.0,4.0,0.15,98.13278522908244,670,0.7111750287641181,18440.1,1.0,11206659900117090793,True
ST19,ST7192J0,sync8_c0,13,18510.0,4.0,0.15,75.46446763979107,640,0.9533626096767911,18509.85,1.0,11206659900117090793,True
ST19,ST7192J0,sync8_c0,14,23519.0,4.0,0.15,87.56639164596841,692,0.9048453882306653,23519.15,1.0,11206659900117090793,True
ST19,ST7192J0,sync8_c0,15,23771.0,4.0,0.15,34.11470884537314,636,0.8696502276684026,23771.15,0.9,11206659900117090793,True
ST19,ST7192J0,sync8_c0,16,26591.0,4.0,0.15,15.8220507705869,637,0.7418786280907602,26591.1,0.9,11206659900117090793,True
ST19,ST7192J0,sync8_c0,17,26883.0,4.0,0.15,55.66318580843633,696,0.8472211769617347,26882.95,1.1,11206659900117090793,True
ST19,ST7192J0,sync8_c0,18,27010.0,4.0,0.15,70.94288523184467,661,0.6247773301022067,27010.05,1.0,11206659900117090793,True
ST19,ST7192J0,sync8_c0,19,27465.0,4.0,0.15,45.47464881203202,643,0.929117908410094,27464.95,1.0,11206659900117090793,True
ST20,ST7201J0,iso8_matched,0,6955.0,4.0,0.15,14.809613103507608,661,0.8625138539021563,6955.75,1.0,16562394454715568797,True
ST20,ST7201J0,iso8_matched,1,12293.0,4.0,0.15,21.45762544927265,623,0.8417294973886984,12293.05,0.9,16562394454715568797,True
ST20,ST7201J0,iso8_matched,2,12377.0,4.0,0.15,23.34251678121937,624,0.7481970771892156,12377.15,0.9,16562394454715568797,True
ST20,ST7201J0,iso8_matched,3,12472.0,4.0,0.15,22.92180992664926,639,0.8513977999339121,12471.95,1.0,16562394454715568797,True
ST20,ST7201J0,iso8_matched,4,12579.0,4.0,0.15,25.817035313298398,611,0.9166065139440809,12579.0,0.9,16562394454715568797,True
ST20,ST7201J0,iso8_matched,5,12986.0,4.0,0.15,28.721967982462118,735,0.9623141848731539,12986.15,1.1,16562394454715568797,True
ST20,ST7201J0,iso8_matched,6,13169.0,4.0,0.15,21.28554782591281,646,0.9519552924988094,13168.95,1.0,16562394454715568797,True
ST20,ST7201J0,iso8_matched,7,13291.0,4.0,0.15,27.665408372575335,726,0.9372825406625833,13291.05,1.1,16562394454715568797,True
ST20,ST7201J0,iso8_matched,8,13575.0,4.0,0.15,16.74749932104893,682,0.846611854385809,13574.85,1.1,16562394454715568797,True
ST20,ST7201J0,iso8_matched,9,19075.0,4.0,0.15,34.62103228458396,580,0.7061003599433765,19074.9,0.9,16562394454715568797,True
ST20,ST7201J0,iso8_matched,10,19138.0,4.0,0.15,39.71067017074242,618,0.9462180067483065,19138.05,0.9,16562394454715568797,True
ST20,ST7201J0,iso8_matched,11,23449.0,4.0,0.15,19.052688095168165,678,0.8183867342622347,23449.5,1.1,16562394454715568797,True
ST20,ST7201J0,iso8_matched,12,23518.0,4.0,0.15,26.167222838422333,648,0.7612453384573088,23518.0,1.0,16562394454715568797,True
ST20,ST7201J0,iso8_matched,13,23903.0,4.0,0.15,41.33747234715409,713,0.9494820111365844,23903.0,1.1,16562394454715568797,True
ST20,ST7201J0,iso8_matched,14,24474.0,4.0,0.15,51.260140276901446,696,0.8902173611048461,24473.85,1.1,16562394454715568797,True
ST20,ST7201J0,iso8_matched,15,24589.0,4.0,0.15,34.2780421298613,629,0.7746549566754315,24589.5,1.0,16562394454715568797,True
ST20,ST7201J0,iso8_matched,16,24685.0,4.0,0.15,38.33923336975172,591,0.8815960608857453,24684.9,0.9,16562394454715568797,True
ST20,ST7201J0,iso8_matched,17,24857.0,4.0,0.15,32.60166778380164,626,0.7978988697898981,24857.15,0.9,16562394454715568797,True
ST20,ST7201J0,iso8_matched,18,25005.0,4.0,0.15,41.580135475459905,685,0.697850528795703,25004.85,1.1,16562394454715568797,True
ST20,ST7201J0,iso8_matched,19,25382.0,4.0,0.15,28.609914859032877,759,0.8944006902099885,25382.0,1.2,16562394454715568797,True
ST20,ST7201J0,sync8_c0,0,6955.0,4.0,0.15,14.809613103507608,662,0.8756018990508009,6955.05,1.0,16562394454715568797,True
ST20,ST7201J0,sync8_c0,1,12293.0,4.0,0.15,21.45762544927265,616,0.8585688974172944,12293.0,0.9,16562394454715568797,True
ST20,ST7201J0,sync8_c0,2,12377.0,4.0,0.15,23.34251678121937,621,0.7771007006176059,12377.1,0.9,16562394454715568797,True
ST20,ST7201J0,sync8_c0,3,12472.0,4.0,0.15,22.92180992664926,638,0.8609165752293508,12471.95,1.0,16562394454715568797,True
ST20,ST7201J0,sync8_c0,4,12579.0,4.0,0.15,25.817035313298398,610,0.9164556642290137,12579.0,0.9,16562394454715568797,True
ST20,ST7201J0,sync8_c0,5,12986.0,4.0,0.15,28.721967982462118,728,0.9629102456001014,12986.15,1.1,16562394454715568797,True
ST20,ST7201J0,sync8_c0,6,13169.0,4.0,0.15,21.28554782591281,655,0.9562229371298281,13169.0,1.0,16562394454715568797,True
ST20,ST7201J0,sync8_c0,7,13291.0,4.0,0.15,27.665408372575335,730,0.8755580045237555,13291.1,1.1,16562394454715568797,True
ST20,ST7201J0,sync8_c0,8,13575.0,4.0,0.15,16.74749932104893,683,0.8810292773207319,13574.9,1.1,16562394454715568797,True
ST20,ST7201J0,sync8_c0,9,19075.0,4.0,0.15,34.62103228458396,575,0.7543624355314528,19075.15,0.8,16562394454715568797,True
ST20,ST7201J0,sync8_c0,10,19138.0,4.0,0.15,39.71067017074242,615,0.9351224506085754,19138.0,0.9,16562394454715568797,True
ST20,ST7201J0,sync8_c0,11,23449.0,4.0,0.15,19.052688095168165,679,0.8433590925718143,23448.85,1.1,16562394454715568797,True
ST20,ST7201J0,sync8_c0,12,23518.0,4.0,0.15,26.167222838422333,647,0.7371648628806848,23518.0,1.0,16562394454715568797,True
ST20,ST7201J0,sync8_c0,13,23903.0,4.0,0.15,41.33747234715409,705,0.932207080115533,23903.05,1.1,16562394454715568797,True
ST20,ST7201J0,sync8_c0,14,24474.0,4.0,0.15,51.260140276901446,702,0.9311559516958154,24473.95,1.1,16562394454715568797,True
ST20,ST7201J0,sync8_c0,15,24589.0,4.0,0.15,34.2780421298613,627,0.764574629218708,24589.05,0.9,16562394454715568797,True
ST20,ST7201J0,sync8_c0,16,24685.0,4.0,0.15,38.33923336975172,590,0.8818112955779932,24684.85,0.9,16562394454715568797,True
ST20,ST7201J0,sync8_c0,17,24857.0,4.0,0.15,32.60166778380164,612,0.799195354730582,24857.05,0.9,16562394454715568797,True
ST20,ST7201J0,sync8_c0,18,25005.0,4.0,0.15,41.580135475459905,688,0.7415600663821601,25005.0,1.1,16562394454715568797,True
ST20,ST7201J0,sync8_c0,19,25382.0,4.0,0.15,28.609914859032877,766,0.9870938605103539,25382.0,1.2,16562394454715568797,True
ST21,ST7212J0,iso8_matched,0,6154.0,4.0,0.15,57.762144639347454,615,0.8636081359830012,6154.05,0.9,7586557356226549991,True
ST21,ST7212J0,iso8_matched,1,6489.0,4.0,0.15,60.850694492829376,712,0.8884980038165619,6489.0,1.1,7586557356226549991,True
ST21,ST7212J0,iso8_matched,2,6655.0,4.0,0.15,59.57399478245979,738,0.9267123388823573,6655.15,1.1,7586557356226549991,True
ST21,ST7212J0,iso8_matched,3,6807.0,4.0,0.15,37.13269550957749,707,0.9619615998614378,6806.95,1.1,7586557356226549991,True
ST21,ST7212J0,iso8_matched,4,7105.0,4.0,0.15,50.16339181310113,672,0.9271741267399651,7105.05,1.0,7586557356226549991,True
ST21,ST7212J0,iso8_matched,5,7268.0,4.0,0.15,48.359616079024036,704,0.9255117981067588,7267.9,1.1,7586557356226549991,True
ST21,ST7212J0,iso8_matched,6,13947.0,4.0,0.15,44.06754033397711,663,0.9356185189125095,13947.1,1.0,7586557356226549991,True
ST21,ST7212J0,iso8_matched,7,14068.0,4.0,0.15,50.443721593689055,732,0.7970189190765523,14068.1,1.1,7586557356226549991,True
ST21,ST7212J0,iso8_matched,8,14592.0,4.0,0.15,58.779061102553726,619,0.8504273076347297,14592.05,0.9,7586557356226549991,True
ST21,ST7212J0,iso8_matched,9,20456.0,4.0,0.15,56.28667823400684,622,0.9553804892381872,20456.05,0.9,7586557356226549991,True
ST21,ST7212J0,iso8_matched,10,20544.0,4.0,0.15,77.5167408703015,631,0.8066483125943297,20543.5,0.9,7586557356226549991,True
ST21,ST7212J0,iso8_matched,11,20640.0,4.0,0.15,90.352033083508,628,0.6979205349202805,20640.15,0.9,7586557356226549991,True
ST21,ST7212J0,iso8_matched,12,20789.0,4.0,0.15,112.74765746806499,621,0.938778913115741,20789.0,0.9,7586557356226549991,True
ST21,ST7212J0,iso8_matched,13,20881.0,4.0,0.15,66.1065882599802,610,0.805983442019805,20880.35,0.9,7586557356226549991,True
ST21,ST7212J0,iso8_matched,14,21093.0,4.0,0.15,60.51797475479568,609,0.7700793284290568,21092.95,0.9,7586557356226549991,True
ST21,ST7212J0,iso8_matched,15,21452.0,4.0,0.15,93.22467292580352,734,0.9320811413260129,21452.1,1.1,7586557356226549991,True
ST21,ST7212J0,iso8_matched,16,21727.0,4.0,0.15,92.61440627247843,616,0.9062913261462038,21727.0,0.9,7586557356226549991,True
ST21,ST7212J0,iso8_matched,17,22076.0,4.0,0.15,33.958085426172865,742,0.9164375784805152,22076.15,1.1,7586557356226549991,True
ST21,ST7212J0,iso8_matched,18,29549.0,4.0,0.15,55.9542678303352,750,0.8808457673651238,29548.9,1.2,7586557356226549991,True
ST21,ST7212J0,iso8_matched,19,29763.0,4.0,0.15,90.5832325238706,668,0.8946546920315988,29763.05,1.0,7586557356226549991,True
ST21,ST7212J0,sync8_c0,0,6154.0,4.0,0.15,57.762144639347454,614,0.8621830935672743,6154.05,0.9,7586557356226549991,True
ST21,ST7212J0,sync8_c0,1,6489.0,4.0,0.15,60.850694492829376,706,0.8859759197553921,6489.05,1.1,7586557356226549991,True
ST21,ST7212J0,sync8_c0,2,6655.0,4.0,0.15,59.57399478245979,737,0.8863928176609505,6654.9,1.2,7586557356226549991,True
ST21,ST7212J0,sync8_c0,3,6807.0,4.0,0.15,37.13269550957749,711,0.9591047576357492,6807.05,1.1,7586557356226549991,True
ST21,ST7212J0,sync8_c0,4,7105.0,4.0,0.15,50.16339181310113,668,0.943822110325274,7105.05,1.0,7586557356226549991,True
ST21,ST7212J0,sync8_c0,5,7268.0,4.0,0.15,48.359616079024036,712,0.9593140002405612,7268.0,1.1,7586557356226549991,True
ST21,ST7212J0,sync8_c0,6,13947.0,4.0,0.15,44.06754033397711,664,0.927174816568283,13947.1,1.0,7586557356226549991,True
ST21,ST7212J0,sync8_c0,7,14068.0,4.0,0.15,50.443721593689055,731,0.7438230396340649,14068.2,1.1,7586557356226549991,True
ST21,ST7212J0,sync8_c0,8,14592.0,4.0,0.15,58.779061102553726,613,0.8406364013938822,14591.95,0.9,7586557356226549991,True
ST21,ST7212J0,sync8_c0,9,20456.0,4.0,0.15,56.28667823400684,622,0.9348995744056553,20456.0,0.9,7586557356226549991,True
ST21,ST7212J0,sync8_c0,10,20544.0,4.0,0.15,77.5167408703015,636,0.7416563414455615,20543.9,1.0,7586557356226549991,True
ST21,ST7212J0,sync8_c0,11,20640.0,4.0,0.15,90.352033083508,633,0.7006143455715297,20639.9,1.0,7586557356226549991,True
ST21,ST7212J0,sync8_c0,12,20789.0,4.0,0.15,112.74765746806499,626,0.9345116547034794,20789.0,0.9,7586557356226549991,True
ST21,ST7212J0,sync8_c0,13,20881.0,4.0,0.15,66.1065882599802,601,0.7665705033607828,20880.95,0.9,7586557356226549991,True
ST21,ST7212J0,sync8_c0,14,21093.0,4.0,0.15,60.51797475479568,610,0.7912602405031498,21092.95,0.9,7586557356226549991,True
ST21,ST7212J0,sync8_c0,15,21452.0,4.0,0.15,93.22467292580352,735,0.9035783570605966,21452.15,1.1,7586557356226549991,True
ST21,ST7212J0,sync8_c0,16,21727.0,4.0,0.15,92.61440627247843,620,0.8720652921980527,21727.0,0.9,7586557356226549991,True
ST21,ST7212J0,sync8_c0,17,22076.0,4.0,0.15,33.958085426172865,736,0.9055997064549807,22076.2,1.1,7586557356226549991,True
ST21,ST7212J0,sync8_c0,18,29549.0,4.0,0.15,55.9542678303352,746,0.8737306688008536,29548.9,1.2,7586557356226549991,True
ST21,ST7212J0,sync8_c0,19,29763.0,4.0,0.15,90.5832325238706,664,0.908550762701296,29763.05,1.0,7586557356226549991,True
ST22,ST7221J0,iso8_matched,0,5840.0,4.0,0.15,16.12172144439618,587,0.8284367997571412,5839.95,0.9,10048290151316393366,True
ST22,ST7221J0,iso8_matched,1,6118.0,4.0,0.15,14.102383456958435,650,0.6983620884017063,6118.0,1.0,10048290151316393366,True
ST22,ST7221J0,iso8_matched,2,6424.0,4.0,0.15,14.80310230932602,714,0.9150522827683957,6423.95,1.1,10048290151316393366,True
ST22,ST7221J0,iso8_matched,3,6569.0,4.0,0.15,11.359403277357362,691,0.4901060930701739,6568.25,1.1,10048290151316393366,True
ST22,ST7221J0,iso8_matched,4,6692.0,4.0,0.15,11.294632200394751,714,0.6000189237847784,6692.75,1.1,10048290151316393366,True
ST22,ST7221J0,iso8_matched,5,14407.0,4.0,0.15,23.171537613798726,712,0.9544679328531471,14407.0,1.1,10048290151316393366,True
ST22,ST7221J0,iso8_matched,6,14977.0,4.0,0.15,52.06482547607378,724,0.955247370434855,14976.95,1.1,10048290151316393366,True
ST22,ST7221J0,iso8_matched,7,15133.0,4.0,0.15,35.921101702221655,602,0.9544464346604844,15132.95,0.9,10048290151316393366,True
ST22,ST7221J0,iso8_matched,8,15199.0,4.0,0.15,29.77545539701325,608,0.8891214591148413,15199.7,0.9,10048290151316393366,True
ST22,ST7221J0,iso8_matched,9,15397.0,4.0,0.15,21.118999011845183,753,0.0,,,10048290151316393366,True
ST22,ST7221J0,iso8_matched,10,15619.0,4.0,0.15,33.83599608447359,696,0.9225510605752889,15618.85,1.1,10048290151316393366,True
ST22,ST7221J0,iso8_matched,11,15703.0,4.0,0.15,28.49434273568498,668,0.9409660302815601,15703.05,1.0,10048290151316393366,True
ST22,ST7221J0,iso8_matched,12,16269.0,4.0,0.15,23.810014710609128,598,0.8955918489634468,16268.35,0.9,10048290151316393366,True
ST22,ST7221J0,iso8_matched,13,16484.0,4.0,0.15,20.78341999407638,664,0.5724557275906371,16483.95,1.0,10048290151316393366,True
ST22,ST7221J0,iso8_matched,14,16775.0,4.0,0.15,48.0235053582807,717,0.9423638597368693,16775.1,1.1,10048290151316393366,True
ST22,ST7221J0,iso8_matched,15,22374.0,4.0,0.15,21.415823721332828,654,0.8513735602474658,22374.0,1.0,10048290151316393366,True
ST22,ST7221J0,iso8_matched,16,25549.0,4.0,0.15,14.289871319523836,629,0.7381736950858532,25548.25,1.0,10048290151316393366,True
ST22,ST7221J0,iso8_matched,17,27712.0,4.0,0.15,8.303516679046336,614,0.6775994595239389,27712.7,0.9,10048290151316393366,True
ST22,ST7221J0,iso8_matched,18,28429.0,4.0,0.15,23.630654415187646,707,0.7366921783331869,28428.95,1.1,10048290151316393366,True
ST22,ST7221J0,iso8_matched,19,28918.0,4.0,0.15,29.86571793480884,723,0.6652095387014623,28918.25,1.0,10048290151316393366,True
ST22,ST7221J0,sync8_c0,0,5840.0,4.0,0.15,16.12172144439618,584,0.8236495505483896,5839.9,0.9,10048290151316393366,True
ST22,ST7221J0,sync8_c0,1,6118.0,4.0,0.15,14.102383456958435,643,0.5923635200904224,6117.95,1.0,10048290151316393366,True
ST22,ST7221J0,sync8_c0,2,6424.0,4.0,0.15,14.80310230932602,720,0.8649655236106543,6424.05,1.1,10048290151316393366,True
ST22,ST7221J0,sync8_c0,3,6569.0,4.0,0.15,11.359403277357362,681,0.5686062704560466,6569.2,1.0,10048290151316393366,True
ST22,ST7221J0,sync8_c0,4,6692.0,4.0,0.15,11.294632200394751,720,0.6254129592478531,6691.55,1.0,10048290151316393366,True
ST22,ST7221J0,sync8_c0,5,14407.0,4.0,0.15,23.171537613798726,702,0.93951269894982,14407.05,1.1,10048290151316393366,True
ST22,ST7221J0,sync8_c0,6,14977.0,4.0,0.15,52.06482547607378,731,0.9484943170757079,14977.05,1.1,10048290151316393366,True
ST22,ST7221J0,sync8_c0,7,15133.0,4.0,0.15,35.921101702221655,602,0.9474763538991391,15133.0,0.9,10048290151316393366,True
ST22,ST7221J0,sync8_c0,8,15199.0,4.0,0.15,29.77545539701325,609,0.9078193943401712,15199.05,0.9,10048290151316393366,True
ST22,ST7221J0,sync8_c0,9,15397.0,4.0,0.15,21.118999011845183,758,0.85681855486839,15396.9,1.2,10048290151316393366,True
ST22,ST7221J0,sync8_c0,10,15619.0,4.0,0.15,33.83599608447359,702,0.9601059653702134,15618.95,1.1,10048290151316393366,True
ST22,ST7221J0,sync8_c0,11,15703.0,4.0,0.15,28.49434273568498,661,0.9525481616807786,15703.0,1.0,10048290151316393366,True
ST22,ST7221J0,sync8_c0,12,16269.0,4.0,0.15,23.810014710609128,598,0.8526045488567835,16269.0,0.9,10048290151316393366,True
ST22,ST7221J0,sync8_c0,13,16484.0,4.0,0.15,20.78341999407638,671,0.6875500613756339,16484.05,1.0,10048290151316393366,True
ST22,ST7221J0,sync8_c0,14,16775.0,4.0,0.15,48.0235053582807,703,0.9166469922142575,16775.1,1.1,10048290151316393366,True
ST22,ST7221J0,sync8_c0,15,22374.0,4.0,0.15,21.415823721332828,655,0.8388460846999668,22374.0,1.0,10048290151316393366,True
ST22,ST7221J0,sync8_c0,16,25549.0,4.0,0.15,14.289871319523836,622,0.6477377347281481,25549.15,0.9,10048290151316393366,True
ST22,ST7221J0,sync8_c0,17,27712.0,4.0,0.15,8.303516679046336,604,0.6877293830382936,27712.4,1.0,10048290151316393366,True
ST22,ST7221J0,sync8_c0,18,28429.0,4.0,0.15,23.630654415187646,708,0.6716450585252195,28429.0,1.1,10048290151316393366,True
ST22,ST7221J0,sync8_c0,19,28918.0,4.0,0.15,29.86571793480884,714,0.7614116211950455,28918.1,1.1,10048290151316393366,True
ST24,ST7241J0,iso8_matched,0,7072.0,4.0,0.15,25.752715088856572,737,0.7535984673713939,7071.3,1.1,18391875056462191171,True
ST24,ST7241J0,iso8_matched,1,7308.0,4.0,0.15,62.77345321755842,725,0.94248829254358,7308.05,1.1,18391875056462191171,True
ST24,ST7241J0,iso8_matched,2,7409.0,4.0,0.15,62.88141740181186,710,0.9637783745890123,7409.0,1.1,18391875056462191171,True
ST24,ST7241J0,iso8_matched,3,12871.0,4.0,0.15,19.565295804622426,663,0.5601278427822092,12871.05,1.2,18391875056462191171,True
ST24,ST7241J0,iso8_matched,4,13176.0,4.0,0.15,45.226287324087195,651,0.939149653297674,13176.0,1.0,18391875056462191171,True
ST24,ST7241J0,iso8_matched,5,13269.0,4.0,0.15,45.306424966689576,704,0.9585707423536688,13268.95,1.1,18391875056462191171,True
ST24,ST7241J0,iso8_matched,6,13770.0,4.0,0.15,46.85667050987771,586,0.901234144990012,13769.95,0.9,18391875056462191171,True
ST24,ST7241J0,iso8_matched,7,14020.0,4.0,0.15,38.800259482704774,714,0.8792622877932011,14020.05,1.1,18391875056462191171,True
ST24,ST7241J0,iso8_matched,8,18250.0,4.0,0.15,14.392860864029311,623,0.3566231459002757,18250.7,0.9,18391875056462191171,True
ST24,ST7241J0,iso8_matched,9,18583.0,4.0,0.15,102.87333019439173,681,0.909863550349255,18582.9,1.1,18391875056462191171,True
ST24,ST7241J0,iso8_matched,10,19237.0,4.0,0.15,42.444934831087025,676,0.9382985450609107,19237.1,1.0,18391875056462191171,True
ST24,ST7241J0,iso8_matched,11,19623.0,4.0,0.15,64.71684832843835,669,0.9755886399750187,19623.05,1.0,18391875056462191171,True
ST24,ST7241J0,iso8_matched,12,23146.0,4.0,0.15,12.699459488041128,680,0.8447170444874507,23146.15,1.0,18391875056462191171,True
ST24,ST7241J0,iso8_matched,13,23216.0,4.0,0.15,17.85743028642457,692,0.8885065071704112,23215.85,1.1,18391875056462191171,True
ST24,ST7241J0,iso8_matched,14,23412.0,4.0,0.15,40.22123567219821,717,0.9529963194417145,23412.05,1.1,18391875056462191171,True
ST24,ST7241J0,iso8_matched,15,24961.0,4.0,0.15,47.70144169869658,677,0.7813446927733335,24961.1,1.0,18391875056462191171,True
ST24,ST7241J0,iso8_matched,16,25025.0,4.0,0.15,49.76396630737061,721,0.7329658881569485,25024.95,1.1,18391875056462191171,True
ST24,ST7241J0,iso8_matched,17,25088.0,4.0,0.15,66.69169845064471,633,0.8743443010762553,25087.9,1.0,18391875056462191171,True
ST24,ST7241J0,iso8_matched,18,25236.0,4.0,0.15,36.309564446411684,638,0.9163866703038062,25235.8,1.0,18391875056462191171,True
ST24,ST7241J0,iso8_matched,19,25993.0,4.0,0.15,9.64693915253653,637,0.8624460246196266,25992.9,1.0,18391875056462191171,True
ST24,ST7241J0,sync8_c0,0,7072.0,4.0,0.15,25.752715088856572,741,0.7379659469283578,7072.2,1.1,18391875056462191171,True
ST24,ST7241J0,sync8_c0,1,7308.0,4.0,0.15,62.77345321755842,733,0.873362436458843,7307.9,1.2,18391875056462191171,True
ST24,ST7241J0,sync8_c0,2,7409.0,4.0,0.15,62.88141740181186,708,0.9459942626744112,7409.05,1.1,18391875056462191171,True
ST24,ST7241J0,sync8_c0,3,12871.0,4.0,0.15,19.565295804622426,665,0.6111439234927277,12871.3,1.2,18391875056462191171,True
ST24,ST7241J0,sync8_c0,4,13176.0,4.0,0.15,45.226287324087195,650,0.9187576618526634,13176.0,1.0,18391875056462191171,True
ST24,ST7241J0,sync8_c0,5,13269.0,4.0,0.15,45.306424966689576,696,0.9476676890720808,13269.0,1.1,18391875056462191171,True
ST24,ST7241J0,sync8_c0,6,13770.0,4.0,0.15,46.85667050987771,577,0.8308246711961172,13769.9,0.9,18391875056462191171,True
ST24,ST7241J0,sync8_c0,7,14020.0,4.0,0.15,38.800259482704774,711,0.8622597476790893,14020.05,1.1,18391875056462191171,True
ST24,ST7241J0,sync8_c0,8,18250.0,4.0,0.15,14.392860864029311,635,0.3386006483247057,18250.1,0.9,18391875056462191171,True
ST24,ST7241J0,sync8_c0,9,18583.0,4.0,0.15,102.87333019439173,681,0.9340062543627584,18582.95,1.1,18391875056462191171,True
ST24,ST7241J0,sync8_c0,10,19237.0,4.0,0.15,42.444934831087025,675,0.9326686623754048,19237.1,1.0,18391875056462191171,True
ST24,ST7241J0,sync8_c0,11,19623.0,4.0,0.15,64.71684832843835,667,0.9765766283332081,19623.05,1.0,18391875056462191171,True
ST24,ST7241J0,sync8_c0,12,23146.0,4.0,0.15,12.699459488041128,674,0.8519860733680976,23146.15,1.0,18391875056462191171,True
ST24,ST7241J0,sync8_c0,13,23216.0,4.0,0.15,17.85743028642457,704,0.973394519195615,23215.95,1.1,18391875056462191171,True
ST24,ST7241J0,sync8_c0,14,23412.0,4.0,0.15,40.22123567219821,716,0.9389062524531299,23412.1,1.1,18391875056462191171,True
ST24,ST7241J0,sync8_c0,15,24961.0,4.0,0.15,47.70144169869658,680,0.7792409997502364,24960.9,1.1,18391875056462191171,True
ST24,ST7241J0,sync8_c0,16,25025.0,4.0,0.15,49.76396630737061,724,0.7548647395117727,25025.05,1.1,18391875056462191171,True
ST24,ST7241J0,sync8_c0,17,25088.0,4.0,0.15,66.69169845064471,636,0.8609553235459558,25087.95,1.0,18391875056462191171,True
ST24,ST7241J0,sync8_c0,18,25236.0,4.0,0.15,36.309564446411684,645,0.9224276429369533,25235.85,1.0,18391875056462191171,True
ST24,ST7241J0,sync8_c0,19,25993.0,4.0,0.15,9.64693915253653,643,0.8981433701805521,25992.9,1.0,18391875056462191171,True
