subject_id,record_id,code_id,anchor_index,anchor_seconds,amplitude_mad,interval_jitter_fraction,local_mad_uv,injection_samples,maximum_matched_score,detected_start_seconds,detected_time_scale,paired_perturbation_seed,engineering_check_only
SC12,SC4121E0,iso8_matched,0,32901.0,4.0,0.15,9.436619304325559,680,0.7654933425314016,32901.15,1.0,11149647791781534460,True
SC12,SC4121E0,iso8_matched,1,32992.0,4.0,0.15,9.443497443706736,714,0.9359414239031888,32992.0,1.1,11149647791781534460,True
SC12,SC4121E0,iso8_matched,2,39291.0,4.0,0.15,9.24558138191145,673,0.9484430656878786,39291.15,1.0,11149647791781534460,True
SC12,SC4121E0,iso8_matched,3,39769.0,4.0,0.15,17.855715384672635,713,0.9623124533390938,39769.0,1.1,11149647791781534460,True
SC12,SC4121E0,iso8_matched,4,40035.0,4.0,0.15,9.952373766964515,723,0.950165428715525,40035.05,1.1,11149647791781534460,True
SC12,SC4121E0,iso8_matched,5,40416.0,4.0,0.15,10.446474622226884,619,0.8724843215647107,40416.05,0.9,11149647791781534460,True
SC12,SC4121E0,iso8_matched,6,40602.0,4.0,0.15,10.356004409239816,695,0.5818114816148762,40602.15,1.0,11149647791781534460,True
SC12,SC4121E0,iso8_matched,7,40664.0,4.0,0.15,12.297271590058694,636,0.7627836744286699,40663.95,1.0,11149647791781534460,True
SC12,SC4121E0,iso8_matched,8,45589.0,4.0,0.15,8.32451332507349,698,0.9346584860744103,45588.85,1.1,11149647791781534460,True
SC12,SC4121E0,iso8_matched,9,45686.0,4.0,0.15,9.883478378188398,743,0.8037147624494265,45686.15,1.1,11149647791781534460,True
SC12,SC4121E0,iso8_matched,10,46046.0,4.0,0.15,10.935748895406036,666,0.9258859114569052,46046.0,1.0,11149647791781534460,True
SC12,SC4121E0,iso8_matched,11,46120.0,4.0,0.15,8.813357383473923,636,0.8812896255458911,46119.95,1.0,11149647791781534460,True
SC12,SC4121E0,iso8_matched,12,46394.0,4.0,0.15,8.257915150645907,692,0.9361402384430072,46393.85,1.1,11149647791781534460,True
SC12,SC4121E0,iso8_matched,13,46762.0,4.0,0.15,8.3384029821038,712,0.8988236309840287,46762.05,1.1,11149647791781534460,True
SC12,SC4121E0,iso8_matched,14,51004.0,4.0,0.15,12.26478039006712,626,0.5267849711464642,51004.3,1.1,11149647791781534460,True
SC12,SC4121E0,iso8_matched,15,51808.0,4.0,0.15,8.416654221752047,659,0.5785353908867785,51808.0,1.0,11149647791781534460,True
SC12,SC4121E0,iso8_matched,16,54942.0,4.0,0.15,9.516537500959233,629,0.9237408589646768,54941.95,1.0,11149647791781534460,True
SC12,SC4121E0,iso8_matched,17,55005.0,4.0,0.15,9.296880855865124,713,0.9708557105227592,55005.0,1.1,11149647791781534460,True
SC12,SC4121E0,iso8_matched,18,55713.0,4.0,0.15,9.02733918906151,672,0.8901035587063769,55713.0,1.0,11149647791781534460,True
SC12,SC4121E0,iso8_matched,19,56287.0,4.0,0.15,18.90412594110651,582,0.5479149749790007,56287.5,0.9,11149647791781534460,True
SC12,SC4121E0,sync8_c0,0,32901.0,4.0,0.15,9.436619304325559,677,0.7185284018911106,32901.1,1.0,11149647791781534460,True
SC12,SC4121E0,sync8_c0,1,32992.0,4.0,0.15,9.443497443706736,714,0.9588394275709812,32992.05,1.1,11149647791781534460,True
SC12,SC4121E0,sync8_c0,2,39291.0,4.0,0.15,9.24558138191145,667,0.9579808802886528,39291.15,1.0,11149647791781534460,True
SC12,SC4121E0,sync8_c0,3,39769.0,4.0,0.15,17.855715384672635,708,0.9575016830190313,39769.0,1.1,11149647791781534460,True
SC12,SC4121E0,sync8_c0,4,40035.0,4.0,0.15,9.952373766964515,725,0.9175364405745249,40035.1,1.1,11149647791781534460,True
SC12,SC4121E0,sync8_c0,5,40416.0,4.0,0.15,10.446474622226884,624,0.8380342526329551,40415.85,1.0,11149647791781534460,True
SC12,SC4121E0,sync8_c0,6,40602.0,4.0,0.15,10.356004409239816,690,0.6664256193505743,40602.1,1.0,11149647791781534460,True
SC12,SC4121E0,sync8_c0,7,40664.0,4.0,0.15,12.297271590058694,629,0.7357737693192558,40664.1,0.9,11149647791781534460,True
SC12,SC4121E0,sync8_c0,8,45589.0,4.0,0.15,8.32451332507349,704,0.9612751409390847,45588.95,1.1,11149647791781534460,True
SC12,SC4121E0,sync8_c0,9,45686.0,4.0,0.15,9.883478378188398,738,0.6719583933220166,45686.2,1.1,11149647791781534460,True
SC12,SC4121E0,sync8_c0,10,46046.0,4.0,0.15,10.935748895406036,666,0.9071567069293079,46046.0,1.0,11149647791781534460,True
SC12,SC4121E0,sync8_c0,11,46120.0,4.0,0.15,8.813357383473923,631,0.8783956266318252,46120.15,0.9,11149647791781534460,True
SC12,SC4121E0,sync8_c0,12,46394.0,4.0,0.15,8.257915150645907,691,0.9130365881451535,46393.9,1.1,11149647791781534460,True
SC12,SC4121E0,sync8_c0,13,46762.0,4.0,0.15,8.3384029821038,714,0.911674533397272,46762.1,1.1,11149647791781534460,True
SC12,SC4121E0,sync8_c0,14,51004.0,4.0,0.15,12.26478039006712,627,0.5886413586527466,51003.95,1.0,11149647791781534460,True
SC12,SC4121E0,sync8_c0,15,51808.0,4.0,0.15,8.416654221752047,659,0.5327892831164418,51808.0,1.0,11149647791781534460,True
SC12,SC4121E0,sync8_c0,16,54942.0,4.0,0.15,9.516537500959233,625,0.9021348459937459,54941.9,1.0,11149647791781534460,True
SC12,SC4121E0,sync8_c0,17,55005.0,4.0,0.15,9.296880855865124,719,0.9510222551718047,55005.1,1.1,11149647791781534460,True
SC12,SC4121E0,sync8_c0,18,55713.0,4.0,0.15,9.02733918906151,680,0.9089704375619764,55712.85,1.1,11149647791781534460,True
SC12,SC4121E0,sync8_c0,19,56287.0,4.0,0.15,18.90412594110651,584,0.49972967280521624,56287.35,1.0,11149647791781534460,True
SC12,SC4122E0,iso8_matched,0,35146.0,4.0,0.15,23.826801153096408,675,0.9368610952454438,35146.1,1.0,18385359094504894790,True
SC12,SC4122E0,iso8_matched,1,35350.0,4.0,0.15,18.619320243439635,585,0.9347177432911662,35349.9,0.9,18385359094504894790,True
SC12,SC4122E0,iso8_matched,2,43988.0,4.0,0.15,9.719210717753812,643,0.867295757295447,43987.85,1.0,18385359094504894790,True
SC12,SC4122E0,iso8_matched,3,44257.0,4.0,0.15,10.657181604330379,626,0.8892368243814618,44256.85,1.0,18385359094504894790,True
SC12,SC4122E0,iso8_matched,4,44849.0,4.0,0.15,10.166186078107659,607,0.8979497096864365,44848.95,0.9,18385359094504894790,True
SC12,SC4122E0,iso8_matched,5,45103.0,4.0,0.15,11.843212794896305,602,0.8732555126463395,45103.0,0.9,18385359094504894790,True
SC12,SC4122E0,iso8_matched,6,45606.0,4.0,0.15,19.04969523973424,718,0.8980068018241749,45606.0,1.1,18385359094504894790,True
SC12,SC4122E0,iso8_matched,7,45717.0,4.0,0.15,18.302023518137986,730,0.805645919776342,45716.25,1.1,18385359094504894790,True
SC12,SC4122E0,iso8_matched,8,45878.0,4.0,0.15,22.18958228906535,728,0.949757870297675,45878.1,1.1,18385359094504894790,True
SC12,SC4122E0,iso8_matched,9,46025.0,4.0,0.15,19.227294952147535,611,0.740585508043531,46025.65,0.9,18385359094504894790,True
SC12,SC4122E0,iso8_matched,10,46615.0,4.0,0.15,15.060678805212683,704,0.8124994477257355,46614.95,1.1,18385359094504894790,True
SC12,SC4122E0,iso8_matched,11,53080.0,4.0,0.15,11.010030699037124,623,0.8712348595663368,53080.05,0.9,18385359094504894790,True
SC12,SC4122E0,iso8_matched,12,53346.0,4.0,0.15,10.282365388456444,694,0.9355118430748904,53345.85,1.1,18385359094504894790,True
SC12,SC4122E0,iso8_matched,13,53538.0,4.0,0.15,10.127627390887996,656,0.748784508363762,53537.3,1.0,18385359094504894790,True
SC12,SC4122E0,iso8_matched,14,53637.0,4.0,0.15,12.302892865766372,610,0.9431047813634964,53637.1,0.9,18385359094504894790,True
SC12,SC4122E0,iso8_matched,15,53784.0,4.0,0.15,17.181215859723494,679,0.7518393373505909,53783.45,1.0,18385359094504894790,True
SC12,SC4122E0,iso8_matched,16,54015.0,4.0,0.15,12.928033464629012,718,0.9665853177112119,54015.0,1.1,18385359094504894790,True
SC12,SC4122E0,iso8_matched,17,54081.0,4.0,0.15,10.095755008293931,604,0.9126367505230571,54080.95,0.9,18385359094504894790,True
SC12,SC4122E0,iso8_matched,18,55403.0,4.0,0.15,8.180001845590022,607,0.6635994605778404,55402.95,0.9,18385359094504894790,True
SC12,SC4122E0,iso8_matched,19,55700.0,4.0,0.15,9.424562451187121,742,0.924041967962316,55700.15,1.1,18385359094504894790,True
SC12,SC4122E0,sync8_c0,0,35146.0,4.0,0.15,23.826801153096408,666,0.9354777816453335,35146.05,1.0,18385359094504894790,True
SC12,SC4122E0,sync8_c0,1,35350.0,4.0,0.15,18.619320243439635,576,0.8671205075824983,35349.85,0.9,18385359094504894790,True
SC12,SC4122E0,sync8_c0,2,43988.0,4.0,0.15,9.719210717753812,647,0.8070054451470583,43987.85,1.0,18385359094504894790,True
SC12,SC4122E0,sync8_c0,3,44257.0,4.0,0.15,10.657181604330379,630,0.900168520969307,44256.9,1.0,18385359094504894790,True
SC12,SC4122E0,sync8_c0,4,44849.0,4.0,0.15,10.166186078107659,604,0.8650349847239409,44848.9,0.9,18385359094504894790,True
SC12,SC4122E0,sync8_c0,5,45103.0,4.0,0.15,11.843212794896305,597,0.8893414268942699,45103.0,0.9,18385359094504894790,True
SC12,SC4122E0,sync8_c0,6,45606.0,4.0,0.15,19.04969523973424,721,0.9406468814486341,45606.1,1.1,18385359094504894790,True
SC12,SC4122E0,sync8_c0,7,45717.0,4.0,0.15,18.302023518137986,735,0.6816274534866213,45717.1,1.1,18385359094504894790,True
SC12,SC4122E0,sync8_c0,8,45878.0,4.0,0.15,22.18958228906535,729,0.9160090732437761,45878.2,1.1,18385359094504894790,True
SC12,SC4122E0,sync8_c0,9,46025.0,4.0,0.15,19.227294952147535,614,0.7296867537791317,46024.95,0.9,18385359094504894790,True
SC12,SC4122E0,sync8_c0,10,46615.0,4.0,0.15,15.060678805212683,703,0.7416631639024481,46615.05,1.1,18385359094504894790,True
SC12,SC4122E0,sync8_c0,11,53080.0,4.0,0.15,11.010030699037124,625,0.8681016533192015,53080.05,0.9,18385359094504894790,True
SC12,SC4122E0,sync8_c0,12,53346.0,4.0,0.15,10.282365388456444,700,0.9653658321757239,53345.95,1.1,18385359094504894790,True
SC12,SC4122E0,sync8_c0,13,53538.0,4.0,0.15,10.127627390887996,658,0.6390016704867519,53538.1,0.9,18385359094504894790,True
SC12,SC4122E0,sync8_c0,14,53637.0,4.0,0.15,12.302892865766372,602,0.9482269042615388,53637.05,0.9,18385359094504894790,True
SC12,SC4122E0,sync8_c0,15,53784.0,4.0,0.15,17.181215859723494,676,0.6845499931567468,53784.15,1.0,18385359094504894790,True
SC12,SC4122E0,sync8_c0,16,54015.0,4.0,0.15,12.928033464629012,720,0.939028218274243,54015.1,1.1,18385359094504894790,True
SC12,SC4122E0,sync8_c0,17,54081.0,4.0,0.15,10.095755008293931,599,0.9179891681910656,54080.9,0.9,18385359094504894790,True
SC12,SC4122E0,sync8_c0,18,55403.0,4.0,0.15,8.180001845590022,614,0.6199405267378911,55402.95,0.9,18385359094504894790,True
SC12,SC4122E0,sync8_c0,19,55700.0,4.0,0.15,9.424562451187121,750,0.8452177698602158,55700.25,1.1,18385359094504894790,True
SC13,SC4131E0,iso8_matched,0,38356.0,4.0,0.15,17.739307003480647,728,0.9025964916392647,38356.15,1.1,12218632803177825009,True
SC13,SC4131E0,iso8_matched,1,38881.0,4.0,0.15,16.114989886522938,583,0.0,,,12218632803177825009,True
SC13,SC4131E0,iso8_matched,2,38970.0,4.0,0.15,17.189597604682568,599,0.46295606697568437,38969.95,0.9,12218632803177825009,True
SC13,SC4131E0,iso8_matched,3,39852.0,4.0,0.15,11.551598596355515,628,0.8010478858930787,39852.15,0.9,12218632803177825009,True
SC13,SC4131E0,iso8_matched,4,40115.0,4.0,0.15,18.068858965682665,681,0.880084526266834,40115.1,1.0,12218632803177825009,True
SC13,SC4131E0,iso8_matched,5,40223.0,4.0,0.15,16.85932281713839,638,0.881335398365293,40222.95,1.0,12218632803177825009,True
SC13,SC4131E0,iso8_matched,6,40344.0,4.0,0.15,18.320870832250243,718,0.9225796643656072,40344.0,1.1,12218632803177825009,True
SC13,SC4131E0,iso8_matched,7,40603.0,4.0,0.15,10.70860458061178,716,0.672635800574828,40603.75,1.1,12218632803177825009,True
SC13,SC4131E0,iso8_matched,8,40746.0,4.0,0.15,10.981521610180748,713,0.6221916724519453,40746.75,1.1,12218632803177825009,True
SC13,SC4131E0,iso8_matched,9,48368.0,4.0,0.15,10.767527795426659,708,0.835605185308958,48368.7,1.1,12218632803177825009,True
SC13,SC4131E0,iso8_matched,10,49043.0,4.0,0.15,49.65632893226343,628,0.8340918897407706,49043.15,0.9,12218632803177825009,True
SC13,SC4131E0,iso8_matched,11,49430.0,4.0,0.15,16.419031176433236,707,0.8971745836472492,49429.9,1.1,12218632803177825009,True
SC13,SC4131E0,iso8_matched,12,49600.0,4.0,0.15,15.679381440133815,584,0.8127920177422734,49599.9,0.9,12218632803177825009,True
SC13,SC4131E0,iso8_matched,13,49866.0,4.0,0.15,24.925249314282762,614,0.8896320855838351,49866.0,0.9,12218632803177825009,True
SC13,SC4131E0,iso8_matched,14,50292.0,4.0,0.15,20.1838973328975,653,0.9171466144126643,50291.9,1.0,12218632803177825009,True
SC13,SC4131E0,iso8_matched,15,50434.0,4.0,0.15,17.792590969382424,587,0.9227157659134044,50433.85,0.9,12218632803177825009,True
SC13,SC4131E0,iso8_matched,16,50564.0,4.0,0.15,16.02997258935797,647,0.8831800573328186,50564.05,1.0,12218632803177825009,True
SC13,SC4131E0,iso8_matched,17,50640.0,4.0,0.15,15.73224670771095,629,0.7311869516049292,50639.9,1.0,12218632803177825009,True
SC13,SC4131E0,iso8_matched,18,50991.0,4.0,0.15,18.260468595176636,750,0.9482832336292464,50990.85,1.2,12218632803177825009,True
SC13,SC4131E0,iso8_matched,19,52060.0,4.0,0.15,7.162862928298232,690,0.890422570673649,52060.15,1.0,12218632803177825009,True
SC13,SC4131E0,sync8_c0,0,38356.0,4.0,0.15,17.739307003480647,726,0.8907367374521015,38356.25,1.1,12218632803177825009,True
SC13,SC4131E0,sync8_c0,1,38881.0,4.0,0.15,16.114989886522938,586,0.7212516809921117,38881.1,0.8,12218632803177825009,True
SC13,SC4131E0,sync8_c0,2,38970.0,4.0,0.15,17.189597604682568,602,0.4010505099743118,38969.35,1.2,12218632803177825009,True
SC13,SC4131E0,sync8_c0,3,39852.0,4.0,0.15,11.551598596355515,619,0.7663714824170618,39852.05,0.9,12218632803177825009,True
SC13,SC4131E0,sync8_c0,4,40115.0,4.0,0.15,18.068858965682665,681,0.8947290313661346,40115.1,1.0,12218632803177825009,True
SC13,SC4131E0,sync8_c0,5,40223.0,4.0,0.15,16.85932281713839,639,0.8662067923461179,40222.95,1.0,12218632803177825009,True
SC13,SC4131E0,sync8_c0,6,40344.0,4.0,0.15,18.320870832250243,721,0.9511480503689299,40344.1,1.1,12218632803177825009,True
SC13,SC4131E0,sync8_c0,7,40603.0,4.0,0.15,10.70860458061178,711,0.6681151315056193,40603.05,1.1,12218632803177825009,True
SC13,SC4131E0,sync8_c0,8,40746.0,4.0,0.15,10.981521610180748,714,0.6592701439560552,40746.05,1.1,12218632803177825009,True
SC13,SC4131E0,sync8_c0,9,48368.0,4.0,0.15,10.767527795426659,710,0.8404869326724468,48368.05,1.1,12218632803177825009,True
SC13,SC4131E0,sync8_c0,10,49043.0,4.0,0.15,49.65632893226343,622,0.9185138715715243,49043.05,0.9,12218632803177825009,True
SC13,SC4131E0,sync8_c0,11,49430.0,4.0,0.15,16.419031176433236,716,0.9339093527202283,49430.0,1.1,12218632803177825009,True
SC13,SC4131E0,sync8_c0,12,49600.0,4.0,0.15,15.679381440133815,584,0.7367084210048584,49599.9,0.9,12218632803177825009,True
SC13,SC4131E0,sync8_c0,13,49866.0,4.0,0.15,24.925249314282762,616,0.8425862709908045,49865.95,0.9,12218632803177825009,True
SC13,SC4131E0,sync8_c0,14,50292.0,4.0,0.15,20.1838973328975,660,0.9083183226806859,50291.9,1.0,12218632803177825009,True
SC13,SC4131E0,sync8_c0,15,50434.0,4.0,0.15,17.792590969382424,590,0.9017923607796798,50433.85,0.9,12218632803177825009,True
SC13,SC4131E0,sync8_c0,16,50564.0,4.0,0.15,16.02997258935797,642,0.890584024411693,50564.0,1.0,12218632803177825009,True
SC13,SC4131E0,sync8_c0,17,50640.0,4.0,0.15,15.73224670771095,616,0.6737479620062989,50640.05,0.9,12218632803177825009,True
SC13,SC4131E0,sync8_c0,18,50991.0,4.0,0.15,18.260468595176636,743,0.8983489229831197,50990.9,1.2,12218632803177825009,True
SC13,SC4131E0,sync8_c0,19,52060.0,4.0,0.15,7.162862928298232,696,0.9242955823297665,52059.95,1.1,12218632803177825009,True
SC14,SC4141E0,iso8_matched,0,29398.0,4.0,0.15,9.490998906382542,669,0.9172783727351036,29398.1,1.0,9601276917766470201,True
SC14,SC4141E0,iso8_matched,1,35242.0,4.0,0.15,18.035548344946303,602,0.9415146079866921,35241.95,0.9,9601276917766470201,True
SC14,SC4141E0,iso8_matched,2,35896.0,4.0,0.15,12.141639098589893,736,0.9241088552689314,35896.15,1.1,9601276917766470201,True
SC14,SC4141E0,iso8_matched,3,36266.0,4.0,0.15,17.730413504900092,659,0.9457934668776888,36266.05,1.0,9601276917766470201,True
SC14,SC4141E0,iso8_matched,4,36416.0,4.0,0.15,10.419638299893633,676,0.7527987906887812,36416.1,1.0,9601276917766470201,True
SC14,SC4141E0,iso8_matched,5,36785.0,4.0,0.15,7.862203135981319,747,0.9188886946632406,36784.85,1.2,9601276917766470201,True
SC14,SC4141E0,iso8_matched,6,41332.0,4.0,0.15,9.947994495112917,660,0.43884064554419566,41331.75,1.2,9601276917766470201,True
SC14,SC4141E0,iso8_matched,7,41417.0,4.0,0.15,8.739067034847753,655,0.9407484485847825,41416.95,1.0,9601276917766470201,True
SC14,SC4141E0,iso8_matched,8,41653.0,4.0,0.15,10.830158887348421,739,0.0,,,9601276917766470201,True
SC14,SC4141E0,iso8_matched,9,41791.0,4.0,0.15,14.50837290484276,642,0.9122730562987936,41790.9,1.0,9601276917766470201,True
SC14,SC4141E0,iso8_matched,10,42115.0,4.0,0.15,14.181700346600088,696,0.8942678797111484,42115.0,1.1,9601276917766470201,True
SC14,SC4141E0,iso8_matched,11,42430.0,4.0,0.15,7.952281454282798,706,0.8910236263199685,42429.85,1.1,9601276917766470201,True
SC14,SC4141E0,iso8_matched,12,42553.0,4.0,0.15,8.756171236233074,662,0.9353828443713315,42553.0,1.0,9601276917766470201,True
SC14,SC4141E0,iso8_matched,13,42686.0,4.0,0.15,10.139834498274801,734,0.0,,,9601276917766470201,True
SC14,SC4141E0,iso8_matched,14,43123.0,4.0,0.15,9.144031518236046,688,0.9063996376727488,43122.9,1.1,9601276917766470201,True
SC14,SC4141E0,iso8_matched,15,43308.0,4.0,0.15,7.653336069030202,722,0.0,,,9601276917766470201,True
SC14,SC4141E0,iso8_matched,16,43831.0,4.0,0.15,7.10871257905788,740,0.88864289245883,43830.8,1.2,9601276917766470201,True
SC14,SC4141E0,iso8_matched,17,47718.0,4.0,0.15,8.855379056078991,713,0.966645578912662,47717.95,1.1,9601276917766470201,True
SC14,SC4141E0,iso8_matched,18,49009.0,4.0,0.15,9.062775731355819,585,0.8374976553642678,49008.9,0.9,9601276917766470201,True
SC14,SC4141E0,iso8_matched,19,49399.0,4.0,0.15,7.413615131571368,649,0.8913931859713929,49398.9,1.0,9601276917766470201,True
SC14,SC4141E0,sync8_c0,0,29398.0,4.0,0.15,9.490998906382542,670,0.922471195451716,29398.1,1.0,9601276917766470201,True
SC14,SC4141E0,sync8_c0,1,35242.0,4.0,0.15,18.035548344946303,609,0.906270390024339,35241.95,0.9,9601276917766470201,True
SC14,SC4141E0,sync8_c0,2,35896.0,4.0,0.15,12.141639098589893,731,0.8814132805585183,35896.2,1.1,9601276917766470201,True
SC14,SC4141E0,sync8_c0,3,36266.0,4.0,0.15,17.730413504900092,666,0.9407182184981626,36266.05,1.0,9601276917766470201,True
SC14,SC4141E0,sync8_c0,4,36416.0,4.0,0.15,10.419638299893633,673,0.8437610919165425,36416.05,1.0,9601276917766470201,True
SC14,SC4141E0,sync8_c0,5,36785.0,4.0,0.15,7.862203135981319,745,0.8807516108906854,36784.9,1.2,9601276917766470201,True
SC14,SC4141E0,sync8_c0,6,41332.0,4.0,0.15,9.947994495112917,667,0.4863951811488325,41332.6,1.0,9601276917766470201,True
SC14,SC4141E0,sync8_c0,7,41417.0,4.0,0.15,8.739067034847753,659,0.9389068479131168,41417.0,1.0,9601276917766470201,True
SC14,SC4141E0,sync8_c0,8,41653.0,4.0,0.15,10.830158887348421,737,0.8153923916018199,41652.9,1.2,9601276917766470201,True
SC14,SC4141E0,sync8_c0,9,41791.0,4.0,0.15,14.50837290484276,645,0.8966333410762293,41790.95,1.0,9601276917766470201,True
SC14,SC4141E0,sync8_c0,10,42115.0,4.0,0.15,14.181700346600088,692,0.9232304163758245,42115.05,1.1,9601276917766470201,True
SC14,SC4141E0,sync8_c0,11,42430.0,4.0,0.15,7.952281454282798,712,0.8999386651222286,42429.95,1.1,9601276917766470201,True
SC14,SC4141E0,sync8_c0,12,42553.0,4.0,0.15,8.756171236233074,656,0.9393726667611486,42553.0,1.0,9601276917766470201,True
SC14,SC4141E0,sync8_c0,13,42686.0,4.0,0.15,10.139834498274801,735,0.6557260021890107,42686.1,1.1,9601276917766470201,True
SC14,SC4141E0,sync8_c0,14,43123.0,4.0,0.15,9.144031518236046,682,0.9231835208300413,43122.95,1.1,9601276917766470201,True
SC14,SC4141E0,sync8_c0,15,43308.0,4.0,0.15,7.653336069030202,728,0.2659510436754185,43308.1,1.2,9601276917766470201,True
SC14,SC4141E0,sync8_c0,16,43831.0,4.0,0.15,7.10871257905788,744,0.8937041424112012,43830.9,1.2,9601276917766470201,True
SC14,SC4141E0,sync8_c0,17,47718.0,4.0,0.15,8.855379056078991,712,0.9529508171389848,47718.0,1.1,9601276917766470201,True
SC14,SC4141E0,sync8_c0,18,49009.0,4.0,0.15,9.062775731355819,585,0.8332227653235459,49008.9,0.9,9601276917766470201,True
SC14,SC4141E0,sync8_c0,19,49399.0,4.0,0.15,7.413615131571368,645,0.8606394963849748,49398.9,1.0,9601276917766470201,True
SC14,SC4142E0,iso8_matched,0,33506.0,4.0,0.15,10.810272360845355,641,0.8151007998047312,33506.05,1.0,2106633350266293212,True
SC14,SC4142E0,iso8_matched,1,39174.0,4.0,0.15,12.288514025389249,717,0.8801668497772571,39174.0,1.1,2106633350266293212,True
SC14,SC4142E0,iso8_matched,2,39319.0,4.0,0.15,10.546006731203127,747,0.8929051286807003,39318.95,1.2,2106633350266293212,True
SC14,SC4142E0,iso8_matched,3,40020.0,4.0,0.15,11.424616599480872,632,0.6681243627949845,40019.5,0.9,2106633350266293212,True
SC14,SC4142E0,iso8_matched,4,40317.0,4.0,0.15,10.828422744431919,691,0.579748322821783,40316.55,1.0,2106633350266293212,True
SC14,SC4142E0,iso8_matched,5,40390.0,4.0,0.15,9.665448780427644,686,0.8887538932185629,40389.95,1.1,2106633350266293212,True
SC14,SC4142E0,iso8_matched,6,40530.0,4.0,0.15,8.908024529947593,640,0.5984177102746963,40530.05,0.9,2106633350266293212,True
SC14,SC4142E0,iso8_matched,7,41066.0,4.0,0.15,7.835658366365002,622,0.7758469933755675,41065.9,1.0,2106633350266293212,True
SC14,SC4142E0,iso8_matched,8,46410.0,4.0,0.15,9.635240694519586,693,0.8988004250699628,46409.95,1.1,2106633350266293212,True
SC14,SC4142E0,iso8_matched,9,46546.0,4.0,0.15,11.255046185566377,627,0.9475594992479874,46545.85,1.0,2106633350266293212,True
SC14,SC4142E0,iso8_matched,10,46972.0,4.0,0.15,14.094314504969997,629,0.7007054121992295,46971.85,1.0,2106633350266293212,True
SC14,SC4142E0,iso8_matched,11,47485.0,4.0,0.15,10.349516085048561,736,0.9381104465289438,47485.1,1.1,2106633350266293212,True
SC14,SC4142E0,iso8_matched,12,47742.0,4.0,0.15,7.4042353868901465,663,0.846972880667877,47742.1,1.0,2106633350266293212,True
SC14,SC4142E0,iso8_matched,13,47870.0,4.0,0.15,7.725301467768347,761,0.8106019289845736,47870.2,1.1,2106633350266293212,True
SC14,SC4142E0,iso8_matched,14,48006.0,4.0,0.15,8.737241246235376,626,0.93395265153274,48005.85,1.0,2106633350266293212,True
SC14,SC4142E0,iso8_matched,15,51790.0,4.0,0.15,9.463596948487847,656,0.5792194349252616,51790.65,1.0,2106633350266293212,True
SC14,SC4142E0,iso8_matched,16,51859.0,4.0,0.15,10.340086932360785,623,0.8719073148379872,51859.0,0.9,2106633350266293212,True
SC14,SC4142E0,iso8_matched,17,52091.0,4.0,0.15,10.649340649771318,700,0.8533606590840237,52091.3,1.0,2106633350266293212,True
SC14,SC4142E0,iso8_matched,18,52899.0,4.0,0.15,7.2386829161333175,606,0.6387895823398608,52899.7,0.9,2106633350266293212,True
SC14,SC4142E0,iso8_matched,19,53114.0,4.0,0.15,9.425238620589814,707,0.9576364550243379,53113.95,1.1,2106633350266293212,True
SC14,SC4142E0,sync8_c0,0,33506.0,4.0,0.15,10.810272360845355,633,0.8107136774228343,33506.0,1.0,2106633350266293212,True
SC14,SC4142E0,sync8_c0,1,39174.0,4.0,0.15,12.288514025389249,716,0.8564166076174481,39174.05,1.1,2106633350266293212,True
SC14,SC4142E0,sync8_c0,2,39319.0,4.0,0.15,10.546006731203127,742,0.8810130580448859,39319.0,1.2,2106633350266293212,True
SC14,SC4142E0,sync8_c0,3,40020.0,4.0,0.15,11.424616599480872,628,0.5785276724261221,40019.3,0.8,2106633350266293212,True
SC14,SC4142E0,sync8_c0,4,40317.0,4.0,0.15,10.828422744431919,685,0.5060217280053242,40316.6,1.0,2106633350266293212,True
SC14,SC4142E0,sync8_c0,5,40390.0,4.0,0.15,9.665448780427644,678,0.9008278496635066,40389.95,1.1,2106633350266293212,True
SC14,SC4142E0,sync8_c0,6,40530.0,4.0,0.15,8.908024529947593,643,0.6181926228361999,40530.05,0.9,2106633350266293212,True
SC14,SC4142E0,sync8_c0,7,41066.0,4.0,0.15,7.835658366365002,626,0.7400830685881314,41065.9,1.0,2106633350266293212,True
SC14,SC4142E0,sync8_c0,8,46410.0,4.0,0.15,9.635240694519586,683,0.8636823863024736,46409.95,1.1,2106633350266293212,True
SC14,SC4142E0,sync8_c0,9,46546.0,4.0,0.15,11.255046185566377,628,0.9409826689601434,46545.9,1.0,2106633350266293212,True
SC14,SC4142E0,sync8_c0,10,46972.0,4.0,0.15,14.094314504969997,632,0.7009011979151725,46971.95,1.0,2106633350266293212,True
SC14,SC4142E0,sync8_c0,11,47485.0,4.0,0.15,10.349516085048561,742,0.8605450421808702,47484.9,1.2,2106633350266293212,True
SC14,SC4142E0,sync8_c0,12,47742.0,4.0,0.15,7.4042353868901465,658,0.8451087616461038,47742.1,1.0,2106633350266293212,True
SC14,SC4142E0,sync8_c0,13,47870.0,4.0,0.15,7.725301467768347,760,0.8154442388113239,47869.95,1.2,2106633350266293212,True
SC14,SC4142E0,sync8_c0,14,48006.0,4.0,0.15,8.737241246235376,628,0.9430932757757045,48005.9,1.0,2106633350266293212,True
SC14,SC4142E0,sync8_c0,15,51790.0,4.0,0.15,9.463596948487847,659,0.619604496112482,51790.45,1.1,2106633350266293212,True
SC14,SC4142E0,sync8_c0,16,51859.0,4.0,0.15,10.340086932360785,628,0.8357980321681614,51859.0,0.9,2106633350266293212,True
SC14,SC4142E0,sync8_c0,17,52091.0,4.0,0.15,10.649340649771318,691,0.856495916007288,52091.2,1.0,2106633350266293212,True
SC14,SC4142E0,sync8_c0,18,52899.0,4.0,0.15,7.2386829161333175,605,0.5583931242247175,52899.0,0.9,2106633350266293212,True
SC14,SC4142E0,sync8_c0,19,53114.0,4.0,0.15,9.425238620589814,709,0.969171190841063,53114.05,1.1,2106633350266293212,True
SC15,SC4151E0,iso8_matched,0,30122.0,4.0,0.15,24.693267397521325,618,0.8196635956828401,30122.75,0.9,3728934019011257819,True
SC15,SC4151E0,iso8_matched,1,30678.0,4.0,0.15,38.956386797488264,622,0.8913128557213478,30677.9,1.0,3728934019011257819,True
SC15,SC4151E0,iso8_matched,2,34946.0,4.0,0.15,32.42592876629621,725,0.9592127881062679,34946.05,1.1,3728934019011257819,True
SC15,SC4151E0,iso8_matched,3,35402.0,4.0,0.15,23.852918993608746,689,0.8139849705752771,35401.45,1.0,3728934019011257819,True
SC15,SC4151E0,iso8_matched,4,35884.0,4.0,0.15,22.516742831317814,705,0.7035821471105439,35883.45,1.0,3728934019011257819,True
SC15,SC4151E0,iso8_matched,5,42203.0,4.0,0.15,33.02386565235811,727,0.6873017296617948,42203.05,1.1,3728934019011257819,True
SC15,SC4151E0,iso8_matched,6,42319.0,4.0,0.15,45.22011583502492,708,0.854254687823924,42319.05,1.1,3728934019011257819,True
SC15,SC4151E0,iso8_matched,7,42381.0,4.0,0.15,48.688521638902486,643,0.9412465386285644,42380.9,1.0,3728934019011257819,True
SC15,SC4151E0,iso8_matched,8,42507.0,4.0,0.15,31.123993568690036,707,0.9406096582720685,42507.0,1.1,3728934019011257819,True
SC15,SC4151E0,iso8_matched,9,42803.0,4.0,0.15,47.728976380559615,713,0.7846799920136865,42803.7,1.1,3728934019011257819,True
SC15,SC4151E0,iso8_matched,10,43408.0,4.0,0.15,32.271982701510936,667,0.6854215658767705,43408.1,1.0,3728934019011257819,True
SC15,SC4151E0,iso8_matched,11,43743.0,4.0,0.15,35.64863883997544,688,0.8644101094670555,43742.85,1.1,3728934019011257819,True
SC15,SC4151E0,iso8_matched,12,44246.0,4.0,0.15,24.893298185435018,628,0.9158268673340371,44246.1,0.9,3728934019011257819,True
SC15,SC4151E0,iso8_matched,13,44361.0,4.0,0.15,20.794779482224904,699,0.9232160627042099,44360.85,1.1,3728934019011257819,True
SC15,SC4151E0,iso8_matched,14,44772.0,4.0,0.15,30.276495173572343,660,0.9129842219001598,44771.95,1.0,3728934019011257819,True
SC15,SC4151E0,iso8_matched,15,44870.0,4.0,0.15,31.08759270654924,722,0.909279261751295,44870.05,1.1,3728934019011257819,True
SC15,SC4151E0,iso8_matched,16,45003.0,4.0,0.15,27.555713029532182,620,0.8890275316915297,45003.0,0.9,3728934019011257819,True
SC15,SC4151E0,iso8_matched,17,49342.0,4.0,0.15,16.35848784817488,668,0.8361081386346008,49342.1,1.0,3728934019011257819,True
SC15,SC4151E0,iso8_matched,18,49571.0,4.0,0.15,22.359648679689425,661,0.8009339259785359,49571.0,1.0,3728934019011257819,True
SC15,SC4151E0,iso8_matched,19,49898.0,4.0,0.15,27.3783952215219,623,0.6423943915373318,49898.05,0.9,3728934019011257819,True
SC15,SC4151E0,sync8_c0,0,30122.0,4.0,0.15,24.693267397521325,616,0.7700281460737451,30122.1,0.9,3728934019011257819,True
SC15,SC4151E0,sync8_c0,1,30678.0,4.0,0.15,38.956386797488264,621,0.8587760515791373,30677.9,1.0,3728934019011257819,True
SC15,SC4151E0,sync8_c0,2,34946.0,4.0,0.15,32.42592876629621,734,0.9035360014917514,34946.1,1.1,3728934019011257819,True
SC15,SC4151E0,sync8_c0,3,35402.0,4.0,0.15,23.852918993608746,685,0.7559970791769622,35401.9,1.1,3728934019011257819,True
SC15,SC4151E0,sync8_c0,4,35884.0,4.0,0.15,22.516742831317814,713,0.7394658380778081,35884.0,1.1,3728934019011257819,True
SC15,SC4151E0,sync8_c0,5,42203.0,4.0,0.15,33.02386565235811,726,0.6727570525411097,42203.1,1.1,3728934019011257819,True
SC15,SC4151E0,sync8_c0,6,42319.0,4.0,0.15,45.22011583502492,700,0.8207396981919088,42319.1,1.1,3728934019011257819,True
SC15,SC4151E0,sync8_c0,7,42381.0,4.0,0.15,48.688521638902486,638,0.9212997533044929,42380.85,1.0,3728934019011257819,True
SC15,SC4151E0,sync8_c0,8,42507.0,4.0,0.15,31.123993568690036,707,0.9248893764404843,42507.1,1.1,3728934019011257819,True
SC15,SC4151E0,sync8_c0,9,42803.0,4.0,0.15,47.728976380559615,713,0.857058300274952,42803.0,1.1,3728934019011257819,True
SC15,SC4151E0,sync8_c0,10,43408.0,4.0,0.15,32.271982701510936,670,0.6285647781560898,43407.9,1.1,3728934019011257819,True
SC15,SC4151E0,sync8_c0,11,43743.0,4.0,0.15,35.64863883997544,686,0.8446267391740083,43742.9,1.1,3728934019011257819,True
SC15,SC4151E0,sync8_c0,12,44246.0,4.0,0.15,24.893298185435018,635,0.882056443981799,44246.1,0.9,3728934019011257819,True
SC15,SC4151E0,sync8_c0,13,44361.0,4.0,0.15,20.794779482224904,702,0.9535857154883361,44360.95,1.1,3728934019011257819,True
SC15,SC4151E0,sync8_c0,14,44772.0,4.0,0.15,30.276495173572343,662,0.8877577460936832,44771.95,1.0,3728934019011257819,True
SC15,SC4151E0,sync8_c0,15,44870.0,4.0,0.15,31.08759270654924,727,0.929546681055689,44870.1,1.1,3728934019011257819,True
SC15,SC4151E0,sync8_c0,16,45003.0,4.0,0.15,27.555713029532182,622,0.8921576321626232,45002.95,0.9,3728934019011257819,True
SC15,SC4151E0,sync8_c0,17,49342.0,4.0,0.15,16.35848784817488,659,0.8541774489276005,49342.05,1.0,3728934019011257819,True
SC15,SC4151E0,sync8_c0,18,49571.0,4.0,0.15,22.359648679689425,658,0.8495590815322983,49571.0,1.0,3728934019011257819,True
SC15,SC4151E0,sync8_c0,19,49898.0,4.0,0.15,27.3783952215219,620,0.6848940059228827,49898.0,0.9,3728934019011257819,True
SC15,SC4152E0,iso8_matched,0,36185.0,4.0,0.15,26.00573712033358,723,0.9346642030024945,36185.05,1.1,5595734872228350492,True
SC15,SC4152E0,iso8_matched,1,36627.0,4.0,0.15,29.026845590817206,618,0.8195961952505972,36626.7,1.0,5595734872228350492,True
SC15,SC4152E0,iso8_matched,2,37381.0,4.0,0.15,16.9473698746804,653,0.9027426726212545,37381.0,1.0,5595734872228350492,True
SC15,SC4152E0,iso8_matched,3,42222.0,4.0,0.15,26.31247704405162,636,0.8882374627375721,42222.05,0.9,5595734872228350492,True
SC15,SC4152E0,iso8_matched,4,42585.0,4.0,0.15,23.34022477139741,753,0.6848774373114282,42585.25,1.1,5595734872228350492,True
SC15,SC4152E0,iso8_matched,5,42712.0,4.0,0.15,20.43437463931615,664,0.9540351752024818,42712.0,1.0,5595734872228350492,True
SC15,SC4152E0,iso8_matched,6,42999.0,4.0,0.15,23.632603064297736,739,0.0,,,5595734872228350492,True
SC15,SC4152E0,iso8_matched,7,43386.0,4.0,0.15,23.8196241073949,696,0.9573688257831368,43385.9,1.1,5595734872228350492,True
SC15,SC4152E0,iso8_matched,8,43838.0,4.0,0.15,13.207854546831408,658,0.9147863989734117,43838.05,1.0,5595734872228350492,True
SC15,SC4152E0,iso8_matched,9,43988.0,4.0,0.15,17.28391924189893,656,0.920741116715656,43988.05,1.0,5595734872228350492,True
SC15,SC4152E0,iso8_matched,10,48203.0,4.0,0.15,11.56719298753385,710,0.44307726309693046,48202.65,1.2,5595734872228350492,True
SC15,SC4152E0,iso8_matched,11,53260.0,4.0,0.15,35.68857280858192,594,0.8929578482184403,53259.95,0.9,5595734872228350492,True
SC15,SC4152E0,iso8_matched,12,53471.0,4.0,0.15,30.71860610480399,613,0.8662073588534,53470.95,0.9,5595734872228350492,True
SC15,SC4152E0,iso8_matched,13,54380.0,4.0,0.15,13.70221506105837,620,0.0,,,5595734872228350492,True
SC15,SC4152E0,iso8_matched,14,54734.0,4.0,0.15,13.532785687470536,615,0.826229370790079,54734.05,0.9,5595734872228350492,True
SC15,SC4152E0,iso8_matched,15,54842.0,4.0,0.15,13.706121275911666,648,0.7250444641530429,54841.95,1.0,5595734872228350492,True
SC15,SC4152E0,iso8_matched,16,55240.0,4.0,0.15,37.65586536444555,705,0.9091329275411715,55239.9,1.1,5595734872228350492,True
SC15,SC4152E0,iso8_matched,17,55373.0,4.0,0.15,24.76970481115305,657,0.966968010275641,55373.05,1.0,5595734872228350492,True
SC15,SC4152E0,iso8_matched,18,55523.0,4.0,0.15,18.7796864299954,620,0.6343506796378827,55523.65,0.9,5595734872228350492,True
SC15,SC4152E0,iso8_matched,19,56219.0,4.0,0.15,32.250672943100774,724,0.9618993187538646,56219.05,1.1,5595734872228350492,True
SC15,SC4152E0,sync8_c0,0,36185.0,4.0,0.15,26.00573712033358,722,0.9360491654421975,36185.1,1.1,5595734872228350492,True
SC15,SC4152E0,sync8_c0,1,36627.0,4.0,0.15,29.026845590817206,619,0.8131948034264345,36626.95,0.9,5595734872228350492,True
SC15,SC4152E0,sync8_c0,2,37381.0,4.0,0.15,16.9473698746804,654,0.8875720315994837,37381.05,1.0,5595734872228350492,True
SC15,SC4152E0,sync8_c0,3,42222.0,4.0,0.15,26.31247704405162,635,0.9060936775674419,42222.0,0.9,5595734872228350492,True
SC15,SC4152E0,sync8_c0,4,42585.0,4.0,0.15,23.34022477139741,751,0.7074926895932248,42584.95,1.2,5595734872228350492,True
SC15,SC4152E0,sync8_c0,5,42712.0,4.0,0.15,20.43437463931615,680,0.9034146016277504,42711.85,1.1,5595734872228350492,True
SC15,SC4152E0,sync8_c0,6,42999.0,4.0,0.15,23.632603064297736,731,0.8110310790654466,42999.2,1.1,5595734872228350492,True
SC15,SC4152E0,sync8_c0,7,43386.0,4.0,0.15,23.8196241073949,703,0.9591476850049874,43386.0,1.1,5595734872228350492,True
SC15,SC4152E0,sync8_c0,8,43838.0,4.0,0.15,13.207854546831408,651,0.8953197919172443,43838.0,1.0,5595734872228350492,True
SC15,SC4152E0,sync8_c0,9,43988.0,4.0,0.15,17.28391924189893,651,0.9218990492150179,43988.05,1.0,5595734872228350492,True
SC15,SC4152E0,sync8_c0,10,48203.0,4.0,0.15,11.56719298753385,695,0.49417037210309045,48203.05,1.1,5595734872228350492,True
SC15,SC4152E0,sync8_c0,11,53260.0,4.0,0.15,35.68857280858192,601,0.8858798051401201,53259.9,0.9,5595734872228350492,True
SC15,SC4152E0,sync8_c0,12,53471.0,4.0,0.15,30.71860610480399,617,0.8628640496621341,53470.9,0.9,5595734872228350492,True
SC15,SC4152E0,sync8_c0,13,54380.0,4.0,0.15,13.70221506105837,625,0.0,,,5595734872228350492,True
SC15,SC4152E0,sync8_c0,14,54734.0,4.0,0.15,13.532785687470536,620,0.7906796243290827,54733.85,1.0,5595734872228350492,True
SC15,SC4152E0,sync8_c0,15,54842.0,4.0,0.15,13.706121275911666,656,0.6230800418136142,54842.0,1.0,5595734872228350492,True
SC15,SC4152E0,sync8_c0,16,55240.0,4.0,0.15,37.65586536444555,704,0.9340561099747389,55239.95,1.1,5595734872228350492,True
SC15,SC4152E0,sync8_c0,17,55373.0,4.0,0.15,24.76970481115305,655,0.9614703449637428,55373.05,1.0,5595734872228350492,True
SC15,SC4152E0,sync8_c0,18,55523.0,4.0,0.15,18.7796864299954,621,0.38372471878513154,55523.0,0.9,5595734872228350492,True
SC15,SC4152E0,sync8_c0,19,56219.0,4.0,0.15,32.250672943100774,727,0.9309569751377004,56219.15,1.1,5595734872228350492,True
SC16,SC4161E0,iso8_matched,0,26142.0,4.0,0.15,16.95987913893878,622,0.8533534114963608,26141.85,1.0,5693741339688245138,True
SC16,SC4161E0,iso8_matched,1,26286.0,4.0,0.15,18.727486855402958,737,0.8578838197220885,26285.85,1.2,5693741339688245138,True
SC16,SC4161E0,iso8_matched,2,26391.0,4.0,0.15,18.52275142463336,684,0.9096813284994312,26391.15,1.0,5693741339688245138,True
SC16,SC4161E0,iso8_matched,3,26516.0,4.0,0.15,16.704507823053248,739,0.7485611252107086,26516.15,1.1,5693741339688245138,True
SC16,SC4161E0,iso8_matched,4,26682.0,4.0,0.15,20.30718985747921,718,0.9543623756805751,26682.05,1.1,5693741339688245138,True
SC16,SC4161E0,iso8_matched,5,31869.0,4.0,0.15,14.431729360102468,617,0.9236792802757219,31869.05,0.9,5693741339688245138,True
SC16,SC4161E0,iso8_matched,6,31995.0,4.0,0.15,14.898929790410383,746,0.911678708404701,31994.85,1.2,5693741339688245138,True
SC16,SC4161E0,iso8_matched,7,32248.0,4.0,0.15,19.2189878613204,644,0.882769937428476,32247.95,1.0,5693741339688245138,True
SC16,SC4161E0,iso8_matched,8,32909.0,4.0,0.15,13.781794703311064,709,0.9443298619027184,32908.95,1.1,5693741339688245138,True
SC16,SC4161E0,iso8_matched,9,37086.0,4.0,0.15,16.325781931629166,656,0.9358647232706564,37086.0,1.0,5693741339688245138,True
SC16,SC4161E0,iso8_matched,10,37967.0,4.0,0.15,20.92861998123651,733,0.699680510916274,37966.35,1.1,5693741339688245138,True
SC16,SC4161E0,iso8_matched,11,42796.0,4.0,0.15,14.706948308976543,745,0.6177432537726402,42796.0,1.2,5693741339688245138,True
SC16,SC4161E0,iso8_matched,12,42883.0,4.0,0.15,15.950298217680349,596,0.8850633112387043,42883.55,0.9,5693741339688245138,True
SC16,SC4161E0,iso8_matched,13,43069.0,4.0,0.15,19.545022591369598,763,0.960741096563879,43068.95,1.2,5693741339688245138,True
SC16,SC4161E0,iso8_matched,14,43199.0,4.0,0.15,19.197203014424403,623,0.802270007711464,43198.85,1.0,5693741339688245138,True
SC16,SC4161E0,iso8_matched,15,43929.0,4.0,0.15,21.12294402272063,702,0.894320277250059,43928.9,1.1,5693741339688245138,True
SC16,SC4161E0,iso8_matched,16,51443.0,4.0,0.15,10.823435978642964,766,0.9316995940600791,51442.95,1.2,5693741339688245138,True
SC16,SC4161E0,iso8_matched,17,51894.0,4.0,0.15,10.977989432964673,734,0.8825899437828459,51894.05,1.1,5693741339688245138,True
SC16,SC4161E0,iso8_matched,18,52080.0,4.0,0.15,13.862848340666522,605,0.9099740042110795,52079.95,0.9,5693741339688245138,True
SC16,SC4161E0,iso8_matched,19,52602.0,4.0,0.15,23.993172364276944,639,0.9327897732315431,52601.95,1.0,5693741339688245138,True
SC16,SC4161E0,sync8_c0,0,26142.0,4.0,0.15,16.95987913893878,611,0.892614391851944,26142.05,0.9,5693741339688245138,True
SC16,SC4161E0,sync8_c0,1,26286.0,4.0,0.15,18.727486855402958,730,0.7872268583796002,26285.9,1.2,5693741339688245138,True
SC16,SC4161E0,sync8_c0,2,26391.0,4.0,0.15,18.52275142463336,688,0.8890329753105436,26390.9,1.1,5693741339688245138,True
SC16,SC4161E0,sync8_c0,3,26516.0,4.0,0.15,16.704507823053248,742,0.6510479460867268,26515.95,1.2,5693741339688245138,True
SC16,SC4161E0,sync8_c0,4,26682.0,4.0,0.15,20.30718985747921,719,0.9366872296577831,26682.1,1.1,5693741339688245138,True
SC16,SC4161E0,sync8_c0,5,31869.0,4.0,0.15,14.431729360102468,618,0.9078823788964397,31869.0,0.9,5693741339688245138,True
SC16,SC4161E0,sync8_c0,6,31995.0,4.0,0.15,14.898929790410383,739,0.8727863881445073,31994.9,1.2,5693741339688245138,True
SC16,SC4161E0,sync8_c0,7,32248.0,4.0,0.15,19.2189878613204,642,0.879731365191846,32247.95,1.0,5693741339688245138,True
SC16,SC4161E0,sync8_c0,8,32909.0,4.0,0.15,13.781794703311064,715,0.9421228478005593,32909.05,1.1,5693741339688245138,True
SC16,SC4161E0,sync8_c0,9,37086.0,4.0,0.15,16.325781931629166,662,0.925169075945212,37086.0,1.0,5693741339688245138,True
SC16,SC4161E0,sync8_c0,10,37967.0,4.0,0.15,20.92861998123651,730,0.8678049012521295,37967.2,1.1,5693741339688245138,True
SC16,SC4161E0,sync8_c0,11,42796.0,4.0,0.15,14.706948308976543,744,0.526409037483691,42796.0,1.2,5693741339688245138,True
SC16,SC4161E0,sync8_c0,12,42883.0,4.0,0.15,15.950298217680349,594,0.8869339570427079,42882.9,0.9,5693741339688245138,True
SC16,SC4161E0,sync8_c0,13,43069.0,4.0,0.15,19.545022591369598,767,0.9744045041416517,43069.0,1.2,5693741339688245138,True
SC16,SC4161E0,sync8_c0,14,43199.0,4.0,0.15,19.197203014424403,627,0.8478707208989208,43198.85,1.0,5693741339688245138,True
SC16,SC4161E0,sync8_c0,15,43929.0,4.0,0.15,21.12294402272063,716,0.9233774420676205,43929.05,1.1,5693741339688245138,True
SC16,SC4161E0,sync8_c0,16,51443.0,4.0,0.15,10.823435978642964,765,0.895895846274741,51442.95,1.2,5693741339688245138,True
SC16,SC4161E0,sync8_c0,17,51894.0,4.0,0.15,10.977989432964673,735,0.843568544584015,51893.8,1.2,5693741339688245138,True
SC16,SC4161E0,sync8_c0,18,52080.0,4.0,0.15,13.862848340666522,611,0.8677801748578956,52080.0,0.9,5693741339688245138,True
SC16,SC4161E0,sync8_c0,19,52602.0,4.0,0.15,23.993172364276944,644,0.926365066673571,52602.0,1.0,5693741339688245138,True
SC16,SC4162E0,iso8_matched,0,36744.0,4.0,0.15,12.631083480779788,684,0.9181152797612477,36744.2,1.0,10211681116093838845,True
SC16,SC4162E0,iso8_matched,1,36805.0,4.0,0.15,12.710360537238374,674,0.9193933417489245,36805.1,1.0,10211681116093838845,True
SC16,SC4162E0,iso8_matched,2,36891.0,4.0,0.15,13.205393848761751,723,0.9133851733513239,36891.1,1.1,10211681116093838845,True
SC16,SC4162E0,iso8_matched,3,37081.0,4.0,0.15,13.570122480315517,720,0.9404605501357065,37081.0,1.1,10211681116093838845,True
SC16,SC4162E0,iso8_matched,4,41505.0,4.0,0.15,11.728740065872755,684,0.8801814343463527,41505.1,1.0,10211681116093838845,True
SC16,SC4162E0,iso8_matched,5,41808.0,4.0,0.15,12.966860565760326,647,0.7636524715301782,41808.05,1.0,10211681116093838845,True
SC16,SC4162E0,iso8_matched,6,46473.0,4.0,0.15,9.526694151677155,675,0.5574542156264018,46473.45,1.2,10211681116093838845,True
SC16,SC4162E0,iso8_matched,7,51103.0,4.0,0.15,9.74495054378667,625,0.8703270326289072,51102.85,1.0,10211681116093838845,True
SC16,SC4162E0,iso8_matched,8,51200.0,4.0,0.15,9.693139376102136,703,0.8272122527109463,51199.95,1.1,10211681116093838845,True
SC16,SC4162E0,iso8_matched,9,51336.0,4.0,0.15,12.051079732988216,602,0.8966733445659725,51335.3,0.9,10211681116093838845,True
SC16,SC4162E0,iso8_matched,10,51833.0,4.0,0.15,17.718122345610706,622,0.5022282116951021,51833.5,1.0,10211681116093838845,True
SC16,SC4162E0,iso8_matched,11,51928.0,4.0,0.15,19.929244543007243,576,0.746377324518166,51927.25,0.9,10211681116093838845,True
SC16,SC4162E0,iso8_matched,12,52087.0,4.0,0.15,17.45872476190357,760,0.7268063687618435,52087.1,1.1,10211681116093838845,True
SC16,SC4162E0,iso8_matched,13,52186.0,4.0,0.15,19.801977974643023,701,0.9351250711133577,52186.0,1.1,10211681116093838845,True
SC16,SC4162E0,iso8_matched,14,52373.0,4.0,0.15,23.887907851989734,646,0.9584277818672732,52373.0,1.0,10211681116093838845,True
SC16,SC4162E0,iso8_matched,15,52627.0,4.0,0.15,16.511373262814217,683,0.8978014877798763,52626.85,1.1,10211681116093838845,True
SC16,SC4162E0,iso8_matched,16,53491.0,4.0,0.15,13.810095234957329,639,0.8514301975180817,53490.9,1.0,10211681116093838845,True
SC16,SC4162E0,iso8_matched,17,57102.0,4.0,0.15,9.100406170391548,626,0.8946182105238615,57101.85,1.0,10211681116093838845,True
SC16,SC4162E0,iso8_matched,18,57192.0,4.0,0.15,8.581133708217633,616,0.9076503497356777,57192.05,0.9,10211681116093838845,True
SC16,SC4162E0,iso8_matched,19,57281.0,4.0,0.15,8.968515048494067,568,0.6896782234614355,57280.25,0.9,10211681116093838845,True
SC16,SC4162E0,sync8_c0,0,36744.0,4.0,0.15,12.631083480779788,679,0.9166451419921334,36744.15,1.0,10211681116093838845,True
SC16,SC4162E0,sync8_c0,1,36805.0,4.0,0.15,12.710360537238374,671,0.9036541661895244,36805.05,1.0,10211681116093838845,True
SC16,SC4162E0,sync8_c0,2,36891.0,4.0,0.15,13.205393848761751,720,0.8935273239780418,36891.2,1.1,10211681116093838845,True
SC16,SC4162E0,sync8_c0,3,37081.0,4.0,0.15,13.570122480315517,717,0.9420009338880682,37081.05,1.1,10211681116093838845,True
SC16,SC4162E0,sync8_c0,4,41505.0,4.0,0.15,11.728740065872755,689,0.9207610777867117,41504.9,1.1,10211681116093838845,True
SC16,SC4162E0,sync8_c0,5,41808.0,4.0,0.15,12.966860565760326,651,0.6686435629345221,41808.05,1.0,10211681116093838845,True
SC16,SC4162E0,sync8_c0,6,46473.0,4.0,0.15,9.526694151677155,668,0.4987699522983255,46473.0,1.0,10211681116093838845,True
SC16,SC4162E0,sync8_c0,7,51103.0,4.0,0.15,9.74495054378667,631,0.8955738817923398,51102.95,1.0,10211681116093838845,True
SC16,SC4162E0,sync8_c0,8,51200.0,4.0,0.15,9.693139376102136,698,0.8035959695432611,51200.05,1.1,10211681116093838845,True
SC16,SC4162E0,sync8_c0,9,51336.0,4.0,0.15,12.051079732988216,598,0.864087917405141,51335.9,0.9,10211681116093838845,True
SC16,SC4162E0,sync8_c0,10,51833.0,4.0,0.15,17.718122345610706,630,0.563031945016555,51832.8,1.0,10211681116093838845,True
SC16,SC4162E0,sync8_c0,11,51928.0,4.0,0.15,19.929244543007243,574,0.6223597515897978,51927.65,0.8,10211681116093838845,True
SC16,SC4162E0,sync8_c0,12,52087.0,4.0,0.15,17.45872476190357,762,0.8071961952108376,52087.2,1.1,10211681116093838845,True
SC16,SC4162E0,sync8_c0,13,52186.0,4.0,0.15,19.801977974643023,698,0.9474751756798574,52186.05,1.1,10211681116093838845,True
SC16,SC4162E0,sync8_c0,14,52373.0,4.0,0.15,23.887907851989734,639,0.9238005451177516,52372.95,1.0,10211681116093838845,True
SC16,SC4162E0,sync8_c0,15,52627.0,4.0,0.15,16.511373262814217,684,0.9127058007015493,52626.95,1.1,10211681116093838845,True
SC16,SC4162E0,sync8_c0,16,53491.0,4.0,0.15,13.810095234957329,640,0.8840379315263219,53490.9,1.0,10211681116093838845,True
SC16,SC4162E0,sync8_c0,17,57102.0,4.0,0.15,9.100406170391548,633,0.915316038310978,57101.9,1.0,10211681116093838845,True
SC16,SC4162E0,sync8_c0,18,57192.0,4.0,0.15,8.581133708217633,609,0.9538219313194632,57192.0,0.9,10211681116093838845,True
SC16,SC4162E0,sync8_c0,19,57281.0,4.0,0.15,8.968515048494067,566,0.7656864582901021,57280.85,0.9,10211681116093838845,True
SC17,SC4171E0,iso8_matched,0,38813.0,4.0,0.15,12.717548718145002,646,0.9305622667284886,38812.9,1.0,8038365794566263725,True
SC17,SC4171E0,iso8_matched,1,38882.0,4.0,0.15,11.992729334741876,640,0.8733735354484004,38882.0,1.0,8038365794566263725,True
SC17,SC4171E0,iso8_matched,2,38977.0,4.0,0.15,13.33344685089314,651,0.9588969167540744,38976.95,1.0,8038365794566263725,True
SC17,SC4171E0,iso8_matched,3,39128.0,4.0,0.15,14.466958209932047,653,0.9367697378817424,39128.05,1.0,8038365794566263725,True
SC17,SC4171E0,iso8_matched,4,40323.0,4.0,0.15,16.315744391167758,594,0.9038478857878651,40322.95,0.9,8038365794566263725,True
SC17,SC4171E0,iso8_matched,5,40441.0,4.0,0.15,15.01813157132403,750,0.9058818989215222,40441.2,1.1,8038365794566263725,True
SC17,SC4171E0,iso8_matched,6,40542.0,4.0,0.15,11.264745925871486,636,0.8871773769321811,40541.85,1.0,8038365794566263725,True
SC17,SC4171E0,iso8_matched,7,40709.0,4.0,0.15,8.423798281030942,658,0.8607055326419513,40709.0,1.0,8038365794566263725,True
SC17,SC4171E0,iso8_matched,8,46698.0,4.0,0.15,17.731028978873262,658,0.8745252859514429,46698.0,1.0,8038365794566263725,True
SC17,SC4171E0,iso8_matched,9,47093.0,4.0,0.15,13.510924115428063,662,0.8553843107550917,47093.0,1.0,8038365794566263725,True
SC17,SC4171E0,iso8_matched,10,47286.0,4.0,0.15,11.100177513778938,580,0.872830383356625,47286.15,0.8,8038365794566263725,True
SC17,SC4171E0,iso8_matched,11,48082.0,4.0,0.15,11.546152985311965,587,0.852546922839431,48081.95,0.9,8038365794566263725,True
SC17,SC4171E0,iso8_matched,12,48248.0,4.0,0.15,13.290350163550778,670,0.8786665391930538,48248.05,1.0,8038365794566263725,True
SC17,SC4171E0,iso8_matched,13,48457.0,4.0,0.15,11.600977688995377,742,0.6553060715464304,48456.45,1.1,8038365794566263725,True
SC17,SC4171E0,iso8_matched,14,52382.0,4.0,0.15,8.977129856841746,666,0.8302682143840419,52382.05,1.0,8038365794566263725,True
SC17,SC4171E0,iso8_matched,15,52615.0,4.0,0.15,10.261707466141697,622,0.8899494554505143,52615.0,0.9,8038365794566263725,True
SC17,SC4171E0,iso8_matched,16,53854.0,4.0,0.15,15.010117416338506,719,0.9568954544400771,53854.05,1.1,8038365794566263725,True
SC17,SC4171E0,iso8_matched,17,54239.0,4.0,0.15,9.147723006501614,749,0.8765770539043245,54239.15,1.1,8038365794566263725,True
SC17,SC4171E0,iso8_matched,18,54501.0,4.0,0.15,8.744779646063591,654,0.9548833560955103,54501.0,1.0,8038365794566263725,True
SC17,SC4171E0,iso8_matched,19,55239.0,4.0,0.15,26.127685826971966,588,0.9205650433667583,55238.85,0.9,8038365794566263725,True
SC17,SC4171E0,sync8_c0,0,38813.0,4.0,0.15,12.717548718145002,654,0.9395839037734852,38812.95,1.0,8038365794566263725,True
SC17,SC4171E0,sync8_c0,1,38882.0,4.0,0.15,11.992729334741876,632,0.8907671706559515,38881.95,1.0,8038365794566263725,True
SC17,SC4171E0,sync8_c0,2,38977.0,4.0,0.15,13.33344685089314,650,0.9576260762034734,38976.95,1.0,8038365794566263725,True
SC17,SC4171E0,sync8_c0,3,39128.0,4.0,0.15,14.466958209932047,645,0.917989619782344,39127.95,1.0,8038365794566263725,True
SC17,SC4171E0,sync8_c0,4,40323.0,4.0,0.15,16.315744391167758,594,0.8764398232343313,40322.9,0.9,8038365794566263725,True
SC17,SC4171E0,sync8_c0,5,40441.0,4.0,0.15,15.01813157132403,756,0.8667830929353149,40440.95,1.2,8038365794566263725,True
SC17,SC4171E0,sync8_c0,6,40542.0,4.0,0.15,11.264745925871486,640,0.8867534338078821,40541.85,1.0,8038365794566263725,True
SC17,SC4171E0,sync8_c0,7,40709.0,4.0,0.15,8.423798281030942,658,0.8666665525714732,40708.95,1.0,8038365794566263725,True
SC17,SC4171E0,sync8_c0,8,46698.0,4.0,0.15,17.731028978873262,662,0.8724251168835951,46697.8,1.1,8038365794566263725,True
SC17,SC4171E0,sync8_c0,9,47093.0,4.0,0.15,13.510924115428063,666,0.8326419322663924,47093.05,1.0,8038365794566263725,True
SC17,SC4171E0,sync8_c0,10,47286.0,4.0,0.15,11.100177513778938,577,0.9060871686332781,47286.05,0.8,8038365794566263725,True
SC17,SC4171E0,sync8_c0,11,48082.0,4.0,0.15,11.546152985311965,584,0.7823739141184088,48081.9,0.9,8038365794566263725,True
SC17,SC4171E0,sync8_c0,12,48248.0,4.0,0.15,13.290350163550778,669,0.906850591917425,48248.05,1.0,8038365794566263725,True
SC17,SC4171E0,sync8_c0,13,48457.0,4.0,0.15,11.600977688995377,737,0.5920517646235299,48457.75,1.2,8038365794566263725,True
SC17,SC4171E0,sync8_c0,14,52382.0,4.0,0.15,8.977129856841746,663,0.8247381600120806,52382.05,1.0,8038365794566263725,True
SC17,SC4171E0,sync8_c0,15,52615.0,4.0,0.15,10.261707466141697,628,0.8708078698272003,52615.0,0.9,8038365794566263725,True
SC17,SC4171E0,sync8_c0,16,53854.0,4.0,0.15,15.010117416338506,722,0.9292173847262251,53854.1,1.1,8038365794566263725,True
SC17,SC4171E0,sync8_c0,17,54239.0,4.0,0.15,9.147723006501614,757,0.8975628395327762,54239.0,1.2,8038365794566263725,True
SC17,SC4171E0,sync8_c0,18,54501.0,4.0,0.15,8.744779646063591,649,0.9579318432676306,54500.95,1.0,8038365794566263725,True
SC17,SC4171E0,sync8_c0,19,55239.0,4.0,0.15,26.127685826971966,591,0.9195323963659093,55238.85,0.9,8038365794566263725,True
SC17,SC4172E0,iso8_matched,0,37462.0,4.0,0.15,12.58017731865861,661,0.8673578562893478,37461.95,1.0,13530627282222389853,True
SC17,SC4172E0,iso8_matched,1,37691.0,4.0,0.15,13.784867982519872,631,0.8611724145421943,37690.9,1.0,13530627282222389853,True
SC17,SC4172E0,iso8_matched,2,44391.0,4.0,0.15,14.42221398852624,692,0.8461611544624926,44390.85,1.1,13530627282222389853,True
SC17,SC4172E0,iso8_matched,3,44764.0,4.0,0.15,29.84408117132127,700,0.5284375797462451,44764.35,1.0,13530627282222389853,True
SC17,SC4172E0,iso8_matched,4,44861.0,4.0,0.15,31.10652235852733,709,0.9215295716669956,44860.95,1.1,13530627282222389853,True
SC17,SC4172E0,iso8_matched,5,45108.0,4.0,0.15,18.301335994867447,658,0.9163709424075449,45108.0,1.0,13530627282222389853,True
SC17,SC4172E0,iso8_matched,6,45405.0,4.0,0.15,19.45114016191764,612,0.8129451124367595,45405.05,0.9,13530627282222389853,True
SC17,SC4172E0,iso8_matched,7,45553.0,4.0,0.15,29.51650493632534,614,0.9348568607082517,45553.05,0.9,13530627282222389853,True
SC17,SC4172E0,iso8_matched,8,46213.0,4.0,0.15,16.09365037155262,713,0.9368196415373633,46213.05,1.1,13530627282222389853,True
SC17,SC4172E0,iso8_matched,9,46603.0,4.0,0.15,10.27799363979393,728,0.924146037354422,46603.1,1.1,13530627282222389853,True
SC17,SC4172E0,iso8_matched,10,51136.0,4.0,0.15,15.058013238441044,621,0.8594178745658612,51136.1,0.9,13530627282222389853,True
SC17,SC4172E0,iso8_matched,11,51329.0,4.0,0.15,15.10062863783531,648,0.9133285240521491,51329.0,1.0,13530627282222389853,True
SC17,SC4172E0,iso8_matched,12,51468.0,4.0,0.15,14.776090164134217,609,0.884735250464106,51468.0,0.9,13530627282222389853,True
SC17,SC4172E0,iso8_matched,13,51575.0,4.0,0.15,16.227290787325703,731,0.9499646215333936,51575.05,1.1,13530627282222389853,True
SC17,SC4172E0,iso8_matched,14,51641.0,4.0,0.15,18.99368445434716,639,0.932606785313293,51640.95,1.0,13530627282222389853,True
SC17,SC4172E0,iso8_matched,15,51869.0,4.0,0.15,21.427481028458107,691,0.9029747260815878,51868.9,1.1,13530627282222389853,True
SC17,SC4172E0,iso8_matched,16,52141.0,4.0,0.15,20.81040643665776,658,0.9272062216673495,52141.0,1.0,13530627282222389853,True
SC17,SC4172E0,iso8_matched,17,52337.0,4.0,0.15,37.78316643038025,590,0.8368899137283295,52336.9,0.9,13530627282222389853,True
SC17,SC4172E0,iso8_matched,18,52880.0,4.0,0.15,19.495147854778335,699,0.8647965596376476,52879.9,1.1,13530627282222389853,True
SC17,SC4172E0,iso8_matched,19,53413.0,4.0,0.15,15.924185162395673,653,0.8869380976284503,53412.95,1.0,13530627282222389853,True
SC17,SC4172E0,sync8_c0,0,37462.0,4.0,0.15,12.58017731865861,671,0.8275816885845679,37462.0,1.0,13530627282222389853,True
SC17,SC4172E0,sync8_c0,1,37691.0,4.0,0.15,13.784867982519872,628,0.8588088838329548,37690.9,1.0,13530627282222389853,True
SC17,SC4172E0,sync8_c0,2,44391.0,4.0,0.15,14.42221398852624,690,0.8741440585995409,44390.95,1.1,13530627282222389853,True
SC17,SC4172E0,sync8_c0,3,44764.0,4.0,0.15,29.84408117132127,705,0.5748792322505057,44764.05,1.1,13530627282222389853,True
SC17,SC4172E0,sync8_c0,4,44861.0,4.0,0.15,31.10652235852733,712,0.9402035721951754,44861.0,1.1,13530627282222389853,True
SC17,SC4172E0,sync8_c0,5,45108.0,4.0,0.15,18.301335994867447,652,0.9151093187669818,45107.95,1.0,13530627282222389853,True
SC17,SC4172E0,sync8_c0,6,45405.0,4.0,0.15,19.45114016191764,605,0.7998674105800607,45404.95,0.9,13530627282222389853,True
SC17,SC4172E0,sync8_c0,7,45553.0,4.0,0.15,29.51650493632534,624,0.878534311178738,45553.0,0.9,13530627282222389853,True
SC17,SC4172E0,sync8_c0,8,46213.0,4.0,0.15,16.09365037155262,708,0.9049111125705709,46213.1,1.1,13530627282222389853,True
SC17,SC4172E0,sync8_c0,9,46603.0,4.0,0.15,10.27799363979393,727,0.8943478064340317,46603.15,1.1,13530627282222389853,True
SC17,SC4172E0,sync8_c0,10,51136.0,4.0,0.15,15.058013238441044,621,0.8794134532422886,51135.85,1.0,13530627282222389853,True
SC17,SC4172E0,sync8_c0,11,51329.0,4.0,0.15,15.10062863783531,641,0.909947376358357,51328.95,1.0,13530627282222389853,True
SC17,SC4172E0,sync8_c0,12,51468.0,4.0,0.15,14.776090164134217,612,0.8626604755498226,51468.0,0.9,13530627282222389853,True
SC17,SC4172E0,sync8_c0,13,51575.0,4.0,0.15,16.227290787325703,722,0.9456268577475653,51575.1,1.1,13530627282222389853,True
SC17,SC4172E0,sync8_c0,14,51641.0,4.0,0.15,18.99368445434716,638,0.9404632236422487,51640.95,1.0,13530627282222389853,True
SC17,SC4172E0,sync8_c0,15,51869.0,4.0,0.15,21.427481028458107,699,0.9539701348648155,51869.0,1.1,13530627282222389853,True
SC17,SC4172E0,sync8_c0,16,52141.0,4.0,0.15,20.81040643665776,657,0.934034982359218,52141.0,1.0,13530627282222389853,True
SC17,SC4172E0,sync8_c0,17,52337.0,4.0,0.15,37.78316643038025,591,0.8577222374816923,52336.9,0.9,13530627282222389853,True
SC17,SC4172E0,sync8_c0,18,52880.0,4.0,0.15,19.495147854778335,705,0.9011873283340373,52880.0,1.1,13530627282222389853,True
SC17,SC4172E0,sync8_c0,19,53413.0,4.0,0.15,15.924185162395673,654,0.8615801036572802,53412.95,1.0,13530627282222389853,True
SC18,SC4181E0,iso8_matched,0,35981.0,4.0,0.15,13.411920740151142,684,0.8562225082705727,35981.1,1.0,3658974532504472277,True
SC18,SC4181E0,iso8_matched,1,36074.0,4.0,0.15,11.674007862648107,607,0.8793860999311327,36074.0,0.9,3658974532504472277,True
SC18,SC4181E0,iso8_matched,2,36148.0,4.0,0.15,10.284890619004427,736,0.8999665473029806,36148.15,1.1,3658974532504472277,True
SC18,SC4181E0,iso8_matched,3,36447.0,4.0,0.15,10.60555275564842,639,0.9344971346176286,36446.95,1.0,3658974532504472277,True
SC18,SC4181E0,iso8_matched,4,41225.0,4.0,0.15,9.575990166560942,738,0.44609586195689416,41225.1,1.1,3658974532504472277,True
SC18,SC4181E0,iso8_matched,5,41571.0,4.0,0.15,12.41091523469278,672,0.865334909437419,41571.1,1.0,3658974532504472277,True
SC18,SC4181E0,iso8_matched,6,46327.0,4.0,0.15,8.794890714260488,690,0.7641488428809199,46326.95,1.1,3658974532504472277,True
SC18,SC4181E0,iso8_matched,7,46431.0,4.0,0.15,11.45387824835676,639,0.6364945644574876,46431.55,1.0,3658974532504472277,True
SC18,SC4181E0,iso8_matched,8,46545.0,4.0,0.15,14.983239202802938,644,0.8504836260435354,46545.0,1.0,3658974532504472277,True
SC18,SC4181E0,iso8_matched,9,46606.0,4.0,0.15,17.331622836411217,691,0.8731429325301953,46605.9,1.1,3658974532504472277,True
SC18,SC4181E0,iso8_matched,10,46895.0,4.0,0.15,26.242953617477532,613,0.9299433613230504,46895.0,0.9,3658974532504472277,True
SC18,SC4181E0,iso8_matched,11,47102.0,4.0,0.15,24.859963560624788,665,0.9432576199511623,47101.95,1.0,3658974532504472277,True
SC18,SC4181E0,iso8_matched,12,47257.0,4.0,0.15,16.738574669620114,635,0.9529966732548403,47256.9,1.0,3658974532504472277,True
SC18,SC4181E0,iso8_matched,13,47453.0,4.0,0.15,11.886002851641285,684,0.8060191880911194,47452.8,1.1,3658974532504472277,True
SC18,SC4181E0,iso8_matched,14,47758.0,4.0,0.15,13.707299064313908,563,0.8011773521024496,47757.8,0.9,3658974532504472277,True
SC18,SC4181E0,iso8_matched,15,47825.0,4.0,0.15,14.292195716609648,675,0.6425144329651478,47824.85,1.1,3658974532504472277,True
SC18,SC4181E0,iso8_matched,16,47941.0,4.0,0.15,16.742350492851006,639,0.9146912356023015,47940.9,1.0,3658974532504472277,True
SC18,SC4181E0,iso8_matched,17,48285.0,4.0,0.15,10.034392382410365,608,0.8946075914832109,48285.1,0.9,3658974532504472277,True
SC18,SC4181E0,iso8_matched,18,48455.0,4.0,0.15,12.336429891443307,662,0.7433344020751469,48454.35,1.0,3658974532504472277,True
SC18,SC4181E0,iso8_matched,19,48572.0,4.0,0.15,12.738448368220626,740,0.9430640199731817,48572.05,1.1,3658974532504472277,True
SC18,SC4181E0,sync8_c0,0,35981.0,4.0,0.15,13.411920740151142,683,0.8914593906379336,35980.9,1.1,3658974532504472277,True
SC18,SC4181E0,sync8_c0,1,36074.0,4.0,0.15,11.674007862648107,607,0.8687401944858505,36074.0,0.9,3658974532504472277,True
SC18,SC4181E0,sync8_c0,2,36148.0,4.0,0.15,10.284890619004427,735,0.8450212898392749,36148.15,1.1,3658974532504472277,True
SC18,SC4181E0,sync8_c0,3,36447.0,4.0,0.15,10.60555275564842,634,0.9032682314086065,36446.95,1.0,3658974532504472277,True
SC18,SC4181E0,sync8_c0,4,41225.0,4.0,0.15,9.575990166560942,735,0.5722248695359499,41224.75,1.2,3658974532504472277,True
SC18,SC4181E0,sync8_c0,5,41571.0,4.0,0.15,12.41091523469278,680,0.8182654566007461,41570.9,1.1,3658974532504472277,True
SC18,SC4181E0,sync8_c0,6,46327.0,4.0,0.15,8.794890714260488,689,0.7049501440763846,46327.0,1.1,3658974532504472277,True
SC18,SC4181E0,sync8_c0,7,46431.0,4.0,0.15,11.45387824835676,640,0.6067539075915781,46430.85,1.0,3658974532504472277,True
SC18,SC4181E0,sync8_c0,8,46545.0,4.0,0.15,14.983239202802938,642,0.8485510590980018,46545.0,1.0,3658974532504472277,True
SC18,SC4181E0,sync8_c0,9,46606.0,4.0,0.15,17.331622836411217,685,0.8750863631142999,46605.9,1.1,3658974532504472277,True
SC18,SC4181E0,sync8_c0,10,46895.0,4.0,0.15,26.242953617477532,621,0.8819617059718615,46894.85,1.0,3658974532504472277,True
SC18,SC4181E0,sync8_c0,11,47102.0,4.0,0.15,24.859963560624788,668,0.9280445819720923,47101.95,1.0,3658974532504472277,True
SC18,SC4181E0,sync8_c0,12,47257.0,4.0,0.15,16.738574669620114,635,0.9393646496590249,47256.9,1.0,3658974532504472277,True
SC18,SC4181E0,sync8_c0,13,47453.0,4.0,0.15,11.886002851641285,688,0.8739273466577018,47452.95,1.1,3658974532504472277,True
SC18,SC4181E0,sync8_c0,14,47758.0,4.0,0.15,13.707299064313908,563,0.7820913132676929,47758.15,0.8,3658974532504472277,True
SC18,SC4181E0,sync8_c0,15,47825.0,4.0,0.15,14.292195716609648,675,0.6145431619309689,47824.95,1.1,3658974532504472277,True
SC18,SC4181E0,sync8_c0,16,47941.0,4.0,0.15,16.742350492851006,634,0.9063246192961666,47940.9,1.0,3658974532504472277,True
SC18,SC4181E0,sync8_c0,17,48285.0,4.0,0.15,10.034392382410365,605,0.860504054747515,48285.05,0.9,3658974532504472277,True
SC18,SC4181E0,sync8_c0,18,48455.0,4.0,0.15,12.336429891443307,655,0.6844336180769212,48455.0,1.0,3658974532504472277,True
SC18,SC4181E0,sync8_c0,19,48572.0,4.0,0.15,12.738448368220626,746,0.9008657576981086,48572.15,1.1,3658974532504472277,True
SC18,SC4182E0,iso8_matched,0,40395.0,4.0,0.15,14.336577546259338,581,0.8629153527866745,40394.95,0.9,10401363065638062603,True
SC18,SC4182E0,iso8_matched,1,41179.0,4.0,0.15,10.480197054810512,616,0.9066420090915877,41179.05,0.9,10401363065638062603,True
SC18,SC4182E0,iso8_matched,2,41296.0,4.0,0.15,9.7134402185031,745,0.8705884813270528,41295.9,1.2,10401363065638062603,True
SC18,SC4182E0,iso8_matched,3,41471.0,4.0,0.15,8.21291488116439,658,0.9433414442556196,41471.05,1.0,10401363065638062603,True
SC18,SC4182E0,iso8_matched,4,41632.0,4.0,0.15,12.690677302606085,622,0.7653487507063025,41632.1,0.9,10401363065638062603,True
SC18,SC4182E0,iso8_matched,5,47042.0,4.0,0.15,18.132385587795746,617,0.8714331898297821,47042.0,0.9,10401363065638062603,True
SC18,SC4182E0,iso8_matched,6,47212.0,4.0,0.15,10.923267312182954,614,0.9442421054773888,47212.0,0.9,10401363065638062603,True
SC18,SC4182E0,iso8_matched,7,47316.0,4.0,0.15,10.047725757960393,605,0.6365715724886016,47316.0,0.9,10401363065638062603,True
SC18,SC4182E0,iso8_matched,8,47386.0,4.0,0.15,12.164238326993065,662,0.8315577693247754,47385.3,1.0,10401363065638062603,True
SC18,SC4182E0,iso8_matched,9,47490.0,4.0,0.15,16.71483258334815,707,0.8367750005923422,47490.35,1.0,10401363065638062603,True
SC18,SC4182E0,iso8_matched,10,47593.0,4.0,0.15,17.03425044913969,718,0.9491834446424052,47592.95,1.1,10401363065638062603,True
SC18,SC4182E0,iso8_matched,11,50838.0,4.0,0.15,9.30159784564787,693,0.7907854740678366,50838.65,1.1,10401363065638062603,True
SC18,SC4182E0,iso8_matched,12,51080.0,4.0,0.15,23.366305598198313,728,0.9579707804182761,51080.05,1.1,10401363065638062603,True
SC18,SC4182E0,iso8_matched,13,51213.0,4.0,0.15,23.629008836573373,652,0.8942697745721968,51213.0,1.0,10401363065638062603,True
SC18,SC4182E0,iso8_matched,14,51309.0,4.0,0.15,24.56768961955215,671,0.9434826775130024,51309.05,1.0,10401363065638062603,True
SC18,SC4182E0,iso8_matched,15,51455.0,4.0,0.15,16.802423971420904,712,0.9506469804460633,51455.0,1.1,10401363065638062603,True
SC18,SC4182E0,iso8_matched,16,51666.0,4.0,0.15,15.647044673837101,702,0.8789949801495439,51665.95,1.1,10401363065638062603,True
SC18,SC4182E0,iso8_matched,17,51829.0,4.0,0.15,18.340680124861244,630,0.8611950762404175,51829.05,0.9,10401363065638062603,True
SC18,SC4182E0,iso8_matched,18,53213.0,4.0,0.15,11.904524220160473,638,0.9292382280055276,53212.95,1.0,10401363065638062603,True
SC18,SC4182E0,iso8_matched,19,54335.0,4.0,0.15,6.985661684434157,659,0.948358538078984,54335.05,1.0,10401363065638062603,True
SC18,SC4182E0,sync8_c0,0,40395.0,4.0,0.15,14.336577546259338,578,0.8537243202867061,40394.9,0.9,10401363065638062603,True
SC18,SC4182E0,sync8_c0,1,41179.0,4.0,0.15,10.480197054810512,616,0.9016960818396342,41179.05,0.9,10401363065638062603,True
SC18,SC4182E0,sync8_c0,2,41296.0,4.0,0.15,9.7134402185031,742,0.8443459434612098,41295.95,1.2,10401363065638062603,True
SC18,SC4182E0,sync8_c0,3,41471.0,4.0,0.15,8.21291488116439,654,0.935164253097418,41471.0,1.0,10401363065638062603,True
SC18,SC4182E0,sync8_c0,4,41632.0,4.0,0.15,12.690677302606085,626,0.7110998707702781,41631.9,1.0,10401363065638062603,True
SC18,SC4182E0,sync8_c0,5,47042.0,4.0,0.15,18.132385587795746,618,0.8760724958806365,47042.0,0.9,10401363065638062603,True
SC18,SC4182E0,sync8_c0,6,47212.0,4.0,0.15,10.923267312182954,621,0.8868732870290342,47212.0,0.9,10401363065638062603,True
SC18,SC4182E0,sync8_c0,7,47316.0,4.0,0.15,10.047725757960393,612,0.6747141688821847,47315.8,1.0,10401363065638062603,True
SC18,SC4182E0,sync8_c0,8,47386.0,4.0,0.15,12.164238326993065,670,0.7798433726623984,47385.9,1.1,10401363065638062603,True
SC18,SC4182E0,sync8_c0,9,47490.0,4.0,0.15,16.71483258334815,702,0.884596759945173,47490.05,1.1,10401363065638062603,True
SC18,SC4182E0,sync8_c0,10,47593.0,4.0,0.15,17.03425044913969,721,0.9362413189987682,47593.05,1.1,10401363065638062603,True
SC18,SC4182E0,sync8_c0,11,50838.0,4.0,0.15,9.30159784564787,684,0.8186672531171149,50838.15,1.0,10401363065638062603,True
SC18,SC4182E0,sync8_c0,12,51080.0,4.0,0.15,23.366305598198313,723,0.9394802546266666,51080.05,1.1,10401363065638062603,True
SC18,SC4182E0,sync8_c0,13,51213.0,4.0,0.15,23.629008836573373,654,0.869925223821521,51213.0,1.0,10401363065638062603,True
SC18,SC4182E0,sync8_c0,14,51309.0,4.0,0.15,24.56768961955215,672,0.9171472374627191,51309.05,1.0,10401363065638062603,True
SC18,SC4182E0,sync8_c0,15,51455.0,4.0,0.15,16.802423971420904,711,0.961579528363929,51455.1,1.1,10401363065638062603,True
SC18,SC4182E0,sync8_c0,16,51666.0,4.0,0.15,15.647044673837101,701,0.9190139701758885,51666.05,1.1,10401363065638062603,True
SC18,SC4182E0,sync8_c0,17,51829.0,4.0,0.15,18.340680124861244,631,0.8656816387584321,51829.05,0.9,10401363065638062603,True
SC18,SC4182E0,sync8_c0,18,53213.0,4.0,0.15,11.904524220160473,642,0.9334574985452749,53213.0,1.0,10401363065638062603,True
SC18,SC4182E0,sync8_c0,19,54335.0,4.0,0.15,6.985661684434157,661,0.942986739736687,54335.05,1.0,10401363065638062603,True
SC19,SC4191E0,iso8_matched,0,38944.0,4.0,0.15,14.644020428450323,659,0.8949392397831523,38943.95,1.0,6136040746024443750,True
SC19,SC4191E0,iso8_matched,1,43395.0,4.0,0.15,31.57206922712322,688,0.9039123267835237,43394.9,1.1,6136040746024443750,True
SC19,SC4191E0,iso8_matched,2,43555.0,4.0,0.15,26.53720034002195,680,0.8735348973300842,43554.8,1.1,6136040746024443750,True
SC19,SC4191E0,iso8_matched,3,43670.0,4.0,0.15,23.191391113763466,719,0.7766864206444205,43670.0,1.1,6136040746024443750,True
SC19,SC4191E0,iso8_matched,4,43739.0,4.0,0.15,28.084322804696352,732,0.8879862238305885,43739.1,1.1,6136040746024443750,True
SC19,SC4191E0,iso8_matched,5,49029.0,4.0,0.15,16.58524766005953,643,0.8730101484570134,49029.65,1.0,6136040746024443750,True
SC19,SC4191E0,iso8_matched,6,49756.0,4.0,0.15,13.516445644499491,603,0.905156013676286,49755.95,0.9,6136040746024443750,True
SC19,SC4191E0,iso8_matched,7,54088.0,4.0,0.15,9.375283965410482,700,0.8176070217666654,54088.0,1.1,6136040746024443750,True
SC19,SC4191E0,iso8_matched,8,54386.0,4.0,0.15,22.2673976749255,688,0.9495953837430238,54386.1,1.0,6136040746024443750,True
SC19,SC4191E0,iso8_matched,9,54508.0,4.0,0.15,26.50021182536889,614,0.9661116060960986,54508.0,0.9,6136040746024443750,True
SC19,SC4191E0,iso8_matched,10,54855.0,4.0,0.15,26.655628173476046,736,0.943761733861208,54855.1,1.1,6136040746024443750,True
SC19,SC4191E0,iso8_matched,11,54925.0,4.0,0.15,24.749224792088167,679,0.8280696518498171,54925.15,1.0,6136040746024443750,True
SC19,SC4191E0,iso8_matched,12,55660.0,4.0,0.15,8.515754463879118,609,0.9181817055577829,55660.05,0.9,6136040746024443750,True
SC19,SC4191E0,iso8_matched,13,55921.0,4.0,0.15,17.879405433236183,745,0.9264972479706229,55921.15,1.1,6136040746024443750,True
SC19,SC4191E0,iso8_matched,14,56238.0,4.0,0.15,39.49091140954669,636,0.8653059574814619,56238.15,0.9,6136040746024443750,True
SC19,SC4191E0,iso8_matched,15,57009.0,4.0,0.15,20.246401472029117,716,0.9179340713503167,57009.05,1.1,6136040746024443750,True
SC19,SC4191E0,iso8_matched,16,61755.0,4.0,0.15,25.42183296069391,670,0.9600628856911159,61755.05,1.0,6136040746024443750,True
SC19,SC4191E0,iso8_matched,17,61836.0,4.0,0.15,18.717904390660586,666,0.8268656992929156,61836.05,1.0,6136040746024443750,True
SC19,SC4191E0,iso8_matched,18,62413.0,4.0,0.15,11.692309141678388,741,0.8299842120510332,62412.3,1.1,6136040746024443750,True
SC19,SC4191E0,iso8_matched,19,67250.0,4.0,0.15,10.703546296138605,647,0.8404703431191441,67250.0,1.0,6136040746024443750,True
SC19,SC4191E0,sync8_c0,0,38944.0,4.0,0.15,14.644020428450323,662,0.9049285470172396,38943.95,1.0,6136040746024443750,True
SC19,SC4191E0,sync8_c0,1,43395.0,4.0,0.15,31.57206922712322,680,0.8835295115903278,43395.2,1.0,6136040746024443750,True
SC19,SC4191E0,sync8_c0,2,43555.0,4.0,0.15,26.53720034002195,677,0.8454782711451369,43554.95,1.1,6136040746024443750,True
SC19,SC4191E0,sync8_c0,3,43670.0,4.0,0.15,23.191391113763466,725,0.7986487749249428,43670.1,1.1,6136040746024443750,True
SC19,SC4191E0,sync8_c0,4,43739.0,4.0,0.15,28.084322804696352,733,0.8483768621090638,43739.2,1.1,6136040746024443750,True
SC19,SC4191E0,sync8_c0,5,49029.0,4.0,0.15,16.58524766005953,650,0.834578850392551,49029.0,1.0,6136040746024443750,True
SC19,SC4191E0,sync8_c0,6,49756.0,4.0,0.15,13.516445644499491,605,0.9084816245786655,49756.0,0.9,6136040746024443750,True
SC19,SC4191E0,sync8_c0,7,54088.0,4.0,0.15,9.375283965410482,695,0.8622998208903659,54088.0,1.1,6136040746024443750,True
SC19,SC4191E0,sync8_c0,8,54386.0,4.0,0.15,22.2673976749255,694,0.9214857054893709,54386.1,1.0,6136040746024443750,True
SC19,SC4191E0,sync8_c0,9,54508.0,4.0,0.15,26.50021182536889,615,0.9453112837987824,54507.95,0.9,6136040746024443750,True
SC19,SC4191E0,sync8_c0,10,54855.0,4.0,0.15,26.655628173476046,736,0.91630817144712,54855.15,1.1,6136040746024443750,True
SC19,SC4191E0,sync8_c0,11,54925.0,4.0,0.15,24.749224792088167,684,0.8783616099956081,54924.95,1.1,6136040746024443750,True
SC19,SC4191E0,sync8_c0,12,55660.0,4.0,0.15,8.515754463879118,608,0.9260976924322506,55660.0,0.9,6136040746024443750,True
SC19,SC4191E0,sync8_c0,13,55921.0,4.0,0.15,17.879405433236183,748,0.8749972757329175,55921.2,1.1,6136040746024443750,True
SC19,SC4191E0,sync8_c0,14,56238.0,4.0,0.15,39.49091140954669,638,0.8375562636887137,56237.9,1.0,6136040746024443750,True
SC19,SC4191E0,sync8_c0,15,57009.0,4.0,0.15,20.246401472029117,711,0.9196199320579288,57009.1,1.1,6136040746024443750,True
SC19,SC4191E0,sync8_c0,16,61755.0,4.0,0.15,25.42183296069391,681,0.9335237134921831,61755.1,1.0,6136040746024443750,True
SC19,SC4191E0,sync8_c0,17,61836.0,4.0,0.15,18.717904390660586,661,0.8506231068040992,61836.0,1.0,6136040746024443750,True
SC19,SC4191E0,sync8_c0,18,62413.0,4.0,0.15,11.692309141678388,743,0.7940404955319602,62413.1,1.1,6136040746024443750,True
SC19,SC4191E0,sync8_c0,19,67250.0,4.0,0.15,10.703546296138605,646,0.8603347564642537,67250.0,1.0,6136040746024443750,True
SC19,SC4192E0,iso8_matched,0,48550.0,4.0,0.15,12.127784586630646,688,0.928364675800223,48550.15,1.0,10979859339112152491,True
SC19,SC4192E0,iso8_matched,1,48649.0,4.0,0.15,11.302997332587092,688,0.7567766251149787,48649.15,1.0,10979859339112152491,True
SC19,SC4192E0,iso8_matched,2,48947.0,4.0,0.15,14.198260856088574,631,0.8785709577266613,48947.15,0.9,10979859339112152491,True
SC19,SC4192E0,iso8_matched,3,52656.0,4.0,0.15,11.408551732003392,607,0.7514409591240289,52656.0,0.9,10979859339112152491,True
SC19,SC4192E0,iso8_matched,4,53066.0,4.0,0.15,21.353349179354254,650,0.7722346770972726,53066.05,1.0,10979859339112152491,True
SC19,SC4192E0,iso8_matched,5,53173.0,4.0,0.15,19.01976696201389,597,0.9649303246413287,53173.0,0.9,10979859339112152491,True
SC19,SC4192E0,iso8_matched,6,56859.0,4.0,0.15,12.383526918338717,615,0.89523170260913,56859.0,0.9,10979859339112152491,True
SC19,SC4192E0,iso8_matched,7,56951.0,4.0,0.15,12.604532139418485,572,0.868222730768794,56950.75,0.9,10979859339112152491,True
SC19,SC4192E0,iso8_matched,8,60651.0,4.0,0.15,13.083595801265291,614,0.9053403026604648,60651.1,0.9,10979859339112152491,True
SC19,SC4192E0,iso8_matched,9,61099.0,4.0,0.15,17.79579359196044,653,0.8947003796219642,61099.7,1.0,10979859339112152491,True
SC19,SC4192E0,iso8_matched,10,61203.0,4.0,0.15,15.153035741175541,656,0.9606358615504648,61203.0,1.0,10979859339112152491,True
SC19,SC4192E0,iso8_matched,11,65791.0,4.0,0.15,27.488954349173063,643,0.8770163396538749,65790.95,1.0,10979859339112152491,True
SC19,SC4192E0,iso8_matched,12,65940.0,4.0,0.15,20.248792204006413,718,0.8330709771449226,65939.35,1.1,10979859339112152491,True
SC19,SC4192E0,iso8_matched,13,66643.0,4.0,0.15,10.623200016435387,768,0.9183711458694455,66643.05,1.2,10979859339112152491,True
SC19,SC4192E0,iso8_matched,14,71166.0,4.0,0.15,8.387986027437044,733,0.9198627593869961,71166.05,1.1,10979859339112152491,True
SC19,SC4192E0,iso8_matched,15,72238.0,4.0,0.15,25.07885417805731,667,0.8752813316712806,72238.1,1.0,10979859339112152491,True
SC19,SC4192E0,iso8_matched,16,72639.0,4.0,0.15,8.061807054013471,600,0.7119155790656945,72638.95,0.9,10979859339112152491,True
SC19,SC4192E0,iso8_matched,17,73186.0,4.0,0.15,6.6004260707822215,742,0.8877020947039831,73186.1,1.1,10979859339112152491,True
SC19,SC4192E0,iso8_matched,18,73269.0,4.0,0.15,7.169197241514585,711,0.9372707601683986,73269.0,1.1,10979859339112152491,True
SC19,SC4192E0,iso8_matched,19,73533.0,4.0,0.15,14.073773300961566,729,0.973916784000215,73533.1,1.1,10979859339112152491,True
SC19,SC4192E0,sync8_c0,0,48550.0,4.0,0.15,12.127784586630646,687,0.9250701312780717,48550.15,1.0,10979859339112152491,True
SC19,SC4192E0,sync8_c0,1,48649.0,4.0,0.15,11.302997332587092,692,0.7819688363145355,48649.0,1.1,10979859339112152491,True
SC19,SC4192E0,sync8_c0,2,48947.0,4.0,0.15,14.198260856088574,633,0.8549531877070734,48946.95,1.0,10979859339112152491,True
SC19,SC4192E0,sync8_c0,3,52656.0,4.0,0.15,11.408551732003392,610,0.8257923891657608,52655.95,0.9,10979859339112152491,True
SC19,SC4192E0,sync8_c0,4,53066.0,4.0,0.15,21.353349179354254,639,0.7701316726172487,53066.0,1.0,10979859339112152491,True
SC19,SC4192E0,sync8_c0,5,53173.0,4.0,0.15,19.01976696201389,596,0.9741704662138756,53172.95,0.9,10979859339112152491,True
SC19,SC4192E0,sync8_c0,6,56859.0,4.0,0.15,12.383526918338717,617,0.9004105265555364,56859.0,0.9,10979859339112152491,True
SC19,SC4192E0,sync8_c0,7,56951.0,4.0,0.15,12.604532139418485,572,0.8115066677022199,56950.75,0.9,10979859339112152491,True
SC19,SC4192E0,sync8_c0,8,60651.0,4.0,0.15,13.083595801265291,610,0.9156603950835369,60651.0,0.9,10979859339112152491,True
SC19,SC4192E0,sync8_c0,9,61099.0,4.0,0.15,17.79579359196044,653,0.8900469812078093,61099.0,1.0,10979859339112152491,True
SC19,SC4192E0,sync8_c0,10,61203.0,4.0,0.15,15.153035741175541,654,0.9603472677153791,61203.0,1.0,10979859339112152491,True
SC19,SC4192E0,sync8_c0,11,65791.0,4.0,0.15,27.488954349173063,632,0.8664004175956082,65791.1,0.9,10979859339112152491,True
SC19,SC4192E0,sync8_c0,12,65940.0,4.0,0.15,20.248792204006413,713,0.8372324700180234,65940.15,1.1,10979859339112152491,True
SC19,SC4192E0,sync8_c0,13,66643.0,4.0,0.15,10.623200016435387,767,0.8971353043307768,66643.1,1.2,10979859339112152491,True
SC19,SC4192E0,sync8_c0,14,71166.0,4.0,0.15,8.387986027437044,735,0.8709929751519213,71166.1,1.1,10979859339112152491,True
SC19,SC4192E0,sync8_c0,15,72238.0,4.0,0.15,25.07885417805731,668,0.8597823723959211,72238.15,1.0,10979859339112152491,True
SC19,SC4192E0,sync8_c0,16,72639.0,4.0,0.15,8.061807054013471,602,0.738300366659504,72638.9,0.9,10979859339112152491,True
SC19,SC4192E0,sync8_c0,17,73186.0,4.0,0.15,6.6004260707822215,746,0.8581728882711782,73186.2,1.1,10979859339112152491,True
SC19,SC4192E0,sync8_c0,18,73269.0,4.0,0.15,7.169197241514585,708,0.8479394405019496,73269.1,1.1,10979859339112152491,True
SC19,SC4192E0,sync8_c0,19,73533.0,4.0,0.15,14.073773300961566,734,0.9405130866865189,73533.2,1.1,10979859339112152491,True
SC20,SC4201E0,iso8_matched,0,30477.0,4.0,0.15,15.595889789165637,722,0.7812429076122929,30477.0,1.1,15274153520063796666,True
SC20,SC4201E0,iso8_matched,1,30632.0,4.0,0.15,21.067300892639278,662,0.8393168030484536,30632.1,1.0,15274153520063796666,True
SC20,SC4201E0,iso8_matched,2,30695.0,4.0,0.15,22.41389916600755,647,0.8280145451902996,30695.7,1.0,15274153520063796666,True
SC20,SC4201E0,iso8_matched,3,30765.0,4.0,0.15,25.926634968663766,702,0.9312083431743327,30764.95,1.1,15274153520063796666,True
SC20,SC4201E0,iso8_matched,4,36111.0,4.0,0.15,11.439895595619905,613,0.8237995067748654,36111.1,0.9,15274153520063796666,True
SC20,SC4201E0,iso8_matched,5,36693.0,4.0,0.15,27.95406814544343,608,0.9031024103338093,36692.95,0.9,15274153520063796666,True
SC20,SC4201E0,iso8_matched,6,42949.0,4.0,0.15,25.2487772495515,714,0.7804016248300822,42949.0,1.1,15274153520063796666,True
SC20,SC4201E0,iso8_matched,7,43470.0,4.0,0.15,25.11779140982482,761,0.4489345503129385,43469.85,1.2,15274153520063796666,True
SC20,SC4201E0,iso8_matched,8,43578.0,4.0,0.15,36.59082769644362,694,0.8445544940100131,43578.0,1.1,15274153520063796666,True
SC20,SC4201E0,iso8_matched,9,43834.0,4.0,0.15,40.334964177537145,712,0.8282788914593391,43834.05,1.1,15274153520063796666,True
SC20,SC4201E0,iso8_matched,10,43922.0,4.0,0.15,46.629898188624985,716,0.8061822191467843,43921.95,1.1,15274153520063796666,True
SC20,SC4201E0,iso8_matched,11,44046.0,4.0,0.15,41.14289067220592,725,0.8131407119765218,44046.1,1.1,15274153520063796666,True
SC20,SC4201E0,iso8_matched,12,44334.0,4.0,0.15,15.621901900008513,667,0.9156905150213512,44334.1,1.0,15274153520063796666,True
SC20,SC4201E0,iso8_matched,13,45303.0,4.0,0.15,22.46162215136046,746,0.8047774675371946,45302.4,1.1,15274153520063796666,True
SC20,SC4201E0,iso8_matched,14,45579.0,4.0,0.15,35.91479956906859,737,0.8852308298396891,45579.2,1.1,15274153520063796666,True
SC20,SC4201E0,iso8_matched,15,45748.0,4.0,0.15,25.44964455752405,747,0.9080722243165711,45748.15,1.1,15274153520063796666,True
SC20,SC4201E0,iso8_matched,16,45931.0,4.0,0.15,24.589239900302513,610,0.9686550067009592,45931.0,0.9,15274153520063796666,True
SC20,SC4201E0,iso8_matched,17,52040.0,4.0,0.15,12.33003407782162,718,0.8448054723043646,52039.95,1.1,15274153520063796666,True
SC20,SC4201E0,iso8_matched,18,52303.0,4.0,0.15,13.643609917982145,612,0.4933317578404112,52303.6,0.9,15274153520063796666,True
SC20,SC4201E0,iso8_matched,19,52422.0,4.0,0.15,13.547385050565104,635,0.0,,,15274153520063796666,True
SC20,SC4201E0,sync8_c0,0,30477.0,4.0,0.15,15.595889789165637,726,0.7522402913958832,30477.05,1.1,15274153520063796666,True
SC20,SC4201E0,sync8_c0,1,30632.0,4.0,0.15,21.067300892639278,656,0.8546952799095947,30632.05,1.0,15274153520063796666,True
SC20,SC4201E0,sync8_c0,2,30695.0,4.0,0.15,22.41389916600755,649,0.7727379696569683,30695.0,1.0,15274153520063796666,True
SC20,SC4201E0,sync8_c0,3,30765.0,4.0,0.15,25.926634968663766,699,0.9336140121277703,30765.05,1.1,15274153520063796666,True
SC20,SC4201E0,sync8_c0,4,36111.0,4.0,0.15,11.439895595619905,614,0.7855037903769362,36111.05,0.9,15274153520063796666,True
SC20,SC4201E0,sync8_c0,5,36693.0,4.0,0.15,27.95406814544343,607,0.8863867542044214,36692.9,0.9,15274153520063796666,True
SC20,SC4201E0,sync8_c0,6,42949.0,4.0,0.15,25.2487772495515,715,0.7822408902035077,42949.05,1.1,15274153520063796666,True
SC20,SC4201E0,sync8_c0,7,43470.0,4.0,0.15,25.11779140982482,760,0.5502459873602031,43469.9,1.2,15274153520063796666,True
SC20,SC4201E0,sync8_c0,8,43578.0,4.0,0.15,36.59082769644362,693,0.7972211526755874,43578.05,1.1,15274153520063796666,True
SC20,SC4201E0,sync8_c0,9,43834.0,4.0,0.15,40.334964177537145,714,0.772457208761292,43834.15,1.1,15274153520063796666,True
SC20,SC4201E0,sync8_c0,10,43922.0,4.0,0.15,46.629898188624985,721,0.84799528650969,43922.05,1.1,15274153520063796666,True
SC20,SC4201E0,sync8_c0,11,44046.0,4.0,0.15,41.14289067220592,726,0.751933811195318,44046.15,1.1,15274153520063796666,True
SC20,SC4201E0,sync8_c0,12,44334.0,4.0,0.15,15.621901900008513,668,0.8967380747285303,44334.05,1.0,15274153520063796666,True
SC20,SC4201E0,sync8_c0,13,45303.0,4.0,0.15,22.46162215136046,749,0.7468361508977943,45303.0,1.2,15274153520063796666,True
SC20,SC4201E0,sync8_c0,14,45579.0,4.0,0.15,35.91479956906859,733,0.8812121396800121,45579.25,1.1,15274153520063796666,True
SC20,SC4201E0,sync8_c0,15,45748.0,4.0,0.15,25.44964455752405,747,0.8538488337051646,45748.2,1.1,15274153520063796666,True
SC20,SC4201E0,sync8_c0,16,45931.0,4.0,0.15,24.589239900302513,612,0.9600337987445128,45930.95,0.9,15274153520063796666,True
SC20,SC4201E0,sync8_c0,17,52040.0,4.0,0.15,12.33003407782162,724,0.8402481445015377,52040.05,1.1,15274153520063796666,True
SC20,SC4201E0,sync8_c0,18,52303.0,4.0,0.15,13.643609917982145,611,0.5728867847873197,52303.4,1.0,15274153520063796666,True
SC20,SC4201E0,sync8_c0,19,52422.0,4.0,0.15,13.547385050565104,629,0.7959212049035509,52422.1,0.9,15274153520063796666,True
SC20,SC4202E0,iso8_matched,0,35322.0,4.0,0.15,27.28422341607291,581,0.9104737055944864,35321.9,0.9,3202635480749633923,True
SC20,SC4202E0,iso8_matched,1,36091.0,4.0,0.15,19.122552982738604,759,0.0,,,3202635480749633923,True
SC20,SC4202E0,iso8_matched,2,36397.0,4.0,0.15,26.01617704482544,724,0.9489222368384256,36397.0,1.1,3202635480749633923,True
SC20,SC4202E0,iso8_matched,3,36629.0,4.0,0.15,19.142931691132794,654,0.40129410504230517,36628.95,1.0,3202635480749633923,True
SC20,SC4202E0,iso8_matched,4,36762.0,4.0,0.15,21.610382282946173,607,0.9354221577363027,36762.0,0.9,3202635480749633923,True
SC20,SC4202E0,iso8_matched,5,36861.0,4.0,0.15,23.23981751603571,590,0.9227713131552034,36860.9,0.9,3202635480749633923,True
SC20,SC4202E0,iso8_matched,6,36984.0,4.0,0.15,14.62002033583074,684,0.869856944691158,36983.9,1.1,3202635480749633923,True
SC20,SC4202E0,iso8_matched,7,37096.0,4.0,0.15,15.693793715993143,742,0.8445107273091002,37095.35,1.1,3202635480749633923,True
SC20,SC4202E0,iso8_matched,8,37163.0,4.0,0.15,13.474517032488329,723,0.9007298076905343,37163.1,1.1,3202635480749633923,True
SC20,SC4202E0,iso8_matched,9,37320.0,4.0,0.15,15.84461704610112,711,0.8995831080532282,37319.95,1.1,3202635480749633923,True
SC20,SC4202E0,iso8_matched,10,37419.0,4.0,0.15,15.819970264697957,634,0.9521657118120471,37418.85,1.0,3202635480749633923,True
SC20,SC4202E0,iso8_matched,11,46005.0,4.0,0.15,11.406368473326912,679,0.399797472512862,46005.0,1.0,3202635480749633923,True
SC20,SC4202E0,iso8_matched,12,46140.0,4.0,0.15,13.273411083783849,579,0.8407593117006628,46139.85,0.9,3202635480749633923,True
SC20,SC4202E0,iso8_matched,13,46409.0,4.0,0.15,14.00876043332511,643,0.9605877190264398,46408.95,1.0,3202635480749633923,True
SC20,SC4202E0,iso8_matched,14,47340.0,4.0,0.15,43.95424435593779,673,0.0,,,3202635480749633923,True
SC20,SC4202E0,iso8_matched,15,47651.0,4.0,0.15,26.91851320121421,607,0.8681637680996666,47650.95,0.9,3202635480749633923,True
SC20,SC4202E0,iso8_matched,16,47812.0,4.0,0.15,33.93227227587825,668,0.9136075833934125,47812.05,1.0,3202635480749633923,True
SC20,SC4202E0,iso8_matched,17,48164.0,4.0,0.15,15.74941526730672,637,0.8140734402628117,48164.6,1.0,3202635480749633923,True
SC20,SC4202E0,iso8_matched,18,48232.0,4.0,0.15,17.459023319972946,640,0.9556073541360193,48231.95,1.0,3202635480749633923,True
SC20,SC4202E0,iso8_matched,19,52927.0,4.0,0.15,18.34089298182973,637,0.9167939682058048,52926.95,1.0,3202635480749633923,True
SC20,SC4202E0,sync8_c0,0,35322.0,4.0,0.15,27.28422341607291,571,0.860403020684653,35321.85,0.9,3202635480749633923,True
SC20,SC4202E0,sync8_c0,1,36091.0,4.0,0.15,19.122552982738604,759,0.3832157859997698,36091.05,1.2,3202635480749633923,True
SC20,SC4202E0,sync8_c0,2,36397.0,4.0,0.15,26.01617704482544,730,0.8978568378949665,36397.1,1.1,3202635480749633923,True
SC20,SC4202E0,sync8_c0,3,36629.0,4.0,0.15,19.142931691132794,661,0.4256264373549119,36628.95,1.0,3202635480749633923,True
SC20,SC4202E0,sync8_c0,4,36762.0,4.0,0.15,21.610382282946173,605,0.9182146970504916,36762.0,0.9,3202635480749633923,True
SC20,SC4202E0,sync8_c0,5,36861.0,4.0,0.15,23.23981751603571,593,0.9173535860645559,36860.9,0.9,3202635480749633923,True
SC20,SC4202E0,sync8_c0,6,36984.0,4.0,0.15,14.62002033583074,676,0.880138587758046,36983.95,1.1,3202635480749633923,True
SC20,SC4202E0,sync8_c0,7,37096.0,4.0,0.15,15.693793715993143,739,0.7954231227920274,37096.15,1.1,3202635480749633923,True
SC20,SC4202E0,sync8_c0,8,37163.0,4.0,0.15,13.474517032488329,717,0.8595314814017825,37163.15,1.1,3202635480749633923,True
SC20,SC4202E0,sync8_c0,9,37320.0,4.0,0.15,15.84461704610112,718,0.8645785247614011,37320.05,1.1,3202635480749633923,True
SC20,SC4202E0,sync8_c0,10,37419.0,4.0,0.15,15.819970264697957,635,0.9523874484040612,37418.85,1.0,3202635480749633923,True
SC20,SC4202E0,sync8_c0,11,46005.0,4.0,0.15,11.406368473326912,686,0.44385482880523935,46005.05,1.0,3202635480749633923,True
SC20,SC4202E0,sync8_c0,12,46140.0,4.0,0.15,13.273411083783849,581,0.8104701092987515,46139.85,0.9,3202635480749633923,True
SC20,SC4202E0,sync8_c0,13,46409.0,4.0,0.15,14.00876043332511,643,0.9389183777130047,46408.95,1.0,3202635480749633923,True
SC20,SC4202E0,sync8_c0,14,47340.0,4.0,0.15,43.95424435593779,669,0.7638434889607297,47340.05,1.0,3202635480749633923,True
SC20,SC4202E0,sync8_c0,15,47651.0,4.0,0.15,26.91851320121421,611,0.8349045807158573,47650.95,0.9,3202635480749633923,True
SC20,SC4202E0,sync8_c0,16,47812.0,4.0,0.15,33.93227227587825,671,0.9084281416878558,47811.85,1.1,3202635480749633923,True
SC20,SC4202E0,sync8_c0,17,48164.0,4.0,0.15,15.74941526730672,640,0.8181616195220627,48163.9,1.0,3202635480749633923,True
SC20,SC4202E0,sync8_c0,18,48232.0,4.0,0.15,17.459023319972946,642,0.9576989237634607,48231.95,1.0,3202635480749633923,True
SC20,SC4202E0,sync8_c0,19,52927.0,4.0,0.15,18.34089298182973,638,0.9093020854379977,52926.95,1.0,3202635480749633923,True
SC21,SC4211E0,iso8_matched,0,30903.0,4.0,0.15,13.75025673977924,660,0.9512695719410116,30902.95,1.0,7181461168999705898,True
SC21,SC4211E0,iso8_matched,1,34943.0,4.0,0.15,8.15916455739495,620,0.8667931270816256,34943.0,0.9,7181461168999705898,True
SC21,SC4211E0,iso8_matched,2,35010.0,4.0,0.15,8.230566036273997,684,0.0,,,7181461168999705898,True
SC21,SC4211E0,iso8_matched,3,35074.0,4.0,0.15,8.607157779513479,636,0.830282235331892,35074.1,0.9,7181461168999705898,True
SC21,SC4211E0,iso8_matched,4,35389.0,4.0,0.15,8.054991991022169,681,0.8595650395039997,35389.15,1.0,7181461168999705898,True
SC21,SC4211E0,iso8_matched,5,35485.0,4.0,0.15,7.964337690806377,655,0.9314501063392241,35484.95,1.0,7181461168999705898,True
SC21,SC4211E0,iso8_matched,6,36212.0,4.0,0.15,8.754989919975058,644,0.9167293665956414,36212.0,1.0,7181461168999705898,True
SC21,SC4211E0,iso8_matched,7,36460.0,4.0,0.15,8.171559121268057,691,0.867387602484001,36460.25,1.0,7181461168999705898,True
SC21,SC4211E0,iso8_matched,8,36586.0,4.0,0.15,8.1082896581649,723,0.894403584461975,36586.05,1.1,7181461168999705898,True
SC21,SC4211E0,iso8_matched,9,36647.0,4.0,0.15,8.3105710332877,703,0.9288225124872643,36647.05,1.1,7181461168999705898,True
SC21,SC4211E0,iso8_matched,10,36820.0,4.0,0.15,6.386683630204876,588,0.6989127294276001,36819.9,0.9,7181461168999705898,True
SC21,SC4211E0,iso8_matched,11,42491.0,4.0,0.15,10.04261287378215,733,0.7853349787265186,42490.3,1.1,7181461168999705898,True
SC21,SC4211E0,iso8_matched,12,42554.0,4.0,0.15,9.648956020781998,710,0.9181529107746017,42553.9,1.1,7181461168999705898,True
SC21,SC4211E0,iso8_matched,13,43324.0,4.0,0.15,11.22037270097018,635,0.8645175343687814,43324.5,1.0,7181461168999705898,True
SC21,SC4211E0,iso8_matched,14,43397.0,4.0,0.15,12.703083591682692,588,0.8574023702963658,43396.9,0.9,7181461168999705898,True
SC21,SC4211E0,iso8_matched,15,43804.0,4.0,0.15,7.111953112622679,651,0.9486257031192501,43803.95,1.0,7181461168999705898,True
SC21,SC4211E0,iso8_matched,16,49511.0,4.0,0.15,9.123433428432465,660,0.9308724742782953,49511.05,1.0,7181461168999705898,True
SC21,SC4211E0,iso8_matched,17,50117.0,4.0,0.15,7.686032417695453,642,0.5875017266597525,50117.0,1.0,7181461168999705898,True
SC21,SC4211E0,iso8_matched,18,50188.0,4.0,0.15,9.602160809712023,713,0.8839197931541986,50188.7,1.1,7181461168999705898,True
SC21,SC4211E0,iso8_matched,19,50389.0,4.0,0.15,19.06702976455999,678,0.896736264696056,50388.75,1.1,7181461168999705898,True
SC21,SC4211E0,sync8_c0,0,30903.0,4.0,0.15,13.75025673977924,658,0.9578794510021944,30903.0,1.0,7181461168999705898,True
SC21,SC4211E0,sync8_c0,1,34943.0,4.0,0.15,8.15916455739495,613,0.8804718470212408,34942.95,0.9,7181461168999705898,True
SC21,SC4211E0,sync8_c0,2,35010.0,4.0,0.15,8.230566036273997,681,0.5393532937977837,35010.15,1.0,7181461168999705898,True
SC21,SC4211E0,sync8_c0,3,35074.0,4.0,0.15,8.607157779513479,636,0.8285603597195235,35074.05,0.9,7181461168999705898,True
SC21,SC4211E0,sync8_c0,4,35389.0,4.0,0.15,8.054991991022169,677,0.9039136974531943,35389.1,1.0,7181461168999705898,True
SC21,SC4211E0,sync8_c0,5,35485.0,4.0,0.15,7.964337690806377,657,0.8859344654300882,35484.9,1.0,7181461168999705898,True
SC21,SC4211E0,sync8_c0,6,36212.0,4.0,0.15,8.754989919975058,645,0.9128260955318753,36212.0,1.0,7181461168999705898,True
SC21,SC4211E0,sync8_c0,7,36460.0,4.0,0.15,8.171559121268057,690,0.8648334413393014,36460.0,1.1,7181461168999705898,True
SC21,SC4211E0,sync8_c0,8,36586.0,4.0,0.15,8.1082896581649,718,0.8627192440361573,36586.1,1.1,7181461168999705898,True
SC21,SC4211E0,sync8_c0,9,36647.0,4.0,0.15,8.3105710332877,696,0.9122777214200336,36647.1,1.1,7181461168999705898,True
SC21,SC4211E0,sync8_c0,10,36820.0,4.0,0.15,6.386683630204876,589,0.6626099201100023,36819.95,0.9,7181461168999705898,True
SC21,SC4211E0,sync8_c0,11,42491.0,4.0,0.15,10.04261287378215,735,0.6562788316191175,42491.15,1.1,7181461168999705898,True
SC21,SC4211E0,sync8_c0,12,42554.0,4.0,0.15,9.648956020781998,713,0.9175109735817017,42554.0,1.1,7181461168999705898,True
SC21,SC4211E0,sync8_c0,13,43324.0,4.0,0.15,11.22037270097018,640,0.8112533935102272,43323.8,1.0,7181461168999705898,True
SC21,SC4211E0,sync8_c0,14,43397.0,4.0,0.15,12.703083591682692,588,0.8223787164656253,43396.85,0.9,7181461168999705898,True
SC21,SC4211E0,sync8_c0,15,43804.0,4.0,0.15,7.111953112622679,649,0.9019570923204442,43803.95,1.0,7181461168999705898,True
SC21,SC4211E0,sync8_c0,16,49511.0,4.0,0.15,9.123433428432465,652,0.9104019693462255,49511.05,1.0,7181461168999705898,True
SC21,SC4211E0,sync8_c0,17,50117.0,4.0,0.15,7.686032417695453,640,0.5462734765095686,50117.0,1.0,7181461168999705898,True
SC21,SC4211E0,sync8_c0,18,50188.0,4.0,0.15,9.602160809712023,713,0.8248733531993259,50188.0,1.1,7181461168999705898,True
SC21,SC4211E0,sync8_c0,19,50389.0,4.0,0.15,19.06702976455999,687,0.9570327739448228,50388.9,1.1,7181461168999705898,True
SC21,SC4212E0,iso8_matched,0,39478.0,4.0,0.15,11.733363374152438,690,0.8955785776869212,39478.15,1.0,15740415304366446812,True
SC21,SC4212E0,iso8_matched,1,39564.0,4.0,0.15,9.87988642616833,696,0.9265010790251302,39563.95,1.1,15740415304366446812,True
SC21,SC4212E0,iso8_matched,2,39727.0,4.0,0.15,8.949586548232766,611,0.8064005925551571,39726.35,0.9,15740415304366446812,True
SC21,SC4212E0,iso8_matched,3,39810.0,4.0,0.15,9.759949031837815,714,0.7506372447502937,39810.05,1.1,15740415304366446812,True
SC21,SC4212E0,iso8_matched,4,39891.0,4.0,0.15,10.998768675311808,672,0.894777808780487,39891.1,1.0,15740415304366446812,True
SC21,SC4212E0,iso8_matched,5,40005.0,4.0,0.15,10.962799298032932,647,0.912151483080783,40005.2,0.9,15740415304366446812,True
SC21,SC4212E0,iso8_matched,6,40093.0,4.0,0.15,10.05999740746497,592,0.9183314668088046,40093.05,0.9,15740415304366446812,True
SC21,SC4212E0,iso8_matched,7,40239.0,4.0,0.15,10.237326370868423,736,0.9576710475326751,40239.05,1.1,15740415304366446812,True
SC21,SC4212E0,iso8_matched,8,40315.0,4.0,0.15,8.878132997253177,645,0.9187354780998538,40314.9,1.0,15740415304366446812,True
SC21,SC4212E0,iso8_matched,9,40398.0,4.0,0.15,8.105142827476541,738,0.9345588367130924,40398.15,1.1,15740415304366446812,True
SC21,SC4212E0,iso8_matched,10,40602.0,4.0,0.15,8.348481344527329,731,0.7058511141646912,40602.65,1.2,15740415304366446812,True
SC21,SC4212E0,iso8_matched,11,40685.0,4.0,0.15,8.533812209444342,613,0.9042606490529175,40685.05,0.9,15740415304366446812,True
SC21,SC4212E0,iso8_matched,12,45892.0,4.0,0.15,8.403714571401023,725,0.0,,,15740415304366446812,True
SC21,SC4212E0,iso8_matched,13,46202.0,4.0,0.15,12.703337980100269,743,0.9516703023025521,46202.15,1.1,15740415304366446812,True
SC21,SC4212E0,iso8_matched,14,46405.0,4.0,0.15,13.26655890769119,699,0.9129899544560366,46404.85,1.1,15740415304366446812,True
SC21,SC4212E0,iso8_matched,15,46527.0,4.0,0.15,13.17701204396396,705,0.760300977892098,46527.7,1.1,15740415304366446812,True
SC21,SC4212E0,iso8_matched,16,46697.0,4.0,0.15,10.358310666313471,650,0.9271420532252417,46696.9,1.0,15740415304366446812,True
SC21,SC4212E0,iso8_matched,17,46796.0,4.0,0.15,9.253722269623044,702,0.8380809287941678,46795.95,1.1,15740415304366446812,True
SC21,SC4212E0,iso8_matched,18,46901.0,4.0,0.15,8.651115544880232,632,0.9144154664329046,46901.1,0.9,15740415304366446812,True
SC21,SC4212E0,iso8_matched,19,47024.0,4.0,0.15,9.062015788805411,632,0.8926482105192083,47024.1,0.9,15740415304366446812,True
SC21,SC4212E0,sync8_c0,0,39478.0,4.0,0.15,11.733363374152438,694,0.8859670113311827,39477.95,1.1,15740415304366446812,True
SC21,SC4212E0,sync8_c0,1,39564.0,4.0,0.15,9.87988642616833,701,0.9444564903772226,39564.05,1.1,15740415304366446812,True
SC21,SC4212E0,sync8_c0,2,39727.0,4.0,0.15,8.949586548232766,617,0.6625669668323184,39727.05,0.9,15740415304366446812,True
SC21,SC4212E0,sync8_c0,3,39810.0,4.0,0.15,9.759949031837815,712,0.6224959287940041,39810.1,1.1,15740415304366446812,True
SC21,SC4212E0,sync8_c0,4,39891.0,4.0,0.15,10.998768675311808,676,0.8817769548749309,39890.95,1.1,15740415304366446812,True
SC21,SC4212E0,sync8_c0,5,40005.0,4.0,0.15,10.962799298032932,649,0.8833297946809804,40005.15,0.9,15740415304366446812,True
SC21,SC4212E0,sync8_c0,6,40093.0,4.0,0.15,10.05999740746497,579,0.9081109006395919,40092.95,0.9,15740415304366446812,True
SC21,SC4212E0,sync8_c0,7,40239.0,4.0,0.15,10.237326370868423,743,0.894753043130259,40239.15,1.1,15740415304366446812,True
SC21,SC4212E0,sync8_c0,8,40315.0,4.0,0.15,8.878132997253177,647,0.9406658774386897,40314.95,1.0,15740415304366446812,True
SC21,SC4212E0,sync8_c0,9,40398.0,4.0,0.15,8.105142827476541,730,0.9310264131587729,40398.15,1.1,15740415304366446812,True
SC21,SC4212E0,sync8_c0,10,40602.0,4.0,0.15,8.348481344527329,742,0.0,,,15740415304366446812,True
SC21,SC4212E0,sync8_c0,11,40685.0,4.0,0.15,8.533812209444342,612,0.8930642519982007,40685.0,0.9,15740415304366446812,True
SC21,SC4212E0,sync8_c0,12,45892.0,4.0,0.15,8.403714571401023,720,0.8519000916899413,45892.1,1.1,15740415304366446812,True
SC21,SC4212E0,sync8_c0,13,46202.0,4.0,0.15,12.703337980100269,740,0.9273025094169829,46202.2,1.1,15740415304366446812,True
SC21,SC4212E0,sync8_c0,14,46405.0,4.0,0.15,13.26655890769119,703,0.9442710680251336,46404.95,1.1,15740415304366446812,True
SC21,SC4212E0,sync8_c0,15,46527.0,4.0,0.15,13.17701204396396,704,0.8070492260657405,46527.0,1.1,15740415304366446812,True
SC21,SC4212E0,sync8_c0,16,46697.0,4.0,0.15,10.358310666313471,649,0.9049170918785359,46696.9,1.0,15740415304366446812,True
SC21,SC4212E0,sync8_c0,17,46796.0,4.0,0.15,9.253722269623044,703,0.8937438053296755,46796.0,1.1,15740415304366446812,True
SC21,SC4212E0,sync8_c0,18,46901.0,4.0,0.15,8.651115544880232,639,0.8828459497911303,46901.05,0.9,15740415304366446812,True
SC21,SC4212E0,sync8_c0,19,47024.0,4.0,0.15,9.062015788805411,636,0.8763471214453131,47023.85,1.0,15740415304366446812,True
SC22,SC4221E0,iso8_matched,0,32897.0,4.0,0.15,11.860994815354465,610,0.925073835773837,32897.0,0.9,1989088735453228601,True
SC22,SC4221E0,iso8_matched,1,32959.0,4.0,0.15,11.577394927917323,600,0.5658425826383985,32958.65,1.0,1989088735453228601,True
SC22,SC4221E0,iso8_matched,2,33173.0,4.0,0.15,13.493797917929795,684,0.8604099253761905,33173.6,1.1,1989088735453228601,True
SC22,SC4221E0,iso8_matched,3,33398.0,4.0,0.15,15.445685354410807,721,0.9581157751685595,33398.0,1.1,1989088735453228601,True
SC22,SC4221E0,iso8_matched,4,33528.0,4.0,0.15,11.037750835444873,614,0.9218739760711241,33528.05,0.9,1989088735453228601,True
SC22,SC4221E0,iso8_matched,5,33812.0,4.0,0.15,8.888219353368033,639,0.8702734351512004,33811.9,1.0,1989088735453228601,True
SC22,SC4221E0,iso8_matched,6,34123.0,4.0,0.15,8.870830596256898,738,0.8942363792771746,34123.1,1.1,1989088735453228601,True
SC22,SC4221E0,iso8_matched,7,34184.0,4.0,0.15,8.783099395583221,617,0.9040994264827371,34184.05,0.9,1989088735453228601,True
SC22,SC4221E0,iso8_matched,8,42343.0,4.0,0.15,9.232559878673317,733,0.6114277136375103,42342.45,1.1,1989088735453228601,True
SC22,SC4221E0,iso8_matched,9,43004.0,4.0,0.15,11.569704988675507,618,0.5762600443584103,43004.6,0.8,1989088735453228601,True
SC22,SC4221E0,iso8_matched,10,43088.0,4.0,0.15,11.668469517176174,683,0.6886373407734876,43088.1,1.0,1989088735453228601,True
SC22,SC4221E0,iso8_matched,11,43432.0,4.0,0.15,11.760963036651113,723,0.5421958826768667,43432.0,1.1,1989088735453228601,True
SC22,SC4221E0,iso8_matched,12,43896.0,4.0,0.15,14.101089922745164,685,0.5747696994410357,43895.3,1.0,1989088735453228601,True
SC22,SC4221E0,iso8_matched,13,44014.0,4.0,0.15,27.67985270292667,727,0.9447092652482204,44014.15,1.1,1989088735453228601,True
SC22,SC4221E0,iso8_matched,14,44456.0,4.0,0.15,9.867155764348464,686,0.8774471576514787,44455.9,1.1,1989088735453228601,True
SC22,SC4221E0,iso8_matched,15,49336.0,4.0,0.15,8.820617773941594,687,0.46461493208626164,49335.5,1.0,1989088735453228601,True
SC22,SC4221E0,iso8_matched,16,49953.0,4.0,0.15,9.417760705307781,677,0.8769212762531832,49953.15,1.0,1989088735453228601,True
SC22,SC4221E0,iso8_matched,17,50115.0,4.0,0.15,12.322229959117173,605,0.4098967472254446,50115.25,0.8,1989088735453228601,True
SC22,SC4221E0,iso8_matched,18,50211.0,4.0,0.15,12.52525427034091,692,0.9391481256976094,50210.9,1.1,1989088735453228601,True
SC22,SC4221E0,iso8_matched,19,50517.0,4.0,0.15,7.98193107540427,711,0.9592984887206083,50517.0,1.1,1989088735453228601,True
SC22,SC4221E0,sync8_c0,0,32897.0,4.0,0.15,11.860994815354465,611,0.9334067604884044,32896.95,0.9,1989088735453228601,True
SC22,SC4221E0,sync8_c0,1,32959.0,4.0,0.15,11.577394927917323,608,0.6874896952094817,32958.8,1.0,1989088735453228601,True
SC22,SC4221E0,sync8_c0,2,33173.0,4.0,0.15,13.493797917929795,681,0.8686451501531234,33173.1,1.0,1989088735453228601,True
SC22,SC4221E0,sync8_c0,3,33398.0,4.0,0.15,15.445685354410807,721,0.9343271278652836,33398.1,1.1,1989088735453228601,True
SC22,SC4221E0,sync8_c0,4,33528.0,4.0,0.15,11.037750835444873,608,0.9576877468081385,33528.0,0.9,1989088735453228601,True
SC22,SC4221E0,sync8_c0,5,33812.0,4.0,0.15,8.888219353368033,640,0.8984776921698915,33811.9,1.0,1989088735453228601,True
SC22,SC4221E0,sync8_c0,6,34123.0,4.0,0.15,8.870830596256898,742,0.8413326253802192,34123.15,1.1,1989088735453228601,True
SC22,SC4221E0,sync8_c0,7,34184.0,4.0,0.15,8.783099395583221,620,0.8841388403729599,34184.05,0.9,1989088735453228601,True
SC22,SC4221E0,sync8_c0,8,42343.0,4.0,0.15,9.232559878673317,729,0.7505011165454792,42342.9,1.2,1989088735453228601,True
SC22,SC4221E0,sync8_c0,9,43004.0,4.0,0.15,11.569704988675507,620,0.5784526647031776,43003.85,1.0,1989088735453228601,True
SC22,SC4221E0,sync8_c0,10,43088.0,4.0,0.15,11.668469517176174,683,0.7434639506699081,43088.1,1.0,1989088735453228601,True
SC22,SC4221E0,sync8_c0,11,43432.0,4.0,0.15,11.760963036651113,726,0.6825601588088994,43432.05,1.1,1989088735453228601,True
SC22,SC4221E0,sync8_c0,12,43896.0,4.0,0.15,14.101089922745164,685,0.6415991422606611,43895.85,1.1,1989088735453228601,True
SC22,SC4221E0,sync8_c0,13,44014.0,4.0,0.15,27.67985270292667,721,0.9269511966315466,44014.15,1.1,1989088735453228601,True
SC22,SC4221E0,sync8_c0,14,44456.0,4.0,0.15,9.867155764348464,685,0.9039755000761203,44455.9,1.1,1989088735453228601,True
SC22,SC4221E0,sync8_c0,15,49336.0,4.0,0.15,8.820617773941594,696,0.36136523955687494,49335.9,0.9,1989088735453228601,True
SC22,SC4221E0,sync8_c0,16,49953.0,4.0,0.15,9.417760705307781,673,0.8692771026967681,49953.1,1.0,1989088735453228601,True
SC22,SC4221E0,sync8_c0,17,50115.0,4.0,0.15,12.322229959117173,602,0.6207732301320883,50114.95,0.9,1989088735453228601,True
SC22,SC4221E0,sync8_c0,18,50211.0,4.0,0.15,12.52525427034091,683,0.9350739970688561,50210.95,1.1,1989088735453228601,True
SC22,SC4221E0,sync8_c0,19,50517.0,4.0,0.15,7.98193107540427,709,0.9317264187330808,50517.05,1.1,1989088735453228601,True
SC22,SC4222E0,iso8_matched,0,29532.0,4.0,0.15,18.6850191516471,646,0.0,,,14010552312373652618,True
SC22,SC4222E0,iso8_matched,1,30010.0,4.0,0.15,13.62634362939381,691,0.8544926650829561,30010.2,1.0,14010552312373652618,True
SC22,SC4222E0,iso8_matched,2,30437.0,4.0,0.15,11.250857764269373,693,0.8649325895566782,30436.9,1.1,14010552312373652618,True
SC22,SC4222E0,iso8_matched,3,30666.0,4.0,0.15,10.356254796274165,736,0.9035317422612094,30665.25,1.1,14010552312373652618,True
SC22,SC4222E0,iso8_matched,4,38399.0,4.0,0.15,11.81997977258274,669,0.9453612938799127,38399.05,1.0,14010552312373652618,True
SC22,SC4222E0,iso8_matched,5,39024.0,4.0,0.15,15.849077380142145,641,0.0,,,14010552312373652618,True
SC22,SC4222E0,iso8_matched,6,39353.0,4.0,0.15,37.895405884157086,718,0.940022060347884,39353.0,1.1,14010552312373652618,True
SC22,SC4222E0,iso8_matched,7,40148.0,4.0,0.15,13.039580546052047,709,0.9618093816404226,40147.9,1.1,14010552312373652618,True
SC22,SC4222E0,iso8_matched,8,40292.0,4.0,0.15,13.600099197158292,671,0.8475972412557392,40292.05,1.0,14010552312373652618,True
SC22,SC4222E0,iso8_matched,9,45414.0,4.0,0.15,13.951556613619665,657,0.3789811012932414,45413.7,1.2,14010552312373652618,True
SC22,SC4222E0,iso8_matched,10,45521.0,4.0,0.15,20.949949681858183,629,0.7720552660309496,45521.55,1.0,14010552312373652618,True
SC22,SC4222E0,iso8_matched,11,45701.0,4.0,0.15,20.825000256730547,618,0.8841645789484162,45701.0,0.9,14010552312373652618,True
SC22,SC4222E0,iso8_matched,12,46731.0,4.0,0.15,9.934892584856716,648,0.5292072158419956,46730.35,0.9,14010552312373652618,True
SC22,SC4222E0,iso8_matched,13,46806.0,4.0,0.15,11.106041041823747,677,0.892812489762043,46806.15,1.0,14010552312373652618,True
SC22,SC4222E0,iso8_matched,14,47315.0,4.0,0.15,8.084881792856422,633,0.9253051604898422,47314.9,1.0,14010552312373652618,True
SC22,SC4222E0,iso8_matched,15,51588.0,4.0,0.15,11.885922157181916,727,0.0,,,14010552312373652618,True
SC22,SC4222E0,iso8_matched,16,51991.0,4.0,0.15,11.573689422609492,613,0.8927492253097115,51991.05,0.9,14010552312373652618,True
SC22,SC4222E0,iso8_matched,17,52108.0,4.0,0.15,16.308310922290897,643,0.4396832729909438,52108.1,0.9,14010552312373652618,True
SC22,SC4222E0,iso8_matched,18,52299.0,4.0,0.15,13.977557555122772,608,0.4087198589549205,52299.65,1.2,14010552312373652618,True
SC22,SC4222E0,iso8_matched,19,52668.0,4.0,0.15,12.11424323676456,676,0.8700248035574991,52668.15,1.0,14010552312373652618,True
SC22,SC4222E0,sync8_c0,0,29532.0,4.0,0.15,18.6850191516471,638,0.2559653534998522,29532.7,0.9,14010552312373652618,True
SC22,SC4222E0,sync8_c0,1,30010.0,4.0,0.15,13.62634362939381,687,0.860951206018984,30010.2,1.0,14010552312373652618,True
SC22,SC4222E0,sync8_c0,2,30437.0,4.0,0.15,11.250857764269373,693,0.8934272086232659,30436.95,1.1,14010552312373652618,True
SC22,SC4222E0,sync8_c0,3,30666.0,4.0,0.15,10.356254796274165,742,0.8010435211526505,30666.15,1.1,14010552312373652618,True
SC22,SC4222E0,sync8_c0,4,38399.0,4.0,0.15,11.81997977258274,670,0.9466708422472798,38399.05,1.0,14010552312373652618,True
SC22,SC4222E0,sync8_c0,5,39024.0,4.0,0.15,15.849077380142145,643,0.7689298735329637,39023.9,1.0,14010552312373652618,True
SC22,SC4222E0,sync8_c0,6,39353.0,4.0,0.15,37.895405884157086,720,0.9349325748209303,39353.1,1.1,14010552312373652618,True
SC22,SC4222E0,sync8_c0,7,40148.0,4.0,0.15,13.039580546052047,718,0.9770527062284442,40148.05,1.1,14010552312373652618,True
SC22,SC4222E0,sync8_c0,8,40292.0,4.0,0.15,13.600099197158292,682,0.7904313286735215,40292.1,1.0,14010552312373652618,True
SC22,SC4222E0,sync8_c0,9,45414.0,4.0,0.15,13.951556613619665,658,0.431552476528963,45414.6,1.0,14010552312373652618,True
SC22,SC4222E0,sync8_c0,10,45521.0,4.0,0.15,20.949949681858183,625,0.7694559492688575,45521.05,0.9,14010552312373652618,True
SC22,SC4222E0,sync8_c0,11,45701.0,4.0,0.15,20.825000256730547,620,0.8773229266115643,45701.0,0.9,14010552312373652618,True
SC22,SC4222E0,sync8_c0,12,46731.0,4.0,0.15,9.934892584856716,657,0.6128985106331061,46730.85,0.8,14010552312373652618,True
SC22,SC4222E0,sync8_c0,13,46806.0,4.0,0.15,11.106041041823747,675,0.8834611374649249,46806.15,1.0,14010552312373652618,True
SC22,SC4222E0,sync8_c0,14,47315.0,4.0,0.15,8.084881792856422,631,0.9090708889397787,47314.9,1.0,14010552312373652618,True
SC22,SC4222E0,sync8_c0,15,51588.0,4.0,0.15,11.885922157181916,722,0.5399419817639198,51588.2,1.0,14010552312373652618,True
SC22,SC4222E0,sync8_c0,16,51991.0,4.0,0.15,11.573689422609492,610,0.871856512714332,51991.0,0.9,14010552312373652618,True
SC22,SC4222E0,sync8_c0,17,52108.0,4.0,0.15,16.308310922290897,628,0.6849858834872942,52108.15,0.9,14010552312373652618,True
SC22,SC4222E0,sync8_c0,18,52299.0,4.0,0.15,13.977557555122772,607,0.4051895575019994,52299.45,1.0,14010552312373652618,True
SC22,SC4222E0,sync8_c0,19,52668.0,4.0,0.15,12.11424323676456,679,0.887201819069104,52668.0,1.1,14010552312373652618,True
SC23,SC4231E0,iso8_matched,0,34006.0,4.0,0.15,19.475516096719687,593,0.7913986968739294,34005.9,0.9,3727126410400676378,True
SC23,SC4231E0,iso8_matched,1,34097.0,4.0,0.15,23.062825008029158,728,0.9646631883571227,34097.05,1.1,3727126410400676378,True
SC23,SC4231E0,iso8_matched,2,34345.0,4.0,0.15,24.0927867698831,718,0.8625640879279293,34345.05,1.1,3727126410400676378,True
SC23,SC4231E0,iso8_matched,3,34455.0,4.0,0.15,26.722208135077484,599,0.7227876951196945,34454.35,0.9,3727126410400676378,True
SC23,SC4231E0,iso8_matched,4,34570.0,4.0,0.15,26.481017816031542,649,0.9107000255788967,34570.0,1.0,3727126410400676378,True
SC23,SC4231E0,iso8_matched,5,39456.0,4.0,0.15,27.577172804269534,668,0.8462459540312424,39456.05,1.0,3727126410400676378,True
SC23,SC4231E0,iso8_matched,6,40389.0,4.0,0.15,23.15750031242434,647,0.9621758370584353,40388.9,1.0,3727126410400676378,True
SC23,SC4231E0,iso8_matched,7,40705.0,4.0,0.15,14.872435137251575,589,0.8373256887614067,40704.9,0.9,3727126410400676378,True
SC23,SC4231E0,iso8_matched,8,40797.0,4.0,0.15,14.015025844601212,725,0.9066512161942053,40797.1,1.1,3727126410400676378,True
SC23,SC4231E0,iso8_matched,9,45065.0,4.0,0.15,15.092755163388327,640,0.92365862002687,45064.9,1.0,3727126410400676378,True
SC23,SC4231E0,iso8_matched,10,45314.0,4.0,0.15,33.22945675373007,580,0.849577066832233,45313.85,0.9,3727126410400676378,True
SC23,SC4231E0,iso8_matched,11,45606.0,4.0,0.15,25.748280348257467,646,0.8557558857589656,45605.85,1.0,3727126410400676378,True
SC23,SC4231E0,iso8_matched,12,46032.0,4.0,0.15,24.64592564857601,690,0.8016483760345376,46031.95,1.1,3727126410400676378,True
SC23,SC4231E0,iso8_matched,13,46126.0,4.0,0.15,28.590233006266626,620,0.9277846894490643,46126.1,0.9,3727126410400676378,True
SC23,SC4231E0,iso8_matched,14,46294.0,4.0,0.15,20.793685122285506,716,0.7969537059796967,46294.0,1.1,3727126410400676378,True
SC23,SC4231E0,iso8_matched,15,47053.0,4.0,0.15,30.852675177089374,690,0.8804298712558315,47053.2,1.0,3727126410400676378,True
SC23,SC4231E0,iso8_matched,16,47170.0,4.0,0.15,21.928430294197106,707,0.9437261756699766,47170.0,1.1,3727126410400676378,True
SC23,SC4231E0,iso8_matched,17,47259.0,4.0,0.15,14.586247071910407,619,0.8363554628110711,47259.1,0.9,3727126410400676378,True
SC23,SC4231E0,iso8_matched,18,47767.0,4.0,0.15,14.147863393211502,640,0.846148083011395,47766.95,1.0,3727126410400676378,True
SC23,SC4231E0,iso8_matched,19,48037.0,4.0,0.15,29.999120333173522,666,0.9464772598125911,48037.1,1.0,3727126410400676378,True
SC23,SC4231E0,sync8_c0,0,34006.0,4.0,0.15,19.475516096719687,599,0.7721975690786159,34005.9,0.9,3727126410400676378,True
SC23,SC4231E0,sync8_c0,1,34097.0,4.0,0.15,23.062825008029158,730,0.9426482800907663,34097.15,1.1,3727126410400676378,True
SC23,SC4231E0,sync8_c0,2,34345.0,4.0,0.15,24.0927867698831,719,0.8148750013470837,34345.1,1.1,3727126410400676378,True
SC23,SC4231E0,sync8_c0,3,34455.0,4.0,0.15,26.722208135077484,591,0.7287943467142696,34454.95,0.9,3727126410400676378,True
SC23,SC4231E0,sync8_c0,4,34570.0,4.0,0.15,26.481017816031542,647,0.8837392289353139,34569.95,1.0,3727126410400676378,True
SC23,SC4231E0,sync8_c0,5,39456.0,4.0,0.15,27.577172804269534,671,0.8933403622850369,39455.9,1.1,3727126410400676378,True
SC23,SC4231E0,sync8_c0,6,40389.0,4.0,0.15,23.15750031242434,649,0.9646023902222904,40388.9,1.0,3727126410400676378,True
SC23,SC4231E0,sync8_c0,7,40705.0,4.0,0.15,14.872435137251575,590,0.8240181315819815,40704.9,0.9,3727126410400676378,True
SC23,SC4231E0,sync8_c0,8,40797.0,4.0,0.15,14.015025844601212,727,0.9213161934852602,40797.15,1.1,3727126410400676378,True
SC23,SC4231E0,sync8_c0,9,45065.0,4.0,0.15,15.092755163388327,642,0.9100642283915984,45064.95,1.0,3727126410400676378,True
SC23,SC4231E0,sync8_c0,10,45314.0,4.0,0.15,33.22945675373007,578,0.8089997715333119,45313.85,0.9,3727126410400676378,True
SC23,SC4231E0,sync8_c0,11,45606.0,4.0,0.15,25.748280348257467,651,0.8854697605063596,45605.85,1.0,3727126410400676378,True
SC23,SC4231E0,sync8_c0,12,46032.0,4.0,0.15,24.64592564857601,692,0.7562905035278504,46032.0,1.1,3727126410400676378,True
SC23,SC4231E0,sync8_c0,13,46126.0,4.0,0.15,28.590233006266626,622,0.9103053404504068,46126.05,0.9,3727126410400676378,True
SC23,SC4231E0,sync8_c0,14,46294.0,4.0,0.15,20.793685122285506,715,0.7989696750144265,46294.05,1.1,3727126410400676378,True
SC23,SC4231E0,sync8_c0,15,47053.0,4.0,0.15,30.852675177089374,695,0.9153336972276441,47053.0,1.1,3727126410400676378,True
SC23,SC4231E0,sync8_c0,16,47170.0,4.0,0.15,21.928430294197106,703,0.9237763398427462,47170.1,1.1,3727126410400676378,True
SC23,SC4231E0,sync8_c0,17,47259.0,4.0,0.15,14.586247071910407,613,0.8899706771905918,47259.0,0.9,3727126410400676378,True
SC23,SC4231E0,sync8_c0,18,47767.0,4.0,0.15,14.147863393211502,632,0.8277898346481032,47766.9,1.0,3727126410400676378,True
SC23,SC4231E0,sync8_c0,19,48037.0,4.0,0.15,29.999120333173522,661,0.9653922933992972,48037.05,1.0,3727126410400676378,True
SC23,SC4232E0,iso8_matched,0,33640.0,4.0,0.15,19.15637212099531,753,0.7273075064843361,33639.3,1.1,208237063850966281,True
SC23,SC4232E0,iso8_matched,1,34082.0,4.0,0.15,23.29814259390634,684,0.738835586829933,34082.2,1.0,208237063850966281,True
SC23,SC4232E0,iso8_matched,2,34168.0,4.0,0.15,17.722894793338817,608,0.887059979835412,34168.05,0.9,208237063850966281,True
SC23,SC4232E0,iso8_matched,3,34399.0,4.0,0.15,20.72991561129805,669,0.9053428846039543,34399.05,1.0,208237063850966281,True
SC23,SC4232E0,iso8_matched,4,34503.0,4.0,0.15,22.043713099001963,662,0.9015316119218835,34503.0,1.0,208237063850966281,True
SC23,SC4232E0,iso8_matched,5,38335.0,4.0,0.15,26.613050714226393,740,0.8979108565361593,38334.85,1.2,208237063850966281,True
SC23,SC4232E0,iso8_matched,6,38511.0,4.0,0.15,35.05646155677026,688,0.7710287928907685,38510.55,1.0,208237063850966281,True
SC23,SC4232E0,iso8_matched,7,38599.0,4.0,0.15,32.10725886909083,674,0.8667349214062596,38598.45,1.0,208237063850966281,True
SC23,SC4232E0,iso8_matched,8,39159.0,4.0,0.15,17.970195684347477,611,0.9318044614169724,39159.05,0.9,208237063850966281,True
SC23,SC4232E0,iso8_matched,9,39649.0,4.0,0.15,12.125290312034194,617,0.5404320630559708,39648.4,0.9,208237063850966281,True
SC23,SC4232E0,iso8_matched,10,44280.0,4.0,0.15,24.338301512337406,737,0.6805398635902891,44279.95,1.2,208237063850966281,True
SC23,SC4232E0,iso8_matched,11,44402.0,4.0,0.15,27.618902480994297,706,0.5881883621244387,44401.25,1.1,208237063850966281,True
SC23,SC4232E0,iso8_matched,12,44524.0,4.0,0.15,25.245034365745006,611,0.9704573039534099,44524.05,0.9,208237063850966281,True
SC23,SC4232E0,iso8_matched,13,45112.0,4.0,0.15,8.364345636323433,696,0.2566637382939209,45112.0,1.1,208237063850966281,True
SC23,SC4232E0,iso8_matched,14,45950.0,4.0,0.15,15.178276771158039,636,0.9278631055708353,45949.9,1.0,208237063850966281,True
SC23,SC4232E0,iso8_matched,15,47148.0,4.0,0.15,9.218856707417814,687,0.7421042546345643,47148.15,1.0,208237063850966281,True
SC23,SC4232E0,iso8_matched,16,47828.0,4.0,0.15,35.23796355473885,614,0.7838577371600278,47828.65,0.9,208237063850966281,True
SC23,SC4232E0,iso8_matched,17,48591.0,4.0,0.15,32.55866106613422,749,0.8106767009878948,48590.35,1.1,208237063850966281,True
SC23,SC4232E0,iso8_matched,18,48725.0,4.0,0.15,40.276004278318915,632,0.8955651953358654,48724.9,1.0,208237063850966281,True
SC23,SC4232E0,iso8_matched,19,49274.0,4.0,0.15,10.3104826299661,726,0.9459088193281314,49274.0,1.1,208237063850966281,True
SC23,SC4232E0,sync8_c0,0,33640.0,4.0,0.15,19.15637212099531,750,0.7367176447628659,33639.95,1.2,208237063850966281,True
SC23,SC4232E0,sync8_c0,1,34082.0,4.0,0.15,23.29814259390634,682,0.6710991775425091,34081.95,1.1,208237063850966281,True
SC23,SC4232E0,sync8_c0,2,34168.0,4.0,0.15,17.722894793338817,608,0.8643598625263541,34168.0,0.9,208237063850966281,True
SC23,SC4232E0,sync8_c0,3,34399.0,4.0,0.15,20.72991561129805,672,0.8709496760032972,34399.05,1.0,208237063850966281,True
SC23,SC4232E0,sync8_c0,4,34503.0,4.0,0.15,22.043713099001963,664,0.8907911580329709,34503.0,1.0,208237063850966281,True
SC23,SC4232E0,sync8_c0,5,38335.0,4.0,0.15,26.613050714226393,741,0.8815122395059072,38334.95,1.2,208237063850966281,True
SC23,SC4232E0,sync8_c0,6,38511.0,4.0,0.15,35.05646155677026,687,0.8573498767632683,38511.05,1.1,208237063850966281,True
SC23,SC4232E0,sync8_c0,7,38599.0,4.0,0.15,32.10725886909083,667,0.853607010170437,38599.1,1.0,208237063850966281,True
SC23,SC4232E0,sync8_c0,8,39159.0,4.0,0.15,17.970195684347477,615,0.8957742854651082,39159.05,0.9,208237063850966281,True
SC23,SC4232E0,sync8_c0,9,39649.0,4.0,0.15,12.125290312034194,619,0.5957704045065232,39648.9,1.0,208237063850966281,True
SC23,SC4232E0,sync8_c0,10,44280.0,4.0,0.15,24.338301512337406,734,0.6112339766428398,44280.0,1.2,208237063850966281,True
SC23,SC4232E0,sync8_c0,11,44402.0,4.0,0.15,27.618902480994297,708,0.47164526357411035,44401.5,1.0,208237063850966281,True
SC23,SC4232E0,sync8_c0,12,44524.0,4.0,0.15,25.245034365745006,613,0.9588370249587845,44524.05,0.9,208237063850966281,True
SC23,SC4232E0,sync8_c0,13,45112.0,4.0,0.15,8.364345636323433,689,0.3423693025596053,45111.8,1.2,208237063850966281,True
SC23,SC4232E0,sync8_c0,14,45950.0,4.0,0.15,15.178276771158039,631,0.9188805563551407,45949.9,1.0,208237063850966281,True
SC23,SC4232E0,sync8_c0,15,47148.0,4.0,0.15,9.218856707417814,687,0.7392025582828721,47148.1,1.0,208237063850966281,True
SC23,SC4232E0,sync8_c0,16,47828.0,4.0,0.15,35.23796355473885,611,0.6682226712915554,47827.95,0.9,208237063850966281,True
SC23,SC4232E0,sync8_c0,17,48591.0,4.0,0.15,32.55866106613422,746,0.7403678759266524,48591.2,1.1,208237063850966281,True
SC23,SC4232E0,sync8_c0,18,48725.0,4.0,0.15,40.276004278318915,631,0.8732073577632732,48724.85,1.0,208237063850966281,True
SC23,SC4232E0,sync8_c0,19,49274.0,4.0,0.15,10.3104826299661,735,0.8702599876209386,49273.8,1.2,208237063850966281,True
SC24,SC4241E0,iso8_matched,0,32413.0,4.0,0.15,11.549685219747765,680,0.43227743246267686,32412.4,1.0,13319717474634967284,True
SC24,SC4241E0,iso8_matched,1,41898.0,4.0,0.15,25.007131603280996,704,0.8721544773693225,41897.95,1.1,13319717474634967284,True
SC24,SC4241E0,iso8_matched,2,41975.0,4.0,0.15,22.44201342757082,681,0.7922476877289525,41974.35,1.0,13319717474634967284,True
SC24,SC4241E0,iso8_matched,3,42064.0,4.0,0.15,21.956703616635156,695,0.8776254487575276,42063.9,1.1,13319717474634967284,True
SC24,SC4241E0,iso8_matched,4,42553.0,4.0,0.15,25.70078062267861,729,0.8966554234169968,42553.05,1.1,13319717474634967284,True
SC24,SC4241E0,iso8_matched,5,42662.0,4.0,0.15,28.718070184534927,703,0.5878896517641478,42662.65,1.1,13319717474634967284,True
SC24,SC4241E0,iso8_matched,6,42820.0,4.0,0.15,21.932903857657553,709,0.9224565119178233,42820.05,1.1,13319717474634967284,True
SC24,SC4241E0,iso8_matched,7,42998.0,4.0,0.15,13.227887840536484,605,0.9639140748093968,42998.0,0.9,13319717474634967284,True
SC24,SC4241E0,iso8_matched,8,43063.0,4.0,0.15,14.506928359060351,707,0.9251922935131461,43063.0,1.1,13319717474634967284,True
SC24,SC4241E0,iso8_matched,9,43338.0,4.0,0.15,15.834002844136082,709,0.6817442060982474,43338.35,1.2,13319717474634967284,True
SC24,SC4241E0,iso8_matched,10,43486.0,4.0,0.15,21.859702893817353,712,0.9606361738089487,43485.95,1.1,13319717474634967284,True
SC24,SC4241E0,iso8_matched,11,43555.0,4.0,0.15,22.666342085386287,643,0.0,,,13319717474634967284,True
SC24,SC4241E0,iso8_matched,12,43710.0,4.0,0.15,14.004118876447183,596,0.8997665305651272,43709.95,0.9,13319717474634967284,True
SC24,SC4241E0,iso8_matched,13,44042.0,4.0,0.15,10.1351550019501,652,0.8589617416534533,44041.95,1.0,13319717474634967284,True
SC24,SC4241E0,iso8_matched,14,48556.0,4.0,0.15,14.254860615274078,606,0.8487986056335826,48556.0,0.9,13319717474634967284,True
SC24,SC4241E0,iso8_matched,15,48896.0,4.0,0.15,29.826880673084606,687,0.8551560746829654,48895.85,1.1,13319717474634967284,True
SC24,SC4241E0,iso8_matched,16,49071.0,4.0,0.15,27.726166389958543,663,0.7478939443455103,49070.75,1.1,13319717474634967284,True
SC24,SC4241E0,iso8_matched,17,49485.0,4.0,0.15,14.762933787784133,635,0.7281028876037731,49484.95,1.0,13319717474634967284,True
SC24,SC4241E0,iso8_matched,18,49617.0,4.0,0.15,19.38377563619367,754,0.9521112833493336,49616.95,1.2,13319717474634967284,True
SC24,SC4241E0,iso8_matched,19,49699.0,4.0,0.15,13.970770164965927,615,0.6899691601215588,49699.0,0.9,13319717474634967284,True
SC24,SC4241E0,sync8_c0,0,32413.0,4.0,0.15,11.549685219747765,686,0.42979594965896534,32412.45,1.0,13319717474634967284,True
SC24,SC4241E0,sync8_c0,1,41898.0,4.0,0.15,25.007131603280996,700,0.8486825367440771,41898.0,1.1,13319717474634967284,True
SC24,SC4241E0,sync8_c0,2,41975.0,4.0,0.15,22.44201342757082,676,0.7307580733685104,41974.6,0.9,13319717474634967284,True
SC24,SC4241E0,sync8_c0,3,42064.0,4.0,0.15,21.956703616635156,693,0.9035603927595671,42063.95,1.1,13319717474634967284,True
SC24,SC4241E0,sync8_c0,4,42553.0,4.0,0.15,25.70078062267861,727,0.8818458409378499,42553.15,1.1,13319717474634967284,True
SC24,SC4241E0,sync8_c0,5,42662.0,4.0,0.15,28.718070184534927,702,0.6762686501519578,42662.0,1.1,13319717474634967284,True
SC24,SC4241E0,sync8_c0,6,42820.0,4.0,0.15,21.932903857657553,709,0.9270272737595691,42820.1,1.1,13319717474634967284,True
SC24,SC4241E0,sync8_c0,7,42998.0,4.0,0.15,13.227887840536484,609,0.9171198332222785,42998.0,0.9,13319717474634967284,True
SC24,SC4241E0,sync8_c0,8,43063.0,4.0,0.15,14.506928359060351,703,0.9584869287822791,43063.05,1.1,13319717474634967284,True
SC24,SC4241E0,sync8_c0,9,43338.0,4.0,0.15,15.834002844136082,715,0.6637521744751306,43337.5,1.0,13319717474634967284,True
SC24,SC4241E0,sync8_c0,10,43486.0,4.0,0.15,21.859702893817353,720,0.9747765858126237,43486.05,1.1,13319717474634967284,True
SC24,SC4241E0,sync8_c0,11,43555.0,4.0,0.15,22.666342085386287,645,0.49143251850441005,43555.1,0.9,13319717474634967284,True
SC24,SC4241E0,sync8_c0,12,43710.0,4.0,0.15,14.004118876447183,605,0.9092744171804078,43709.95,0.9,13319717474634967284,True
SC24,SC4241E0,sync8_c0,13,44042.0,4.0,0.15,10.1351550019501,654,0.826360626747445,44042.0,1.0,13319717474634967284,True
SC24,SC4241E0,sync8_c0,14,48556.0,4.0,0.15,14.254860615274078,600,0.8447298802353965,48556.0,0.9,13319717474634967284,True
SC24,SC4241E0,sync8_c0,15,48896.0,4.0,0.15,29.826880673084606,687,0.8909449588421583,48895.95,1.1,13319717474634967284,True
SC24,SC4241E0,sync8_c0,16,49071.0,4.0,0.15,27.726166389958543,661,0.7218799238747533,49071.05,1.0,13319717474634967284,True
SC24,SC4241E0,sync8_c0,17,49485.0,4.0,0.15,14.762933787784133,635,0.669501644392482,49484.95,1.0,13319717474634967284,True
SC24,SC4241E0,sync8_c0,18,49617.0,4.0,0.15,19.38377563619367,756,0.9604258767004821,49617.0,1.2,13319717474634967284,True
SC24,SC4241E0,sync8_c0,19,49699.0,4.0,0.15,13.970770164965927,608,0.6513961973503107,49698.95,0.9,13319717474634967284,True
SC24,SC4242E0,iso8_matched,0,33941.0,4.0,0.15,43.437391246142994,653,0.9312002079121796,33941.0,1.0,5097115882069525112,True
SC24,SC4242E0,iso8_matched,1,34082.0,4.0,0.15,31.49642635494361,711,0.9072194085502077,34081.25,1.1,5097115882069525112,True
SC24,SC4242E0,iso8_matched,2,34333.0,4.0,0.15,32.86767730771111,625,0.743847877177188,34332.35,0.9,5097115882069525112,True
SC24,SC4242E0,iso8_matched,3,39586.0,4.0,0.15,34.63171314415844,608,0.8746841365658415,39586.05,0.9,5097115882069525112,True
SC24,SC4242E0,iso8_matched,4,39682.0,4.0,0.15,33.078369558822004,743,0.0,,,5097115882069525112,True
SC24,SC4242E0,iso8_matched,5,44556.0,4.0,0.15,26.53964450993955,657,0.9328225654727555,44556.05,1.0,5097115882069525112,True
SC24,SC4242E0,iso8_matched,6,44639.0,4.0,0.15,19.221128608528694,710,0.9405421758527104,44638.95,1.1,5097115882069525112,True
SC24,SC4242E0,iso8_matched,7,44791.0,4.0,0.15,12.326370763439353,691,0.910861302173344,44790.9,1.1,5097115882069525112,True
SC24,SC4242E0,iso8_matched,8,44885.0,4.0,0.15,13.347478679086436,597,0.7783832494819191,44885.65,0.9,5097115882069525112,True
SC24,SC4242E0,iso8_matched,9,44993.0,4.0,0.15,22.2997468723615,664,0.9419989282478164,44993.0,1.0,5097115882069525112,True
SC24,SC4242E0,iso8_matched,10,45230.0,4.0,0.15,18.99889237804319,710,0.6888892831243886,45230.0,1.1,5097115882069525112,True
SC24,SC4242E0,iso8_matched,11,45479.0,4.0,0.15,27.150551331937347,639,0.8035559059151725,45478.85,1.0,5097115882069525112,True
SC24,SC4242E0,iso8_matched,12,48669.0,4.0,0.15,10.637028493941136,587,0.7453739953244143,48668.85,0.9,5097115882069525112,True
SC24,SC4242E0,iso8_matched,13,48774.0,4.0,0.15,13.846546551746307,623,0.8490607696033771,48774.05,0.9,5097115882069525112,True
SC24,SC4242E0,iso8_matched,14,48967.0,4.0,0.15,24.790219762521154,597,0.45773484237907197,48967.65,0.9,5097115882069525112,True
SC24,SC4242E0,iso8_matched,15,49103.0,4.0,0.15,40.235841593167635,672,0.8047970959574691,49103.1,1.0,5097115882069525112,True
SC24,SC4242E0,iso8_matched,16,49305.0,4.0,0.15,44.00182959953697,632,0.7947731086409884,49305.05,0.9,5097115882069525112,True
SC24,SC4242E0,iso8_matched,17,49733.0,4.0,0.15,38.596666779791796,676,0.9463357929129226,49733.1,1.0,5097115882069525112,True
SC24,SC4242E0,iso8_matched,18,55759.0,4.0,0.15,19.105028902313055,640,0.9252888709370951,55758.9,1.0,5097115882069525112,True
SC24,SC4242E0,iso8_matched,19,55896.0,4.0,0.15,17.243713341053322,671,0.9281842113816572,55896.0,1.0,5097115882069525112,True
SC24,SC4242E0,sync8_c0,0,33941.0,4.0,0.15,43.437391246142994,654,0.9332790711317117,33941.0,1.0,5097115882069525112,True
SC24,SC4242E0,sync8_c0,1,34082.0,4.0,0.15,31.49642635494361,708,0.8673995181706695,34082.05,1.1,5097115882069525112,True
SC24,SC4242E0,sync8_c0,2,34333.0,4.0,0.15,32.86767730771111,623,0.690873629584356,34332.95,0.9,5097115882069525112,True
SC24,SC4242E0,sync8_c0,3,39586.0,4.0,0.15,34.63171314415844,600,0.8804019508240059,39585.95,0.9,5097115882069525112,True
SC24,SC4242E0,sync8_c0,4,39682.0,4.0,0.15,33.078369558822004,751,0.6599832159186562,39682.25,1.1,5097115882069525112,True
SC24,SC4242E0,sync8_c0,5,44556.0,4.0,0.15,26.53964450993955,653,0.9488319588054643,44556.05,1.0,5097115882069525112,True
SC24,SC4242E0,sync8_c0,6,44639.0,4.0,0.15,19.221128608528694,709,0.9397448258102755,44639.0,1.1,5097115882069525112,True
SC24,SC4242E0,sync8_c0,7,44791.0,4.0,0.15,12.326370763439353,689,0.9021188599839784,44790.95,1.1,5097115882069525112,True
SC24,SC4242E0,sync8_c0,8,44885.0,4.0,0.15,13.347478679086436,594,0.7475651597141574,44885.0,0.9,5097115882069525112,True
SC24,SC4242E0,sync8_c0,9,44993.0,4.0,0.15,22.2997468723615,679,0.874394452143433,44993.05,1.0,5097115882069525112,True
SC24,SC4242E0,sync8_c0,10,45230.0,4.0,0.15,18.99889237804319,712,0.8013760780782839,45230.0,1.1,5097115882069525112,True
SC24,SC4242E0,sync8_c0,11,45479.0,4.0,0.15,27.150551331937347,645,0.8404974831837352,45478.95,1.0,5097115882069525112,True
SC24,SC4242E0,sync8_c0,12,48669.0,4.0,0.15,10.637028493941136,588,0.7937817387379202,48668.9,0.9,5097115882069525112,True
SC24,SC4242E0,sync8_c0,13,48774.0,4.0,0.15,13.846546551746307,630,0.872425435938581,48773.85,1.0,5097115882069525112,True
SC24,SC4242E0,sync8_c0,14,48967.0,4.0,0.15,24.790219762521154,599,0.22949914817135778,48967.0,0.9,5097115882069525112,True
SC24,SC4242E0,sync8_c0,15,49103.0,4.0,0.15,40.235841593167635,675,0.7670846192395954,49102.9,1.1,5097115882069525112,True
SC24,SC4242E0,sync8_c0,16,49305.0,4.0,0.15,44.00182959953697,641,0.7388338783307575,49305.05,0.9,5097115882069525112,True
SC24,SC4242E0,sync8_c0,17,49733.0,4.0,0.15,38.596666779791796,675,0.9283653638949626,49733.1,1.0,5097115882069525112,True
SC24,SC4242E0,sync8_c0,18,55759.0,4.0,0.15,19.105028902313055,635,0.8863004958712042,55758.85,1.0,5097115882069525112,True
SC24,SC4242E0,sync8_c0,19,55896.0,4.0,0.15,17.243713341053322,681,0.9198530957969591,55896.05,1.0,5097115882069525112,True
SC25,SC4251E0,iso8_matched,0,40075.0,4.0,0.15,14.410925286624595,710,0.9522267318325864,40075.05,1.1,1444870045419901282,True
SC25,SC4251E0,iso8_matched,1,40148.0,4.0,0.15,15.0315360976076,706,0.9488471587460813,40147.9,1.1,1444870045419901282,True
SC25,SC4251E0,iso8_matched,2,40369.0,4.0,0.15,14.644996299984077,739,0.7581301013760342,40368.35,1.1,1444870045419901282,True
SC25,SC4251E0,iso8_matched,3,40644.0,4.0,0.15,25.99899870553449,674,0.9599649961009223,40644.05,1.0,1444870045419901282,True
SC25,SC4251E0,iso8_matched,4,40730.0,4.0,0.15,25.693607155945298,629,0.7871819290023284,40730.1,0.9,1444870045419901282,True
SC25,SC4251E0,iso8_matched,5,40854.0,4.0,0.15,19.129690639920483,718,0.9562059661086764,40854.05,1.1,1444870045419901282,True
SC25,SC4251E0,iso8_matched,6,40929.0,4.0,0.15,15.504159004027422,631,0.7994322576216527,40928.45,0.9,1444870045419901282,True
SC25,SC4251E0,iso8_matched,7,41766.0,4.0,0.15,16.152885863616845,634,0.8983475631716684,41765.9,1.0,1444870045419901282,True
SC25,SC4251E0,iso8_matched,8,42046.0,4.0,0.15,12.063156249877258,685,0.9007244348820866,42046.15,1.0,1444870045419901282,True
SC25,SC4251E0,iso8_matched,9,42212.0,4.0,0.15,12.777670706466536,632,0.8696955486328583,42212.2,0.9,1444870045419901282,True
SC25,SC4251E0,iso8_matched,10,42416.0,4.0,0.15,11.34921969246794,727,0.9412345203555079,42416.1,1.1,1444870045419901282,True
SC25,SC4251E0,iso8_matched,11,48155.0,4.0,0.15,27.95998612436577,638,0.9209243183600111,48154.95,1.0,1444870045419901282,True
SC25,SC4251E0,iso8_matched,12,48333.0,4.0,0.15,24.805933570692357,608,0.9284619302611301,48333.05,0.9,1444870045419901282,True
SC25,SC4251E0,iso8_matched,13,54343.0,4.0,0.15,12.94256101139984,637,0.7782476616044355,54343.6,1.0,1444870045419901282,True
SC25,SC4251E0,iso8_matched,14,54515.0,4.0,0.15,14.779223571685618,713,0.9268526826667985,54514.95,1.1,1444870045419901282,True
SC25,SC4251E0,iso8_matched,15,54592.0,4.0,0.15,16.857602614139655,605,0.9480410616530881,54591.95,0.9,1444870045419901282,True
SC25,SC4251E0,iso8_matched,16,55638.0,4.0,0.15,23.494973406381618,610,0.9421362678523132,55638.0,0.9,1444870045419901282,True
SC25,SC4251E0,iso8_matched,17,55721.0,4.0,0.15,26.807307381049554,622,0.9251232006332877,55721.1,0.9,1444870045419901282,True
SC25,SC4251E0,iso8_matched,18,55823.0,4.0,0.15,27.66794829110871,629,0.9064838974462336,55822.95,1.0,1444870045419901282,True
SC25,SC4251E0,iso8_matched,19,55887.0,4.0,0.15,27.596614399632994,700,0.8731353087707732,55886.95,1.1,1444870045419901282,True
SC25,SC4251E0,sync8_c0,0,40075.0,4.0,0.15,14.410925286624595,704,0.9384635801836555,40075.1,1.1,1444870045419901282,True
SC25,SC4251E0,sync8_c0,1,40148.0,4.0,0.15,15.0315360976076,711,0.9795843351411793,40148.0,1.1,1444870045419901282,True
SC25,SC4251E0,sync8_c0,2,40369.0,4.0,0.15,14.644996299984077,739,0.8117351003730335,40369.15,1.1,1444870045419901282,True
SC25,SC4251E0,sync8_c0,3,40644.0,4.0,0.15,25.99899870553449,675,0.9515668014614204,40644.05,1.0,1444870045419901282,True
SC25,SC4251E0,sync8_c0,4,40730.0,4.0,0.15,25.693607155945298,625,0.8500328343398322,40730.05,0.9,1444870045419901282,True
SC25,SC4251E0,sync8_c0,5,40854.0,4.0,0.15,19.129690639920483,718,0.9479690239172237,40854.1,1.1,1444870045419901282,True
SC25,SC4251E0,sync8_c0,6,40929.0,4.0,0.15,15.504159004027422,628,0.7122776028153337,40928.9,1.0,1444870045419901282,True
SC25,SC4251E0,sync8_c0,7,41766.0,4.0,0.15,16.152885863616845,635,0.8837776908801175,41765.95,1.0,1444870045419901282,True
SC25,SC4251E0,sync8_c0,8,42046.0,4.0,0.15,12.063156249877258,680,0.911014837890191,42046.15,1.0,1444870045419901282,True
SC25,SC4251E0,sync8_c0,9,42212.0,4.0,0.15,12.777670706466536,633,0.8346991883878105,42211.95,1.0,1444870045419901282,True
SC25,SC4251E0,sync8_c0,10,42416.0,4.0,0.15,11.34921969246794,729,0.8884231388485003,42416.15,1.1,1444870045419901282,True
SC25,SC4251E0,sync8_c0,11,48155.0,4.0,0.15,27.95998612436577,632,0.8961227479184827,48154.95,1.0,1444870045419901282,True
SC25,SC4251E0,sync8_c0,12,48333.0,4.0,0.15,24.805933570692357,605,0.9208667071730943,48333.0,0.9,1444870045419901282,True
SC25,SC4251E0,sync8_c0,13,54343.0,4.0,0.15,12.94256101139984,641,0.6692331986959417,54342.95,1.0,1444870045419901282,True
SC25,SC4251E0,sync8_c0,14,54515.0,4.0,0.15,14.779223571685618,716,0.9380633529418729,54515.0,1.1,1444870045419901282,True
SC25,SC4251E0,sync8_c0,15,54592.0,4.0,0.15,16.857602614139655,606,0.937779044182302,54591.95,0.9,1444870045419901282,True
SC25,SC4251E0,sync8_c0,16,55638.0,4.0,0.15,23.494973406381618,602,0.9674653251830082,55637.95,0.9,1444870045419901282,True
SC25,SC4251E0,sync8_c0,17,55721.0,4.0,0.15,26.807307381049554,610,0.9423983712611543,55721.0,0.9,1444870045419901282,True
SC25,SC4251E0,sync8_c0,18,55823.0,4.0,0.15,27.66794829110871,628,0.905059596968217,55822.95,1.0,1444870045419901282,True
SC25,SC4251E0,sync8_c0,19,55887.0,4.0,0.15,27.596614399632994,695,0.8801845783723913,55887.0,1.1,1444870045419901282,True
SC25,SC4252E0,iso8_matched,0,41511.0,4.0,0.15,21.704125168100695,692,0.857804295137659,41510.95,1.1,17301770007302380036,True
SC25,SC4252E0,iso8_matched,1,41698.0,4.0,0.15,21.928330376650713,675,0.8067347496711086,41697.85,1.1,17301770007302380036,True
SC25,SC4252E0,iso8_matched,2,42031.0,4.0,0.15,22.271462815455564,716,0.6330150266490121,42031.0,1.1,17301770007302380036,True
SC25,SC4252E0,iso8_matched,3,42272.0,4.0,0.15,24.413508430319865,617,0.8897319762918986,42272.1,0.9,17301770007302380036,True
SC25,SC4252E0,iso8_matched,4,42427.0,4.0,0.15,23.494333327609734,590,0.8409091221737517,42426.95,0.9,17301770007302380036,True
SC25,SC4252E0,iso8_matched,5,42945.0,4.0,0.15,17.363767151568034,704,0.9655710186543816,42944.95,1.1,17301770007302380036,True
SC25,SC4252E0,iso8_matched,6,43414.0,4.0,0.15,9.468754048245446,609,0.9343149874507727,43414.0,0.9,17301770007302380036,True
SC25,SC4252E0,iso8_matched,7,49446.0,4.0,0.15,16.315533673047515,642,0.8675722185350285,49445.9,1.0,17301770007302380036,True
SC25,SC4252E0,iso8_matched,8,49536.0,4.0,0.15,17.21010469060714,695,0.8889942765993476,49536.0,1.1,17301770007302380036,True
SC25,SC4252E0,iso8_matched,9,49808.0,4.0,0.15,19.02149611848719,602,0.8512286201982984,49807.95,0.9,17301770007302380036,True
SC25,SC4252E0,iso8_matched,10,49982.0,4.0,0.15,19.797884704631507,709,0.9092841131420458,49982.0,1.1,17301770007302380036,True
SC25,SC4252E0,iso8_matched,11,50092.0,4.0,0.15,20.012393618116597,664,0.9415792723792957,50091.95,1.0,17301770007302380036,True
SC25,SC4252E0,iso8_matched,12,50259.0,4.0,0.15,12.808483426667763,712,0.7936709667447566,50259.05,1.1,17301770007302380036,True
SC25,SC4252E0,iso8_matched,13,54341.0,4.0,0.15,8.900711643834434,688,0.0,,,17301770007302380036,True
SC25,SC4252E0,iso8_matched,14,54665.0,4.0,0.15,20.715529614051675,686,0.9159984934032922,54665.1,1.0,17301770007302380036,True
SC25,SC4252E0,iso8_matched,15,54762.0,4.0,0.15,15.84825165510252,683,0.8973769054264362,54762.15,1.0,17301770007302380036,True
SC25,SC4252E0,iso8_matched,16,55256.0,4.0,0.15,25.86015613168802,652,0.9365897805525738,55255.85,1.0,17301770007302380036,True
SC25,SC4252E0,iso8_matched,17,55324.0,4.0,0.15,24.52075917802176,650,0.9343260361025157,55323.95,1.0,17301770007302380036,True
SC25,SC4252E0,iso8_matched,18,55441.0,4.0,0.15,22.452849474283383,734,0.9143682227138942,55441.15,1.1,17301770007302380036,True
SC25,SC4252E0,iso8_matched,19,55790.0,4.0,0.15,8.770532402851975,616,0.9165070215948893,55790.05,0.9,17301770007302380036,True
SC25,SC4252E0,sync8_c0,0,41511.0,4.0,0.15,21.704125168100695,687,0.8884083570373376,41511.0,1.1,17301770007302380036,True
SC25,SC4252E0,sync8_c0,1,41698.0,4.0,0.15,21.928330376650713,676,0.8422875243123064,41697.95,1.1,17301770007302380036,True
SC25,SC4252E0,sync8_c0,2,42031.0,4.0,0.15,22.271462815455564,714,0.5170822353181086,42031.05,1.1,17301770007302380036,True
SC25,SC4252E0,sync8_c0,3,42272.0,4.0,0.15,24.413508430319865,612,0.880809918689343,42272.05,0.9,17301770007302380036,True
SC25,SC4252E0,sync8_c0,4,42427.0,4.0,0.15,23.494333327609734,587,0.8067931603062838,42426.9,0.9,17301770007302380036,True
SC25,SC4252E0,sync8_c0,5,42945.0,4.0,0.15,17.363767151568034,701,0.9566491273325339,42945.0,1.1,17301770007302380036,True
SC25,SC4252E0,sync8_c0,6,43414.0,4.0,0.15,9.468754048245446,608,0.9084388729944725,43414.0,0.9,17301770007302380036,True
SC25,SC4252E0,sync8_c0,7,49446.0,4.0,0.15,16.315533673047515,640,0.8202737540777655,49445.85,1.0,17301770007302380036,True
SC25,SC4252E0,sync8_c0,8,49536.0,4.0,0.15,17.21010469060714,690,0.9018100220702353,49536.05,1.1,17301770007302380036,True
SC25,SC4252E0,sync8_c0,9,49808.0,4.0,0.15,19.02149611848719,605,0.8076400262037119,49807.9,0.9,17301770007302380036,True
SC25,SC4252E0,sync8_c0,10,49982.0,4.0,0.15,19.797884704631507,703,0.9179051625384695,49982.05,1.1,17301770007302380036,True
SC25,SC4252E0,sync8_c0,11,50092.0,4.0,0.15,20.012393618116597,669,0.9296164412562291,50092.0,1.0,17301770007302380036,True
SC25,SC4252E0,sync8_c0,12,50259.0,4.0,0.15,12.808483426667763,711,0.812778962706534,50259.15,1.1,17301770007302380036,True
SC25,SC4252E0,sync8_c0,13,54341.0,4.0,0.15,8.900711643834434,681,0.6217665098729249,54341.2,1.0,17301770007302380036,True
SC25,SC4252E0,sync8_c0,14,54665.0,4.0,0.15,20.715529614051675,684,0.9380473603444008,54665.1,1.0,17301770007302380036,True
SC25,SC4252E0,sync8_c0,15,54762.0,4.0,0.15,15.84825165510252,687,0.9311982830920795,54761.95,1.1,17301770007302380036,True
SC25,SC4252E0,sync8_c0,16,55256.0,4.0,0.15,25.86015613168802,659,0.9332949321412926,55255.9,1.0,17301770007302380036,True
SC25,SC4252E0,sync8_c0,17,55324.0,4.0,0.15,24.52075917802176,648,0.9303813386030613,55323.95,1.0,17301770007302380036,True
SC25,SC4252E0,sync8_c0,18,55441.0,4.0,0.15,22.452849474283383,727,0.9026743072821926,55441.2,1.1,17301770007302380036,True
SC25,SC4252E0,sync8_c0,19,55790.0,4.0,0.15,8.770532402851975,615,0.8911766441866887,55790.0,0.9,17301770007302380036,True
SC26,SC4261F0,iso8_matched,0,33047.0,4.0,0.15,23.42769196626671,691,0.729321704027003,33046.4,1.0,10618928472078642587,True
SC26,SC4261F0,iso8_matched,1,38417.0,4.0,0.15,9.019743590033178,694,0.890415738647866,38416.9,1.1,10618928472078642587,True
SC26,SC4261F0,iso8_matched,2,44585.0,4.0,0.15,9.183801001301262,756,0.9131519434259929,44585.25,1.1,10618928472078642587,True
SC26,SC4261F0,iso8_matched,3,44876.0,4.0,0.15,5.893754807514638,718,0.8596891248823456,44876.05,1.1,10618928472078642587,True
SC26,SC4261F0,iso8_matched,4,45241.0,4.0,0.15,8.821407622703921,641,0.7222996025557078,45241.05,0.9,10618928472078642587,True
SC26,SC4261F0,iso8_matched,5,49927.0,4.0,0.15,9.420694098627624,671,0.8066644466674209,49927.0,1.0,10618928472078642587,True
SC26,SC4261F0,iso8_matched,6,50574.0,4.0,0.15,10.238989491721723,723,0.9067526732484564,50574.05,1.1,10618928472078642587,True
SC26,SC4261F0,iso8_matched,7,50647.0,4.0,0.15,11.108386637760686,602,0.8092782341018825,50646.3,0.9,10618928472078642587,True
SC26,SC4261F0,iso8_matched,8,50744.0,4.0,0.15,10.58946680475186,628,0.8710711726256831,50744.05,0.9,10618928472078642587,True
SC26,SC4261F0,iso8_matched,9,50908.0,4.0,0.15,12.374127942903785,732,0.8465197368754453,50908.1,1.1,10618928472078642587,True
SC26,SC4261F0,iso8_matched,10,51040.0,4.0,0.15,15.649367987907745,726,0.8602646877338993,51039.3,1.1,10618928472078642587,True
SC26,SC4261F0,iso8_matched,11,51155.0,4.0,0.15,14.500944932879905,706,0.8774429964465095,51154.9,1.1,10618928472078642587,True
SC26,SC4261F0,iso8_matched,12,51908.0,4.0,0.15,11.091920052076963,679,0.5968622947019657,51907.35,1.0,10618928472078642587,True
SC26,SC4261F0,iso8_matched,13,52428.0,4.0,0.15,6.1600920702768,624,0.8450587694328474,52427.85,1.0,10618928472078642587,True
SC26,SC4261F0,iso8_matched,14,52549.0,4.0,0.15,7.393289288423395,675,0.8188422973360835,52549.15,1.0,10618928472078642587,True
SC26,SC4261F0,iso8_matched,15,52866.0,4.0,0.15,6.299666034735663,713,0.9083596306285977,52865.9,1.1,10618928472078642587,True
SC26,SC4261F0,iso8_matched,16,53140.0,4.0,0.15,7.560320544891107,668,0.9459553459730216,53140.05,1.0,10618928472078642587,True
SC26,SC4261F0,iso8_matched,17,53343.0,4.0,0.15,6.483322804176015,587,0.8567368019237975,53342.95,0.9,10618928472078642587,True
SC26,SC4261F0,iso8_matched,18,57223.0,4.0,0.15,12.559791511947816,629,0.7947525055554068,57223.1,0.9,10618928472078642587,True
SC26,SC4261F0,iso8_matched,19,57471.0,4.0,0.15,20.46511143865582,589,0.8687435030867827,57470.8,0.9,10618928472078642587,True
SC26,SC4261F0,sync8_c0,0,33047.0,4.0,0.15,23.42769196626671,695,0.7943476260833594,33047.0,1.1,10618928472078642587,True
SC26,SC4261F0,sync8_c0,1,38417.0,4.0,0.15,9.019743590033178,693,0.9203570195065345,38416.95,1.1,10618928472078642587,True
SC26,SC4261F0,sync8_c0,2,44585.0,4.0,0.15,9.183801001301262,755,0.8686166418448511,44584.95,1.2,10618928472078642587,True
SC26,SC4261F0,sync8_c0,3,44876.0,4.0,0.15,5.893754807514638,721,0.8062327512672339,44876.1,1.1,10618928472078642587,True
SC26,SC4261F0,sync8_c0,4,45241.0,4.0,0.15,8.821407622703921,645,0.7231344881524763,45240.85,1.0,10618928472078642587,True
SC26,SC4261F0,sync8_c0,5,49927.0,4.0,0.15,9.420694098627624,670,0.8226225376078987,49927.05,1.0,10618928472078642587,True
SC26,SC4261F0,sync8_c0,6,50574.0,4.0,0.15,10.238989491721723,722,0.8640220938503135,50574.15,1.1,10618928472078642587,True
SC26,SC4261F0,sync8_c0,7,50647.0,4.0,0.15,11.108386637760686,610,0.7630081755947034,50647.0,0.9,10618928472078642587,True
SC26,SC4261F0,sync8_c0,8,50744.0,4.0,0.15,10.58946680475186,632,0.8494790524333877,50743.8,1.0,10618928472078642587,True
SC26,SC4261F0,sync8_c0,9,50908.0,4.0,0.15,12.374127942903785,731,0.8178897539906567,50907.95,1.2,10618928472078642587,True
SC26,SC4261F0,sync8_c0,10,51040.0,4.0,0.15,15.649367987907745,731,0.8117262927305494,51040.15,1.1,10618928472078642587,True
SC26,SC4261F0,sync8_c0,11,51155.0,4.0,0.15,14.500944932879905,713,0.9337675184306169,51155.05,1.1,10618928472078642587,True
SC26,SC4261F0,sync8_c0,12,51908.0,4.0,0.15,11.091920052076963,677,0.3490476531553506,51908.1,1.0,10618928472078642587,True
SC26,SC4261F0,sync8_c0,13,52428.0,4.0,0.15,6.1600920702768,627,0.8669543072733731,52427.9,1.0,10618928472078642587,True
SC26,SC4261F0,sync8_c0,14,52549.0,4.0,0.15,7.393289288423395,672,0.8411160127704554,52549.1,1.0,10618928472078642587,True
SC26,SC4261F0,sync8_c0,15,52866.0,4.0,0.15,6.299666034735663,723,0.9101254106734682,52866.05,1.1,10618928472078642587,True
SC26,SC4261F0,sync8_c0,16,53140.0,4.0,0.15,7.560320544891107,672,0.9247606174957215,53140.05,1.0,10618928472078642587,True
SC26,SC4261F0,sync8_c0,17,53343.0,4.0,0.15,6.483322804176015,593,0.886907397969438,53342.95,0.9,10618928472078642587,True
SC26,SC4261F0,sync8_c0,18,57223.0,4.0,0.15,12.559791511947816,639,0.7847013540499869,57222.85,1.0,10618928472078642587,True
SC26,SC4261F0,sync8_c0,19,57471.0,4.0,0.15,20.46511143865582,593,0.8848503864748596,57470.8,0.9,10618928472078642587,True
SC26,SC4262F0,iso8_matched,0,34860.0,4.0,0.15,9.326169567320989,671,0.4543581019271481,34859.4,1.0,703807911021858838,True
SC26,SC4262F0,iso8_matched,1,45390.0,4.0,0.15,16.46600645444679,704,0.0,,,703807911021858838,True
SC26,SC4262F0,iso8_matched,2,45471.0,4.0,0.15,21.938177569012886,710,0.9129644518165214,45470.95,1.1,703807911021858838,True
SC26,SC4262F0,iso8_matched,3,45799.0,4.0,0.15,13.977265984369994,718,0.9258462837829202,45799.05,1.1,703807911021858838,True
SC26,SC4262F0,iso8_matched,4,46323.0,4.0,0.15,10.351146783172908,743,0.937246317592483,46323.25,1.1,703807911021858838,True
SC26,SC4262F0,iso8_matched,5,46465.0,4.0,0.15,11.812322259605224,590,0.8970311155326317,46464.9,0.9,703807911021858838,True
SC26,SC4262F0,iso8_matched,6,46639.0,4.0,0.15,9.245783259543614,683,0.92385073451193,46639.15,1.0,703807911021858838,True
SC26,SC4262F0,iso8_matched,7,46813.0,4.0,0.15,7.424107169023336,667,0.7651706885685131,46813.05,1.0,703807911021858838,True
SC26,SC4262F0,iso8_matched,8,47279.0,4.0,0.15,7.784508401399461,634,0.8074842374108895,47279.2,0.9,703807911021858838,True
SC26,SC4262F0,iso8_matched,9,53309.0,4.0,0.15,7.6111163400510256,703,0.8871088817477149,53309.05,1.1,703807911021858838,True
SC26,SC4262F0,iso8_matched,10,53461.0,4.0,0.15,9.489832986228675,623,0.8447053280392209,53461.0,0.9,703807911021858838,True
SC26,SC4262F0,iso8_matched,11,53915.0,4.0,0.15,11.823213435551907,624,0.7690111647949255,53914.35,0.9,703807911021858838,True
SC26,SC4262F0,iso8_matched,12,54535.0,4.0,0.15,8.998923740237858,705,0.9471686645923986,54535.05,1.1,703807911021858838,True
SC26,SC4262F0,iso8_matched,13,54786.0,4.0,0.15,8.773272225452345,716,0.7639087417418366,54785.5,1.0,703807911021858838,True
SC26,SC4262F0,iso8_matched,14,54871.0,4.0,0.15,9.470535721377171,658,0.8074430123498612,54871.05,1.0,703807911021858838,True
SC26,SC4262F0,iso8_matched,15,55018.0,4.0,0.15,9.879666450665175,602,0.8224892634041897,55017.95,0.9,703807911021858838,True
SC26,SC4262F0,iso8_matched,16,55272.0,4.0,0.15,10.745115898411818,677,0.8938846716430701,55272.1,1.0,703807911021858838,True
SC26,SC4262F0,iso8_matched,17,55613.0,4.0,0.15,7.927733332570583,595,0.8594455756131546,55612.95,0.9,703807911021858838,True
SC26,SC4262F0,iso8_matched,18,55709.0,4.0,0.15,8.29988250834891,708,0.8423892823434287,55708.25,1.1,703807911021858838,True
SC26,SC4262F0,iso8_matched,19,55974.0,4.0,0.15,7.049883027405988,724,0.9584438250218572,55974.0,1.1,703807911021858838,True
SC26,SC4262F0,sync8_c0,0,34860.0,4.0,0.15,9.326169567320989,665,0.530724317686222,34860.05,1.0,703807911021858838,True
SC26,SC4262F0,sync8_c0,1,45390.0,4.0,0.15,16.46600645444679,710,0.7550480171912778,45390.0,1.1,703807911021858838,True
SC26,SC4262F0,sync8_c0,2,45471.0,4.0,0.15,21.938177569012886,705,0.9072164346480734,45471.05,1.1,703807911021858838,True
SC26,SC4262F0,sync8_c0,3,45799.0,4.0,0.15,13.977265984369994,711,0.9042583842763164,45799.05,1.1,703807911021858838,True
SC26,SC4262F0,sync8_c0,4,46323.0,4.0,0.15,10.351146783172908,732,0.9248528949412127,46323.2,1.1,703807911021858838,True
SC26,SC4262F0,sync8_c0,5,46465.0,4.0,0.15,11.812322259605224,584,0.8824694077386604,46464.85,0.9,703807911021858838,True
SC26,SC4262F0,sync8_c0,6,46639.0,4.0,0.15,9.245783259543614,677,0.9405717217031072,46639.1,1.0,703807911021858838,True
SC26,SC4262F0,sync8_c0,7,46813.0,4.0,0.15,7.424107169023336,671,0.7366222237053699,46813.1,1.0,703807911021858838,True
SC26,SC4262F0,sync8_c0,8,47279.0,4.0,0.15,7.784508401399461,633,0.704105571881761,47279.15,0.9,703807911021858838,True
SC26,SC4262F0,sync8_c0,9,53309.0,4.0,0.15,7.6111163400510256,696,0.8927393532332933,53309.15,1.1,703807911021858838,True
SC26,SC4262F0,sync8_c0,10,53461.0,4.0,0.15,9.489832986228675,629,0.817803751515115,53461.05,0.9,703807911021858838,True
SC26,SC4262F0,sync8_c0,11,53915.0,4.0,0.15,11.823213435551907,629,0.7596778779138472,53915.0,0.9,703807911021858838,True
SC26,SC4262F0,sync8_c0,12,54535.0,4.0,0.15,8.998923740237858,701,0.9076988682909649,54535.1,1.1,703807911021858838,True
SC26,SC4262F0,sync8_c0,13,54786.0,4.0,0.15,8.773272225452345,724,0.7913697456302363,54786.05,1.1,703807911021858838,True
SC26,SC4262F0,sync8_c0,14,54871.0,4.0,0.15,9.470535721377171,649,0.8255234855046831,54871.05,1.0,703807911021858838,True
SC26,SC4262F0,sync8_c0,15,55018.0,4.0,0.15,9.879666450665175,604,0.7938181850445746,55017.95,0.9,703807911021858838,True
SC26,SC4262F0,sync8_c0,16,55272.0,4.0,0.15,10.745115898411818,680,0.9294001746067899,55271.9,1.1,703807911021858838,True
SC26,SC4262F0,sync8_c0,17,55613.0,4.0,0.15,7.927733332570583,587,0.776527916436798,55612.85,0.9,703807911021858838,True
SC26,SC4262F0,sync8_c0,18,55709.0,4.0,0.15,8.29988250834891,711,0.7949024506598025,55709.1,1.1,703807911021858838,True
SC26,SC4262F0,sync8_c0,19,55974.0,4.0,0.15,7.049883027405988,729,0.9418350846496033,55974.05,1.1,703807911021858838,True
SC27,SC4271F0,iso8_matched,0,35046.0,4.0,0.15,9.667412045342862,725,0.6533432016037151,35046.05,1.1,4440973404269274219,True
SC27,SC4271F0,iso8_matched,1,35215.0,4.0,0.15,10.602610957970425,739,0.9030375479093157,35215.15,1.1,4440973404269274219,True
SC27,SC4271F0,iso8_matched,2,35419.0,4.0,0.15,10.261304642793638,619,0.8582126714263522,35419.05,0.9,4440973404269274219,True
SC27,SC4271F0,iso8_matched,3,35603.0,4.0,0.15,10.315293302208465,697,0.9494420430119304,35602.9,1.1,4440973404269274219,True
SC27,SC4271F0,iso8_matched,4,35833.0,4.0,0.15,13.327670218273694,631,0.7241956337797212,35833.5,1.0,4440973404269274219,True
SC27,SC4271F0,iso8_matched,5,36164.0,4.0,0.15,12.785855825286816,685,0.9182466387460986,36163.85,1.1,4440973404269274219,True
SC27,SC4271F0,iso8_matched,6,45337.0,4.0,0.15,11.079511094683548,623,0.857103745871962,45337.15,0.9,4440973404269274219,True
SC27,SC4271F0,iso8_matched,7,45436.0,4.0,0.15,11.377277284119316,738,0.8942537188423151,45436.15,1.1,4440973404269274219,True
SC27,SC4271F0,iso8_matched,8,45535.0,4.0,0.15,11.290629835362035,632,0.8502097523045901,45534.95,1.0,4440973404269274219,True
SC27,SC4271F0,iso8_matched,9,49370.0,4.0,0.15,9.890600063759718,685,0.7892317582336791,49369.8,1.1,4440973404269274219,True
SC27,SC4271F0,iso8_matched,10,49732.0,4.0,0.15,14.33510754092295,643,0.9400161546781977,49731.9,1.0,4440973404269274219,True
SC27,SC4271F0,iso8_matched,11,49799.0,4.0,0.15,15.910869438975423,642,0.9575578833958694,49798.9,1.0,4440973404269274219,True
SC27,SC4271F0,iso8_matched,12,50202.0,4.0,0.15,18.92348442673743,732,0.8588074780699976,50201.3,1.1,4440973404269274219,True
SC27,SC4271F0,iso8_matched,13,50416.0,4.0,0.15,16.740317359951476,598,0.9576466141642358,50415.95,0.9,4440973404269274219,True
SC27,SC4271F0,iso8_matched,14,50539.0,4.0,0.15,13.025087448346799,601,0.9015741179874057,50538.9,0.9,4440973404269274219,True
SC27,SC4271F0,iso8_matched,15,50934.0,4.0,0.15,11.921548122037384,655,0.7851097289840522,50934.7,1.0,4440973404269274219,True
SC27,SC4271F0,iso8_matched,16,51195.0,4.0,0.15,10.163242182324439,696,0.8927426211751979,51194.9,1.1,4440973404269274219,True
SC27,SC4271F0,iso8_matched,17,51721.0,4.0,0.15,11.415414612429725,705,0.9552400804008317,51720.9,1.1,4440973404269274219,True
SC27,SC4271F0,iso8_matched,18,51932.0,4.0,0.15,11.875067850368886,728,0.6770632036546825,51931.25,1.1,4440973404269274219,True
SC27,SC4271F0,iso8_matched,19,52084.0,4.0,0.15,21.363549843475543,602,0.7685591865043068,52083.95,0.9,4440973404269274219,True
SC27,SC4271F0,sync8_c0,0,35046.0,4.0,0.15,9.667412045342862,727,0.7400690477478747,35046.1,1.1,4440973404269274219,True
SC27,SC4271F0,sync8_c0,1,35215.0,4.0,0.15,10.602610957970425,739,0.8833582591743009,35214.95,1.2,4440973404269274219,True
SC27,SC4271F0,sync8_c0,2,35419.0,4.0,0.15,10.261304642793638,608,0.9285016313527936,35419.0,0.9,4440973404269274219,True
SC27,SC4271F0,sync8_c0,3,35603.0,4.0,0.15,10.315293302208465,700,0.9497409047398165,35603.0,1.1,4440973404269274219,True
SC27,SC4271F0,sync8_c0,4,35833.0,4.0,0.15,13.327670218273694,634,0.7588535689140612,35832.85,1.0,4440973404269274219,True
SC27,SC4271F0,sync8_c0,5,36164.0,4.0,0.15,12.785855825286816,692,0.954972359719332,36163.95,1.1,4440973404269274219,True
SC27,SC4271F0,sync8_c0,6,45337.0,4.0,0.15,11.079511094683548,626,0.8780286663941723,45336.9,1.0,4440973404269274219,True
SC27,SC4271F0,sync8_c0,7,45436.0,4.0,0.15,11.377277284119316,735,0.8547239455240937,45436.25,1.1,4440973404269274219,True
SC27,SC4271F0,sync8_c0,8,45535.0,4.0,0.15,11.290629835362035,634,0.8833828506591515,45534.95,1.0,4440973404269274219,True
SC27,SC4271F0,sync8_c0,9,49370.0,4.0,0.15,9.890600063759718,679,0.8307334535084534,49370.05,1.0,4440973404269274219,True
SC27,SC4271F0,sync8_c0,10,49732.0,4.0,0.15,14.33510754092295,647,0.9359127123578298,49731.9,1.0,4440973404269274219,True
SC27,SC4271F0,sync8_c0,11,49799.0,4.0,0.15,15.910869438975423,638,0.906326330324855,49798.9,1.0,4440973404269274219,True
SC27,SC4271F0,sync8_c0,12,50202.0,4.0,0.15,18.92348442673743,728,0.8223228421390991,50202.15,1.1,4440973404269274219,True
SC27,SC4271F0,sync8_c0,13,50416.0,4.0,0.15,16.740317359951476,604,0.9164170989460318,50415.95,0.9,4440973404269274219,True
SC27,SC4271F0,sync8_c0,14,50539.0,4.0,0.15,13.025087448346799,600,0.8750746914675362,50538.95,0.9,4440973404269274219,True
SC27,SC4271F0,sync8_c0,15,50934.0,4.0,0.15,11.921548122037384,654,0.8010308564848688,50934.0,1.0,4440973404269274219,True
SC27,SC4271F0,sync8_c0,16,51195.0,4.0,0.15,10.163242182324439,693,0.9184326330496575,51195.0,1.1,4440973404269274219,True
SC27,SC4271F0,sync8_c0,17,51721.0,4.0,0.15,11.415414612429725,707,0.9633341532485665,51720.95,1.1,4440973404269274219,True
SC27,SC4271F0,sync8_c0,18,51932.0,4.0,0.15,11.875067850368886,735,0.6175074215654837,51931.85,1.2,4440973404269274219,True
SC27,SC4271F0,sync8_c0,19,52084.0,4.0,0.15,21.363549843475543,614,0.8057922649096331,52083.95,0.9,4440973404269274219,True
SC27,SC4272F0,iso8_matched,0,45009.0,4.0,0.15,11.459488547373375,717,0.8038144369973447,45009.0,1.1,12575987786579276675,True
SC27,SC4272F0,iso8_matched,1,45553.0,4.0,0.15,15.911507233222757,681,0.9020317997054588,45552.85,1.1,12575987786579276675,True
SC27,SC4272F0,iso8_matched,2,45820.0,4.0,0.15,11.738848838191542,654,0.9297505069813798,45820.0,1.0,12575987786579276675,True
SC27,SC4272F0,iso8_matched,3,46083.0,4.0,0.15,11.303838998989391,681,0.9112666853643137,46082.35,1.0,12575987786579276675,True
SC27,SC4272F0,iso8_matched,4,46372.0,4.0,0.15,8.774272161295364,724,0.912015880195251,46372.0,1.1,12575987786579276675,True
SC27,SC4272F0,iso8_matched,5,46744.0,4.0,0.15,11.579476230325092,595,0.9373914769137676,46743.9,0.9,12575987786579276675,True
SC27,SC4272F0,iso8_matched,6,46830.0,4.0,0.15,10.832241079944296,605,0.8537378059070578,46830.05,0.9,12575987786579276675,True
SC27,SC4272F0,iso8_matched,7,46932.0,4.0,0.15,11.342519590579224,713,0.9460443087473074,46932.0,1.1,12575987786579276675,True
SC27,SC4272F0,iso8_matched,8,52540.0,4.0,0.15,9.929275430198183,628,0.897905076760861,52539.85,1.0,12575987786579276675,True
SC27,SC4272F0,iso8_matched,9,52700.0,4.0,0.15,10.957335109493531,705,0.8611423106386118,52699.95,1.1,12575987786579276675,True
SC27,SC4272F0,iso8_matched,10,53557.0,4.0,0.15,8.853212435828475,687,0.8297442732267448,53556.9,1.1,12575987786579276675,True
SC27,SC4272F0,iso8_matched,11,53643.0,4.0,0.15,9.73135875166959,717,0.925982130466603,53643.05,1.1,12575987786579276675,True
SC27,SC4272F0,iso8_matched,12,54099.0,4.0,0.15,22.565356466564644,649,0.7018230064960906,54099.0,1.0,12575987786579276675,True
SC27,SC4272F0,iso8_matched,13,59041.0,4.0,0.15,11.416883647339247,599,0.7849521735727468,59040.3,0.9,12575987786579276675,True
SC27,SC4272F0,iso8_matched,14,59713.0,4.0,0.15,9.606029202936377,604,0.8710044240395196,59713.0,0.9,12575987786579276675,True
SC27,SC4272F0,iso8_matched,15,64108.0,4.0,0.15,9.733345948551102,653,0.9149284554210269,64108.0,1.0,12575987786579276675,True
SC27,SC4272F0,iso8_matched,16,64408.0,4.0,0.15,17.678226402030504,608,0.6317213474117396,64407.95,0.9,12575987786579276675,True
SC27,SC4272F0,iso8_matched,17,64526.0,4.0,0.15,21.069495755604628,688,0.8783523026983806,64526.05,1.0,12575987786579276675,True
SC27,SC4272F0,iso8_matched,18,65034.0,4.0,0.15,7.449106034462134,638,0.6330558912890475,65033.25,1.0,12575987786579276675,True
SC27,SC4272F0,iso8_matched,19,65354.0,4.0,0.15,10.478658905935855,667,0.6325661620621216,65354.15,1.0,12575987786579276675,True
SC27,SC4272F0,sync8_c0,0,45009.0,4.0,0.15,11.459488547373375,722,0.7785755829462407,45009.05,1.1,12575987786579276675,True
SC27,SC4272F0,sync8_c0,1,45553.0,4.0,0.15,15.911507233222757,679,0.9254393521181029,45552.9,1.1,12575987786579276675,True
SC27,SC4272F0,sync8_c0,2,45820.0,4.0,0.15,11.738848838191542,649,0.9086312698942243,45820.0,1.0,12575987786579276675,True
SC27,SC4272F0,sync8_c0,3,46083.0,4.0,0.15,11.303838998989391,680,0.9067568355199732,46083.05,1.0,12575987786579276675,True
SC27,SC4272F0,sync8_c0,4,46372.0,4.0,0.15,8.774272161295364,726,0.8991534378363996,46372.1,1.1,12575987786579276675,True
SC27,SC4272F0,sync8_c0,5,46744.0,4.0,0.15,11.579476230325092,595,0.8912055472108068,46743.9,0.9,12575987786579276675,True
SC27,SC4272F0,sync8_c0,6,46830.0,4.0,0.15,10.832241079944296,607,0.820588556828043,46830.05,0.9,12575987786579276675,True
SC27,SC4272F0,sync8_c0,7,46932.0,4.0,0.15,11.342519590579224,717,0.9279778001038151,46932.1,1.1,12575987786579276675,True
SC27,SC4272F0,sync8_c0,8,52540.0,4.0,0.15,9.929275430198183,630,0.8885763461603323,52539.85,1.0,12575987786579276675,True
SC27,SC4272F0,sync8_c0,9,52700.0,4.0,0.15,10.957335109493531,706,0.8105216265306664,52700.05,1.1,12575987786579276675,True
SC27,SC4272F0,sync8_c0,10,53557.0,4.0,0.15,8.853212435828475,675,0.8042536473241085,53556.95,1.1,12575987786579276675,True
SC27,SC4272F0,sync8_c0,11,53643.0,4.0,0.15,9.73135875166959,708,0.9197588071634536,53643.05,1.1,12575987786579276675,True
SC27,SC4272F0,sync8_c0,12,54099.0,4.0,0.15,22.565356466564644,644,0.61131710147601,54099.0,1.0,12575987786579276675,True
SC27,SC4272F0,sync8_c0,13,59041.0,4.0,0.15,11.416883647339247,600,0.799213716595485,59040.9,0.9,12575987786579276675,True
SC27,SC4272F0,sync8_c0,14,59713.0,4.0,0.15,9.606029202936377,607,0.8727879066943132,59713.0,0.9,12575987786579276675,True
SC27,SC4272F0,sync8_c0,15,64108.0,4.0,0.15,9.733345948551102,652,0.9242852358245215,64108.0,1.0,12575987786579276675,True
SC27,SC4272F0,sync8_c0,16,64408.0,4.0,0.15,17.678226402030504,610,0.6314834700167733,64407.95,0.9,12575987786579276675,True
SC27,SC4272F0,sync8_c0,17,64526.0,4.0,0.15,21.069495755604628,687,0.9195867851944235,64526.1,1.0,12575987786579276675,True
SC27,SC4272F0,sync8_c0,18,65034.0,4.0,0.15,7.449106034462134,643,0.5899491516872851,65034.45,1.1,12575987786579276675,True
SC27,SC4272F0,sync8_c0,19,65354.0,4.0,0.15,10.478658905935855,664,0.6526197361576308,65354.15,1.0,12575987786579276675,True
SC28,SC4281G0,iso8_matched,0,48251.0,4.0,0.15,11.748423168770307,597,0.9178062428885716,48250.9,0.9,3371368094101968758,True
SC28,SC4281G0,iso8_matched,1,48612.0,4.0,0.15,9.561497927455838,699,0.953101760851619,48611.95,1.1,3371368094101968758,True
SC28,SC4281G0,iso8_matched,2,48780.0,4.0,0.15,10.267271471124548,733,0.9360446350501154,48780.05,1.1,3371368094101968758,True
SC28,SC4281G0,iso8_matched,3,48978.0,4.0,0.15,11.149246359017162,700,0.9248326042403616,48977.9,1.1,3371368094101968758,True
SC28,SC4281G0,iso8_matched,4,49176.0,4.0,0.15,8.255234564118865,640,0.9571902189867068,49175.9,1.0,3371368094101968758,True
SC28,SC4281G0,iso8_matched,5,49308.0,4.0,0.15,9.235822672646544,726,0.9467858328772218,49308.05,1.1,3371368094101968758,True
SC28,SC4281G0,iso8_matched,6,55292.0,4.0,0.15,10.993374929197744,655,0.9240748828691877,55292.05,1.0,3371368094101968758,True
SC28,SC4281G0,iso8_matched,7,55763.0,4.0,0.15,15.080438515240374,709,0.9356070948300154,55763.0,1.1,3371368094101968758,True
SC28,SC4281G0,iso8_matched,8,55843.0,4.0,0.15,13.366181012998634,604,0.9497723405340478,55843.1,0.9,3371368094101968758,True
SC28,SC4281G0,iso8_matched,9,56412.0,4.0,0.15,13.846397535888265,733,0.7874930320641826,56412.1,1.1,3371368094101968758,True
SC28,SC4281G0,iso8_matched,10,56525.0,4.0,0.15,18.173060595059464,642,0.934476725496174,56524.95,1.0,3371368094101968758,True
SC28,SC4281G0,iso8_matched,11,57073.0,4.0,0.15,5.47793539997356,672,0.7505168420254733,57072.9,1.1,3371368094101968758,True
SC28,SC4281G0,iso8_matched,12,57244.0,4.0,0.15,6.636526300765874,674,0.9276605718446442,57244.05,1.0,3371368094101968758,True
SC28,SC4281G0,iso8_matched,13,57369.0,4.0,0.15,7.920924249552327,660,0.9349525871482155,57369.05,1.0,3371368094101968758,True
SC28,SC4281G0,iso8_matched,14,63674.0,4.0,0.15,8.932622457132789,612,0.3452828797759183,63674.0,0.9,3371368094101968758,True
SC28,SC4281G0,iso8_matched,15,63807.0,4.0,0.15,8.380749538251576,697,0.94480306050554,63806.9,1.1,3371368094101968758,True
SC28,SC4281G0,iso8_matched,16,64053.0,4.0,0.15,6.685519470194073,718,0.9479382656864751,64053.0,1.1,3371368094101968758,True
SC28,SC4281G0,iso8_matched,17,64333.0,4.0,0.15,8.039008583086629,739,0.957850396439839,64333.15,1.1,3371368094101968758,True
SC28,SC4281G0,iso8_matched,18,64428.0,4.0,0.15,8.361661411172078,674,0.8698564502874605,64428.15,1.0,3371368094101968758,True
SC28,SC4281G0,iso8_matched,19,64566.0,4.0,0.15,8.10527238368385,609,0.9217622402222556,64565.95,0.9,3371368094101968758,True
SC28,SC4281G0,sync8_c0,0,48251.0,4.0,0.15,11.748423168770307,598,0.9147769235711376,48250.9,0.9,3371368094101968758,True
SC28,SC4281G0,sync8_c0,1,48612.0,4.0,0.15,9.561497927455838,695,0.9371788687543217,48612.0,1.1,3371368094101968758,True
SC28,SC4281G0,sync8_c0,2,48780.0,4.0,0.15,10.267271471124548,734,0.8995502000269515,48780.1,1.1,3371368094101968758,True
SC28,SC4281G0,sync8_c0,3,48978.0,4.0,0.15,11.149246359017162,709,0.9734884802645016,48978.0,1.1,3371368094101968758,True
SC28,SC4281G0,sync8_c0,4,49176.0,4.0,0.15,8.255234564118865,645,0.9652719163919886,49175.9,1.0,3371368094101968758,True
SC28,SC4281G0,sync8_c0,5,49308.0,4.0,0.15,9.235822672646544,720,0.9372878080629228,49308.1,1.1,3371368094101968758,True
SC28,SC4281G0,sync8_c0,6,55292.0,4.0,0.15,10.993374929197744,648,0.9385672413140225,55292.0,1.0,3371368094101968758,True
SC28,SC4281G0,sync8_c0,7,55763.0,4.0,0.15,15.080438515240374,705,0.9118624426139248,55763.05,1.1,3371368094101968758,True
SC28,SC4281G0,sync8_c0,8,55843.0,4.0,0.15,13.366181012998634,597,0.9709923001348435,55843.0,0.9,3371368094101968758,True
SC28,SC4281G0,sync8_c0,9,56412.0,4.0,0.15,13.846397535888265,730,0.7557948843739254,56412.15,1.1,3371368094101968758,True
SC28,SC4281G0,sync8_c0,10,56525.0,4.0,0.15,18.173060595059464,649,0.934688862015949,56524.95,1.0,3371368094101968758,True
SC28,SC4281G0,sync8_c0,11,57073.0,4.0,0.15,5.47793539997356,670,0.7047634917043146,57073.6,1.2,3371368094101968758,True
SC28,SC4281G0,sync8_c0,12,57244.0,4.0,0.15,6.636526300765874,669,0.9235344900835687,57244.0,1.0,3371368094101968758,True
SC28,SC4281G0,sync8_c0,13,57369.0,4.0,0.15,7.920924249552327,658,0.9188224725201791,57369.0,1.0,3371368094101968758,True
SC28,SC4281G0,sync8_c0,14,63674.0,4.0,0.15,8.932622457132789,611,0.3357866119661895,63673.9,0.9,3371368094101968758,True
SC28,SC4281G0,sync8_c0,15,63807.0,4.0,0.15,8.380749538251576,699,0.9703250170737839,63807.0,1.1,3371368094101968758,True
SC28,SC4281G0,sync8_c0,16,64053.0,4.0,0.15,6.685519470194073,726,0.9142370702932311,64053.1,1.1,3371368094101968758,True
SC28,SC4281G0,sync8_c0,17,64333.0,4.0,0.15,8.039008583086629,735,0.9464102531338727,64333.15,1.1,3371368094101968758,True
SC28,SC4281G0,sync8_c0,18,64428.0,4.0,0.15,8.361661411172078,676,0.8948305843305588,64427.95,1.1,3371368094101968758,True
SC28,SC4281G0,sync8_c0,19,64566.0,4.0,0.15,8.10527238368385,615,0.9032739019286868,64565.95,0.9,3371368094101968758,True
SC28,SC4282G0,iso8_matched,0,48583.0,4.0,0.15,8.402455222908543,698,0.835329940545169,48582.9,1.1,15601352591186080297,True
SC28,SC4282G0,iso8_matched,1,48816.0,4.0,0.15,11.293681304825572,636,0.0,,,15601352591186080297,True
SC28,SC4282G0,iso8_matched,2,48909.0,4.0,0.15,9.860845350551294,634,0.8176633493954683,48908.85,1.0,15601352591186080297,True
SC28,SC4282G0,iso8_matched,3,49013.0,4.0,0.15,11.048647116601616,636,0.9292016075229133,49012.85,1.0,15601352591186080297,True
SC28,SC4282G0,iso8_matched,4,49210.0,4.0,0.15,10.161450247819305,609,0.9743433196957817,49210.05,0.9,15601352591186080297,True
SC28,SC4282G0,iso8_matched,5,49946.0,4.0,0.15,10.768657162233733,691,0.9027742089798518,49946.15,1.0,15601352591186080297,True
SC28,SC4282G0,iso8_matched,6,50141.0,4.0,0.15,8.735707364378474,622,0.8724255508747892,50141.05,0.9,15601352591186080297,True
SC28,SC4282G0,iso8_matched,7,50375.0,4.0,0.15,8.113105692547675,769,0.9124296311576054,50375.05,1.2,15601352591186080297,True
SC28,SC4282G0,iso8_matched,8,56547.0,4.0,0.15,7.619010438188281,616,0.8813474497579744,56547.0,0.9,15601352591186080297,True
SC28,SC4282G0,iso8_matched,9,56651.0,4.0,0.15,7.714321770866075,675,0.8788292441995569,56651.1,1.0,15601352591186080297,True
SC28,SC4282G0,iso8_matched,10,56812.0,4.0,0.15,10.468597946153112,638,0.6683804591021344,56812.6,1.0,15601352591186080297,True
SC28,SC4282G0,iso8_matched,11,57102.0,4.0,0.15,9.524624035101521,621,0.9024400703533163,57102.1,0.9,15601352591186080297,True
SC28,SC4282G0,iso8_matched,12,57333.0,4.0,0.15,8.848968249018826,651,0.9428233979577474,57333.05,1.0,15601352591186080297,True
SC28,SC4282G0,iso8_matched,13,57588.0,4.0,0.15,8.233879437781681,700,0.8869086157260595,57587.85,1.1,15601352591186080297,True
SC28,SC4282G0,iso8_matched,14,57759.0,4.0,0.15,7.9497009405203,729,0.9203860070532096,57759.1,1.1,15601352591186080297,True
SC28,SC4282G0,iso8_matched,15,57898.0,4.0,0.15,7.587461483203027,608,0.9447013518162273,57898.0,0.9,15601352591186080297,True
SC28,SC4282G0,iso8_matched,16,58337.0,4.0,0.15,11.318008260185083,594,0.8551404832981677,58337.05,0.9,15601352591186080297,True
SC28,SC4282G0,iso8_matched,17,65643.0,4.0,0.15,11.077500838710039,616,0.8372005387234541,65642.4,0.9,15601352591186080297,True
SC28,SC4282G0,iso8_matched,18,65997.0,4.0,0.15,15.298390193168037,654,0.9499543212567624,65997.0,1.0,15601352591186080297,True
SC28,SC4282G0,iso8_matched,19,66076.0,4.0,0.15,14.20777996055727,638,0.8943196187370857,66075.95,1.0,15601352591186080297,True
SC28,SC4282G0,sync8_c0,0,48583.0,4.0,0.15,8.402455222908543,698,0.8481501651104529,48583.0,1.1,15601352591186080297,True
SC28,SC4282G0,sync8_c0,1,48816.0,4.0,0.15,11.293681304825572,645,0.6770697879374367,48815.95,1.0,15601352591186080297,True
SC28,SC4282G0,sync8_c0,2,48909.0,4.0,0.15,9.860845350551294,632,0.7744653115825575,48908.85,1.0,15601352591186080297,True
SC28,SC4282G0,sync8_c0,3,49013.0,4.0,0.15,11.048647116601616,643,0.9516745573490152,49012.9,1.0,15601352591186080297,True
SC28,SC4282G0,sync8_c0,4,49210.0,4.0,0.15,10.161450247819305,598,0.9608657061765832,49209.95,0.9,15601352591186080297,True
SC28,SC4282G0,sync8_c0,5,49946.0,4.0,0.15,10.768657162233733,690,0.9032900238806192,49946.15,1.0,15601352591186080297,True
SC28,SC4282G0,sync8_c0,6,50141.0,4.0,0.15,8.735707364378474,623,0.885554787692153,50140.95,0.9,15601352591186080297,True
SC28,SC4282G0,sync8_c0,7,50375.0,4.0,0.15,8.113105692547675,758,0.848532536793394,50375.05,1.2,15601352591186080297,True
SC28,SC4282G0,sync8_c0,8,56547.0,4.0,0.15,7.619010438188281,613,0.904028887933286,56547.0,0.9,15601352591186080297,True
SC28,SC4282G0,sync8_c0,9,56651.0,4.0,0.15,7.714321770866075,670,0.9222576876650792,56651.1,1.0,15601352591186080297,True
SC28,SC4282G0,sync8_c0,10,56812.0,4.0,0.15,10.468597946153112,633,0.5679672503114692,56812.5,1.0,15601352591186080297,True
SC28,SC4282G0,sync8_c0,11,57102.0,4.0,0.15,9.524624035101521,625,0.8455185582687652,57101.9,1.0,15601352591186080297,True
SC28,SC4282G0,sync8_c0,12,57333.0,4.0,0.15,8.848968249018826,648,0.9405959117306144,57333.05,1.0,15601352591186080297,True
SC28,SC4282G0,sync8_c0,13,57588.0,4.0,0.15,8.233879437781681,699,0.8944862843532109,57587.95,1.1,15601352591186080297,True
SC28,SC4282G0,sync8_c0,14,57759.0,4.0,0.15,7.9497009405203,726,0.9015805850208187,57759.15,1.1,15601352591186080297,True
SC28,SC4282G0,sync8_c0,15,57898.0,4.0,0.15,7.587461483203027,613,0.9253327786471356,57898.0,0.9,15601352591186080297,True
SC28,SC4282G0,sync8_c0,16,58337.0,4.0,0.15,11.318008260185083,581,0.8324728335106993,58336.95,0.9,15601352591186080297,True
SC28,SC4282G0,sync8_c0,17,65643.0,4.0,0.15,11.077500838710039,622,0.801168635734236,65643.0,0.9,15601352591186080297,True
SC28,SC4282G0,sync8_c0,18,65997.0,4.0,0.15,15.298390193168037,649,0.9161298932945137,65997.0,1.0,15601352591186080297,True
SC28,SC4282G0,sync8_c0,19,66076.0,4.0,0.15,14.20777996055727,634,0.8848371875905245,66076.15,0.9,15601352591186080297,True
SC29,SC4291G0,iso8_matched,0,30412.0,4.0,0.15,15.759567552092166,630,0.48128292331698047,30411.35,1.2,12862039072392599976,True
SC29,SC4291G0,iso8_matched,1,30803.0,4.0,0.15,19.25848403908856,618,0.9199694509899727,30803.15,0.9,12862039072392599976,True
SC29,SC4291G0,iso8_matched,2,36892.0,4.0,0.15,15.155109428260436,684,0.8782538549578399,36892.15,1.0,12862039072392599976,True
SC29,SC4291G0,iso8_matched,3,37283.0,4.0,0.15,31.331037940406148,705,0.9624315818341137,37282.9,1.1,12862039072392599976,True
SC29,SC4291G0,iso8_matched,4,37436.0,4.0,0.15,22.037440233871774,698,0.8336521581198222,37435.9,1.1,12862039072392599976,True
SC29,SC4291G0,iso8_matched,5,37664.0,4.0,0.15,25.721571024781657,732,0.8881341390061838,37664.1,1.1,12862039072392599976,True
SC29,SC4291G0,iso8_matched,6,44010.0,4.0,0.15,11.518859068560959,698,0.9434062989028773,44009.95,1.1,12862039072392599976,True
SC29,SC4291G0,iso8_matched,7,44175.0,4.0,0.15,13.128411820100368,631,0.6889609222342215,44174.5,0.9,12862039072392599976,True
SC29,SC4291G0,iso8_matched,8,44414.0,4.0,0.15,18.511117929330922,721,0.6011375923470875,44414.0,1.1,12862039072392599976,True
SC29,SC4291G0,iso8_matched,9,45301.0,4.0,0.15,10.823809830387505,741,0.9001811369065429,45301.15,1.1,12862039072392599976,True
SC29,SC4291G0,iso8_matched,10,45379.0,4.0,0.15,8.83926905773111,702,0.8385158830058137,45379.0,1.1,12862039072392599976,True
SC29,SC4291G0,iso8_matched,11,45441.0,4.0,0.15,9.147494929579231,638,0.8718788348897414,45441.2,0.9,12862039072392599976,True
SC29,SC4291G0,iso8_matched,12,51837.0,4.0,0.15,11.004460817230916,586,0.8830685751651779,51836.9,0.9,12862039072392599976,True
SC29,SC4291G0,iso8_matched,13,52441.0,4.0,0.15,13.387743508848816,658,0.7018456121754616,52441.75,1.0,12862039072392599976,True
SC29,SC4291G0,iso8_matched,14,52588.0,4.0,0.15,21.229285767887056,606,0.8599895636253652,52588.0,0.9,12862039072392599976,True
SC29,SC4291G0,iso8_matched,15,52890.0,4.0,0.15,47.366977882004605,637,0.9411038729088661,52889.85,1.0,12862039072392599976,True
SC29,SC4291G0,iso8_matched,16,53554.0,4.0,0.15,10.464958473973196,656,0.9316604283098575,53554.0,1.0,12862039072392599976,True
SC29,SC4291G0,iso8_matched,17,53806.0,4.0,0.15,8.25159569099453,686,0.9054048477202759,53806.2,1.0,12862039072392599976,True
SC29,SC4291G0,iso8_matched,18,54103.0,4.0,0.15,9.074734248188651,633,0.8012155512088472,54102.3,1.0,12862039072392599976,True
SC29,SC4291G0,iso8_matched,19,54229.0,4.0,0.15,9.108140578372693,697,0.4149438381079446,54229.2,0.8,12862039072392599976,True
SC29,SC4291G0,sync8_c0,0,30412.0,4.0,0.15,15.759567552092166,626,0.47013605365871947,30412.1,0.9,12862039072392599976,True
SC29,SC4291G0,sync8_c0,1,30803.0,4.0,0.15,19.25848403908856,618,0.8768562218175805,30803.1,0.9,12862039072392599976,True
SC29,SC4291G0,sync8_c0,2,36892.0,4.0,0.15,15.155109428260436,678,0.8967714459965054,36892.1,1.0,12862039072392599976,True
SC29,SC4291G0,sync8_c0,3,37283.0,4.0,0.15,31.331037940406148,711,0.9821101915946044,37283.0,1.1,12862039072392599976,True
SC29,SC4291G0,sync8_c0,4,37436.0,4.0,0.15,22.037440233871774,702,0.8447214026942927,37436.0,1.1,12862039072392599976,True
SC29,SC4291G0,sync8_c0,5,37664.0,4.0,0.15,25.721571024781657,724,0.8757282127155684,37664.15,1.1,12862039072392599976,True
SC29,SC4291G0,sync8_c0,6,44010.0,4.0,0.15,11.518859068560959,693,0.9253408049959112,44010.05,1.1,12862039072392599976,True
SC29,SC4291G0,sync8_c0,7,44175.0,4.0,0.15,13.128411820100368,632,0.6089841255107318,44174.95,1.0,12862039072392599976,True
SC29,SC4291G0,sync8_c0,8,44414.0,4.0,0.15,18.511117929330922,723,0.6126666712154186,44414.1,1.1,12862039072392599976,True
SC29,SC4291G0,sync8_c0,9,45301.0,4.0,0.15,10.823809830387505,741,0.8701722607399668,45300.9,1.2,12862039072392599976,True
SC29,SC4291G0,sync8_c0,10,45379.0,4.0,0.15,8.83926905773111,705,0.8407372003744595,45379.0,1.1,12862039072392599976,True
SC29,SC4291G0,sync8_c0,11,45441.0,4.0,0.15,9.147494929579231,643,0.8397770255833377,45440.95,1.0,12862039072392599976,True
SC29,SC4291G0,sync8_c0,12,51837.0,4.0,0.15,11.004460817230916,585,0.8780361197048222,51836.85,0.9,12862039072392599976,True
SC29,SC4291G0,sync8_c0,13,52441.0,4.0,0.15,13.387743508848816,649,0.7751346173462571,52441.0,1.0,12862039072392599976,True
SC29,SC4291G0,sync8_c0,14,52588.0,4.0,0.15,21.229285767887056,615,0.8243939207393063,52588.0,0.9,12862039072392599976,True
SC29,SC4291G0,sync8_c0,15,52890.0,4.0,0.15,47.366977882004605,642,0.926125982076584,52889.85,1.0,12862039072392599976,True
SC29,SC4291G0,sync8_c0,16,53554.0,4.0,0.15,10.464958473973196,650,0.9288902052543364,53554.0,1.0,12862039072392599976,True
SC29,SC4291G0,sync8_c0,17,53806.0,4.0,0.15,8.25159569099453,677,0.9132572674518085,53806.15,1.0,12862039072392599976,True
SC29,SC4291G0,sync8_c0,18,54103.0,4.0,0.15,9.074734248188651,627,0.8330619464608531,54103.15,0.9,12862039072392599976,True
SC29,SC4291G0,sync8_c0,19,54229.0,4.0,0.15,9.108140578372693,700,0.49766080080222797,54228.55,1.2,12862039072392599976,True
SC29,SC4292G0,iso8_matched,0,32726.0,4.0,0.15,13.25417811659244,658,0.9503325842652314,32726.0,1.0,4122931702035086814,True
SC29,SC4292G0,iso8_matched,1,32797.0,4.0,0.15,13.367789212512097,617,0.8887135201026973,32797.0,0.9,4122931702035086814,True
SC29,SC4292G0,iso8_matched,2,38985.0,4.0,0.15,16.367301856004627,651,0.9112747280050938,38984.95,1.0,4122931702035086814,True
SC29,SC4292G0,iso8_matched,3,39133.0,4.0,0.15,15.953044744811733,609,0.8523328069144763,39133.0,0.9,4122931702035086814,True
SC29,SC4292G0,iso8_matched,4,39293.0,4.0,0.15,19.852649868091458,679,0.6574497868987957,39292.8,1.1,4122931702035086814,True
SC29,SC4292G0,iso8_matched,5,39415.0,4.0,0.15,19.262798022074346,600,0.9187811544461488,39414.9,0.9,4122931702035086814,True
SC29,SC4292G0,iso8_matched,6,39883.0,4.0,0.15,14.545111002419777,591,0.8873981758077678,39882.95,0.9,4122931702035086814,True
SC29,SC4292G0,iso8_matched,7,39977.0,4.0,0.15,17.40571750527583,625,0.8940024720352298,39977.15,0.9,4122931702035086814,True
SC29,SC4292G0,iso8_matched,8,40145.0,4.0,0.15,11.509721548195849,638,0.9185203447359341,40144.9,1.0,4122931702035086814,True
SC29,SC4292G0,iso8_matched,9,40279.0,4.0,0.15,10.75795660001013,697,0.6553479883789214,40278.85,1.1,4122931702035086814,True
SC29,SC4292G0,iso8_matched,10,46608.0,4.0,0.15,14.424538944057518,638,0.0,,,4122931702035086814,True
SC29,SC4292G0,iso8_matched,11,46955.0,4.0,0.15,21.57219109243986,600,0.8647244904658253,46955.05,0.9,4122931702035086814,True
SC29,SC4292G0,iso8_matched,12,47525.0,4.0,0.15,15.764038911387374,587,0.8175992142604203,47524.85,0.9,4122931702035086814,True
SC29,SC4292G0,iso8_matched,13,48102.0,4.0,0.15,20.333084727395537,670,0.9162766782154679,48102.0,1.0,4122931702035086814,True
SC29,SC4292G0,iso8_matched,14,54406.0,4.0,0.15,19.440908459008305,642,0.9632803071362608,54405.85,1.0,4122931702035086814,True
SC29,SC4292G0,iso8_matched,15,54468.0,4.0,0.15,19.508129509912422,664,0.925316944171332,54468.05,1.0,4122931702035086814,True
SC29,SC4292G0,iso8_matched,16,55249.0,4.0,0.15,26.198665948611513,695,0.9441684345032416,55248.9,1.1,4122931702035086814,True
SC29,SC4292G0,iso8_matched,17,55385.0,4.0,0.15,22.421854931586065,620,0.49757885321769246,55384.9,1.0,4122931702035086814,True
SC29,SC4292G0,iso8_matched,18,55784.0,4.0,0.15,14.796124796552524,646,0.9521979100069152,55784.0,1.0,4122931702035086814,True
SC29,SC4292G0,iso8_matched,19,56885.0,4.0,0.15,25.84109232197251,650,0.90187374807736,56884.9,1.0,4122931702035086814,True
SC29,SC4292G0,sync8_c0,0,32726.0,4.0,0.15,13.25417811659244,660,0.942436612103736,32726.0,1.0,4122931702035086814,True
SC29,SC4292G0,sync8_c0,1,32797.0,4.0,0.15,13.367789212512097,620,0.8664927931081203,32796.95,0.9,4122931702035086814,True
SC29,SC4292G0,sync8_c0,2,38985.0,4.0,0.15,16.367301856004627,659,0.8406116026560604,38985.05,1.0,4122931702035086814,True
SC29,SC4292G0,sync8_c0,3,39133.0,4.0,0.15,15.953044744811733,605,0.8657136408189358,39132.95,0.9,4122931702035086814,True
SC29,SC4292G0,sync8_c0,4,39293.0,4.0,0.15,19.852649868091458,686,0.6391311913827668,39292.85,1.1,4122931702035086814,True
SC29,SC4292G0,sync8_c0,5,39415.0,4.0,0.15,19.262798022074346,604,0.8949136654810567,39414.9,0.9,4122931702035086814,True
SC29,SC4292G0,sync8_c0,6,39883.0,4.0,0.15,14.545111002419777,591,0.9012252574844206,39882.95,0.9,4122931702035086814,True
SC29,SC4292G0,sync8_c0,7,39977.0,4.0,0.15,17.40571750527583,622,0.8763261480904562,39977.15,0.9,4122931702035086814,True
SC29,SC4292G0,sync8_c0,8,40145.0,4.0,0.15,11.509721548195849,644,0.9432849296283866,40144.9,1.0,4122931702035086814,True
SC29,SC4292G0,sync8_c0,9,40279.0,4.0,0.15,10.75795660001013,696,0.5655715472188055,40279.15,1.0,4122931702035086814,True
SC29,SC4292G0,sync8_c0,10,46608.0,4.0,0.15,14.424538944057518,634,0.7185855316785837,46608.05,0.9,4122931702035086814,True
SC29,SC4292G0,sync8_c0,11,46955.0,4.0,0.15,21.57219109243986,593,0.8279190620852158,46954.95,0.9,4122931702035086814,True
SC29,SC4292G0,sync8_c0,12,47525.0,4.0,0.15,15.764038911387374,589,0.8200735062602925,47524.85,0.9,4122931702035086814,True
SC29,SC4292G0,sync8_c0,13,48102.0,4.0,0.15,20.333084727395537,675,0.8956069299878627,48102.0,1.0,4122931702035086814,True
SC29,SC4292G0,sync8_c0,14,54406.0,4.0,0.15,19.440908459008305,651,0.9618081315516663,54405.9,1.0,4122931702035086814,True
SC29,SC4292G0,sync8_c0,15,54468.0,4.0,0.15,19.508129509912422,660,0.9345563068316143,54468.05,1.0,4122931702035086814,True
SC29,SC4292G0,sync8_c0,16,55249.0,4.0,0.15,26.198665948611513,690,0.9444701830222849,55248.95,1.1,4122931702035086814,True
SC29,SC4292G0,sync8_c0,17,55385.0,4.0,0.15,22.421854931586065,624,0.49940855459789535,55384.9,1.0,4122931702035086814,True
SC29,SC4292G0,sync8_c0,18,55784.0,4.0,0.15,14.796124796552524,643,0.9307462178058582,55784.0,1.0,4122931702035086814,True
SC29,SC4292G0,sync8_c0,19,56885.0,4.0,0.15,25.84109232197251,652,0.8780677257705518,56884.95,1.0,4122931702035086814,True
SC30,SC4301E0,iso8_matched,0,32502.0,4.0,0.15,14.571305295032042,710,0.5654882455316045,32501.3,1.1,8523023346339998576,True
SC30,SC4301E0,iso8_matched,1,32665.0,4.0,0.15,17.373890081041772,598,0.9409122323167556,32664.95,0.9,8523023346339998576,True
SC30,SC4301E0,iso8_matched,2,32756.0,4.0,0.15,18.67752618923387,662,0.7527229056340765,32756.0,1.0,8523023346339998576,True
SC30,SC4301E0,iso8_matched,3,32840.0,4.0,0.15,20.103037317792722,614,0.7597485011710143,32840.0,0.9,8523023346339998576,True
SC30,SC4301E0,iso8_matched,4,32991.0,4.0,0.15,34.95075317077128,583,0.9414961427694017,32990.9,0.9,8523023346339998576,True
SC30,SC4301E0,iso8_matched,5,40436.0,4.0,0.15,28.81435073394566,590,0.6065585478457889,40436.25,0.8,8523023346339998576,True
SC30,SC4301E0,iso8_matched,6,40562.0,4.0,0.15,30.775890704124905,640,0.7963129920545753,40561.9,1.0,8523023346339998576,True
SC30,SC4301E0,iso8_matched,7,40661.0,4.0,0.15,23.841927337451413,649,0.9721598002605156,40660.95,1.0,8523023346339998576,True
SC30,SC4301E0,iso8_matched,8,45552.0,4.0,0.15,16.758569332244633,716,0.9725640837492132,45551.95,1.1,8523023346339998576,True
SC30,SC4301E0,iso8_matched,9,45824.0,4.0,0.15,12.34055534800144,715,0.908578022299583,45824.1,1.1,8523023346339998576,True
SC30,SC4301E0,iso8_matched,10,46104.0,4.0,0.15,27.035514003886597,691,0.8087269448884677,46104.6,1.1,8523023346339998576,True
SC30,SC4301E0,iso8_matched,11,46595.0,4.0,0.15,10.268369196913152,724,0.9096066769132838,46595.05,1.1,8523023346339998576,True
SC30,SC4301E0,iso8_matched,12,47235.0,4.0,0.15,11.135944266596182,727,0.4960087308796446,47235.7,1.2,8523023346339998576,True
SC30,SC4301E0,iso8_matched,13,47428.0,4.0,0.15,13.481302570413511,649,0.950755009244252,47428.0,1.0,8523023346339998576,True
SC30,SC4301E0,iso8_matched,14,47512.0,4.0,0.15,10.635430067263483,666,0.8729104410091177,47512.1,1.0,8523023346339998576,True
SC30,SC4301E0,iso8_matched,15,50645.0,4.0,0.15,9.229893625372675,644,0.9157785544897592,50644.85,1.0,8523023346339998576,True
SC30,SC4301E0,iso8_matched,16,50828.0,4.0,0.15,21.870603322541605,645,0.8940074632974441,50827.95,1.0,8523023346339998576,True
SC30,SC4301E0,iso8_matched,17,51174.0,4.0,0.15,17.73372680137316,632,0.9196760234347248,51174.15,0.9,8523023346339998576,True
SC30,SC4301E0,iso8_matched,18,51349.0,4.0,0.15,15.556453158162894,683,0.87778718134367,51349.1,1.0,8523023346339998576,True
SC30,SC4301E0,iso8_matched,19,51892.0,4.0,0.15,10.371471044319307,692,0.8770658983418996,51892.15,1.0,8523023346339998576,True
SC30,SC4301E0,sync8_c0,0,32502.0,4.0,0.15,14.571305295032042,707,0.6080130716722333,32502.15,1.1,8523023346339998576,True
SC30,SC4301E0,sync8_c0,1,32665.0,4.0,0.15,17.373890081041772,601,0.9161679848239463,32664.95,0.9,8523023346339998576,True
SC30,SC4301E0,sync8_c0,2,32756.0,4.0,0.15,18.67752618923387,663,0.7035850595720552,32756.0,1.0,8523023346339998576,True
SC30,SC4301E0,sync8_c0,3,32840.0,4.0,0.15,20.103037317792722,610,0.7867850876080268,32840.0,0.9,8523023346339998576,True
SC30,SC4301E0,sync8_c0,4,32991.0,4.0,0.15,34.95075317077128,582,0.9320170333040854,32990.9,0.9,8523023346339998576,True
SC30,SC4301E0,sync8_c0,5,40436.0,4.0,0.15,28.81435073394566,596,0.49354015813756397,40435.85,0.9,8523023346339998576,True
SC30,SC4301E0,sync8_c0,6,40562.0,4.0,0.15,30.775890704124905,643,0.8566246586190003,40561.9,1.0,8523023346339998576,True
SC30,SC4301E0,sync8_c0,7,40661.0,4.0,0.15,23.841927337451413,642,0.9658577660262144,40660.95,1.0,8523023346339998576,True
SC30,SC4301E0,sync8_c0,8,45552.0,4.0,0.15,16.758569332244633,724,0.9625196385602759,45552.05,1.1,8523023346339998576,True
SC30,SC4301E0,sync8_c0,9,45824.0,4.0,0.15,12.34055534800144,713,0.8991631579525735,45824.15,1.1,8523023346339998576,True
SC30,SC4301E0,sync8_c0,10,46104.0,4.0,0.15,27.035514003886597,694,0.7623248963218211,46103.95,1.1,8523023346339998576,True
SC30,SC4301E0,sync8_c0,11,46595.0,4.0,0.15,10.268369196913152,731,0.9008606169928124,46595.1,1.1,8523023346339998576,True
SC30,SC4301E0,sync8_c0,12,47235.0,4.0,0.15,11.135944266596182,723,0.50192437489753,47235.0,1.2,8523023346339998576,True
SC30,SC4301E0,sync8_c0,13,47428.0,4.0,0.15,13.481302570413511,648,0.9560821605186559,47428.05,1.0,8523023346339998576,True
SC30,SC4301E0,sync8_c0,14,47512.0,4.0,0.15,10.635430067263483,662,0.9008329197343296,47512.1,1.0,8523023346339998576,True
SC30,SC4301E0,sync8_c0,15,50645.0,4.0,0.15,9.229893625372675,651,0.9279901364355388,50644.9,1.0,8523023346339998576,True
SC30,SC4301E0,sync8_c0,16,50828.0,4.0,0.15,21.870603322541605,638,0.8935429457922116,50827.95,1.0,8523023346339998576,True
SC30,SC4301E0,sync8_c0,17,51174.0,4.0,0.15,17.73372680137316,629,0.936564630263611,51174.1,0.9,8523023346339998576,True
SC30,SC4301E0,sync8_c0,18,51349.0,4.0,0.15,15.556453158162894,686,0.9233748541751566,51348.9,1.1,8523023346339998576,True
SC30,SC4301E0,sync8_c0,19,51892.0,4.0,0.15,10.371471044319307,693,0.8610716328596126,51892.1,1.0,8523023346339998576,True
SC30,SC4302E0,iso8_matched,0,37788.0,4.0,0.15,13.437486176754112,680,0.8526948169107097,37787.9,1.1,7686474749616889080,True
SC30,SC4302E0,iso8_matched,1,42312.0,4.0,0.15,10.827486052872803,711,0.4870244600302607,42312.0,1.1,7686474749616889080,True
SC30,SC4302E0,iso8_matched,2,42496.0,4.0,0.15,12.305730293538826,626,0.9538852157567456,42495.8,1.0,7686474749616889080,True
SC30,SC4302E0,iso8_matched,3,42569.0,4.0,0.15,13.582814235032696,629,0.9060848891697116,42568.85,1.0,7686474749616889080,True
SC30,SC4302E0,iso8_matched,4,42725.0,4.0,0.15,20.837998033272175,691,0.6535488392189586,42725.3,1.2,7686474749616889080,True
SC30,SC4302E0,iso8_matched,5,42971.0,4.0,0.15,26.046276152002683,605,0.9109431406933987,42971.05,0.9,7686474749616889080,True
SC30,SC4302E0,iso8_matched,6,43082.0,4.0,0.15,21.71778454436175,682,0.8122016746834515,43082.65,1.1,7686474749616889080,True
SC30,SC4302E0,iso8_matched,7,43589.0,4.0,0.15,9.992081881018432,652,0.9309137912639132,43589.0,1.0,7686474749616889080,True
SC30,SC4302E0,iso8_matched,8,43810.0,4.0,0.15,15.095709158137423,718,0.8711025849626024,43810.05,1.1,7686474749616889080,True
SC30,SC4302E0,iso8_matched,9,44169.0,4.0,0.15,6.838972738166213,590,0.8148104522209536,44169.2,0.8,7686474749616889080,True
SC30,SC4302E0,iso8_matched,10,44250.0,4.0,0.15,6.439519855176588,739,0.8919411338978194,44250.1,1.1,7686474749616889080,True
SC30,SC4302E0,iso8_matched,11,48048.0,4.0,0.15,10.943116463280054,594,0.9364639343271701,48047.9,0.9,7686474749616889080,True
SC30,SC4302E0,iso8_matched,12,48143.0,4.0,0.15,9.368273570701815,690,0.9274326468966223,48142.95,1.1,7686474749616889080,True
SC30,SC4302E0,iso8_matched,13,48303.0,4.0,0.15,12.92039288182128,702,0.9041537778186324,48302.9,1.1,7686474749616889080,True
SC30,SC4302E0,iso8_matched,14,49254.0,4.0,0.15,10.112957627471081,640,0.8278132882605881,49253.95,1.0,7686474749616889080,True
SC30,SC4302E0,iso8_matched,15,49329.0,4.0,0.15,13.328841356334388,674,0.9339130441990218,49329.1,1.0,7686474749616889080,True
SC30,SC4302E0,iso8_matched,16,54423.0,4.0,0.15,14.564966201063545,712,0.0,,,7686474749616889080,True
SC30,SC4302E0,iso8_matched,17,54719.0,4.0,0.15,34.634484098597696,639,0.9371283107529189,54718.95,1.0,7686474749616889080,True
SC30,SC4302E0,iso8_matched,18,55277.0,4.0,0.15,11.999507764934053,681,0.8739081230264985,55276.35,1.0,7686474749616889080,True
SC30,SC4302E0,iso8_matched,19,55369.0,4.0,0.15,11.608299377809173,740,0.0,,,7686474749616889080,True
SC30,SC4302E0,sync8_c0,0,37788.0,4.0,0.15,13.437486176754112,684,0.8913963379780993,37787.95,1.1,7686474749616889080,True
SC30,SC4302E0,sync8_c0,1,42312.0,4.0,0.15,10.827486052872803,710,0.7012706479428877,42312.2,1.0,7686474749616889080,True
SC30,SC4302E0,sync8_c0,2,42496.0,4.0,0.15,12.305730293538826,631,0.9623693306791645,42495.85,1.0,7686474749616889080,True
SC30,SC4302E0,sync8_c0,3,42569.0,4.0,0.15,13.582814235032696,629,0.8889360603030603,42568.9,1.0,7686474749616889080,True
SC30,SC4302E0,sync8_c0,4,42725.0,4.0,0.15,20.837998033272175,682,0.7221664061146629,42725.1,1.0,7686474749616889080,True
SC30,SC4302E0,sync8_c0,5,42971.0,4.0,0.15,26.046276152002683,603,0.9241109105527833,42971.0,0.9,7686474749616889080,True
SC30,SC4302E0,sync8_c0,6,43082.0,4.0,0.15,21.71778454436175,683,0.7258785709102644,43082.0,1.1,7686474749616889080,True
SC30,SC4302E0,sync8_c0,7,43589.0,4.0,0.15,9.992081881018432,649,0.9268826934279613,43589.0,1.0,7686474749616889080,True
SC30,SC4302E0,sync8_c0,8,43810.0,4.0,0.15,15.095709158137423,716,0.8390193550489359,43810.15,1.1,7686474749616889080,True
SC30,SC4302E0,sync8_c0,9,44169.0,4.0,0.15,6.838972738166213,595,0.8621948898391169,44168.85,0.9,7686474749616889080,True
SC30,SC4302E0,sync8_c0,10,44250.0,4.0,0.15,6.439519855176588,745,0.8597804310886722,44250.15,1.1,7686474749616889080,True
SC30,SC4302E0,sync8_c0,11,48048.0,4.0,0.15,10.943116463280054,601,0.937055700708264,48047.9,0.9,7686474749616889080,True
SC30,SC4302E0,sync8_c0,12,48143.0,4.0,0.15,9.368273570701815,681,0.8912919681605264,48142.95,1.1,7686474749616889080,True
SC30,SC4302E0,sync8_c0,13,48303.0,4.0,0.15,12.92039288182128,704,0.9459767391149689,48303.0,1.1,7686474749616889080,True
SC30,SC4302E0,sync8_c0,14,49254.0,4.0,0.15,10.112957627471081,640,0.8383671875491077,49254.0,1.0,7686474749616889080,True
SC30,SC4302E0,sync8_c0,15,49329.0,4.0,0.15,13.328841356334388,672,0.9283788204616396,49329.1,1.0,7686474749616889080,True
SC30,SC4302E0,sync8_c0,16,54423.0,4.0,0.15,14.564966201063545,710,0.5351529909177588,54423.15,1.1,7686474749616889080,True
SC30,SC4302E0,sync8_c0,17,54719.0,4.0,0.15,34.634484098597696,638,0.9453958464369322,54718.95,1.0,7686474749616889080,True
SC30,SC4302E0,sync8_c0,18,55277.0,4.0,0.15,11.999507764934053,672,0.9189142518292138,55277.1,1.0,7686474749616889080,True
SC30,SC4302E0,sync8_c0,19,55369.0,4.0,0.15,11.608299377809173,743,0.8531653637224085,55369.0,1.2,7686474749616889080,True
SC31,SC4311E0,iso8_matched,0,36093.0,4.0,0.15,13.848477942341876,713,0.0,,,4675438661619652305,True
SC31,SC4311E0,iso8_matched,1,36288.0,4.0,0.15,17.53406772652725,717,0.8702760932972339,36287.25,1.1,4675438661619652305,True
SC31,SC4311E0,iso8_matched,2,36392.0,4.0,0.15,19.392211903611347,722,0.9625565740604484,36392.0,1.1,4675438661619652305,True
SC31,SC4311E0,iso8_matched,3,36494.0,4.0,0.15,17.113857156277415,647,0.8412150876854187,36493.95,1.0,4675438661619652305,True
SC31,SC4311E0,iso8_matched,4,36631.0,4.0,0.15,17.2054079517338,706,0.7767880406690232,36631.0,1.1,4675438661619652305,True
SC31,SC4311E0,iso8_matched,5,36948.0,4.0,0.15,14.75238493686413,631,0.883086734204712,36948.05,0.9,4675438661619652305,True
SC31,SC4311E0,iso8_matched,6,37228.0,4.0,0.15,25.818419162968738,658,0.770091437963571,37228.05,1.0,4675438661619652305,True
SC31,SC4311E0,iso8_matched,7,37475.0,4.0,0.15,22.077422022147935,659,0.6434175113241121,37475.0,1.0,4675438661619652305,True
SC31,SC4311E0,iso8_matched,8,37779.0,4.0,0.15,31.970133221322858,678,0.8541260535710268,37778.35,1.0,4675438661619652305,True
SC31,SC4311E0,iso8_matched,9,45530.0,4.0,0.15,13.445847540310346,744,0.9427752282065277,45530.1,1.1,4675438661619652305,True
SC31,SC4311E0,iso8_matched,10,45710.0,4.0,0.15,18.519962829012332,684,0.9189207502504015,45710.15,1.0,4675438661619652305,True
SC31,SC4311E0,iso8_matched,11,45920.0,4.0,0.15,15.041437400624053,639,0.9113582389501642,45920.0,1.0,4675438661619652305,True
SC31,SC4311E0,iso8_matched,12,49535.0,4.0,0.15,9.811712777768046,592,0.47992237651651787,49534.9,0.9,4675438661619652305,True
SC31,SC4311E0,iso8_matched,13,49791.0,4.0,0.15,42.36486684197628,746,0.7985675793190513,49790.4,1.1,4675438661619652305,True
SC31,SC4311E0,iso8_matched,14,49874.0,4.0,0.15,39.13416344227594,739,0.9527170408709047,49874.1,1.1,4675438661619652305,True
SC31,SC4311E0,iso8_matched,15,49977.0,4.0,0.15,25.99114424961437,691,0.5702432633006735,49977.6,1.1,4675438661619652305,True
SC31,SC4311E0,iso8_matched,16,50171.0,4.0,0.15,15.92662072082487,697,0.9127387509201977,50170.9,1.1,4675438661619652305,True
SC31,SC4311E0,iso8_matched,17,50836.0,4.0,0.15,10.220818767377535,622,0.800488962965559,50836.15,0.9,4675438661619652305,True
SC31,SC4311E0,iso8_matched,18,50922.0,4.0,0.15,10.439453503140614,610,0.9337124700809876,50922.05,0.9,4675438661619652305,True
SC31,SC4311E0,iso8_matched,19,51269.0,4.0,0.15,11.348550103606913,644,0.0,,,4675438661619652305,True
SC31,SC4311E0,sync8_c0,0,36093.0,4.0,0.15,13.848477942341876,718,0.7350933028337241,36093.05,1.1,4675438661619652305,True
SC31,SC4311E0,sync8_c0,1,36288.0,4.0,0.15,17.53406772652725,715,0.7724804318552446,36288.05,1.1,4675438661619652305,True
SC31,SC4311E0,sync8_c0,2,36392.0,4.0,0.15,19.392211903611347,724,0.9563062414991463,36392.05,1.1,4675438661619652305,True
SC31,SC4311E0,sync8_c0,3,36494.0,4.0,0.15,17.113857156277415,652,0.8651507653617393,36493.95,1.0,4675438661619652305,True
SC31,SC4311E0,sync8_c0,4,36631.0,4.0,0.15,17.2054079517338,707,0.7731428745885409,36631.1,1.1,4675438661619652305,True
SC31,SC4311E0,sync8_c0,5,36948.0,4.0,0.15,14.75238493686413,639,0.8564867870588946,36947.85,1.0,4675438661619652305,True
SC31,SC4311E0,sync8_c0,6,37228.0,4.0,0.15,25.818419162968738,661,0.7859350197479352,37228.05,1.0,4675438661619652305,True
SC31,SC4311E0,sync8_c0,7,37475.0,4.0,0.15,22.077422022147935,662,0.6375174530726525,37475.0,1.0,4675438661619652305,True
SC31,SC4311E0,sync8_c0,8,37779.0,4.0,0.15,31.970133221322858,677,0.8382408928044648,37779.05,1.0,4675438661619652305,True
SC31,SC4311E0,sync8_c0,9,45530.0,4.0,0.15,13.445847540310346,747,0.8887588512958032,45530.15,1.1,4675438661619652305,True
SC31,SC4311E0,sync8_c0,10,45710.0,4.0,0.15,18.519962829012332,677,0.951175686642488,45710.1,1.0,4675438661619652305,True
SC31,SC4311E0,sync8_c0,11,45920.0,4.0,0.15,15.041437400624053,636,0.8997048721249588,45919.95,1.0,4675438661619652305,True
SC31,SC4311E0,sync8_c0,12,49535.0,4.0,0.15,9.811712777768046,595,0.3932386781178245,49534.95,0.9,4675438661619652305,True
SC31,SC4311E0,sync8_c0,13,49791.0,4.0,0.15,42.36486684197628,747,0.817370990409706,49790.9,1.2,4675438661619652305,True
SC31,SC4311E0,sync8_c0,14,49874.0,4.0,0.15,39.13416344227594,735,0.959082106232106,49874.15,1.1,4675438661619652305,True
SC31,SC4311E0,sync8_c0,15,49977.0,4.0,0.15,25.99114424961437,695,0.5350435564301171,49976.95,1.1,4675438661619652305,True
SC31,SC4311E0,sync8_c0,16,50171.0,4.0,0.15,15.92662072082487,707,0.9724868172341661,50171.05,1.1,4675438661619652305,True
SC31,SC4311E0,sync8_c0,17,50836.0,4.0,0.15,10.220818767377535,616,0.838814699024166,50836.1,0.9,4675438661619652305,True
SC31,SC4311E0,sync8_c0,18,50922.0,4.0,0.15,10.439453503140614,605,0.9140989838303163,50922.0,0.9,4675438661619652305,True
SC31,SC4311E0,sync8_c0,19,51269.0,4.0,0.15,11.348550103606913,645,0.4440658899183657,51268.85,1.0,4675438661619652305,True
SC31,SC4312E0,iso8_matched,0,32146.0,4.0,0.15,15.416308756706766,643,0.9366429749009102,32145.95,1.0,4494950355488124107,True
SC31,SC4312E0,iso8_matched,1,33134.0,4.0,0.15,13.455990138050572,659,0.9428892211904665,33134.05,1.0,4494950355488124107,True
SC31,SC4312E0,iso8_matched,2,33243.0,4.0,0.15,13.882634609158496,608,0.8283355661493768,33243.0,0.9,4494950355488124107,True
SC31,SC4312E0,iso8_matched,3,33736.0,4.0,0.15,15.284406264156448,637,0.8814501851219304,33735.95,1.0,4494950355488124107,True
SC31,SC4312E0,iso8_matched,4,34442.0,4.0,0.15,9.968253282900898,752,0.7059051441355306,34442.25,1.1,4494950355488124107,True
SC31,SC4312E0,iso8_matched,5,34556.0,4.0,0.15,15.086077849635378,726,0.7605052713408355,34556.0,1.1,4494950355488124107,True
SC31,SC4312E0,iso8_matched,6,34705.0,4.0,0.15,16.983573993056478,718,0.9551517119947296,34705.0,1.1,4494950355488124107,True
SC31,SC4312E0,iso8_matched,7,34955.0,4.0,0.15,8.260544342444408,729,0.9080746617076748,34955.05,1.1,4494950355488124107,True
SC31,SC4312E0,iso8_matched,8,35080.0,4.0,0.15,11.093765989006531,642,0.9181369851943849,35079.9,1.0,4494950355488124107,True
SC31,SC4312E0,iso8_matched,9,39931.0,4.0,0.15,19.996530167416115,616,0.76062922309218,39930.4,0.9,4494950355488124107,True
SC31,SC4312E0,iso8_matched,10,40085.0,4.0,0.15,19.237014683872935,643,0.7830777516719366,40085.55,1.0,4494950355488124107,True
SC31,SC4312E0,iso8_matched,11,40398.0,4.0,0.15,13.651343699743236,588,0.9096919749800038,40397.95,0.9,4494950355488124107,True
SC31,SC4312E0,iso8_matched,12,40458.0,4.0,0.15,14.454520434316395,609,0.7024947259817853,40457.35,0.9,4494950355488124107,True
SC31,SC4312E0,iso8_matched,13,41203.0,4.0,0.15,10.173414073649202,755,0.8765923987671225,41202.85,1.2,4494950355488124107,True
SC31,SC4312E0,iso8_matched,14,50333.0,4.0,0.15,9.867117705309836,637,0.8725651703489258,50332.9,1.0,4494950355488124107,True
SC31,SC4312E0,iso8_matched,15,50491.0,4.0,0.15,13.17761601494466,600,0.4338709567451479,50491.05,0.9,4494950355488124107,True
SC31,SC4312E0,iso8_matched,16,54122.0,4.0,0.15,43.54381599564282,637,0.8820188270614939,54121.85,1.0,4494950355488124107,True
SC31,SC4312E0,iso8_matched,17,54209.0,4.0,0.15,63.0592708768699,629,0.9336215791985013,54209.15,0.9,4494950355488124107,True
SC31,SC4312E0,iso8_matched,18,54421.0,4.0,0.15,17.538902953858592,600,0.8738316332163989,54421.0,0.9,4494950355488124107,True
SC31,SC4312E0,iso8_matched,19,55834.0,4.0,0.15,10.988831926258873,631,0.8922678888229565,55833.9,1.0,4494950355488124107,True
SC31,SC4312E0,sync8_c0,0,32146.0,4.0,0.15,15.416308756706766,643,0.942372649695058,32145.95,1.0,4494950355488124107,True
SC31,SC4312E0,sync8_c0,1,33134.0,4.0,0.15,13.455990138050572,660,0.946708810840479,33134.05,1.0,4494950355488124107,True
SC31,SC4312E0,sync8_c0,2,33243.0,4.0,0.15,13.882634609158496,608,0.8353776546842453,33242.95,0.9,4494950355488124107,True
SC31,SC4312E0,sync8_c0,3,33736.0,4.0,0.15,15.284406264156448,632,0.8953734834220642,33736.1,0.9,4494950355488124107,True
SC31,SC4312E0,sync8_c0,4,34442.0,4.0,0.15,9.968253282900898,754,0.6629899446887014,34441.95,1.2,4494950355488124107,True
SC31,SC4312E0,sync8_c0,5,34556.0,4.0,0.15,15.086077849635378,731,0.7552370123708336,34556.1,1.1,4494950355488124107,True
SC31,SC4312E0,sync8_c0,6,34705.0,4.0,0.15,16.983573993056478,718,0.9457795584957868,34705.05,1.1,4494950355488124107,True
SC31,SC4312E0,sync8_c0,7,34955.0,4.0,0.15,8.260544342444408,729,0.9131739645389559,34955.15,1.1,4494950355488124107,True
SC31,SC4312E0,sync8_c0,8,35080.0,4.0,0.15,11.093765989006531,642,0.9083432071435086,35079.95,1.0,4494950355488124107,True
SC31,SC4312E0,sync8_c0,9,39931.0,4.0,0.15,19.996530167416115,614,0.7225210234485755,39931.0,0.9,4494950355488124107,True
SC31,SC4312E0,sync8_c0,10,40085.0,4.0,0.15,19.237014683872935,644,0.7513478970493588,40084.85,1.0,4494950355488124107,True
SC31,SC4312E0,sync8_c0,11,40398.0,4.0,0.15,13.651343699743236,585,0.9030952910992278,40397.9,0.9,4494950355488124107,True
SC31,SC4312E0,sync8_c0,12,40458.0,4.0,0.15,14.454520434316395,610,0.5432161632994951,40458.0,0.9,4494950355488124107,True
SC31,SC4312E0,sync8_c0,13,41203.0,4.0,0.15,10.173414073649202,750,0.8442815328124508,41202.85,1.2,4494950355488124107,True
SC31,SC4312E0,sync8_c0,14,50333.0,4.0,0.15,9.867117705309836,628,0.8393084733222975,50333.05,0.9,4494950355488124107,True
SC31,SC4312E0,sync8_c0,15,50491.0,4.0,0.15,13.17761601494466,598,0.451827372626452,50491.0,0.9,4494950355488124107,True
SC31,SC4312E0,sync8_c0,16,54122.0,4.0,0.15,43.54381599564282,642,0.8738213986388113,54121.9,1.0,4494950355488124107,True
SC31,SC4312E0,sync8_c0,17,54209.0,4.0,0.15,63.0592708768699,627,0.9368071197495551,54209.1,0.9,4494950355488124107,True
SC31,SC4312E0,sync8_c0,18,54421.0,4.0,0.15,17.538902953858592,596,0.8615124943945849,54421.0,0.9,4494950355488124107,True
SC31,SC4312E0,sync8_c0,19,55834.0,4.0,0.15,10.988831926258873,635,0.90342247109121,55833.95,1.0,4494950355488124107,True
SC32,SC4321E0,iso8_matched,0,32439.0,4.0,0.15,36.5402578601538,683,0.8770310654904386,32439.15,1.0,16948551435426600928,True
SC32,SC4321E0,iso8_matched,1,32523.0,4.0,0.15,44.426671777764014,719,0.5943132113276666,32523.75,1.1,16948551435426600928,True
SC32,SC4321E0,iso8_matched,2,36024.0,4.0,0.15,26.21941090124102,692,0.9380353948096961,36023.95,1.1,16948551435426600928,True
SC32,SC4321E0,iso8_matched,3,36151.0,4.0,0.15,23.683633792271106,634,0.0,,,16948551435426600928,True
SC32,SC4321E0,iso8_matched,4,36541.0,4.0,0.15,21.469294909316098,632,0.8977641094757787,36540.8,1.0,16948551435426600928,True
SC32,SC4321E0,iso8_matched,5,36625.0,4.0,0.15,20.638145151096854,684,0.9247898387432136,36624.9,1.1,16948551435426600928,True
SC32,SC4321E0,iso8_matched,6,37622.0,4.0,0.15,24.848525984641615,701,0.967847743736261,37621.9,1.1,16948551435426600928,True
SC32,SC4321E0,iso8_matched,7,38081.0,4.0,0.15,67.92455398589522,592,0.9683339570296615,38080.95,0.9,16948551435426600928,True
SC32,SC4321E0,iso8_matched,8,43051.0,4.0,0.15,37.541077384974216,732,0.9457082244301319,43051.05,1.1,16948551435426600928,True
SC32,SC4321E0,iso8_matched,9,43260.0,4.0,0.15,13.71082563365521,608,0.8428760966097419,43259.9,0.9,16948551435426600928,True
SC32,SC4321E0,iso8_matched,10,43461.0,4.0,0.15,8.958445041555827,628,0.0,,,16948551435426600928,True
SC32,SC4321E0,iso8_matched,11,43551.0,4.0,0.15,12.918940611737815,653,0.8794035072153676,43551.0,1.0,16948551435426600928,True
SC32,SC4321E0,iso8_matched,12,48856.0,4.0,0.15,26.691992978201014,696,0.8382593512062683,48855.95,1.1,16948551435426600928,True
SC32,SC4321E0,iso8_matched,13,49483.0,4.0,0.15,9.113506178683757,755,0.6194152061491215,49482.55,1.1,16948551435426600928,True
SC32,SC4321E0,iso8_matched,14,50010.0,4.0,0.15,13.79937249005217,619,0.9377250004793476,50010.1,0.9,16948551435426600928,True
SC32,SC4321E0,iso8_matched,15,50365.0,4.0,0.15,30.37343369485379,612,0.8333148697568804,50365.05,0.9,16948551435426600928,True
SC32,SC4321E0,iso8_matched,16,54698.0,4.0,0.15,10.658582520884025,641,0.6938549889266619,54698.6,1.0,16948551435426600928,True
SC32,SC4321E0,iso8_matched,17,54850.0,4.0,0.15,16.378332660827496,677,0.8823168723073508,54850.0,1.0,16948551435426600928,True
SC32,SC4321E0,iso8_matched,18,55491.0,4.0,0.15,18.39508401636928,643,0.8762145734846574,55490.9,1.0,16948551435426600928,True
SC32,SC4321E0,iso8_matched,19,55646.0,4.0,0.15,12.75304219384978,706,0.9207824157455408,55646.05,1.1,16948551435426600928,True
SC32,SC4321E0,sync8_c0,0,32439.0,4.0,0.15,36.5402578601538,685,0.9229082497042738,32438.9,1.1,16948551435426600928,True
SC32,SC4321E0,sync8_c0,1,32523.0,4.0,0.15,44.426671777764014,722,0.77283772895161,32523.05,1.1,16948551435426600928,True
SC32,SC4321E0,sync8_c0,2,36024.0,4.0,0.15,26.21941090124102,686,0.9432993855466512,36024.0,1.1,16948551435426600928,True
SC32,SC4321E0,sync8_c0,3,36151.0,4.0,0.15,23.683633792271106,636,0.3396081184184112,36150.85,1.0,16948551435426600928,True
SC32,SC4321E0,sync8_c0,4,36541.0,4.0,0.15,21.469294909316098,637,0.9061990665981579,36540.85,1.0,16948551435426600928,True
SC32,SC4321E0,sync8_c0,5,36625.0,4.0,0.15,20.638145151096854,684,0.9280969208785772,36625.0,1.1,16948551435426600928,True
SC32,SC4321E0,sync8_c0,6,37622.0,4.0,0.15,24.848525984641615,699,0.9722586621131556,37621.95,1.1,16948551435426600928,True
SC32,SC4321E0,sync8_c0,7,38081.0,4.0,0.15,67.92455398589522,595,0.9772653400923361,38080.95,0.9,16948551435426600928,True
SC32,SC4321E0,sync8_c0,8,43051.0,4.0,0.15,37.541077384974216,739,0.876208925948758,43051.2,1.1,16948551435426600928,True
SC32,SC4321E0,sync8_c0,9,43260.0,4.0,0.15,13.71082563365521,617,0.8355518654225096,43259.9,0.9,16948551435426600928,True
SC32,SC4321E0,sync8_c0,10,43461.0,4.0,0.15,8.958445041555827,627,0.6309131537181426,43461.2,0.9,16948551435426600928,True
SC32,SC4321E0,sync8_c0,11,43551.0,4.0,0.15,12.918940611737815,654,0.8920705477097659,43551.0,1.0,16948551435426600928,True
SC32,SC4321E0,sync8_c0,12,48856.0,4.0,0.15,26.691992978201014,692,0.8036870635309273,48856.2,1.0,16948551435426600928,True
SC32,SC4321E0,sync8_c0,13,49483.0,4.0,0.15,9.113506178683757,748,0.6887083662394217,49483.3,1.1,16948551435426600928,True
SC32,SC4321E0,sync8_c0,14,50010.0,4.0,0.15,13.79937249005217,613,0.9423543082883635,50010.0,0.9,16948551435426600928,True
SC32,SC4321E0,sync8_c0,15,50365.0,4.0,0.15,30.37343369485379,608,0.8446472805883326,50365.0,0.9,16948551435426600928,True
SC32,SC4321E0,sync8_c0,16,54698.0,4.0,0.15,10.658582520884025,635,0.7609127132954455,54697.9,1.0,16948551435426600928,True
SC32,SC4321E0,sync8_c0,17,54850.0,4.0,0.15,16.378332660827496,688,0.8642857468531185,54850.05,1.0,16948551435426600928,True
SC32,SC4321E0,sync8_c0,18,55491.0,4.0,0.15,18.39508401636928,647,0.8936600653734188,55490.9,1.0,16948551435426600928,True
SC32,SC4321E0,sync8_c0,19,55646.0,4.0,0.15,12.75304219384978,696,0.8877649079781212,55646.05,1.1,16948551435426600928,True
SC32,SC4322E0,iso8_matched,0,31795.0,4.0,0.15,22.07757418079264,619,0.9328766432960147,31795.0,0.9,7984368627733550094,True
SC32,SC4322E0,iso8_matched,1,32525.0,4.0,0.15,25.021505206337714,629,0.5285026063409931,32524.95,1.0,7984368627733550094,True
SC32,SC4322E0,iso8_matched,2,32731.0,4.0,0.15,24.185041300540803,668,0.8158325494278651,32730.95,1.0,7984368627733550094,True
SC32,SC4322E0,iso8_matched,3,37774.0,4.0,0.15,10.661884026406032,624,0.7734472068391368,37774.05,0.9,7984368627733550094,True
SC32,SC4322E0,iso8_matched,4,37943.0,4.0,0.15,15.516637529945864,684,0.6677974077754341,37943.6,1.1,7984368627733550094,True
SC32,SC4322E0,iso8_matched,5,38122.0,4.0,0.15,22.806849751528972,693,0.0,,,7984368627733550094,True
SC32,SC4322E0,iso8_matched,6,38683.0,4.0,0.15,16.493960583188795,698,0.9288223010018094,38682.95,1.1,7984368627733550094,True
SC32,SC4322E0,iso8_matched,7,38800.0,4.0,0.15,18.7637919294972,665,0.8426998770327302,38800.05,1.0,7984368627733550094,True
SC32,SC4322E0,iso8_matched,8,43892.0,4.0,0.15,35.064303735921364,603,0.8960767735627311,43891.95,0.9,7984368627733550094,True
SC32,SC4322E0,iso8_matched,9,44056.0,4.0,0.15,30.625375654584776,622,0.7427883440207685,44055.85,1.0,7984368627733550094,True
SC32,SC4322E0,iso8_matched,10,44373.0,4.0,0.15,35.04959800675562,660,0.8497885982586538,44373.05,1.0,7984368627733550094,True
SC32,SC4322E0,iso8_matched,11,45295.0,4.0,0.15,7.695011075052113,649,0.4685259932624969,45294.3,1.0,7984368627733550094,True
SC32,SC4322E0,iso8_matched,12,50325.0,4.0,0.15,19.036556706470943,696,0.9464440178719055,50324.95,1.1,7984368627733550094,True
SC32,SC4322E0,iso8_matched,13,50525.0,4.0,0.15,19.6667603645337,630,0.7640396244515308,50524.55,0.9,7984368627733550094,True
SC32,SC4322E0,iso8_matched,14,51377.0,4.0,0.15,8.83311962353191,726,0.8998664778528612,51377.2,1.1,7984368627733550094,True
SC32,SC4322E0,iso8_matched,15,55147.0,4.0,0.15,10.421091602484516,695,0.8609826930309045,55146.9,1.1,7984368627733550094,True
SC32,SC4322E0,iso8_matched,16,55280.0,4.0,0.15,11.58249164452104,667,0.0,,,7984368627733550094,True
SC32,SC4322E0,iso8_matched,17,55472.0,4.0,0.15,17.575226931264393,712,0.7058798131967862,55472.75,1.1,7984368627733550094,True
SC32,SC4322E0,iso8_matched,18,56212.0,4.0,0.15,14.723652866558304,667,0.8359643598676252,56212.05,1.0,7984368627733550094,True
SC32,SC4322E0,iso8_matched,19,56467.0,4.0,0.15,23.432718266522652,704,0.9412323309503899,56467.0,1.1,7984368627733550094,True
SC32,SC4322E0,sync8_c0,0,31795.0,4.0,0.15,22.07757418079264,617,0.9615920074203446,31795.0,0.9,7984368627733550094,True
SC32,SC4322E0,sync8_c0,1,32525.0,4.0,0.15,25.021505206337714,630,0.42262626490288036,32524.55,1.2,7984368627733550094,True
SC32,SC4322E0,sync8_c0,2,32731.0,4.0,0.15,24.185041300540803,671,0.7827000448614523,32731.0,1.0,7984368627733550094,True
SC32,SC4322E0,sync8_c0,3,37774.0,4.0,0.15,10.661884026406032,622,0.7454938516685881,37774.05,0.9,7984368627733550094,True
SC32,SC4322E0,sync8_c0,4,37943.0,4.0,0.15,15.516637529945864,686,0.6378516796453091,37942.95,1.1,7984368627733550094,True
SC32,SC4322E0,sync8_c0,5,38122.0,4.0,0.15,22.806849751528972,693,0.7088026710740053,38122.15,1.0,7984368627733550094,True
SC32,SC4322E0,sync8_c0,6,38683.0,4.0,0.15,16.493960583188795,692,0.9284821204719839,38683.05,1.1,7984368627733550094,True
SC32,SC4322E0,sync8_c0,7,38800.0,4.0,0.15,18.7637919294972,664,0.8470018638108424,38800.0,1.0,7984368627733550094,True
SC32,SC4322E0,sync8_c0,8,43892.0,4.0,0.15,35.064303735921364,597,0.9087064657269038,43891.9,0.9,7984368627733550094,True
SC32,SC4322E0,sync8_c0,9,44056.0,4.0,0.15,30.625375654584776,616,0.7208392249971288,44056.05,0.9,7984368627733550094,True
SC32,SC4322E0,sync8_c0,10,44373.0,4.0,0.15,35.04959800675562,658,0.8224397604650193,44373.05,1.0,7984368627733550094,True
SC32,SC4322E0,sync8_c0,11,45295.0,4.0,0.15,7.695011075052113,654,0.4902493545784161,45294.55,1.2,7984368627733550094,True
SC32,SC4322E0,sync8_c0,12,50325.0,4.0,0.15,19.036556706470943,693,0.9400398493548296,50325.0,1.1,7984368627733550094,True
SC32,SC4322E0,sync8_c0,13,50525.0,4.0,0.15,19.6667603645337,629,0.8404819767584937,50525.1,0.9,7984368627733550094,True
SC32,SC4322E0,sync8_c0,14,51377.0,4.0,0.15,8.83311962353191,721,0.8721922191022288,51377.25,1.1,7984368627733550094,True
SC32,SC4322E0,sync8_c0,15,55147.0,4.0,0.15,10.421091602484516,691,0.8284198494822559,55146.95,1.1,7984368627733550094,True
SC32,SC4322E0,sync8_c0,16,55280.0,4.0,0.15,11.58249164452104,657,0.3655337166730953,55280.05,1.0,7984368627733550094,True
SC32,SC4322E0,sync8_c0,17,55472.0,4.0,0.15,17.575226931264393,712,0.6719180687606079,55472.05,1.1,7984368627733550094,True
SC32,SC4322E0,sync8_c0,18,56212.0,4.0,0.15,14.723652866558304,671,0.770535029012924,56211.85,1.1,7984368627733550094,True
SC32,SC4322E0,sync8_c0,19,56467.0,4.0,0.15,23.432718266522652,698,0.9468535325535747,56467.05,1.1,7984368627733550094,True
SC33,SC4331F0,iso8_matched,0,31598.0,4.0,0.15,9.973913989718003,685,0.7424270389363841,31598.05,1.0,7910107741560191056,True
SC33,SC4331F0,iso8_matched,1,31886.0,4.0,0.15,21.638684908385695,728,0.9209817154888311,31886.05,1.1,7910107741560191056,True
SC33,SC4331F0,iso8_matched,2,31999.0,4.0,0.15,20.20304863155833,711,0.9573689077785529,31998.9,1.1,7910107741560191056,True
SC33,SC4331F0,iso8_matched,3,32175.0,4.0,0.15,15.116816799483704,663,0.8266373058720897,32175.05,1.0,7910107741560191056,True
SC33,SC4331F0,iso8_matched,4,32425.0,4.0,0.15,11.872050220078384,671,0.9175047589335038,32425.0,1.0,7910107741560191056,True
SC33,SC4331F0,iso8_matched,5,32625.0,4.0,0.15,9.735756232312765,668,0.9173108103708169,32625.05,1.0,7910107741560191056,True
SC33,SC4331F0,iso8_matched,6,32830.0,4.0,0.15,9.558184752036002,742,0.4362915453597523,32830.7,1.2,7910107741560191056,True
SC33,SC4331F0,iso8_matched,7,32960.0,4.0,0.15,11.082972210911887,660,0.9238848398940823,32959.95,1.0,7910107741560191056,True
SC33,SC4331F0,iso8_matched,8,40675.0,4.0,0.15,8.659359496860205,615,0.9148661405671658,40675.0,0.9,7910107741560191056,True
SC33,SC4331F0,iso8_matched,9,40832.0,4.0,0.15,8.967372852984564,661,0.8769987687301252,40832.0,1.0,7910107741560191056,True
SC33,SC4331F0,iso8_matched,10,41048.0,4.0,0.15,11.236738889239607,650,0.914765610201806,41048.05,1.0,7910107741560191056,True
SC33,SC4331F0,iso8_matched,11,41197.0,4.0,0.15,10.878562822409409,671,0.956760916828428,41197.05,1.0,7910107741560191056,True
SC33,SC4331F0,iso8_matched,12,45011.0,4.0,0.15,10.507931213675265,685,0.8564126066498148,45010.9,1.1,7910107741560191056,True
SC33,SC4331F0,iso8_matched,13,45158.0,4.0,0.15,13.308430830756583,646,0.5609676659707071,45157.6,0.9,7910107741560191056,True
SC33,SC4331F0,iso8_matched,14,45451.0,4.0,0.15,15.21636441375606,642,0.9000219670836404,45450.85,1.0,7910107741560191056,True
SC33,SC4331F0,iso8_matched,15,48565.0,4.0,0.15,7.278904973033875,731,0.9337441077470715,48565.1,1.1,7910107741560191056,True
SC33,SC4331F0,iso8_matched,16,48726.0,4.0,0.15,10.808066305460525,735,0.8117729037414729,48726.05,1.1,7910107741560191056,True
SC33,SC4331F0,iso8_matched,17,48826.0,4.0,0.15,13.714895466682867,726,0.8483733876940313,48826.15,1.1,7910107741560191056,True
SC33,SC4331F0,iso8_matched,18,49248.0,4.0,0.15,21.444888379761196,725,0.8946965064331414,49247.25,1.1,7910107741560191056,True
SC33,SC4331F0,iso8_matched,19,49989.0,4.0,0.15,10.949176815948542,670,0.9193967019243964,49989.05,1.0,7910107741560191056,True
SC33,SC4331F0,sync8_c0,0,31598.0,4.0,0.15,9.973913989718003,686,0.7912040740604983,31598.1,1.0,7910107741560191056,True
SC33,SC4331F0,sync8_c0,1,31886.0,4.0,0.15,21.638684908385695,730,0.9117068575984325,31886.15,1.1,7910107741560191056,True
SC33,SC4331F0,sync8_c0,2,31999.0,4.0,0.15,20.20304863155833,715,0.9340300288108369,31999.0,1.1,7910107741560191056,True
SC33,SC4331F0,sync8_c0,3,32175.0,4.0,0.15,15.116816799483704,663,0.7925317519769359,32175.05,1.0,7910107741560191056,True
SC33,SC4331F0,sync8_c0,4,32425.0,4.0,0.15,11.872050220078384,673,0.9362583791974873,32425.05,1.0,7910107741560191056,True
SC33,SC4331F0,sync8_c0,5,32625.0,4.0,0.15,9.735756232312765,677,0.891316359779003,32624.85,1.1,7910107741560191056,True
SC33,SC4331F0,sync8_c0,6,32830.0,4.0,0.15,9.558184752036002,740,0.5653195702162944,32830.65,1.2,7910107741560191056,True
SC33,SC4331F0,sync8_c0,7,32960.0,4.0,0.15,11.082972210911887,665,0.9137824299603527,32960.0,1.0,7910107741560191056,True
SC33,SC4331F0,sync8_c0,8,40675.0,4.0,0.15,8.659359496860205,620,0.9056304921477567,40675.0,0.9,7910107741560191056,True
SC33,SC4331F0,sync8_c0,9,40832.0,4.0,0.15,8.967372852984564,665,0.8333153572093633,40832.05,1.0,7910107741560191056,True
SC33,SC4331F0,sync8_c0,10,41048.0,4.0,0.15,11.236738889239607,647,0.9137416768287917,41048.0,1.0,7910107741560191056,True
SC33,SC4331F0,sync8_c0,11,41197.0,4.0,0.15,10.878562822409409,675,0.9475573520339337,41197.1,1.0,7910107741560191056,True
SC33,SC4331F0,sync8_c0,12,45011.0,4.0,0.15,10.507931213675265,680,0.8547640155607253,45010.95,1.1,7910107741560191056,True
SC33,SC4331F0,sync8_c0,13,45158.0,4.0,0.15,13.308430830756583,655,0.6801638858519777,45158.0,1.0,7910107741560191056,True
SC33,SC4331F0,sync8_c0,14,45451.0,4.0,0.15,15.21636441375606,642,0.8930115523897667,45450.85,1.0,7910107741560191056,True
SC33,SC4331F0,sync8_c0,15,48565.0,4.0,0.15,7.278904973033875,728,0.9376219729834913,48565.15,1.1,7910107741560191056,True
SC33,SC4331F0,sync8_c0,16,48726.0,4.0,0.15,10.808066305460525,738,0.7515233038451773,48725.9,1.2,7910107741560191056,True
SC33,SC4331F0,sync8_c0,17,48826.0,4.0,0.15,13.714895466682867,722,0.7544187719454405,48826.15,1.1,7910107741560191056,True
SC33,SC4331F0,sync8_c0,18,49248.0,4.0,0.15,21.444888379761196,724,0.8123108559357066,49248.1,1.1,7910107741560191056,True
SC33,SC4331F0,sync8_c0,19,49989.0,4.0,0.15,10.949176815948542,673,0.9028050488741883,49989.1,1.0,7910107741560191056,True
SC33,SC4332F0,iso8_matched,0,26115.0,4.0,0.15,11.419443119728282,767,0.9453978385821564,26114.95,1.2,10321235817630418605,True
SC33,SC4332F0,iso8_matched,1,26256.0,4.0,0.15,10.654621617243858,704,0.8428749737878442,26255.9,1.1,10321235817630418605,True
SC33,SC4332F0,iso8_matched,2,26551.0,4.0,0.15,14.736861478137598,664,0.8986073833158261,26551.0,1.0,10321235817630418605,True
SC33,SC4332F0,iso8_matched,3,26759.0,4.0,0.15,13.561452931542982,678,0.8349467333041571,26758.85,1.1,10321235817630418605,True
SC33,SC4332F0,iso8_matched,4,26872.0,4.0,0.15,13.601871559798179,714,0.774091178787088,26872.05,1.1,10321235817630418605,True
SC33,SC4332F0,iso8_matched,5,32730.0,4.0,0.15,10.282963162309363,698,0.3985421962045871,32729.35,1.2,10321235817630418605,True
SC33,SC4332F0,iso8_matched,6,38194.0,4.0,0.15,9.792022232367351,729,0.9205116677408304,38194.05,1.1,10321235817630418605,True
SC33,SC4332F0,iso8_matched,7,38417.0,4.0,0.15,12.621278452367855,673,0.9257478958407661,38417.05,1.0,10321235817630418605,True
SC33,SC4332F0,iso8_matched,8,38539.0,4.0,0.15,15.314660476894502,627,0.8783651474523027,38538.95,1.0,10321235817630418605,True
SC33,SC4332F0,iso8_matched,9,38653.0,4.0,0.15,15.562011458610064,642,0.9398556949876639,38652.95,1.0,10321235817630418605,True
SC33,SC4332F0,iso8_matched,10,44629.0,4.0,0.15,8.290525694297122,722,0.8907201266639396,44628.95,1.1,10321235817630418605,True
SC33,SC4332F0,iso8_matched,11,44905.0,4.0,0.15,11.191359610390892,702,0.7576316989230196,44905.15,1.0,10321235817630418605,True
SC33,SC4332F0,iso8_matched,12,45146.0,4.0,0.15,17.751639269695946,733,0.8865360449375045,45145.85,1.2,10321235817630418605,True
SC33,SC4332F0,iso8_matched,13,45207.0,4.0,0.15,17.176206203861376,634,0.8952484694326537,45207.0,1.0,10321235817630418605,True
SC33,SC4332F0,iso8_matched,14,45500.0,4.0,0.15,16.555011598076796,721,0.0,,,10321235817630418605,True
SC33,SC4332F0,iso8_matched,15,45628.0,4.0,0.15,19.262200900103405,677,0.9419153723908953,45628.1,1.0,10321235817630418605,True
SC33,SC4332F0,iso8_matched,16,45748.0,4.0,0.15,15.771930543410534,731,0.9370245132221918,45748.05,1.1,10321235817630418605,True
SC33,SC4332F0,iso8_matched,17,45912.0,4.0,0.15,13.47801924906454,694,0.8822063734191806,45911.9,1.1,10321235817630418605,True
SC33,SC4332F0,iso8_matched,18,45984.0,4.0,0.15,14.325273256154372,707,0.9208208027655685,45983.95,1.1,10321235817630418605,True
SC33,SC4332F0,iso8_matched,19,46080.0,4.0,0.15,16.88265437893033,623,0.9217386161736697,46080.1,0.9,10321235817630418605,True
SC33,SC4332F0,sync8_c0,0,26115.0,4.0,0.15,11.419443119728282,775,0.9714948454534409,26115.0,1.2,10321235817630418605,True
SC33,SC4332F0,sync8_c0,1,26256.0,4.0,0.15,10.654621617243858,707,0.8583703087439272,26255.95,1.1,10321235817630418605,True
SC33,SC4332F0,sync8_c0,2,26551.0,4.0,0.15,14.736861478137598,661,0.8780026850842204,26551.0,1.0,10321235817630418605,True
SC33,SC4332F0,sync8_c0,3,26759.0,4.0,0.15,13.561452931542982,675,0.8616745057292384,26758.95,1.1,10321235817630418605,True
SC33,SC4332F0,sync8_c0,4,26872.0,4.0,0.15,13.601871559798179,707,0.7587684581175634,26872.25,1.0,10321235817630418605,True
SC33,SC4332F0,sync8_c0,5,32730.0,4.0,0.15,10.282963162309363,701,0.4958508941747268,32729.55,1.2,10321235817630418605,True
SC33,SC4332F0,sync8_c0,6,38194.0,4.0,0.15,9.792022232367351,731,0.9219244356756404,38194.1,1.1,10321235817630418605,True
SC33,SC4332F0,sync8_c0,7,38417.0,4.0,0.15,12.621278452367855,670,0.9436028001432983,38417.05,1.0,10321235817630418605,True
SC33,SC4332F0,sync8_c0,8,38539.0,4.0,0.15,15.314660476894502,622,0.8766052047041529,38538.95,1.0,10321235817630418605,True
SC33,SC4332F0,sync8_c0,9,38653.0,4.0,0.15,15.562011458610064,643,0.9178901377461606,38652.95,1.0,10321235817630418605,True
SC33,SC4332F0,sync8_c0,10,44629.0,4.0,0.15,8.290525694297122,726,0.8706751645707596,44629.05,1.1,10321235817630418605,True
SC33,SC4332F0,sync8_c0,11,44905.0,4.0,0.15,11.191359610390892,700,0.8842464991550816,44905.15,1.0,10321235817630418605,True
SC33,SC4332F0,sync8_c0,12,45146.0,4.0,0.15,17.751639269695946,739,0.9175739550147249,45145.9,1.2,10321235817630418605,True
SC33,SC4332F0,sync8_c0,13,45207.0,4.0,0.15,17.176206203861376,630,0.8925019911419502,45206.9,1.0,10321235817630418605,True
SC33,SC4332F0,sync8_c0,14,45500.0,4.0,0.15,16.555011598076796,715,0.5671631738435332,45499.55,1.2,10321235817630418605,True
SC33,SC4332F0,sync8_c0,15,45628.0,4.0,0.15,19.262200900103405,681,0.9064182420556762,45628.1,1.0,10321235817630418605,True
SC33,SC4332F0,sync8_c0,16,45748.0,4.0,0.15,15.771930543410534,731,0.9453620520800207,45748.1,1.1,10321235817630418605,True
SC33,SC4332F0,sync8_c0,17,45912.0,4.0,0.15,13.47801924906454,685,0.8707382042024234,45912.1,1.0,10321235817630418605,True
SC33,SC4332F0,sync8_c0,18,45984.0,4.0,0.15,14.325273256154372,711,0.9451543353436495,45984.05,1.1,10321235817630418605,True
SC33,SC4332F0,sync8_c0,19,46080.0,4.0,0.15,16.88265437893033,623,0.9080298261961484,46080.1,0.9,10321235817630418605,True
SC34,SC4341F0,iso8_matched,0,29830.0,4.0,0.15,11.113253414545714,676,0.8602950036196306,29830.15,1.0,943557460049324973,True
SC34,SC4341F0,iso8_matched,1,29957.0,4.0,0.15,12.70471264092208,676,0.44664926986861914,29957.1,1.0,943557460049324973,True
SC34,SC4341F0,iso8_matched,2,30541.0,4.0,0.15,12.517980345738579,703,0.9275680379781713,30540.9,1.1,943557460049324973,True
SC34,SC4341F0,iso8_matched,3,30700.0,4.0,0.15,12.156891364994435,655,0.9080875683779797,30700.05,1.0,943557460049324973,True
SC34,SC4341F0,iso8_matched,4,30767.0,4.0,0.15,11.788805900449878,684,0.9191769128129724,30766.85,1.1,943557460049324973,True
SC34,SC4341F0,iso8_matched,5,30911.0,4.0,0.15,10.207945602669385,669,0.9074713552305996,30911.05,1.0,943557460049324973,True
SC34,SC4341F0,iso8_matched,6,31190.0,4.0,0.15,6.6162495804436885,735,0.8903485658507777,31189.9,1.2,943557460049324973,True
SC34,SC4341F0,iso8_matched,7,31312.0,4.0,0.15,6.449285053474518,625,0.9088672776394549,31312.1,0.9,943557460049324973,True
SC34,SC4341F0,iso8_matched,8,31595.0,4.0,0.15,6.449413209661392,674,0.8918061834547907,31595.1,1.0,943557460049324973,True
SC34,SC4341F0,iso8_matched,9,36991.0,4.0,0.15,12.105669991804966,641,0.8071353823134517,36990.9,1.0,943557460049324973,True
SC34,SC4341F0,iso8_matched,10,37078.0,4.0,0.15,11.4842263030385,737,0.9145619539594232,37078.15,1.1,943557460049324973,True
SC34,SC4341F0,iso8_matched,11,37276.0,4.0,0.15,13.931102233190975,732,0.7339877869518928,37276.6,1.2,943557460049324973,True
SC34,SC4341F0,iso8_matched,12,43787.0,4.0,0.15,11.642367702287364,598,0.9237635681133625,43787.05,0.9,943557460049324973,True
SC34,SC4341F0,iso8_matched,13,44067.0,4.0,0.15,12.202176721320233,760,0.856029309777834,44066.95,1.2,943557460049324973,True
SC34,SC4341F0,iso8_matched,14,47319.0,4.0,0.15,9.975374282417418,774,0.9661112186110206,47319.05,1.2,943557460049324973,True
SC34,SC4341F0,iso8_matched,15,47785.0,4.0,0.15,17.673362172455757,625,0.8150832206688511,47785.55,1.0,943557460049324973,True
SC34,SC4341F0,iso8_matched,16,47936.0,4.0,0.15,22.02616772378233,612,0.859454357930381,47936.05,0.9,943557460049324973,True
SC34,SC4341F0,iso8_matched,17,48430.0,4.0,0.15,19.856406424239765,670,0.8728958267072088,48430.1,1.0,943557460049324973,True
SC34,SC4341F0,iso8_matched,18,50677.0,4.0,0.15,9.500451897734699,692,0.0,,,943557460049324973,True
SC34,SC4341F0,iso8_matched,19,51010.0,4.0,0.15,40.26158822281986,626,0.9003026039874396,51009.9,1.0,943557460049324973,True
SC34,SC4341F0,sync8_c0,0,29830.0,4.0,0.15,11.113253414545714,672,0.8550012109485282,29830.1,1.0,943557460049324973,True
SC34,SC4341F0,sync8_c0,1,29957.0,4.0,0.15,12.70471264092208,674,0.44532583587353025,29957.1,1.0,943557460049324973,True
SC34,SC4341F0,sync8_c0,2,30541.0,4.0,0.15,12.517980345738579,713,0.9776322801385515,30541.0,1.1,943557460049324973,True
SC34,SC4341F0,sync8_c0,3,30700.0,4.0,0.15,12.156891364994435,653,0.8786665521370014,30700.05,1.0,943557460049324973,True
SC34,SC4341F0,sync8_c0,4,30767.0,4.0,0.15,11.788805900449878,682,0.9326423548346094,30766.9,1.1,943557460049324973,True
SC34,SC4341F0,sync8_c0,5,30911.0,4.0,0.15,10.207945602669385,666,0.9028753881743793,30911.0,1.0,943557460049324973,True
SC34,SC4341F0,sync8_c0,6,31190.0,4.0,0.15,6.6162495804436885,729,0.8511342679633145,31189.95,1.2,943557460049324973,True
SC34,SC4341F0,sync8_c0,7,31312.0,4.0,0.15,6.449285053474518,623,0.8851529726127347,31312.05,0.9,943557460049324973,True
SC34,SC4341F0,sync8_c0,8,31595.0,4.0,0.15,6.449413209661392,672,0.8613485458022072,31595.1,1.0,943557460049324973,True
SC34,SC4341F0,sync8_c0,9,36991.0,4.0,0.15,12.105669991804966,638,0.7846958007021227,36990.9,1.0,943557460049324973,True
SC34,SC4341F0,sync8_c0,10,37078.0,4.0,0.15,11.4842263030385,729,0.8953486162766218,37078.2,1.1,943557460049324973,True
SC34,SC4341F0,sync8_c0,11,37276.0,4.0,0.15,13.931102233190975,722,0.7823562496779548,37276.15,1.1,943557460049324973,True
SC34,SC4341F0,sync8_c0,12,43787.0,4.0,0.15,11.642367702287364,598,0.9432453135736161,43787.0,0.9,943557460049324973,True
SC34,SC4341F0,sync8_c0,13,44067.0,4.0,0.15,12.202176721320233,761,0.8983520195312875,44067.0,1.2,943557460049324973,True
SC34,SC4341F0,sync8_c0,14,47319.0,4.0,0.15,9.975374282417418,772,0.9581877801933577,47319.05,1.2,943557460049324973,True
SC34,SC4341F0,sync8_c0,15,47785.0,4.0,0.15,17.673362172455757,629,0.7686831269534481,47784.85,1.0,943557460049324973,True
SC34,SC4341F0,sync8_c0,16,47936.0,4.0,0.15,22.02616772378233,617,0.8510348721541082,47936.05,0.9,943557460049324973,True
SC34,SC4341F0,sync8_c0,17,48430.0,4.0,0.15,19.856406424239765,664,0.8977035921219986,48430.1,1.0,943557460049324973,True
SC34,SC4341F0,sync8_c0,18,50677.0,4.0,0.15,9.500451897734699,697,0.7362797869514764,50676.95,1.1,943557460049324973,True
SC34,SC4341F0,sync8_c0,19,51010.0,4.0,0.15,40.26158822281986,632,0.9082078668573167,51009.95,1.0,943557460049324973,True
SC34,SC4342F0,iso8_matched,0,36244.0,4.0,0.15,11.341748413046576,686,0.3632024215621454,36244.1,1.0,10451164477731107572,True
SC34,SC4342F0,iso8_matched,1,36441.0,4.0,0.15,20.87458424639991,616,0.7780797826099516,36440.35,0.9,10451164477731107572,True
SC34,SC4342F0,iso8_matched,2,36610.0,4.0,0.15,26.292258159281104,716,0.9530985369748405,36610.0,1.1,10451164477731107572,True
SC34,SC4342F0,iso8_matched,3,36670.0,4.0,0.15,21.74339077362533,763,0.0,,,10451164477731107572,True
SC34,SC4342F0,iso8_matched,4,36790.0,4.0,0.15,20.334969472271467,617,0.8971991104191827,36790.0,0.9,10451164477731107572,True
SC34,SC4342F0,iso8_matched,5,41373.0,4.0,0.15,9.81845829604655,722,0.9013817185777112,41373.0,1.1,10451164477731107572,True
SC34,SC4342F0,iso8_matched,6,41543.0,4.0,0.15,19.97627171328462,703,0.8526021566436982,41542.9,1.1,10451164477731107572,True
SC34,SC4342F0,iso8_matched,7,41683.0,4.0,0.15,21.873778831072443,718,0.9437037574966521,41683.0,1.1,10451164477731107572,True
SC34,SC4342F0,iso8_matched,8,41803.0,4.0,0.15,23.334080756611034,603,0.8853309453924595,41803.05,0.9,10451164477731107572,True
SC34,SC4342F0,iso8_matched,9,41932.0,4.0,0.15,21.76176635409434,641,0.8999916772866098,41931.9,1.0,10451164477731107572,True
SC34,SC4342F0,iso8_matched,10,42137.0,4.0,0.15,22.633611351270257,688,0.0,,,10451164477731107572,True
SC34,SC4342F0,iso8_matched,11,47287.0,4.0,0.15,12.766950476950427,653,0.454020471918682,47286.75,1.1,10451164477731107572,True
SC34,SC4342F0,iso8_matched,12,47592.0,4.0,0.15,18.227144749259782,749,0.9023450440273227,47592.0,1.2,10451164477731107572,True
SC34,SC4342F0,iso8_matched,13,47959.0,4.0,0.15,17.332384455142446,659,0.9313791229130497,47959.1,1.0,10451164477731107572,True
SC34,SC4342F0,iso8_matched,14,48512.0,4.0,0.15,29.32694392631532,620,0.8470874655806249,48512.7,0.9,10451164477731107572,True
SC34,SC4342F0,iso8_matched,15,52188.0,4.0,0.15,11.53463540683562,595,0.668849138694606,52187.9,0.9,10451164477731107572,True
SC34,SC4342F0,iso8_matched,16,53102.0,4.0,0.15,16.558236174533533,648,0.9196515263317409,53101.95,1.0,10451164477731107572,True
SC34,SC4342F0,iso8_matched,17,53253.0,4.0,0.15,10.04880946071078,639,0.6625199145405556,53253.55,1.0,10451164477731107572,True
SC34,SC4342F0,iso8_matched,18,53356.0,4.0,0.15,13.953648819100838,624,0.6209810720945008,53356.4,1.0,10451164477731107572,True
SC34,SC4342F0,iso8_matched,19,53462.0,4.0,0.15,19.33288661258324,687,0.8892123139806817,53461.9,1.1,10451164477731107572,True
SC34,SC4342F0,sync8_c0,0,36244.0,4.0,0.15,11.341748413046576,690,0.5057699782334442,36244.1,1.0,10451164477731107572,True
SC34,SC4342F0,sync8_c0,1,36441.0,4.0,0.15,20.87458424639991,628,0.7325701496710897,36440.8,1.0,10451164477731107572,True
SC34,SC4342F0,sync8_c0,2,36610.0,4.0,0.15,26.292258159281104,714,0.9580779911307206,36610.05,1.1,10451164477731107572,True
SC34,SC4342F0,sync8_c0,3,36670.0,4.0,0.15,21.74339077362533,757,0.7353109699179676,36670.0,1.2,10451164477731107572,True
SC34,SC4342F0,sync8_c0,4,36790.0,4.0,0.15,20.334969472271467,618,0.9237355157657053,36789.95,0.9,10451164477731107572,True
SC34,SC4342F0,sync8_c0,5,41373.0,4.0,0.15,9.81845829604655,721,0.8729802598420153,41373.15,1.1,10451164477731107572,True
SC34,SC4342F0,sync8_c0,6,41543.0,4.0,0.15,19.97627171328462,702,0.8682424494703331,41543.0,1.1,10451164477731107572,True
SC34,SC4342F0,sync8_c0,7,41683.0,4.0,0.15,21.873778831072443,719,0.931125865159454,41683.1,1.1,10451164477731107572,True
SC34,SC4342F0,sync8_c0,8,41803.0,4.0,0.15,23.334080756611034,596,0.8793672545428148,41803.0,0.9,10451164477731107572,True
SC34,SC4342F0,sync8_c0,9,41932.0,4.0,0.15,21.76176635409434,640,0.8481563125191349,41931.9,1.0,10451164477731107572,True
SC34,SC4342F0,sync8_c0,10,42137.0,4.0,0.15,22.633611351270257,693,0.8573900297024711,42137.0,1.1,10451164477731107572,True
SC34,SC4342F0,sync8_c0,11,47287.0,4.0,0.15,12.766950476950427,652,0.44301368755341564,47287.05,1.0,10451164477731107572,True
SC34,SC4342F0,sync8_c0,12,47592.0,4.0,0.15,18.227144749259782,746,0.8710583676108017,47592.05,1.2,10451164477731107572,True
SC34,SC4342F0,sync8_c0,13,47959.0,4.0,0.15,17.332384455142446,662,0.900685316909519,47959.1,1.0,10451164477731107572,True
SC34,SC4342F0,sync8_c0,14,48512.0,4.0,0.15,29.32694392631532,623,0.8315373901237025,48512.05,0.9,10451164477731107572,True
SC34,SC4342F0,sync8_c0,15,52188.0,4.0,0.15,11.53463540683562,596,0.7192549090239773,52187.85,0.9,10451164477731107572,True
SC34,SC4342F0,sync8_c0,16,53102.0,4.0,0.15,16.558236174533533,649,0.9068060101803342,53101.95,1.0,10451164477731107572,True
SC34,SC4342F0,sync8_c0,17,53253.0,4.0,0.15,10.04880946071078,647,0.6722512968663846,53252.9,1.0,10451164477731107572,True
SC34,SC4342F0,sync8_c0,18,53356.0,4.0,0.15,13.953648819100838,631,0.6441147424613398,53355.75,1.0,10451164477731107572,True
SC34,SC4342F0,sync8_c0,19,53462.0,4.0,0.15,19.33288661258324,692,0.9288503551846212,53462.0,1.1,10451164477731107572,True
SC35,SC4351F0,iso8_matched,0,38255.0,4.0,0.15,16.874379501975273,636,0.8889484777924727,38254.95,1.0,17763300567549539169,True
SC35,SC4351F0,iso8_matched,1,38416.0,4.0,0.15,16.96729762470307,651,0.9234891030968744,38416.0,1.0,17763300567549539169,True
SC35,SC4351F0,iso8_matched,2,38499.0,4.0,0.15,16.767069318244477,582,0.8226916299777065,38498.85,0.9,17763300567549539169,True
SC35,SC4351F0,iso8_matched,3,49337.0,4.0,0.15,16.573909701361387,602,0.8669165311705629,49337.0,0.9,17763300567549539169,True
SC35,SC4351F0,iso8_matched,4,49405.0,4.0,0.15,15.818092005891959,713,0.886104713382629,49405.0,1.1,17763300567549539169,True
SC35,SC4351F0,iso8_matched,5,49506.0,4.0,0.15,15.627359728217812,699,0.8646999606156861,49506.0,1.1,17763300567549539169,True
SC35,SC4351F0,iso8_matched,6,49579.0,4.0,0.15,15.2862141557933,689,0.8639311571089923,49578.9,1.1,17763300567549539169,True
SC35,SC4351F0,iso8_matched,7,49653.0,4.0,0.15,14.005186380945934,612,0.9088460608282967,49653.05,0.9,17763300567549539169,True
SC35,SC4351F0,iso8_matched,8,49713.0,4.0,0.15,13.241998366586273,744,0.8782781992589829,49713.2,1.1,17763300567549539169,True
SC35,SC4351F0,iso8_matched,9,49778.0,4.0,0.15,12.702804960282936,685,0.8846987006700376,49778.1,1.0,17763300567549539169,True
SC35,SC4351F0,iso8_matched,10,54340.0,4.0,0.15,14.367512613419569,684,0.9082624765132988,54339.9,1.1,17763300567549539169,True
SC35,SC4351F0,iso8_matched,11,54401.0,4.0,0.15,13.813911619957159,668,0.8818361180362533,54401.0,1.0,17763300567549539169,True
SC35,SC4351F0,iso8_matched,12,54500.0,4.0,0.15,13.258266972309046,718,0.9401495970980371,54500.0,1.1,17763300567549539169,True
SC35,SC4351F0,sync8_c0,0,38255.0,4.0,0.15,16.874379501975273,642,0.9258342793648211,38254.95,1.0,17763300567549539169,True
SC35,SC4351F0,sync8_c0,1,38416.0,4.0,0.15,16.96729762470307,656,0.8965681344825787,38416.05,1.0,17763300567549539169,True
SC35,SC4351F0,sync8_c0,2,38499.0,4.0,0.15,16.767069318244477,587,0.8233912169553292,38498.85,0.9,17763300567549539169,True
SC35,SC4351F0,sync8_c0,3,49337.0,4.0,0.15,16.573909701361387,599,0.9100888167972729,49336.95,0.9,17763300567549539169,True
SC35,SC4351F0,sync8_c0,4,49405.0,4.0,0.15,15.818092005891959,711,0.8714010520136554,49405.1,1.1,17763300567549539169,True
SC35,SC4351F0,sync8_c0,5,49506.0,4.0,0.15,15.627359728217812,695,0.8933969823632107,49506.05,1.1,17763300567549539169,True
SC35,SC4351F0,sync8_c0,6,49579.0,4.0,0.15,15.2862141557933,683,0.8638561432558707,49578.95,1.1,17763300567549539169,True
SC35,SC4351F0,sync8_c0,7,49653.0,4.0,0.15,14.005186380945934,604,0.9471822332781238,49653.0,0.9,17763300567549539169,True
SC35,SC4351F0,sync8_c0,8,49713.0,4.0,0.15,13.241998366586273,747,0.8439999663277103,49712.95,1.2,17763300567549539169,True
SC35,SC4351F0,sync8_c0,9,49778.0,4.0,0.15,12.702804960282936,691,0.8978782170908443,49777.9,1.1,17763300567549539169,True
SC35,SC4351F0,sync8_c0,10,54340.0,4.0,0.15,14.367512613419569,682,0.9324856904692402,54339.95,1.1,17763300567549539169,True
SC35,SC4351F0,sync8_c0,11,54401.0,4.0,0.15,13.813911619957159,678,0.8634558220654047,54400.8,1.1,17763300567549539169,True
SC35,SC4351F0,sync8_c0,12,54500.0,4.0,0.15,13.258266972309046,721,0.9391969843332475,54500.05,1.1,17763300567549539169,True
SC35,SC4352F0,iso8_matched,0,43514.0,4.0,0.15,13.060887317682058,599,0.9066611746721384,43514.0,0.9,13503788231349523246,True
SC35,SC4352F0,iso8_matched,1,43592.0,4.0,0.15,12.749624138420863,664,0.9502852149337976,43592.1,1.0,13503788231349523246,True
SC35,SC4352F0,iso8_matched,2,43678.0,4.0,0.15,12.733155865709675,568,0.9053244240059454,43678.2,0.8,13503788231349523246,True
SC35,SC4352F0,iso8_matched,3,43857.0,4.0,0.15,12.050774276311195,644,0.8542466030497039,43856.9,1.0,13503788231349523246,True
SC35,SC4352F0,iso8_matched,4,44018.0,4.0,0.15,11.09252670346385,691,0.8898173691541111,44017.85,1.1,13503788231349523246,True
SC35,SC4352F0,iso8_matched,5,44115.0,4.0,0.15,11.081039939034705,733,0.6386593883278392,44115.2,1.1,13503788231349523246,True
SC35,SC4352F0,iso8_matched,6,44200.0,4.0,0.15,11.037588751681131,591,0.8802427078197728,44199.9,0.9,13503788231349523246,True
SC35,SC4352F0,iso8_matched,7,44286.0,4.0,0.15,10.623637699010285,605,0.8566908115948483,44285.95,0.9,13503788231349523246,True
SC35,SC4352F0,iso8_matched,8,52766.0,4.0,0.15,6.584710332327374,725,0.0,,,13503788231349523246,True
SC35,SC4352F0,iso8_matched,9,52892.0,4.0,0.15,7.456493745611091,580,0.833852566276984,52891.85,0.9,13503788231349523246,True
SC35,SC4352F0,iso8_matched,10,53024.0,4.0,0.15,9.754838815202335,588,0.8996882744070187,53023.9,0.9,13503788231349523246,True
SC35,SC4352F0,iso8_matched,11,53204.0,4.0,0.15,8.35635436312494,734,0.9093360835812404,53204.1,1.1,13503788231349523246,True
SC35,SC4352F0,iso8_matched,12,53310.0,4.0,0.15,8.091893969628758,667,0.9468247955927892,53310.1,1.0,13503788231349523246,True
SC35,SC4352F0,iso8_matched,13,53373.0,4.0,0.15,7.218015386887482,644,0.9516564360695318,53372.95,1.0,13503788231349523246,True
SC35,SC4352F0,iso8_matched,14,53453.0,4.0,0.15,7.379216009368648,712,0.9585819872909231,53453.0,1.1,13503788231349523246,True
SC35,SC4352F0,iso8_matched,15,53531.0,4.0,0.15,6.939437492042846,636,0.8685510064212363,53530.85,1.0,13503788231349523246,True
SC35,SC4352F0,iso8_matched,16,53662.0,4.0,0.15,6.458203807309405,667,0.9112778224106991,53662.0,1.0,13503788231349523246,True
SC35,SC4352F0,iso8_matched,17,53724.0,4.0,0.15,6.677040456629585,610,0.7849379682949901,53724.05,0.9,13503788231349523246,True
SC35,SC4352F0,iso8_matched,18,53844.0,4.0,0.15,7.105521936326567,655,0.8587283722574027,53844.05,1.0,13503788231349523246,True
SC35,SC4352F0,iso8_matched,19,53915.0,4.0,0.15,7.313626959560729,732,0.9245327777431478,53915.1,1.1,13503788231349523246,True
SC35,SC4352F0,sync8_c0,0,43514.0,4.0,0.15,13.060887317682058,594,0.9425056708346577,43513.95,0.9,13503788231349523246,True
SC35,SC4352F0,sync8_c0,1,43592.0,4.0,0.15,12.749624138420863,652,0.9527345659955465,43592.05,1.0,13503788231349523246,True
SC35,SC4352F0,sync8_c0,2,43678.0,4.0,0.15,12.733155865709675,568,0.8551762125065713,43678.15,0.8,13503788231349523246,True
SC35,SC4352F0,sync8_c0,3,43857.0,4.0,0.15,12.050774276311195,641,0.8891934073704905,43857.1,0.9,13503788231349523246,True
SC35,SC4352F0,sync8_c0,4,44018.0,4.0,0.15,11.09252670346385,691,0.8903520755097655,44017.9,1.1,13503788231349523246,True
SC35,SC4352F0,sync8_c0,5,44115.0,4.0,0.15,11.081039939034705,745,0.4517402982159361,44115.25,1.1,13503788231349523246,True
SC35,SC4352F0,sync8_c0,6,44200.0,4.0,0.15,11.037588751681131,597,0.886558173049057,44199.9,0.9,13503788231349523246,True
SC35,SC4352F0,sync8_c0,7,44286.0,4.0,0.15,10.623637699010285,616,0.8096834244215958,44286.0,0.9,13503788231349523246,True
SC35,SC4352F0,sync8_c0,8,52766.0,4.0,0.15,6.584710332327374,724,0.7450168661823104,52766.05,1.1,13503788231349523246,True
SC35,SC4352F0,sync8_c0,9,52892.0,4.0,0.15,7.456493745611091,583,0.8565102264317507,52891.9,0.9,13503788231349523246,True
SC35,SC4352F0,sync8_c0,10,53024.0,4.0,0.15,9.754838815202335,591,0.9209695448635273,53023.9,0.9,13503788231349523246,True
SC35,SC4352F0,sync8_c0,11,53204.0,4.0,0.15,8.35635436312494,735,0.8719880422435287,53204.15,1.1,13503788231349523246,True
SC35,SC4352F0,sync8_c0,12,53310.0,4.0,0.15,8.091893969628758,671,0.9497732466872586,53310.1,1.0,13503788231349523246,True
SC35,SC4352F0,sync8_c0,13,53373.0,4.0,0.15,7.218015386887482,645,0.9520352754753234,53373.0,1.0,13503788231349523246,True
SC35,SC4352F0,sync8_c0,14,53453.0,4.0,0.15,7.379216009368648,709,0.9300531568789848,53453.05,1.1,13503788231349523246,True
SC35,SC4352F0,sync8_c0,15,53531.0,4.0,0.15,6.939437492042846,634,0.9182155350662865,53531.0,0.9,13503788231349523246,True
SC35,SC4352F0,sync8_c0,16,53662.0,4.0,0.15,6.458203807309405,666,0.9484154188142717,53662.05,1.0,13503788231349523246,True
SC35,SC4352F0,sync8_c0,17,53724.0,4.0,0.15,6.677040456629585,610,0.722727819746267,53724.05,0.9,13503788231349523246,True
SC35,SC4352F0,sync8_c0,18,53844.0,4.0,0.15,7.105521936326567,655,0.8403355747996382,53844.05,1.0,13503788231349523246,True
SC35,SC4352F0,sync8_c0,19,53915.0,4.0,0.15,7.313626959560729,742,0.8616144337007965,53914.9,1.2,13503788231349523246,True
SC36,SC4362F0,iso8_matched,0,35587.0,4.0,0.15,4.52023356263564,676,0.9265241313401676,35587.05,1.0,15794233120115220578,True
SC36,SC4362F0,iso8_matched,1,36099.0,4.0,0.15,4.1039854584329,653,0.9527020892170728,36098.95,1.0,15794233120115220578,True
SC36,SC4362F0,iso8_matched,2,36235.0,4.0,0.15,4.162544407553705,629,0.8705736040245635,36235.1,0.9,15794233120115220578,True
SC36,SC4362F0,iso8_matched,3,36421.0,4.0,0.15,4.169945534091382,590,0.8999673026976844,36420.95,0.9,15794233120115220578,True
SC36,SC4362F0,iso8_matched,4,36488.0,4.0,0.15,4.096302278892903,685,0.8633127779864406,36487.9,1.1,15794233120115220578,True
SC36,SC4362F0,iso8_matched,5,36554.0,4.0,0.15,4.140765959704621,641,0.9389847713019606,36553.95,1.0,15794233120115220578,True
SC36,SC4362F0,iso8_matched,6,41886.0,4.0,0.15,4.464510851240224,595,0.8997795284059428,41886.0,0.9,15794233120115220578,True
SC36,SC4362F0,iso8_matched,7,41978.0,4.0,0.15,4.50841564657151,677,0.8889223590847775,41978.2,1.0,15794233120115220578,True
SC36,SC4362F0,iso8_matched,8,42080.0,4.0,0.15,4.460774304562359,716,0.8950698401753338,42080.0,1.1,15794233120115220578,True
SC36,SC4362F0,iso8_matched,9,42144.0,4.0,0.15,4.354830238371162,650,0.9394029712526101,42143.95,1.0,15794233120115220578,True
SC36,SC4362F0,iso8_matched,10,42259.0,4.0,0.15,4.355008657245005,683,0.8840903628945973,42259.1,1.0,15794233120115220578,True
SC36,SC4362F0,iso8_matched,11,42337.0,4.0,0.15,4.464373949487153,728,0.9338458928386081,42337.15,1.1,15794233120115220578,True
SC36,SC4362F0,iso8_matched,12,42402.0,4.0,0.15,4.40811518628546,697,0.896362580169193,42401.95,1.1,15794233120115220578,True
SC36,SC4362F0,iso8_matched,13,42478.0,4.0,0.15,4.30490027705558,697,0.9053959154943327,42478.0,1.1,15794233120115220578,True
SC36,SC4362F0,iso8_matched,14,42543.0,4.0,0.15,4.25161467309633,662,0.9316607666560806,42543.05,1.0,15794233120115220578,True
SC36,SC4362F0,iso8_matched,15,46797.0,4.0,0.15,4.76857826993859,650,0.9434632626000803,46797.0,1.0,15794233120115220578,True
SC36,SC4362F0,iso8_matched,16,46958.0,4.0,0.15,4.446114313558887,666,0.9136687650773267,46958.1,1.0,15794233120115220578,True
SC36,SC4362F0,iso8_matched,17,47030.0,4.0,0.15,4.257514901612327,716,0.8927507669537952,47030.1,1.1,15794233120115220578,True
SC36,SC4362F0,iso8_matched,18,47181.0,4.0,0.15,4.338198641613743,687,0.8810869252462677,47180.9,1.1,15794233120115220578,True
SC36,SC4362F0,iso8_matched,19,47252.0,4.0,0.15,4.261982538892092,692,0.9103770168519324,47251.95,1.1,15794233120115220578,True
SC36,SC4362F0,sync8_c0,0,35587.0,4.0,0.15,4.52023356263564,679,0.9286602347633722,35587.05,1.0,15794233120115220578,True
SC36,SC4362F0,sync8_c0,1,36099.0,4.0,0.15,4.1039854584329,662,0.9183632253555796,36099.0,1.0,15794233120115220578,True
SC36,SC4362F0,sync8_c0,2,36235.0,4.0,0.15,4.162544407553705,629,0.8466525370148967,36235.1,0.9,15794233120115220578,True
SC36,SC4362F0,sync8_c0,3,36421.0,4.0,0.15,4.169945534091382,592,0.9002323049823872,36420.95,0.9,15794233120115220578,True
SC36,SC4362F0,sync8_c0,4,36488.0,4.0,0.15,4.096302278892903,687,0.910460016966796,36487.95,1.1,15794233120115220578,True
SC36,SC4362F0,sync8_c0,5,36554.0,4.0,0.15,4.140765959704621,639,0.890102778521478,36553.9,1.0,15794233120115220578,True
SC36,SC4362F0,sync8_c0,6,41886.0,4.0,0.15,4.464510851240224,590,0.8164706069173464,41885.9,0.9,15794233120115220578,True
SC36,SC4362F0,sync8_c0,7,41978.0,4.0,0.15,4.50841564657151,671,0.9192749638181295,41978.15,1.0,15794233120115220578,True
SC36,SC4362F0,sync8_c0,8,42080.0,4.0,0.15,4.460774304562359,720,0.8859040303535582,42080.1,1.1,15794233120115220578,True
SC36,SC4362F0,sync8_c0,9,42144.0,4.0,0.15,4.354830238371162,655,0.9244688462488442,42144.0,1.0,15794233120115220578,True
SC36,SC4362F0,sync8_c0,10,42259.0,4.0,0.15,4.355008657245005,692,0.8957938902756897,42258.9,1.1,15794233120115220578,True
SC36,SC4362F0,sync8_c0,11,42337.0,4.0,0.15,4.464373949487153,727,0.8386880564263884,42337.25,1.1,15794233120115220578,True
SC36,SC4362F0,sync8_c0,12,42402.0,4.0,0.15,4.40811518628546,698,0.9534166202220783,42402.0,1.1,15794233120115220578,True
SC36,SC4362F0,sync8_c0,13,42478.0,4.0,0.15,4.30490027705558,694,0.9149858358642231,42478.0,1.1,15794233120115220578,True
SC36,SC4362F0,sync8_c0,14,42543.0,4.0,0.15,4.25161467309633,652,0.9227269313667981,42542.95,1.0,15794233120115220578,True
SC36,SC4362F0,sync8_c0,15,46797.0,4.0,0.15,4.76857826993859,646,0.9114605909302136,46796.95,1.0,15794233120115220578,True
SC36,SC4362F0,sync8_c0,16,46958.0,4.0,0.15,4.446114313558887,666,0.8856205341683417,46958.1,1.0,15794233120115220578,True
SC36,SC4362F0,sync8_c0,17,47030.0,4.0,0.15,4.257514901612327,714,0.8419008447029921,47030.15,1.1,15794233120115220578,True
SC36,SC4362F0,sync8_c0,18,47181.0,4.0,0.15,4.338198641613743,688,0.8903041608924569,47180.95,1.1,15794233120115220578,True
SC36,SC4362F0,sync8_c0,19,47252.0,4.0,0.15,4.261982538892092,696,0.9042068593006329,47252.05,1.1,15794233120115220578,True
SC37,SC4371F0,iso8_matched,0,39518.0,4.0,0.15,6.931747923423622,654,0.9416007741877168,39518.05,1.0,950038653916288681,True
SC37,SC4371F0,iso8_matched,1,39624.0,4.0,0.15,7.811026375103706,683,0.874287485929545,39623.4,1.0,950038653916288681,True
SC37,SC4371F0,iso8_matched,2,39725.0,4.0,0.15,8.721271559515941,624,0.8782391828078927,39725.1,0.9,950038653916288681,True
SC37,SC4371F0,iso8_matched,3,39835.0,4.0,0.15,10.466794023941183,639,0.8907969225691056,39834.85,1.0,950038653916288681,True
SC37,SC4371F0,iso8_matched,4,39899.0,4.0,0.15,11.188476614309545,675,0.777314910058517,39898.45,1.0,950038653916288681,True
SC37,SC4371F0,iso8_matched,5,39987.0,4.0,0.15,11.828721727722328,616,0.9011015479350236,39987.0,0.9,950038653916288681,True
SC37,SC4371F0,iso8_matched,6,40056.0,4.0,0.15,14.27015903095589,713,0.7769225700600478,40056.05,1.1,950038653916288681,True
SC37,SC4371F0,iso8_matched,7,40119.0,4.0,0.15,17.958243503489385,666,0.8881576932534674,40119.05,1.0,950038653916288681,True
SC37,SC4371F0,iso8_matched,8,40179.0,4.0,0.15,20.18450085408507,612,0.9439785118261578,40179.0,0.9,950038653916288681,True
SC37,SC4371F0,iso8_matched,9,40254.0,4.0,0.15,22.69590014964774,750,0.8318089102597034,40253.9,1.2,950038653916288681,True
SC37,SC4371F0,iso8_matched,10,40336.0,4.0,0.15,19.828764471570395,635,0.8622611178006974,40335.95,1.0,950038653916288681,True
SC37,SC4371F0,iso8_matched,11,40403.0,4.0,0.15,18.066725688040943,726,0.8566866735471329,40403.1,1.1,950038653916288681,True
SC37,SC4371F0,iso8_matched,12,40509.0,4.0,0.15,18.580728741738227,615,0.9003501601266631,40509.05,0.9,950038653916288681,True
SC37,SC4371F0,iso8_matched,13,40612.0,4.0,0.15,24.41330343313506,712,0.9542549707228386,40612.0,1.1,950038653916288681,True
SC37,SC4371F0,iso8_matched,14,40717.0,4.0,0.15,24.930035234579442,650,0.9156676022943379,40716.95,1.0,950038653916288681,True
SC37,SC4371F0,iso8_matched,15,40804.0,4.0,0.15,23.82638492351846,575,0.8649836385906936,40804.2,0.8,950038653916288681,True
SC37,SC4371F0,sync8_c0,0,39518.0,4.0,0.15,6.931747923423622,651,0.9549548057599259,39518.0,1.0,950038653916288681,True
SC37,SC4371F0,sync8_c0,1,39624.0,4.0,0.15,7.811026375103706,686,0.8333585040962997,39624.1,1.0,950038653916288681,True
SC37,SC4371F0,sync8_c0,2,39725.0,4.0,0.15,8.721271559515941,631,0.8176452923994142,39724.85,1.0,950038653916288681,True
SC37,SC4371F0,sync8_c0,3,39835.0,4.0,0.15,10.466794023941183,636,0.8582993402230191,39834.85,1.0,950038653916288681,True
SC37,SC4371F0,sync8_c0,4,39899.0,4.0,0.15,11.188476614309545,674,0.8591969557463883,39899.1,1.0,950038653916288681,True
SC37,SC4371F0,sync8_c0,5,39987.0,4.0,0.15,11.828721727722328,612,0.9028317193326857,39986.9,0.9,950038653916288681,True
SC37,SC4371F0,sync8_c0,6,40056.0,4.0,0.15,14.27015903095589,710,0.7280566934140107,40056.05,1.1,950038653916288681,True
SC37,SC4371F0,sync8_c0,7,40119.0,4.0,0.15,17.958243503489385,667,0.869917425979722,40119.0,1.0,950038653916288681,True
SC37,SC4371F0,sync8_c0,8,40179.0,4.0,0.15,20.18450085408507,610,0.9494652583646809,40178.95,0.9,950038653916288681,True
SC37,SC4371F0,sync8_c0,9,40254.0,4.0,0.15,22.69590014964774,740,0.82339568350207,40254.2,1.1,950038653916288681,True
SC37,SC4371F0,sync8_c0,10,40336.0,4.0,0.15,19.828764471570395,629,0.8643999631419439,40336.2,0.9,950038653916288681,True
SC37,SC4371F0,sync8_c0,11,40403.0,4.0,0.15,18.066725688040943,725,0.7731767081192519,40403.15,1.1,950038653916288681,True
SC37,SC4371F0,sync8_c0,12,40509.0,4.0,0.15,18.580728741738227,610,0.8982379670065864,40509.0,0.9,950038653916288681,True
SC37,SC4371F0,sync8_c0,13,40612.0,4.0,0.15,24.41330343313506,714,0.9346783483071699,40612.05,1.1,950038653916288681,True
SC37,SC4371F0,sync8_c0,14,40717.0,4.0,0.15,24.930035234579442,650,0.8953227233072125,40716.95,1.0,950038653916288681,True
SC37,SC4371F0,sync8_c0,15,40804.0,4.0,0.15,23.82638492351846,571,0.8662968017747775,40804.1,0.8,950038653916288681,True
SC37,SC4372F0,iso8_matched,0,32180.0,4.0,0.15,9.647376688801758,614,0.6552523612554868,32180.6,0.9,16348068244468762137,True
SC37,SC4372F0,iso8_matched,1,32336.0,4.0,0.15,18.23723596139835,707,0.7888511117396092,32335.95,1.1,16348068244468762137,True
SC37,SC4372F0,iso8_matched,2,32413.0,4.0,0.15,16.544344084143503,675,0.8969437150699248,32413.1,1.0,16348068244468762137,True
SC37,SC4372F0,iso8_matched,3,32555.0,4.0,0.15,14.652546188291698,744,0.9008871793811885,32555.15,1.1,16348068244468762137,True
SC37,SC4372F0,iso8_matched,4,32651.0,4.0,0.15,14.32256243877805,718,0.6683032959835589,32650.25,1.1,16348068244468762137,True
SC37,SC4372F0,iso8_matched,5,33101.0,4.0,0.15,16.607733268714455,720,0.9631980909137103,33101.0,1.1,16348068244468762137,True
SC37,SC4372F0,iso8_matched,6,33241.0,4.0,0.15,10.965843744330714,728,0.6060162298791341,33240.25,1.1,16348068244468762137,True
SC37,SC4372F0,iso8_matched,7,33302.0,4.0,0.15,9.849285007411655,581,0.7839051017815382,33301.9,0.9,16348068244468762137,True
SC37,SC4372F0,iso8_matched,8,40434.0,4.0,0.15,18.179817901614058,637,0.9074728653871191,40434.0,1.0,16348068244468762137,True
SC37,SC4372F0,iso8_matched,9,40800.0,4.0,0.15,24.733795930407886,654,0.6625597249705141,40800.2,0.9,16348068244468762137,True
SC37,SC4372F0,iso8_matched,10,41107.0,4.0,0.15,26.270414909486878,662,0.5927999624852757,41107.7,1.0,16348068244468762137,True
SC37,SC4372F0,iso8_matched,11,41231.0,4.0,0.15,25.803664457418023,712,0.9673486644032219,41231.0,1.1,16348068244468762137,True
SC37,SC4372F0,iso8_matched,12,41372.0,4.0,0.15,18.856428278244973,727,0.9653182415343493,41372.05,1.1,16348068244468762137,True
SC37,SC4372F0,iso8_matched,13,41482.0,4.0,0.15,14.197684155433949,652,0.733907460130534,41481.95,1.0,16348068244468762137,True
SC37,SC4372F0,iso8_matched,14,41570.0,4.0,0.15,15.843793665362421,636,0.7194151681723305,41569.95,1.0,16348068244468762137,True
SC37,SC4372F0,iso8_matched,15,41707.0,4.0,0.15,28.44404431120259,576,0.9111666584202414,41706.9,0.9,16348068244468762137,True
SC37,SC4372F0,iso8_matched,16,41774.0,4.0,0.15,26.138165763875783,677,0.9406529302389374,41774.1,1.0,16348068244468762137,True
SC37,SC4372F0,iso8_matched,17,41890.0,4.0,0.15,14.805653063802557,613,0.9439352635083751,41890.05,0.9,16348068244468762137,True
SC37,SC4372F0,iso8_matched,18,41967.0,4.0,0.15,13.4121472508944,641,0.9487548786417276,41966.95,1.0,16348068244468762137,True
SC37,SC4372F0,iso8_matched,19,42046.0,4.0,0.15,14.452456963978651,637,0.7501130018897411,42045.9,1.0,16348068244468762137,True
SC37,SC4372F0,sync8_c0,0,32180.0,4.0,0.15,9.647376688801758,614,0.5974364786862821,32179.95,0.9,16348068244468762137,True
SC37,SC4372F0,sync8_c0,1,32336.0,4.0,0.15,18.23723596139835,703,0.8459305040914664,32336.0,1.1,16348068244468762137,True
SC37,SC4372F0,sync8_c0,2,32413.0,4.0,0.15,16.544344084143503,680,0.8849053650425033,32412.95,1.1,16348068244468762137,True
SC37,SC4372F0,sync8_c0,3,32555.0,4.0,0.15,14.652546188291698,745,0.8846264214021995,32554.9,1.2,16348068244468762137,True
SC37,SC4372F0,sync8_c0,4,32651.0,4.0,0.15,14.32256243877805,721,0.7009936937727229,32650.95,1.2,16348068244468762137,True
SC37,SC4372F0,sync8_c0,5,33101.0,4.0,0.15,16.607733268714455,719,0.9543562497963441,33101.1,1.1,16348068244468762137,True
SC37,SC4372F0,sync8_c0,6,33241.0,4.0,0.15,10.965843744330714,727,0.7869271467737903,33241.1,1.1,16348068244468762137,True
SC37,SC4372F0,sync8_c0,7,33302.0,4.0,0.15,9.849285007411655,574,0.8257989996555228,33301.85,0.9,16348068244468762137,True
SC37,SC4372F0,sync8_c0,8,40434.0,4.0,0.15,18.179817901614058,632,0.9086498463523085,40433.95,1.0,16348068244468762137,True
SC37,SC4372F0,sync8_c0,9,40800.0,4.0,0.15,24.733795930407886,655,0.6484761053542629,40800.25,0.9,16348068244468762137,True
SC37,SC4372F0,sync8_c0,10,41107.0,4.0,0.15,26.270414909486878,668,0.6359811565595095,41107.05,1.0,16348068244468762137,True
SC37,SC4372F0,sync8_c0,11,41231.0,4.0,0.15,25.803664457418023,710,0.9412004096673777,41231.1,1.1,16348068244468762137,True
SC37,SC4372F0,sync8_c0,12,41372.0,4.0,0.15,18.856428278244973,734,0.901781837603452,41372.2,1.1,16348068244468762137,True
SC37,SC4372F0,sync8_c0,13,41482.0,4.0,0.15,14.197684155433949,653,0.6631371682006011,41481.9,1.0,16348068244468762137,True
SC37,SC4372F0,sync8_c0,14,41570.0,4.0,0.15,15.843793665362421,637,0.7335843684952389,41569.95,1.0,16348068244468762137,True
SC37,SC4372F0,sync8_c0,15,41707.0,4.0,0.15,28.44404431120259,571,0.8861879213878341,41706.85,0.9,16348068244468762137,True
SC37,SC4372F0,sync8_c0,16,41774.0,4.0,0.15,26.138165763875783,675,0.9478239411723771,41774.05,1.0,16348068244468762137,True
SC37,SC4372F0,sync8_c0,17,41890.0,4.0,0.15,14.805653063802557,608,0.9521658597775832,41890.0,0.9,16348068244468762137,True
SC37,SC4372F0,sync8_c0,18,41967.0,4.0,0.15,13.4121472508944,643,0.9458746271867493,41967.0,1.0,16348068244468762137,True
SC37,SC4372F0,sync8_c0,19,42046.0,4.0,0.15,14.452456963978651,640,0.806346366837263,42045.9,1.0,16348068244468762137,True
SC38,SC4381F0,iso8_matched,0,33929.0,4.0,0.15,8.234146699709802,640,0.943092710827569,33928.95,1.0,11949354919227107458,True
SC38,SC4381F0,iso8_matched,1,34075.0,4.0,0.15,9.464969533857657,634,0.7774940101446103,34075.65,1.0,11949354919227107458,True
SC38,SC4381F0,iso8_matched,2,34157.0,4.0,0.15,11.281454124972493,608,0.802346843639012,34156.95,0.9,11949354919227107458,True
SC38,SC4381F0,iso8_matched,3,34318.0,4.0,0.15,13.133465342857802,627,0.9411830243025511,34318.05,0.9,11949354919227107458,True
SC38,SC4381F0,iso8_matched,4,34526.0,4.0,0.15,7.803328220115871,640,0.8821638945530086,34526.2,0.9,11949354919227107458,True
SC38,SC4381F0,iso8_matched,5,34863.0,4.0,0.15,9.637157939572253,617,0.9424921566159445,34863.05,0.9,11949354919227107458,True
SC38,SC4381F0,iso8_matched,6,34931.0,4.0,0.15,9.287678604574188,627,0.8666274007187211,34931.15,0.9,11949354919227107458,True
SC38,SC4381F0,iso8_matched,7,35138.0,4.0,0.15,10.134057371479678,671,0.9299750285340261,35138.05,1.0,11949354919227107458,True
SC38,SC4381F0,iso8_matched,8,35244.0,4.0,0.15,8.124772578785324,732,0.9433328571202786,35244.05,1.1,11949354919227107458,True
SC38,SC4381F0,iso8_matched,9,40206.0,4.0,0.15,7.688611771754482,636,0.7824422042792656,40205.9,1.0,11949354919227107458,True
SC38,SC4381F0,iso8_matched,10,40414.0,4.0,0.15,12.17042858621875,651,0.8051727126839499,40413.95,1.0,11949354919227107458,True
SC38,SC4381F0,iso8_matched,11,40537.0,4.0,0.15,16.98719100679887,640,0.8835330939268491,40536.95,1.0,11949354919227107458,True
SC38,SC4381F0,iso8_matched,12,42605.0,4.0,0.15,6.247126030177952,652,0.9250440393252722,42605.0,1.0,11949354919227107458,True
SC38,SC4381F0,iso8_matched,13,43012.0,4.0,0.15,10.120846211748518,690,0.9009019877134842,43011.9,1.1,11949354919227107458,True
SC38,SC4381F0,iso8_matched,14,43092.0,4.0,0.15,10.47140713958007,588,0.764291783952669,43091.25,0.9,11949354919227107458,True
SC38,SC4381F0,iso8_matched,15,47912.0,4.0,0.15,7.393837550566057,722,0.9606306632196208,47912.0,1.1,11949354919227107458,True
SC38,SC4381F0,iso8_matched,16,52081.0,4.0,0.15,10.587862139239384,615,0.7600474686749815,52081.05,0.9,11949354919227107458,True
SC38,SC4381F0,iso8_matched,17,52362.0,4.0,0.15,11.199604709744117,633,0.8746705850334401,52362.1,0.9,11949354919227107458,True
SC38,SC4381F0,iso8_matched,18,52461.0,4.0,0.15,10.828824479759977,621,0.0,,,11949354919227107458,True
SC38,SC4381F0,iso8_matched,19,52933.0,4.0,0.15,13.030063097380046,724,0.9153490055179022,52933.1,1.1,11949354919227107458,True
SC38,SC4381F0,sync8_c0,0,33929.0,4.0,0.15,8.234146699709802,645,0.9397165126006737,33929.0,1.0,11949354919227107458,True
SC38,SC4381F0,sync8_c0,1,34075.0,4.0,0.15,9.464969533857657,634,0.7011656540174604,34074.9,1.0,11949354919227107458,True
SC38,SC4381F0,sync8_c0,2,34157.0,4.0,0.15,11.281454124972493,612,0.7477715102064447,34157.0,0.9,11949354919227107458,True
SC38,SC4381F0,sync8_c0,3,34318.0,4.0,0.15,13.133465342857802,627,0.9300923173153731,34318.0,0.9,11949354919227107458,True
SC38,SC4381F0,sync8_c0,4,34526.0,4.0,0.15,7.803328220115871,640,0.8775010970740025,34525.9,1.0,11949354919227107458,True
SC38,SC4381F0,sync8_c0,5,34863.0,4.0,0.15,9.637157939572253,610,0.9621290401983753,34863.0,0.9,11949354919227107458,True
SC38,SC4381F0,sync8_c0,6,34931.0,4.0,0.15,9.287678604574188,623,0.8329477471665021,34931.05,0.9,11949354919227107458,True
SC38,SC4381F0,sync8_c0,7,35138.0,4.0,0.15,10.134057371479678,669,0.9428200790517254,35138.05,1.0,11949354919227107458,True
SC38,SC4381F0,sync8_c0,8,35244.0,4.0,0.15,8.124772578785324,733,0.9247715679161186,35244.1,1.1,11949354919227107458,True
SC38,SC4381F0,sync8_c0,9,40206.0,4.0,0.15,7.688611771754482,643,0.8031860828847724,40205.95,1.0,11949354919227107458,True
SC38,SC4381F0,sync8_c0,10,40414.0,4.0,0.15,12.17042858621875,659,0.7421308523490532,40414.0,1.0,11949354919227107458,True
SC38,SC4381F0,sync8_c0,11,40537.0,4.0,0.15,16.98719100679887,633,0.8625814227442833,40536.9,1.0,11949354919227107458,True
SC38,SC4381F0,sync8_c0,12,42605.0,4.0,0.15,6.247126030177952,647,0.9362163410485898,42604.95,1.0,11949354919227107458,True
SC38,SC4381F0,sync8_c0,13,43012.0,4.0,0.15,10.120846211748518,692,0.9286091446721945,43012.0,1.1,11949354919227107458,True
SC38,SC4381F0,sync8_c0,14,43092.0,4.0,0.15,10.47140713958007,591,0.7222782252009021,43091.9,0.9,11949354919227107458,True
SC38,SC4381F0,sync8_c0,15,47912.0,4.0,0.15,7.393837550566057,724,0.942207090756037,47912.1,1.1,11949354919227107458,True
SC38,SC4381F0,sync8_c0,16,52081.0,4.0,0.15,10.587862139239384,616,0.7735124681026274,52081.0,0.9,11949354919227107458,True
SC38,SC4381F0,sync8_c0,17,52362.0,4.0,0.15,11.199604709744117,634,0.8554385944951505,52362.05,0.9,11949354919227107458,True
SC38,SC4381F0,sync8_c0,18,52461.0,4.0,0.15,10.828824479759977,628,0.0,,,11949354919227107458,True
SC38,SC4381F0,sync8_c0,19,52933.0,4.0,0.15,13.030063097380046,720,0.8843277982757649,52933.1,1.1,11949354919227107458,True
SC38,SC4382F0,iso8_matched,0,37344.0,4.0,0.15,9.769880666719743,765,0.9056865796893789,37344.0,1.2,592887233150318021,True
SC38,SC4382F0,iso8_matched,1,37478.0,4.0,0.15,10.405857487419743,759,0.9213064633912046,37477.95,1.2,592887233150318021,True
SC38,SC4382F0,iso8_matched,2,37549.0,4.0,0.15,13.091645213027736,683,0.9467297005494489,37549.15,1.0,592887233150318021,True
SC38,SC4382F0,iso8_matched,3,37701.0,4.0,0.15,16.973601280923326,642,0.5682775515209976,37700.95,1.0,592887233150318021,True
SC38,SC4382F0,iso8_matched,4,37819.0,4.0,0.15,14.67402785215513,699,0.9075920623242774,37818.9,1.1,592887233150318021,True
SC38,SC4382F0,iso8_matched,5,38778.0,4.0,0.15,8.123119527358416,727,0.9333070281056134,38778.05,1.1,592887233150318021,True
SC38,SC4382F0,iso8_matched,6,44542.0,4.0,0.15,16.04799008632415,683,0.9151321461618992,44541.9,1.1,592887233150318021,True
SC38,SC4382F0,iso8_matched,7,48044.0,4.0,0.15,11.169212191751257,699,0.8951633079017342,48043.9,1.1,592887233150318021,True
SC38,SC4382F0,iso8_matched,8,48246.0,4.0,0.15,14.011912098693392,714,0.978420796743825,48245.95,1.1,592887233150318021,True
SC38,SC4382F0,iso8_matched,9,48498.0,4.0,0.15,11.680478862159376,600,0.9390913393022229,48498.0,0.9,592887233150318021,True
SC38,SC4382F0,iso8_matched,10,51929.0,4.0,0.15,8.8684068445496,591,0.9241863679569763,51928.9,0.9,592887233150318021,True
SC38,SC4382F0,iso8_matched,11,52017.0,4.0,0.15,11.021150733444298,740,0.8494358651109819,52017.2,1.1,592887233150318021,True
SC38,SC4382F0,iso8_matched,12,52692.0,4.0,0.15,16.712422847400017,714,0.9618389995030303,52692.05,1.1,592887233150318021,True
SC38,SC4382F0,iso8_matched,13,52852.0,4.0,0.15,14.820582353341434,746,0.8965986740390974,52851.85,1.2,592887233150318021,True
SC38,SC4382F0,iso8_matched,14,52997.0,4.0,0.15,16.964344127919237,600,0.0,,,592887233150318021,True
SC38,SC4382F0,iso8_matched,15,53132.0,4.0,0.15,26.4575186106433,639,0.8638291825215494,53131.9,1.0,592887233150318021,True
SC38,SC4382F0,iso8_matched,16,53423.0,4.0,0.15,10.806707730087746,646,0.9348594977908479,53422.9,1.0,592887233150318021,True
SC38,SC4382F0,iso8_matched,17,53836.0,4.0,0.15,9.03948054040392,646,0.9532470530262681,53835.95,1.0,592887233150318021,True
SC38,SC4382F0,iso8_matched,18,53977.0,4.0,0.15,7.609161778844074,722,0.9471280465629857,53977.05,1.1,592887233150318021,True
SC38,SC4382F0,iso8_matched,19,54048.0,4.0,0.15,7.563078525222613,583,0.8701655748622724,54047.85,0.9,592887233150318021,True
SC38,SC4382F0,sync8_c0,0,37344.0,4.0,0.15,9.769880666719743,760,0.8553422460523789,37344.0,1.2,592887233150318021,True
SC38,SC4382F0,sync8_c0,1,37478.0,4.0,0.15,10.405857487419743,767,0.9363165772349601,37478.05,1.2,592887233150318021,True
SC38,SC4382F0,sync8_c0,2,37549.0,4.0,0.15,13.091645213027736,684,0.9318934160450484,37549.15,1.0,592887233150318021,True
SC38,SC4382F0,sync8_c0,3,37701.0,4.0,0.15,16.973601280923326,635,0.47822252432844176,37701.1,0.9,592887233150318021,True
SC38,SC4382F0,sync8_c0,4,37819.0,4.0,0.15,14.67402785215513,702,0.9053981190516119,37819.0,1.1,592887233150318021,True
SC38,SC4382F0,sync8_c0,5,38778.0,4.0,0.15,8.123119527358416,728,0.9076788896644314,38778.1,1.1,592887233150318021,True
SC38,SC4382F0,sync8_c0,6,44542.0,4.0,0.15,16.04799008632415,677,0.9073273215214771,44541.95,1.1,592887233150318021,True
SC38,SC4382F0,sync8_c0,7,48044.0,4.0,0.15,11.169212191751257,698,0.9271718991237128,48044.0,1.1,592887233150318021,True
SC38,SC4382F0,sync8_c0,8,48246.0,4.0,0.15,14.011912098693392,714,0.9749046713617894,48246.05,1.1,592887233150318021,True
SC38,SC4382F0,sync8_c0,9,48498.0,4.0,0.15,11.680478862159376,600,0.9215899706830297,48498.0,0.9,592887233150318021,True
SC38,SC4382F0,sync8_c0,10,51929.0,4.0,0.15,8.8684068445496,594,0.9021757256350522,51928.9,0.9,592887233150318021,True
SC38,SC4382F0,sync8_c0,11,52017.0,4.0,0.15,11.021150733444298,737,0.8702371106360216,52017.2,1.1,592887233150318021,True
SC38,SC4382F0,sync8_c0,12,52692.0,4.0,0.15,16.712422847400017,709,0.9332589050306065,52692.1,1.1,592887233150318021,True
SC38,SC4382F0,sync8_c0,13,52852.0,4.0,0.15,14.820582353341434,748,0.9196821672187114,52851.95,1.2,592887233150318021,True
SC38,SC4382F0,sync8_c0,14,52997.0,4.0,0.15,16.964344127919237,602,0.4182945574770907,52996.3,1.0,592887233150318021,True
SC38,SC4382F0,sync8_c0,15,53132.0,4.0,0.15,26.4575186106433,640,0.8506679455600876,53131.85,1.0,592887233150318021,True
SC38,SC4382F0,sync8_c0,16,53423.0,4.0,0.15,10.806707730087746,651,0.9483972954345503,53422.95,1.0,592887233150318021,True
SC38,SC4382F0,sync8_c0,17,53836.0,4.0,0.15,9.03948054040392,651,0.9216376487180719,53836.0,1.0,592887233150318021,True
SC38,SC4382F0,sync8_c0,18,53977.0,4.0,0.15,7.609161778844074,723,0.9350897184312856,53977.15,1.1,592887233150318021,True
SC38,SC4382F0,sync8_c0,19,54048.0,4.0,0.15,7.563078525222613,586,0.8601775172393363,54047.9,0.9,592887233150318021,True
SC40,SC4401E0,iso8_matched,0,31676.0,4.0,0.15,13.936000396868149,621,0.8802580986835467,31676.1,0.9,16986602950789687337,True
SC40,SC4401E0,iso8_matched,1,31766.0,4.0,0.15,15.311826641900504,629,0.9031268507645774,31765.9,1.0,16986602950789687337,True
SC40,SC4401E0,iso8_matched,2,37220.0,4.0,0.15,18.569506547459742,642,0.8952728309945136,37219.85,1.0,16986602950789687337,True
SC40,SC4401E0,iso8_matched,3,37651.0,4.0,0.15,18.642841291607795,649,0.9333550449264992,37651.05,1.0,16986602950789687337,True
SC40,SC4401E0,iso8_matched,4,37955.0,4.0,0.15,11.49682475793226,666,0.8747874482402278,37955.0,1.0,16986602950789687337,True
SC40,SC4401E0,iso8_matched,5,38069.0,4.0,0.15,12.741260878165544,635,0.93859884118002,38068.95,1.0,16986602950789687337,True
SC40,SC4401E0,iso8_matched,6,47355.0,4.0,0.15,10.052621064276526,587,0.9023489960399036,47354.95,0.9,16986602950789687337,True
SC40,SC4401E0,iso8_matched,7,47433.0,4.0,0.15,10.734142139030357,723,0.0,,,16986602950789687337,True
SC40,SC4401E0,iso8_matched,8,47566.0,4.0,0.15,15.741868115177027,616,0.4453471394288625,47565.45,0.9,16986602950789687337,True
SC40,SC4401E0,iso8_matched,9,51732.0,4.0,0.15,12.869701373929379,661,0.36872322552659503,51731.95,1.0,16986602950789687337,True
SC40,SC4401E0,iso8_matched,10,51836.0,4.0,0.15,19.434746564407547,647,0.8296806955012272,51835.35,1.0,16986602950789687337,True
SC40,SC4401E0,iso8_matched,11,51996.0,4.0,0.15,40.89043375663409,673,0.9361198569365057,51996.1,1.0,16986602950789687337,True
SC40,SC4401E0,iso8_matched,12,52115.0,4.0,0.15,41.56924357817177,620,0.8696051958402772,52115.1,0.9,16986602950789687337,True
SC40,SC4401E0,iso8_matched,13,52340.0,4.0,0.15,43.40737509567269,627,0.8217812387521948,52340.15,0.9,16986602950789687337,True
SC40,SC4401E0,iso8_matched,14,52580.0,4.0,0.15,24.25282264241537,706,0.7735384039268771,52579.95,1.1,16986602950789687337,True
SC40,SC4401E0,iso8_matched,15,52705.0,4.0,0.15,31.965433538936114,614,0.3764857721800285,52704.4,0.9,16986602950789687337,True
SC40,SC4401E0,iso8_matched,16,52920.0,4.0,0.15,39.39326327359372,602,0.8876551450947262,52920.0,0.9,16986602950789687337,True
SC40,SC4401E0,iso8_matched,17,52995.0,4.0,0.15,38.7071855305468,667,0.9631304069328126,52995.1,1.0,16986602950789687337,True
SC40,SC4401E0,iso8_matched,18,53110.0,4.0,0.15,26.324941295213808,630,0.774057167239331,53109.9,1.0,16986602950789687337,True
SC40,SC4401E0,iso8_matched,19,53233.0,4.0,0.15,21.325300831086658,654,0.9501899818815317,53233.0,1.0,16986602950789687337,True
SC40,SC4401E0,sync8_c0,0,31676.0,4.0,0.15,13.936000396868149,618,0.902992141654201,31676.05,0.9,16986602950789687337,True
SC40,SC4401E0,sync8_c0,1,31766.0,4.0,0.15,15.311826641900504,621,0.8556682837798002,31765.9,1.0,16986602950789687337,True
SC40,SC4401E0,sync8_c0,2,37220.0,4.0,0.15,18.569506547459742,651,0.8852575310763614,37219.9,1.0,16986602950789687337,True
SC40,SC4401E0,sync8_c0,3,37651.0,4.0,0.15,18.642841291607795,636,0.8819132476641677,37651.0,1.0,16986602950789687337,True
SC40,SC4401E0,sync8_c0,4,37955.0,4.0,0.15,11.49682475793226,664,0.8645523854628976,37955.0,1.0,16986602950789687337,True
SC40,SC4401E0,sync8_c0,5,38069.0,4.0,0.15,12.741260878165544,624,0.8947987723099369,38068.9,1.0,16986602950789687337,True
SC40,SC4401E0,sync8_c0,6,47355.0,4.0,0.15,10.052621064276526,582,0.8718206853650334,47354.9,0.9,16986602950789687337,True
SC40,SC4401E0,sync8_c0,7,47433.0,4.0,0.15,10.734142139030357,730,0.4398141241894249,47433.6,1.2,16986602950789687337,True
SC40,SC4401E0,sync8_c0,8,47566.0,4.0,0.15,15.741868115177027,617,0.0,,,16986602950789687337,True
SC40,SC4401E0,sync8_c0,9,51732.0,4.0,0.15,12.869701373929379,662,0.4287188842540048,51731.95,1.0,16986602950789687337,True
SC40,SC4401E0,sync8_c0,10,51836.0,4.0,0.15,19.434746564407547,646,0.6418153260115844,51836.25,0.9,16986602950789687337,True
SC40,SC4401E0,sync8_c0,11,51996.0,4.0,0.15,40.89043375663409,671,0.9212151840914231,51996.1,1.0,16986602950789687337,True
SC40,SC4401E0,sync8_c0,12,52115.0,4.0,0.15,41.56924357817177,614,0.8696002573480798,52115.0,0.9,16986602950789687337,True
SC40,SC4401E0,sync8_c0,13,52340.0,4.0,0.15,43.40737509567269,627,0.8018416941335497,52339.85,1.0,16986602950789687337,True
SC40,SC4401E0,sync8_c0,14,52580.0,4.0,0.15,24.25282264241537,704,0.7418260100280736,52580.05,1.1,16986602950789687337,True
SC40,SC4401E0,sync8_c0,15,52705.0,4.0,0.15,31.965433538936114,624,0.38013317217770415,52705.0,0.9,16986602950789687337,True
SC40,SC4401E0,sync8_c0,16,52920.0,4.0,0.15,39.39326327359372,601,0.8894038769424216,52920.0,0.9,16986602950789687337,True
SC40,SC4401E0,sync8_c0,17,52995.0,4.0,0.15,38.7071855305468,665,0.9528041358403863,52995.1,1.0,16986602950789687337,True
SC40,SC4401E0,sync8_c0,18,53110.0,4.0,0.15,26.324941295213808,629,0.7393171123577538,53109.85,1.0,16986602950789687337,True
SC40,SC4401E0,sync8_c0,19,53233.0,4.0,0.15,21.325300831086658,653,0.9248766335601293,53233.0,1.0,16986602950789687337,True
SC40,SC4402E0,iso8_matched,0,34464.0,4.0,0.15,12.551483722793051,712,0.9112132692288745,34463.95,1.1,17381294369284453712,True
SC40,SC4402E0,iso8_matched,1,34647.0,4.0,0.15,14.837040509006352,680,0.9184718827137842,34647.15,1.0,17381294369284453712,True
SC40,SC4402E0,iso8_matched,2,35179.0,4.0,0.15,15.592059318136135,632,0.9485144094089787,35178.85,1.0,17381294369284453712,True
SC40,SC4402E0,iso8_matched,3,35307.0,4.0,0.15,13.06383379973464,635,0.8843253386230517,35306.9,1.0,17381294369284453712,True
SC40,SC4402E0,iso8_matched,4,36176.0,4.0,0.15,11.048087055625073,629,0.8835627330922393,36176.05,0.9,17381294369284453712,True
SC40,SC4402E0,iso8_matched,5,41438.0,4.0,0.15,13.668067260863245,592,0.8434045681180178,41437.95,0.9,17381294369284453712,True
SC40,SC4402E0,iso8_matched,6,41655.0,4.0,0.15,23.06754017785107,671,0.9080997897110924,41655.0,1.0,17381294369284453712,True
SC40,SC4402E0,iso8_matched,7,42013.0,4.0,0.15,17.930176897729236,665,0.9521316834155948,42013.05,1.0,17381294369284453712,True
SC40,SC4402E0,iso8_matched,8,42462.0,4.0,0.15,23.298823150355844,712,0.9606248930364684,42461.95,1.1,17381294369284453712,True
SC40,SC4402E0,iso8_matched,9,42535.0,4.0,0.15,21.656696987207333,689,0.9050978632033848,42535.15,1.0,17381294369284453712,True
SC40,SC4402E0,iso8_matched,10,42658.0,4.0,0.15,13.544053738492067,585,0.8938843588993518,42657.9,0.9,17381294369284453712,True
SC40,SC4402E0,iso8_matched,11,42934.0,4.0,0.15,11.658424208844638,594,0.9450683372126207,42933.95,0.9,17381294369284453712,True
SC40,SC4402E0,iso8_matched,12,43004.0,4.0,0.15,10.94334460686882,663,0.9671692122961761,43004.05,1.0,17381294369284453712,True
SC40,SC4402E0,iso8_matched,13,43171.0,4.0,0.15,9.915206588461006,658,0.912076082469416,43171.0,1.0,17381294369284453712,True
SC40,SC4402E0,iso8_matched,14,48009.0,4.0,0.15,13.287351315357185,699,0.9216112521002813,48009.0,1.1,17381294369284453712,True
SC40,SC4402E0,iso8_matched,15,48989.0,4.0,0.15,19.897808992156083,655,0.889883750202383,48988.95,1.0,17381294369284453712,True
SC40,SC4402E0,iso8_matched,16,49935.0,4.0,0.15,16.37673067590337,604,0.6779311372963359,49935.3,0.8,17381294369284453712,True
SC40,SC4402E0,iso8_matched,17,54432.0,4.0,0.15,9.848407982953427,629,0.7813476161762978,54432.2,0.9,17381294369284453712,True
SC40,SC4402E0,iso8_matched,18,55449.0,4.0,0.15,17.064687357215313,626,0.5699713313147362,55449.2,0.9,17381294369284453712,True
SC40,SC4402E0,iso8_matched,19,55665.0,4.0,0.15,17.087246517985903,728,0.5907050642147926,55665.15,0.9,17381294369284453712,True
SC40,SC4402E0,sync8_c0,0,34464.0,4.0,0.15,12.551483722793051,708,0.9068069611302769,34464.0,1.1,17381294369284453712,True
SC40,SC4402E0,sync8_c0,1,34647.0,4.0,0.15,14.837040509006352,676,0.9348105135367814,34647.1,1.0,17381294369284453712,True
SC40,SC4402E0,sync8_c0,2,35179.0,4.0,0.15,15.592059318136135,631,0.952046827921544,35178.9,1.0,17381294369284453712,True
SC40,SC4402E0,sync8_c0,3,35307.0,4.0,0.15,13.06383379973464,639,0.8939217052810281,35306.95,1.0,17381294369284453712,True
SC40,SC4402E0,sync8_c0,4,36176.0,4.0,0.15,11.048087055625073,633,0.8856133852990139,36176.05,0.9,17381294369284453712,True
SC40,SC4402E0,sync8_c0,5,41438.0,4.0,0.15,13.668067260863245,593,0.8285526185342266,41437.9,0.9,17381294369284453712,True
SC40,SC4402E0,sync8_c0,6,41655.0,4.0,0.15,23.06754017785107,674,0.9107489795408706,41655.05,1.0,17381294369284453712,True
SC40,SC4402E0,sync8_c0,7,42013.0,4.0,0.15,17.930176897729236,669,0.9369063386280901,42013.05,1.0,17381294369284453712,True
SC40,SC4402E0,sync8_c0,8,42462.0,4.0,0.15,23.298823150355844,708,0.9673143848385071,42462.0,1.1,17381294369284453712,True
SC40,SC4402E0,sync8_c0,9,42535.0,4.0,0.15,21.656696987207333,685,0.9123932403023813,42535.15,1.0,17381294369284453712,True
SC40,SC4402E0,sync8_c0,10,42658.0,4.0,0.15,13.544053738492067,586,0.9044938490606763,42657.9,0.9,17381294369284453712,True
SC40,SC4402E0,sync8_c0,11,42934.0,4.0,0.15,11.658424208844638,596,0.905175031949301,42933.95,0.9,17381294369284453712,True
SC40,SC4402E0,sync8_c0,12,43004.0,4.0,0.15,10.94334460686882,663,0.9462176892179054,43004.05,1.0,17381294369284453712,True
SC40,SC4402E0,sync8_c0,13,43171.0,4.0,0.15,9.915206588461006,655,0.9017164232906667,43171.0,1.0,17381294369284453712,True
SC40,SC4402E0,sync8_c0,14,48009.0,4.0,0.15,13.287351315357185,690,0.9200008111888588,48009.05,1.1,17381294369284453712,True
SC40,SC4402E0,sync8_c0,15,48989.0,4.0,0.15,19.897808992156083,657,0.9012381327468427,48988.95,1.0,17381294369284453712,True
SC40,SC4402E0,sync8_c0,16,49935.0,4.0,0.15,16.37673067590337,613,0.5045167946833262,49935.75,0.9,17381294369284453712,True
SC40,SC4402E0,sync8_c0,17,54432.0,4.0,0.15,9.848407982953427,623,0.8208097316460151,54432.15,0.9,17381294369284453712,True
SC40,SC4402E0,sync8_c0,18,55449.0,4.0,0.15,17.064687357215313,618,0.6018421285134546,55449.15,0.9,17381294369284453712,True
SC40,SC4402E0,sync8_c0,19,55665.0,4.0,0.15,17.087246517985903,729,0.7748446138640764,55665.6,1.1,17381294369284453712,True
SC41,SC4411E0,iso8_matched,0,27936.0,4.0,0.15,11.453597306077887,644,0.8185886846364949,27936.25,0.9,6085930925552102650,True
SC41,SC4411E0,iso8_matched,1,28014.0,4.0,0.15,11.395499142565518,699,0.8987976898656576,28014.0,1.1,6085930925552102650,True
SC41,SC4411E0,iso8_matched,2,28123.0,4.0,0.15,10.519464897194442,630,0.8924093357349875,28122.85,1.0,6085930925552102650,True
SC41,SC4411E0,iso8_matched,3,28465.0,4.0,0.15,10.874389715727956,626,0.9338515151871849,28464.9,1.0,6085930925552102650,True
SC41,SC4411E0,iso8_matched,4,28746.0,4.0,0.15,10.810192169183066,665,0.9016411064107863,28746.0,1.0,6085930925552102650,True
SC41,SC4411E0,iso8_matched,5,34344.0,4.0,0.15,11.367295150587315,674,0.8885788886886514,34343.85,1.1,6085930925552102650,True
SC41,SC4411E0,iso8_matched,6,35079.0,4.0,0.15,9.9724056704181,646,0.9263026113355838,35078.9,1.0,6085930925552102650,True
SC41,SC4411E0,iso8_matched,7,35252.0,4.0,0.15,9.062970676917546,689,0.8877157237257599,35252.0,1.1,6085930925552102650,True
SC41,SC4411E0,iso8_matched,8,41018.0,4.0,0.15,9.96246980563329,658,0.8211104126099721,41018.05,1.0,6085930925552102650,True
SC41,SC4411E0,iso8_matched,9,41184.0,4.0,0.15,8.702794777015699,649,0.8190589215871734,41183.9,1.0,6085930925552102650,True
SC41,SC4411E0,iso8_matched,10,41399.0,4.0,0.15,9.25050417868046,602,0.9376983277923512,41398.95,0.9,6085930925552102650,True
SC41,SC4411E0,iso8_matched,11,42530.0,4.0,0.15,8.273086206094634,635,0.8566371542835873,42530.55,1.0,6085930925552102650,True
SC41,SC4411E0,iso8_matched,12,43016.0,4.0,0.15,9.6960163494528,673,0.8767798965886775,43015.3,1.0,6085930925552102650,True
SC41,SC4411E0,iso8_matched,13,43271.0,4.0,0.15,7.494355361990275,629,0.923747571639267,43271.1,0.9,6085930925552102650,True
SC41,SC4411E0,iso8_matched,14,43352.0,4.0,0.15,7.213825892141547,722,0.8886172743012267,43352.1,1.1,6085930925552102650,True
SC41,SC4411E0,iso8_matched,15,48931.0,4.0,0.15,11.956933926320106,737,0.0,,,6085930925552102650,True
SC41,SC4411E0,iso8_matched,16,49049.0,4.0,0.15,13.869916227247185,730,0.9402772006805691,49049.1,1.1,6085930925552102650,True
SC41,SC4411E0,iso8_matched,17,49154.0,4.0,0.15,13.530689824906341,709,0.5936819784352987,49153.25,1.1,6085930925552102650,True
SC41,SC4411E0,iso8_matched,18,49793.0,4.0,0.15,10.15000587634838,655,0.9322955506410676,49792.35,1.0,6085930925552102650,True
SC41,SC4411E0,iso8_matched,19,49955.0,4.0,0.15,9.068898454531178,572,0.810225125984536,49954.8,0.9,6085930925552102650,True
SC41,SC4411E0,sync8_c0,0,27936.0,4.0,0.15,11.453597306077887,646,0.8619034914392182,27936.0,1.0,6085930925552102650,True
SC41,SC4411E0,sync8_c0,1,28014.0,4.0,0.15,11.395499142565518,691,0.9106011479946419,28014.0,1.1,6085930925552102650,True
SC41,SC4411E0,sync8_c0,2,28123.0,4.0,0.15,10.519464897194442,626,0.8521985223115929,28122.85,1.0,6085930925552102650,True
SC41,SC4411E0,sync8_c0,3,28465.0,4.0,0.15,10.874389715727956,622,0.9166794173481317,28464.9,1.0,6085930925552102650,True
SC41,SC4411E0,sync8_c0,4,28746.0,4.0,0.15,10.810192169183066,665,0.8999633921928522,28746.05,1.0,6085930925552102650,True
SC41,SC4411E0,sync8_c0,5,34344.0,4.0,0.15,11.367295150587315,666,0.9007334888149078,34343.85,1.1,6085930925552102650,True
SC41,SC4411E0,sync8_c0,6,35079.0,4.0,0.15,9.9724056704181,639,0.8348032502937769,35078.85,1.0,6085930925552102650,True
SC41,SC4411E0,sync8_c0,7,35252.0,4.0,0.15,9.062970676917546,679,0.8823406809488453,35252.0,1.1,6085930925552102650,True
SC41,SC4411E0,sync8_c0,8,41018.0,4.0,0.15,9.96246980563329,644,0.8427435166428627,41018.0,1.0,6085930925552102650,True
SC41,SC4411E0,sync8_c0,9,41184.0,4.0,0.15,8.702794777015699,645,0.8259620959406376,41183.9,1.0,6085930925552102650,True
SC41,SC4411E0,sync8_c0,10,41399.0,4.0,0.15,9.25050417868046,596,0.9090850805123203,41398.85,0.9,6085930925552102650,True
SC41,SC4411E0,sync8_c0,11,42530.0,4.0,0.15,8.273086206094634,643,0.8347437423113866,42529.95,1.0,6085930925552102650,True
SC41,SC4411E0,sync8_c0,12,43016.0,4.0,0.15,9.6960163494528,676,0.8935063708989408,43016.05,1.0,6085930925552102650,True
SC41,SC4411E0,sync8_c0,13,43271.0,4.0,0.15,7.494355361990275,635,0.8799799987881929,43270.9,1.0,6085930925552102650,True
SC41,SC4411E0,sync8_c0,14,43352.0,4.0,0.15,7.213825892141547,723,0.9082465502469825,43352.15,1.1,6085930925552102650,True
SC41,SC4411E0,sync8_c0,15,48931.0,4.0,0.15,11.956933926320106,733,0.6904632579834682,48931.1,1.1,6085930925552102650,True
SC41,SC4411E0,sync8_c0,16,49049.0,4.0,0.15,13.869916227247185,724,0.9031976941244125,49049.15,1.1,6085930925552102650,True
SC41,SC4411E0,sync8_c0,17,49154.0,4.0,0.15,13.530689824906341,707,0.630411595902298,49154.1,1.1,6085930925552102650,True
SC41,SC4411E0,sync8_c0,18,49793.0,4.0,0.15,10.15000587634838,650,0.8971686667444564,49793.0,1.0,6085930925552102650,True
SC41,SC4411E0,sync8_c0,19,49955.0,4.0,0.15,9.068898454531178,572,0.7658000887724484,49954.8,0.9,6085930925552102650,True
SC41,SC4412E0,iso8_matched,0,30446.0,4.0,0.15,16.34644995263525,574,0.8630805647954397,30445.25,0.9,12524274851467510651,True
SC41,SC4412E0,iso8_matched,1,30611.0,4.0,0.15,15.438225019724364,740,0.6953950698369828,30610.9,1.2,12524274851467510651,True
SC41,SC4412E0,iso8_matched,2,30697.0,4.0,0.15,16.389509399198747,657,0.6172554896826628,30696.3,1.0,12524274851467510651,True
SC41,SC4412E0,iso8_matched,3,30842.0,4.0,0.15,16.560809917786603,700,0.855177521514001,30841.95,1.1,12524274851467510651,True
SC41,SC4412E0,iso8_matched,4,37988.0,4.0,0.15,19.360323003258436,697,0.8823146124997177,37987.95,1.1,12524274851467510651,True
SC41,SC4412E0,iso8_matched,5,38063.0,4.0,0.15,16.988249477775504,703,0.861866573341683,38063.0,1.1,12524274851467510651,True
SC41,SC4412E0,iso8_matched,6,38155.0,4.0,0.15,17.393612849778155,737,0.9187342109772381,38155.15,1.1,12524274851467510651,True
SC41,SC4412E0,iso8_matched,7,38323.0,4.0,0.15,21.256633714896754,711,0.8975769783180362,38322.95,1.1,12524274851467510651,True
SC41,SC4412E0,iso8_matched,8,38544.0,4.0,0.15,27.738183512495397,685,0.8749415341222418,38544.2,1.0,12524274851467510651,True
SC41,SC4412E0,iso8_matched,9,38656.0,4.0,0.15,28.315342522318385,644,0.896597682095446,38655.9,1.0,12524274851467510651,True
SC41,SC4412E0,iso8_matched,10,38727.0,4.0,0.15,28.510645491596666,651,0.853077370821283,38727.0,1.0,12524274851467510651,True
SC41,SC4412E0,iso8_matched,11,39046.0,4.0,0.15,33.40488615125579,714,0.0,,,12524274851467510651,True
SC41,SC4412E0,iso8_matched,12,39212.0,4.0,0.15,35.668522748482125,688,0.8705937677636179,39212.2,1.0,12524274851467510651,True
SC41,SC4412E0,iso8_matched,13,45870.0,4.0,0.15,13.66511904263425,735,0.8698462495308396,45870.1,1.1,12524274851467510651,True
SC41,SC4412E0,iso8_matched,14,45959.0,4.0,0.15,16.051510360695794,711,0.935923103153162,45959.0,1.1,12524274851467510651,True
SC41,SC4412E0,iso8_matched,15,46028.0,4.0,0.15,17.852857734977082,692,0.824459141850403,46027.85,1.1,12524274851467510651,True
SC41,SC4412E0,iso8_matched,16,46351.0,4.0,0.15,11.681107894644587,705,0.8282333873155548,46350.25,1.1,12524274851467510651,True
SC41,SC4412E0,iso8_matched,17,46414.0,4.0,0.15,12.792144112472968,632,0.8996692471289092,46413.9,1.0,12524274851467510651,True
SC41,SC4412E0,iso8_matched,18,46587.0,4.0,0.15,13.268738261159786,610,0.8869316552657484,46586.9,0.9,12524274851467510651,True
SC41,SC4412E0,iso8_matched,19,47486.0,4.0,0.15,9.499105993784548,611,0.8749252814521863,47485.3,0.9,12524274851467510651,True
SC41,SC4412E0,sync8_c0,0,30446.0,4.0,0.15,16.34644995263525,579,0.8693861740452005,30445.9,0.9,12524274851467510651,True
SC41,SC4412E0,sync8_c0,1,30611.0,4.0,0.15,15.438225019724364,737,0.6574143248698859,30610.95,1.2,12524274851467510651,True
SC41,SC4412E0,sync8_c0,2,30697.0,4.0,0.15,16.389509399198747,657,0.5945403958475797,30696.75,1.1,12524274851467510651,True
SC41,SC4412E0,sync8_c0,3,30842.0,4.0,0.15,16.560809917786603,694,0.8633187915719586,30842.15,1.0,12524274851467510651,True
SC41,SC4412E0,sync8_c0,4,37988.0,4.0,0.15,19.360323003258436,699,0.8889122369446663,37988.05,1.1,12524274851467510651,True
SC41,SC4412E0,sync8_c0,5,38063.0,4.0,0.15,16.988249477775504,700,0.8558198151168699,38063.0,1.1,12524274851467510651,True
SC41,SC4412E0,sync8_c0,6,38155.0,4.0,0.15,17.393612849778155,731,0.8883643304031626,38155.2,1.1,12524274851467510651,True
SC41,SC4412E0,sync8_c0,7,38323.0,4.0,0.15,21.256633714896754,703,0.8773139701452165,38322.95,1.1,12524274851467510651,True
SC41,SC4412E0,sync8_c0,8,38544.0,4.0,0.15,27.738183512495397,686,0.9211430897391366,38543.95,1.1,12524274851467510651,True
SC41,SC4412E0,sync8_c0,9,38656.0,4.0,0.15,28.315342522318385,647,0.9077034131980212,38655.9,1.0,12524274851467510651,True
SC41,SC4412E0,sync8_c0,10,38727.0,4.0,0.15,28.510645491596666,640,0.8660968979529461,38727.0,1.0,12524274851467510651,True
SC41,SC4412E0,sync8_c0,11,39046.0,4.0,0.15,33.40488615125579,715,0.7288381338645132,39045.95,1.1,12524274851467510651,True
SC41,SC4412E0,sync8_c0,12,39212.0,4.0,0.15,35.668522748482125,696,0.9565612423940634,39212.0,1.1,12524274851467510651,True
SC41,SC4412E0,sync8_c0,13,45870.0,4.0,0.15,13.66511904263425,739,0.820167717026578,45869.9,1.2,12524274851467510651,True
SC41,SC4412E0,sync8_c0,14,45959.0,4.0,0.15,16.051510360695794,706,0.9326109015523499,45959.05,1.1,12524274851467510651,True
SC41,SC4412E0,sync8_c0,15,46028.0,4.0,0.15,17.852857734977082,688,0.793375320283688,46027.95,1.1,12524274851467510651,True
SC41,SC4412E0,sync8_c0,16,46351.0,4.0,0.15,11.681107894644587,701,0.6853629012435952,46351.05,1.1,12524274851467510651,True
SC41,SC4412E0,sync8_c0,17,46414.0,4.0,0.15,12.792144112472968,628,0.8724492264719579,46413.85,1.0,12524274851467510651,True
SC41,SC4412E0,sync8_c0,18,46587.0,4.0,0.15,13.268738261159786,615,0.879068541735676,46586.9,0.9,12524274851467510651,True
SC41,SC4412E0,sync8_c0,19,47486.0,4.0,0.15,9.499105993784548,618,0.8130536644996169,47486.0,0.9,12524274851467510651,True
SC42,SC4421E0,iso8_matched,0,37090.0,4.0,0.15,12.230306669710691,607,0.9183344548188147,37090.0,0.9,9826294941988412783,True
SC42,SC4421E0,iso8_matched,1,37398.0,4.0,0.15,10.345459342472338,659,0.9517431250024089,37398.0,1.0,9826294941988412783,True
SC42,SC4421E0,iso8_matched,2,37729.0,4.0,0.15,12.982683174058657,585,0.846525664063028,37728.95,0.9,9826294941988412783,True
SC42,SC4421E0,iso8_matched,3,37822.0,4.0,0.15,10.847949348777844,587,0.912142311508155,37821.9,0.9,9826294941988412783,True
SC42,SC4421E0,iso8_matched,4,37882.0,4.0,0.15,11.120573660648331,590,0.930234485868194,37881.9,0.9,9826294941988412783,True
SC42,SC4421E0,iso8_matched,5,37955.0,4.0,0.15,10.446093737833806,658,0.9368488056671286,37955.05,1.0,9826294941988412783,True
SC42,SC4421E0,iso8_matched,6,41914.0,4.0,0.15,13.079736900517942,602,0.8675973454966035,41914.0,0.9,9826294941988412783,True
SC42,SC4421E0,iso8_matched,7,42523.0,4.0,0.15,16.198862652522838,737,0.8082296638163281,42523.2,1.1,9826294941988412783,True
SC42,SC4421E0,iso8_matched,8,42698.0,4.0,0.15,10.595849733115132,701,0.9639925120644005,42697.9,1.1,9826294941988412783,True
SC42,SC4421E0,iso8_matched,9,42792.0,4.0,0.15,9.889370286321487,676,0.664984115598486,42792.05,1.0,9826294941988412783,True
SC42,SC4421E0,iso8_matched,10,42878.0,4.0,0.15,8.988579032192193,626,0.8999795048520836,42878.05,0.9,9826294941988412783,True
SC42,SC4421E0,iso8_matched,11,43014.0,4.0,0.15,10.866903482290258,625,0.7826142420415363,43014.65,0.9,9826294941988412783,True
SC42,SC4421E0,iso8_matched,12,43139.0,4.0,0.15,10.721789906332805,690,0.42812341744503335,43138.85,0.9,9826294941988412783,True
SC42,SC4421E0,iso8_matched,13,43549.0,4.0,0.15,8.72773684253542,725,0.9422285860041086,43549.05,1.1,9826294941988412783,True
SC42,SC4421E0,iso8_matched,14,43730.0,4.0,0.15,7.892943762583688,588,0.8698795834479784,43729.95,0.9,9826294941988412783,True
SC42,SC4421E0,iso8_matched,15,43873.0,4.0,0.15,8.069165975197079,606,0.9330449285282395,43873.1,0.9,9826294941988412783,True
SC42,SC4421E0,iso8_matched,16,48423.0,4.0,0.15,8.40201505165998,653,0.6500868955093242,48423.3,0.9,9826294941988412783,True
SC42,SC4421E0,iso8_matched,17,48510.0,4.0,0.15,8.325204614920073,639,0.9612326073257028,48509.9,1.0,9826294941988412783,True
SC42,SC4421E0,iso8_matched,18,48725.0,4.0,0.15,8.320685139930667,711,0.891363152389156,48724.95,1.1,9826294941988412783,True
SC42,SC4421E0,iso8_matched,19,49109.0,4.0,0.15,8.584233087828279,680,0.7016499549879753,49108.45,1.0,9826294941988412783,True
SC42,SC4421E0,sync8_c0,0,37090.0,4.0,0.15,12.230306669710691,607,0.9177912432616429,37090.0,0.9,9826294941988412783,True
SC42,SC4421E0,sync8_c0,1,37398.0,4.0,0.15,10.345459342472338,660,0.9707704483118531,37398.0,1.0,9826294941988412783,True
SC42,SC4421E0,sync8_c0,2,37729.0,4.0,0.15,12.982683174058657,585,0.8115898216796738,37728.9,0.9,9826294941988412783,True
SC42,SC4421E0,sync8_c0,3,37822.0,4.0,0.15,10.847949348777844,585,0.8961665368312846,37821.95,0.9,9826294941988412783,True
SC42,SC4421E0,sync8_c0,4,37882.0,4.0,0.15,11.120573660648331,592,0.9295032379968442,37881.85,0.9,9826294941988412783,True
SC42,SC4421E0,sync8_c0,5,37955.0,4.0,0.15,10.446093737833806,664,0.922405460760521,37955.05,1.0,9826294941988412783,True
SC42,SC4421E0,sync8_c0,6,41914.0,4.0,0.15,13.079736900517942,597,0.8411385170711289,41913.95,0.9,9826294941988412783,True
SC42,SC4421E0,sync8_c0,7,42523.0,4.0,0.15,16.198862652522838,731,0.7157841145242048,42523.2,1.1,9826294941988412783,True
SC42,SC4421E0,sync8_c0,8,42698.0,4.0,0.15,10.595849733115132,704,0.9805510402028438,42698.0,1.1,9826294941988412783,True
SC42,SC4421E0,sync8_c0,9,42792.0,4.0,0.15,9.889370286321487,680,0.6220746396747158,42792.05,1.0,9826294941988412783,True
SC42,SC4421E0,sync8_c0,10,42878.0,4.0,0.15,8.988579032192193,637,0.910119695246301,42877.85,1.0,9826294941988412783,True
SC42,SC4421E0,sync8_c0,11,43014.0,4.0,0.15,10.866903482290258,637,0.7159262576159517,43014.05,0.9,9826294941988412783,True
SC42,SC4421E0,sync8_c0,12,43139.0,4.0,0.15,10.721789906332805,689,0.4254014770989843,43138.85,1.1,9826294941988412783,True
SC42,SC4421E0,sync8_c0,13,43549.0,4.0,0.15,8.72773684253542,724,0.920092111039057,43549.15,1.1,9826294941988412783,True
SC42,SC4421E0,sync8_c0,14,43730.0,4.0,0.15,7.892943762583688,587,0.858490918814217,43729.9,0.9,9826294941988412783,True
SC42,SC4421E0,sync8_c0,15,43873.0,4.0,0.15,8.069165975197079,603,0.9124326980304704,43873.05,0.9,9826294941988412783,True
SC42,SC4421E0,sync8_c0,16,48423.0,4.0,0.15,8.40201505165998,651,0.5105803443278615,48423.05,0.8,9826294941988412783,True
SC42,SC4421E0,sync8_c0,17,48510.0,4.0,0.15,8.325204614920073,641,0.946260095226998,48509.9,1.0,9826294941988412783,True
SC42,SC4421E0,sync8_c0,18,48725.0,4.0,0.15,8.320685139930667,713,0.9184201934970514,48725.0,1.1,9826294941988412783,True
SC42,SC4421E0,sync8_c0,19,49109.0,4.0,0.15,8.584233087828279,669,0.8863696993031894,49109.15,1.0,9826294941988412783,True
SC42,SC4422E0,iso8_matched,0,35479.0,4.0,0.15,10.850637130037768,648,0.9379686318329731,35478.95,1.0,2486226248577439518,True
SC42,SC4422E0,iso8_matched,1,35556.0,4.0,0.15,10.933165845804194,737,0.8825246366268692,35555.8,1.2,2486226248577439518,True
SC42,SC4422E0,iso8_matched,2,35742.0,4.0,0.15,10.218973236793097,716,0.7776191194756422,35741.25,1.1,2486226248577439518,True
SC42,SC4422E0,iso8_matched,3,35839.0,4.0,0.15,11.765729461882378,725,0.924924896450008,35839.1,1.1,2486226248577439518,True
SC42,SC4422E0,iso8_matched,4,35935.0,4.0,0.15,11.205721540533098,684,0.8877026150257842,35934.85,1.1,2486226248577439518,True
SC42,SC4422E0,iso8_matched,5,36041.0,4.0,0.15,11.106336875027383,667,0.5706266273496765,36040.35,1.0,2486226248577439518,True
SC42,SC4422E0,iso8_matched,6,36104.0,4.0,0.15,11.25238436203167,723,0.9670198275224829,36104.0,1.1,2486226248577439518,True
SC42,SC4422E0,iso8_matched,7,36264.0,4.0,0.15,10.018455371439465,720,0.942748237598221,36264.0,1.1,2486226248577439518,True
SC42,SC4422E0,iso8_matched,8,36374.0,4.0,0.15,8.857895928542813,661,0.9346151358667433,36374.05,1.0,2486226248577439518,True
SC42,SC4422E0,iso8_matched,9,36590.0,4.0,0.15,9.157357958770639,680,0.8739432740891877,36590.05,1.0,2486226248577439518,True
SC42,SC4422E0,iso8_matched,10,36685.0,4.0,0.15,10.158275769800664,738,0.9543487902358271,36685.15,1.1,2486226248577439518,True
SC42,SC4422E0,iso8_matched,11,42960.0,4.0,0.15,15.749253774341245,687,0.812879863966451,42959.9,1.1,2486226248577439518,True
SC42,SC4422E0,iso8_matched,12,43419.0,4.0,0.15,14.223975562900394,611,0.8868890521168555,43419.05,0.9,2486226248577439518,True
SC42,SC4422E0,iso8_matched,13,43503.0,4.0,0.15,15.723825197311854,684,0.9011881351429167,43503.05,1.0,2486226248577439518,True
SC42,SC4422E0,iso8_matched,14,43701.0,4.0,0.15,13.851724988610279,586,0.6335224893079507,43700.3,0.9,2486226248577439518,True
SC42,SC4422E0,iso8_matched,15,43783.0,4.0,0.15,14.262628681546031,694,0.9075017740473721,43782.95,1.1,2486226248577439518,True
SC42,SC4422E0,iso8_matched,16,44061.0,4.0,0.15,14.806333867859706,719,0.9603654414366225,44061.05,1.1,2486226248577439518,True
SC42,SC4422E0,iso8_matched,17,44179.0,4.0,0.15,12.504372917795015,634,0.8786772887511343,44179.15,0.9,2486226248577439518,True
SC42,SC4422E0,iso8_matched,18,44273.0,4.0,0.15,11.150133274621432,632,0.8857144852110767,44272.95,1.0,2486226248577439518,True
SC42,SC4422E0,iso8_matched,19,44400.0,4.0,0.15,12.836433397261949,718,0.0,,,2486226248577439518,True
SC42,SC4422E0,sync8_c0,0,35479.0,4.0,0.15,10.850637130037768,644,0.948621623482526,35479.0,1.0,2486226248577439518,True
SC42,SC4422E0,sync8_c0,1,35556.0,4.0,0.15,10.933165845804194,732,0.8434406871888793,35555.9,1.2,2486226248577439518,True
SC42,SC4422E0,sync8_c0,2,35742.0,4.0,0.15,10.218973236793097,719,0.7579840129907242,35742.1,1.1,2486226248577439518,True
SC42,SC4422E0,sync8_c0,3,35839.0,4.0,0.15,11.765729461882378,723,0.8870322009814121,35839.15,1.1,2486226248577439518,True
SC42,SC4422E0,sync8_c0,4,35935.0,4.0,0.15,11.205721540533098,684,0.9128143080730942,35934.95,1.1,2486226248577439518,True
SC42,SC4422E0,sync8_c0,5,36041.0,4.0,0.15,11.106336875027383,664,0.49766075102889523,36041.2,0.9,2486226248577439518,True
SC42,SC4422E0,sync8_c0,6,36104.0,4.0,0.15,11.25238436203167,728,0.9319038793233262,36104.1,1.1,2486226248577439518,True
SC42,SC4422E0,sync8_c0,7,36264.0,4.0,0.15,10.018455371439465,718,0.9449585697077452,36264.05,1.1,2486226248577439518,True
SC42,SC4422E0,sync8_c0,8,36374.0,4.0,0.15,8.857895928542813,660,0.9251685001948372,36374.05,1.0,2486226248577439518,True
SC42,SC4422E0,sync8_c0,9,36590.0,4.0,0.15,9.157357958770639,685,0.8921233426163275,36589.85,1.1,2486226248577439518,True
SC42,SC4422E0,sync8_c0,10,36685.0,4.0,0.15,10.158275769800664,736,0.9218806282014489,36685.2,1.1,2486226248577439518,True
SC42,SC4422E0,sync8_c0,11,42960.0,4.0,0.15,15.749253774341245,686,0.7186594048244044,42959.95,1.1,2486226248577439518,True
SC42,SC4422E0,sync8_c0,12,43419.0,4.0,0.15,14.223975562900394,610,0.868338287618938,43419.0,0.9,2486226248577439518,True
SC42,SC4422E0,sync8_c0,13,43503.0,4.0,0.15,15.723825197311854,683,0.9196598529263426,43503.05,1.0,2486226248577439518,True
SC42,SC4422E0,sync8_c0,14,43701.0,4.0,0.15,13.851724988610279,584,0.5197569192018034,43700.95,0.9,2486226248577439518,True
SC42,SC4422E0,sync8_c0,15,43783.0,4.0,0.15,14.262628681546031,697,0.9285388607038138,43783.0,1.1,2486226248577439518,True
SC42,SC4422E0,sync8_c0,16,44061.0,4.0,0.15,14.806333867859706,721,0.9081302542050232,44061.15,1.1,2486226248577439518,True
SC42,SC4422E0,sync8_c0,17,44179.0,4.0,0.15,12.504372917795015,633,0.9085790511917171,44179.1,0.9,2486226248577439518,True
SC42,SC4422E0,sync8_c0,18,44273.0,4.0,0.15,11.150133274621432,628,0.8880032176845866,44272.95,1.0,2486226248577439518,True
SC42,SC4422E0,sync8_c0,19,44400.0,4.0,0.15,12.836433397261949,715,0.8677557260953407,44400.1,1.1,2486226248577439518,True
SC43,SC4431E0,iso8_matched,0,40484.0,4.0,0.15,11.82388881862555,574,0.8342543388651327,40484.2,0.8,3664973171082804080,True
SC43,SC4431E0,iso8_matched,1,40619.0,4.0,0.15,11.127605792221836,750,0.9079669378682638,40618.95,1.2,3664973171082804080,True
SC43,SC4431E0,iso8_matched,2,40732.0,4.0,0.15,11.027501810939762,752,0.8905058662242432,40732.0,1.2,3664973171082804080,True
SC43,SC4431E0,iso8_matched,3,40901.0,4.0,0.15,12.48668351472785,631,0.9190901252754206,40901.1,0.9,3664973171082804080,True
SC43,SC4431E0,iso8_matched,4,40983.0,4.0,0.15,12.925872872209593,632,0.8693557726332418,40983.0,1.0,3664973171082804080,True
SC43,SC4431E0,iso8_matched,5,41118.0,4.0,0.15,10.579245881998423,634,0.9196788786994143,41117.85,1.0,3664973171082804080,True
SC43,SC4431E0,iso8_matched,6,41187.0,4.0,0.15,10.302727021663133,625,0.8533706465533966,41187.15,0.9,3664973171082804080,True
SC43,SC4431E0,iso8_matched,7,41296.0,4.0,0.15,9.332277146903968,720,0.9475069341236473,41296.0,1.1,3664973171082804080,True
SC43,SC4431E0,iso8_matched,8,41363.0,4.0,0.15,9.2311419312198,727,0.9122456291164662,41363.05,1.1,3664973171082804080,True
SC43,SC4431E0,iso8_matched,9,41491.0,4.0,0.15,8.433738509368109,680,0.9042299707034656,41490.9,1.1,3664973171082804080,True
SC43,SC4431E0,iso8_matched,10,41653.0,4.0,0.15,8.633574574773565,713,0.9342800592297061,41653.05,1.1,3664973171082804080,True
SC43,SC4431E0,iso8_matched,11,42036.0,4.0,0.15,9.294118194751851,667,0.9094996138428459,42036.1,1.0,3664973171082804080,True
SC43,SC4431E0,iso8_matched,12,42197.0,4.0,0.15,9.713008295146905,740,0.927534013123594,42197.15,1.1,3664973171082804080,True
SC43,SC4431E0,iso8_matched,13,48864.0,4.0,0.15,11.758719935083787,676,0.914141211215919,48864.1,1.0,3664973171082804080,True
SC43,SC4431E0,iso8_matched,14,49022.0,4.0,0.15,12.512554261406246,690,0.86714279156422,49022.2,1.0,3664973171082804080,True
SC43,SC4431E0,iso8_matched,15,49131.0,4.0,0.15,13.621022133060873,696,0.9002569455458566,49130.9,1.1,3664973171082804080,True
SC43,SC4431E0,iso8_matched,16,49201.0,4.0,0.15,14.80868333256289,615,0.8817749815563115,49201.1,0.9,3664973171082804080,True
SC43,SC4431E0,iso8_matched,17,49573.0,4.0,0.15,11.826650832210005,703,0.8768810742198694,49572.9,1.1,3664973171082804080,True
SC43,SC4431E0,iso8_matched,18,49671.0,4.0,0.15,12.162093886411803,592,0.9132996785475478,49670.9,0.9,3664973171082804080,True
SC43,SC4431E0,iso8_matched,19,49811.0,4.0,0.15,10.554959903867385,684,0.8106158917651204,49811.1,1.0,3664973171082804080,True
SC43,SC4431E0,sync8_c0,0,40484.0,4.0,0.15,11.82388881862555,574,0.8401394825859029,40484.1,0.8,3664973171082804080,True
SC43,SC4431E0,sync8_c0,1,40619.0,4.0,0.15,11.127605792221836,751,0.9170234986867655,40619.0,1.2,3664973171082804080,True
SC43,SC4431E0,sync8_c0,2,40732.0,4.0,0.15,11.027501810939762,749,0.8641528813984571,40732.3,1.1,3664973171082804080,True
SC43,SC4431E0,sync8_c0,3,40901.0,4.0,0.15,12.48668351472785,629,0.9352499325183539,40901.05,0.9,3664973171082804080,True
SC43,SC4431E0,sync8_c0,4,40983.0,4.0,0.15,12.925872872209593,624,0.8607583639301044,40983.0,1.0,3664973171082804080,True
SC43,SC4431E0,sync8_c0,5,41118.0,4.0,0.15,10.579245881998423,644,0.9398294081411678,41117.9,1.0,3664973171082804080,True
SC43,SC4431E0,sync8_c0,6,41187.0,4.0,0.15,10.302727021663133,619,0.8831537187883977,41187.0,0.9,3664973171082804080,True
SC43,SC4431E0,sync8_c0,7,41296.0,4.0,0.15,9.332277146903968,728,0.8588855392390464,41295.8,1.2,3664973171082804080,True
SC43,SC4431E0,sync8_c0,8,41363.0,4.0,0.15,9.2311419312198,726,0.8955004334481786,41363.1,1.1,3664973171082804080,True
SC43,SC4431E0,sync8_c0,9,41491.0,4.0,0.15,8.433738509368109,679,0.8991654827421061,41490.95,1.1,3664973171082804080,True
SC43,SC4431E0,sync8_c0,10,41653.0,4.0,0.15,8.633574574773565,712,0.9224807469082048,41653.1,1.1,3664973171082804080,True
SC43,SC4431E0,sync8_c0,11,42036.0,4.0,0.15,9.294118194751851,664,0.9081929354815305,42036.1,1.0,3664973171082804080,True
SC43,SC4431E0,sync8_c0,12,42197.0,4.0,0.15,9.713008295146905,742,0.8953172495033238,42197.25,1.1,3664973171082804080,True
SC43,SC4431E0,sync8_c0,13,48864.0,4.0,0.15,11.758719935083787,670,0.9297483856684773,48864.05,1.0,3664973171082804080,True
SC43,SC4431E0,sync8_c0,14,49022.0,4.0,0.15,12.512554261406246,688,0.9105944037644621,49022.15,1.0,3664973171082804080,True
SC43,SC4431E0,sync8_c0,15,49131.0,4.0,0.15,13.621022133060873,698,0.9223312453477105,49131.0,1.1,3664973171082804080,True
SC43,SC4431E0,sync8_c0,16,49201.0,4.0,0.15,14.80868333256289,612,0.8512567707858452,49201.05,0.9,3664973171082804080,True
SC43,SC4431E0,sync8_c0,17,49573.0,4.0,0.15,11.826650832210005,704,0.8890237703586842,49572.95,1.1,3664973171082804080,True
SC43,SC4431E0,sync8_c0,18,49671.0,4.0,0.15,12.162093886411803,592,0.8943767700978534,49670.85,0.9,3664973171082804080,True
SC43,SC4431E0,sync8_c0,19,49811.0,4.0,0.15,10.554959903867385,683,0.8313935229447126,49810.9,1.1,3664973171082804080,True
SC43,SC4432E0,iso8_matched,0,39366.0,4.0,0.15,10.143991635394212,706,0.9667297243303887,39366.0,1.1,12481611271874906246,True
SC43,SC4432E0,iso8_matched,1,39630.0,4.0,0.15,9.44216990087307,701,0.8590098699936255,39629.9,1.1,12481611271874906246,True
SC43,SC4432E0,iso8_matched,2,39730.0,4.0,0.15,9.228623937905633,592,0.8734306984569852,39729.8,0.9,12481611271874906246,True
SC43,SC4432E0,iso8_matched,3,40096.0,4.0,0.15,9.728283650195559,678,0.8849408558792454,40095.8,1.1,12481611271874906246,True
SC43,SC4432E0,iso8_matched,4,40165.0,4.0,0.15,9.432058854463795,600,0.9416784820214668,40164.95,0.9,12481611271874906246,True
SC43,SC4432E0,iso8_matched,5,40311.0,4.0,0.15,9.938334945413464,587,0.9199524509895765,40310.85,0.9,12481611271874906246,True
SC43,SC4432E0,iso8_matched,6,40495.0,4.0,0.15,10.888468050541494,615,0.7347289812530857,40495.1,0.9,12481611271874906246,True
SC43,SC4432E0,iso8_matched,7,40599.0,4.0,0.15,9.84703719070212,617,0.9397298267131479,40599.05,0.9,12481611271874906246,True
SC43,SC4432E0,iso8_matched,8,40914.0,4.0,0.15,13.052730284806659,612,0.9027372011977317,40914.0,0.9,12481611271874906246,True
SC43,SC4432E0,iso8_matched,9,41001.0,4.0,0.15,9.914509009595244,673,0.8980404903296102,41001.1,1.0,12481611271874906246,True
SC43,SC4432E0,iso8_matched,10,41103.0,4.0,0.15,7.665645935287611,734,0.8817980965068678,41103.15,1.1,12481611271874906246,True
SC43,SC4432E0,iso8_matched,11,41397.0,4.0,0.15,7.139952601843463,619,0.9041036478852948,41397.1,0.9,12481611271874906246,True
SC43,SC4432E0,iso8_matched,12,41485.0,4.0,0.15,7.607313066813187,629,0.9174158444797728,41484.9,1.0,12481611271874906246,True
SC43,SC4432E0,iso8_matched,13,49107.0,4.0,0.15,13.366183704306147,636,0.46740326720692954,49106.6,0.9,12481611271874906246,True
SC43,SC4432E0,iso8_matched,14,49701.0,4.0,0.15,14.666086527810682,630,0.8165916339816389,49701.1,0.9,12481611271874906246,True
SC43,SC4432E0,iso8_matched,15,50180.0,4.0,0.15,9.127424543133408,675,0.8680774215247389,50180.1,1.0,12481611271874906246,True
SC43,SC4432E0,iso8_matched,16,50352.0,4.0,0.15,8.996858519726358,685,0.8345664076284314,50351.95,1.1,12481611271874906246,True
SC43,SC4432E0,iso8_matched,17,56564.0,4.0,0.15,9.83608814048025,692,0.8939461507524521,56564.15,1.0,12481611271874906246,True
SC43,SC4432E0,iso8_matched,18,56705.0,4.0,0.15,10.16153021671912,747,0.9232578779212025,56705.15,1.1,12481611271874906246,True
SC43,SC4432E0,iso8_matched,19,57619.0,4.0,0.15,25.81161593518524,674,0.892789752418564,57619.1,1.0,12481611271874906246,True
SC43,SC4432E0,sync8_c0,0,39366.0,4.0,0.15,10.143991635394212,709,0.9534126171635796,39366.05,1.1,12481611271874906246,True
SC43,SC4432E0,sync8_c0,1,39630.0,4.0,0.15,9.44216990087307,710,0.8968984212592948,39630.0,1.1,12481611271874906246,True
SC43,SC4432E0,sync8_c0,2,39730.0,4.0,0.15,9.228623937905633,604,0.8639839211555325,39729.85,0.9,12481611271874906246,True
SC43,SC4432E0,sync8_c0,3,40096.0,4.0,0.15,9.728283650195559,681,0.9192027915873122,40095.9,1.1,12481611271874906246,True
SC43,SC4432E0,sync8_c0,4,40165.0,4.0,0.15,9.432058854463795,601,0.8919758366113453,40164.95,0.9,12481611271874906246,True
SC43,SC4432E0,sync8_c0,5,40311.0,4.0,0.15,9.938334945413464,587,0.900689644544663,40310.85,0.9,12481611271874906246,True
SC43,SC4432E0,sync8_c0,6,40495.0,4.0,0.15,10.888468050541494,608,0.727668727732968,40495.05,0.9,12481611271874906246,True
SC43,SC4432E0,sync8_c0,7,40599.0,4.0,0.15,9.84703719070212,616,0.9608883203360784,40599.0,0.9,12481611271874906246,True
SC43,SC4432E0,sync8_c0,8,40914.0,4.0,0.15,13.052730284806659,602,0.9621372662822889,40913.95,0.9,12481611271874906246,True
SC43,SC4432E0,sync8_c0,9,41001.0,4.0,0.15,9.914509009595244,683,0.94345949966087,41000.95,1.1,12481611271874906246,True
SC43,SC4432E0,sync8_c0,10,41103.0,4.0,0.15,7.665645935287611,733,0.8626302902283274,41103.25,1.1,12481611271874906246,True
SC43,SC4432E0,sync8_c0,11,41397.0,4.0,0.15,7.139952601843463,612,0.9041243255754347,41397.05,0.9,12481611271874906246,True
SC43,SC4432E0,sync8_c0,12,41485.0,4.0,0.15,7.607313066813187,636,0.8979203833665541,41484.95,1.0,12481611271874906246,True
SC43,SC4432E0,sync8_c0,13,49107.0,4.0,0.15,13.366183704306147,641,0.0,,,12481611271874906246,True
SC43,SC4432E0,sync8_c0,14,49701.0,4.0,0.15,14.666086527810682,634,0.8102496868216063,49700.85,1.0,12481611271874906246,True
SC43,SC4432E0,sync8_c0,15,50180.0,4.0,0.15,9.127424543133408,668,0.9027260434026408,50180.05,1.0,12481611271874906246,True
SC43,SC4432E0,sync8_c0,16,50352.0,4.0,0.15,8.996858519726358,687,0.812965425164149,50352.0,1.1,12481611271874906246,True
SC43,SC4432E0,sync8_c0,17,56564.0,4.0,0.15,9.83608814048025,697,0.8800369696117831,56564.15,1.0,12481611271874906246,True
SC43,SC4432E0,sync8_c0,18,56705.0,4.0,0.15,10.16153021671912,752,0.8756215455979035,56704.9,1.2,12481611271874906246,True
SC43,SC4432E0,sync8_c0,19,57619.0,4.0,0.15,25.81161593518524,672,0.9001505244534646,57619.1,1.0,12481611271874906246,True
SC44,SC4441E0,iso8_matched,0,48174.0,4.0,0.15,12.385261221089781,653,0.9113099083022584,48174.05,1.0,12764330458247631921,True
SC44,SC4441E0,iso8_matched,1,48356.0,4.0,0.15,14.732516999016934,700,0.9425526342782308,48355.85,1.1,12764330458247631921,True
SC44,SC4441E0,iso8_matched,2,48521.0,4.0,0.15,14.103034021022653,719,0.9592278563302451,48521.1,1.1,12764330458247631921,True
SC44,SC4441E0,iso8_matched,3,48813.0,4.0,0.15,15.58819312424126,712,0.8968022959720126,48812.9,1.1,12764330458247631921,True
SC44,SC4441E0,iso8_matched,4,48926.0,4.0,0.15,19.300787625090543,681,0.9240995343227065,48926.15,1.0,12764330458247631921,True
SC44,SC4441E0,iso8_matched,5,49112.0,4.0,0.15,19.167784753621287,688,0.8199671242811745,49112.15,1.0,12764330458247631921,True
SC44,SC4441E0,iso8_matched,6,49230.0,4.0,0.15,16.44608122260596,613,0.776663355231524,49230.65,0.9,12764330458247631921,True
SC44,SC4441E0,iso8_matched,7,55540.0,4.0,0.15,13.139339588208255,701,0.7161525822028075,55540.05,1.1,12764330458247631921,True
SC44,SC4441E0,iso8_matched,8,55626.0,4.0,0.15,14.74642697949626,644,0.9041919774660436,55625.9,1.0,12764330458247631921,True
SC44,SC4441E0,iso8_matched,9,55721.0,4.0,0.15,15.264884391467799,633,0.8234799902286649,55721.1,0.9,12764330458247631921,True
SC44,SC4441E0,iso8_matched,10,55843.0,4.0,0.15,14.819894724283577,647,0.9573920466867623,55842.95,1.0,12764330458247631921,True
SC44,SC4441E0,iso8_matched,11,56019.0,4.0,0.15,15.723210443290538,680,0.9367726578688762,56018.85,1.1,12764330458247631921,True
SC44,SC4441E0,iso8_matched,12,56150.0,4.0,0.15,15.52021070356469,677,0.910834832810494,56150.05,1.0,12764330458247631921,True
SC44,SC4441E0,iso8_matched,13,56251.0,4.0,0.15,15.318792639531686,646,0.9494617768493673,56251.05,1.0,12764330458247631921,True
SC44,SC4441E0,iso8_matched,14,56415.0,4.0,0.15,15.535752058598227,725,0.940909373285748,56415.05,1.1,12764330458247631921,True
SC44,SC4441E0,iso8_matched,15,56502.0,4.0,0.15,15.410281738712714,735,0.0,,,12764330458247631921,True
SC44,SC4441E0,iso8_matched,16,56683.0,4.0,0.15,17.237824148386327,591,0.9120570005939592,56682.9,0.9,12764330458247631921,True
SC44,SC4441E0,iso8_matched,17,56931.0,4.0,0.15,16.17982002960436,638,0.9533819173896636,56930.95,1.0,12764330458247631921,True
SC44,SC4441E0,iso8_matched,18,57042.0,4.0,0.15,15.555121661800793,632,0.892232266674285,57041.85,1.0,12764330458247631921,True
SC44,SC4441E0,iso8_matched,19,57129.0,4.0,0.15,14.446792439548295,708,0.9169039380767647,57128.9,1.1,12764330458247631921,True
SC44,SC4441E0,sync8_c0,0,48174.0,4.0,0.15,12.385261221089781,651,0.9400648555203053,48174.05,1.0,12764330458247631921,True
SC44,SC4441E0,sync8_c0,1,48356.0,4.0,0.15,14.732516999016934,704,0.9386977549908831,48355.95,1.1,12764330458247631921,True
SC44,SC4441E0,sync8_c0,2,48521.0,4.0,0.15,14.103034021022653,716,0.9309523016827106,48521.15,1.1,12764330458247631921,True
SC44,SC4441E0,sync8_c0,3,48813.0,4.0,0.15,15.58819312424126,715,0.8824660360848822,48813.0,1.1,12764330458247631921,True
SC44,SC4441E0,sync8_c0,4,48926.0,4.0,0.15,19.300787625090543,684,0.8868819183508675,48926.15,1.0,12764330458247631921,True
SC44,SC4441E0,sync8_c0,5,49112.0,4.0,0.15,19.167784753621287,692,0.8019562895605864,49111.9,1.1,12764330458247631921,True
SC44,SC4441E0,sync8_c0,6,49230.0,4.0,0.15,16.44608122260596,617,0.7053108233887224,49230.0,0.9,12764330458247631921,True
SC44,SC4441E0,sync8_c0,7,55540.0,4.0,0.15,13.139339588208255,700,0.6357967228093133,55540.15,1.1,12764330458247631921,True
SC44,SC4441E0,sync8_c0,8,55626.0,4.0,0.15,14.74642697949626,650,0.8891651481271887,55625.9,1.0,12764330458247631921,True
SC44,SC4441E0,sync8_c0,9,55721.0,4.0,0.15,15.264884391467799,631,0.8599065025083674,55721.05,0.9,12764330458247631921,True
SC44,SC4441E0,sync8_c0,10,55843.0,4.0,0.15,14.819894724283577,654,0.9318763498551925,55843.0,1.0,12764330458247631921,True
SC44,SC4441E0,sync8_c0,11,56019.0,4.0,0.15,15.723210443290538,677,0.9318444067732026,56018.9,1.1,12764330458247631921,True
SC44,SC4441E0,sync8_c0,12,56150.0,4.0,0.15,15.52021070356469,674,0.9212718790231588,56150.05,1.0,12764330458247631921,True
SC44,SC4441E0,sync8_c0,13,56251.0,4.0,0.15,15.318792639531686,643,0.9672760306321904,56251.0,1.0,12764330458247631921,True
SC44,SC4441E0,sync8_c0,14,56415.0,4.0,0.15,15.535752058598227,727,0.8991900198328046,56415.1,1.1,12764330458247631921,True
SC44,SC4441E0,sync8_c0,15,56502.0,4.0,0.15,15.410281738712714,723,0.6972243234433194,56502.25,1.1,12764330458247631921,True
SC44,SC4441E0,sync8_c0,16,56683.0,4.0,0.15,17.237824148386327,600,0.9071142857958807,56682.95,0.9,12764330458247631921,True
SC44,SC4441E0,sync8_c0,17,56931.0,4.0,0.15,16.17982002960436,635,0.9346476488563521,56930.95,1.0,12764330458247631921,True
SC44,SC4441E0,sync8_c0,18,57042.0,4.0,0.15,15.555121661800793,621,0.9290541168373211,57042.05,0.9,12764330458247631921,True
SC44,SC4441E0,sync8_c0,19,57129.0,4.0,0.15,14.446792439548295,707,0.9303075051414412,57129.0,1.1,12764330458247631921,True
SC44,SC4442E0,iso8_matched,0,45560.0,4.0,0.15,15.000917164388511,699,0.855954944795979,45560.2,1.0,15327989387635452263,True
SC44,SC4442E0,iso8_matched,1,45676.0,4.0,0.15,15.21246210612883,750,0.8884630133555648,45675.4,1.1,15327989387635452263,True
SC44,SC4442E0,iso8_matched,2,46148.0,4.0,0.15,25.48925485969599,673,0.9289381559223548,46148.1,1.0,15327989387635452263,True
SC44,SC4442E0,iso8_matched,3,46245.0,4.0,0.15,20.961647636163132,637,0.8458139471757671,46244.95,1.0,15327989387635452263,True
SC44,SC4442E0,iso8_matched,4,46392.0,4.0,0.15,16.1673788005001,756,0.9184471579717381,46391.85,1.2,15327989387635452263,True
SC44,SC4442E0,iso8_matched,5,46496.0,4.0,0.15,14.504246216733886,628,0.8976559300413626,46496.05,0.9,15327989387635452263,True
SC44,SC4442E0,iso8_matched,6,46560.0,4.0,0.15,12.73090799907221,746,0.8625485516878874,46559.95,1.2,15327989387635452263,True
SC44,SC4442E0,iso8_matched,7,46709.0,4.0,0.15,11.867951958282719,637,0.8696426603135935,46709.25,0.9,15327989387635452263,True
SC44,SC4442E0,iso8_matched,8,46787.0,4.0,0.15,11.437876474733482,712,0.8721285722867911,46787.7,1.1,15327989387635452263,True
SC44,SC4442E0,iso8_matched,9,51648.0,4.0,0.15,12.046152186023482,752,0.8879744024904354,51648.0,1.2,15327989387635452263,True
SC44,SC4442E0,iso8_matched,10,51726.0,4.0,0.15,11.71549897930658,696,0.8525444222289382,51726.25,1.0,15327989387635452263,True
SC44,SC4442E0,iso8_matched,11,51789.0,4.0,0.15,12.210505395110006,594,0.897159164947705,51788.95,0.9,15327989387635452263,True
SC44,SC4442E0,iso8_matched,12,51863.0,4.0,0.15,12.516255910769056,658,0.9113833937611061,51863.0,1.0,15327989387635452263,True
SC44,SC4442E0,iso8_matched,13,51965.0,4.0,0.15,12.148957805688784,626,0.0,,,15327989387635452263,True
SC44,SC4442E0,iso8_matched,14,52139.0,4.0,0.15,13.326817028270822,694,0.7516591437380715,52138.9,1.1,15327989387635452263,True
SC44,SC4442E0,iso8_matched,15,52206.0,4.0,0.15,13.024451413738136,675,0.9245136436258046,52206.05,1.0,15327989387635452263,True
SC44,SC4442E0,iso8_matched,16,52406.0,4.0,0.15,12.349933774357648,727,0.8610084384746182,52406.15,1.1,15327989387635452263,True
SC44,SC4442E0,iso8_matched,17,52505.0,4.0,0.15,12.043085357661143,737,0.9353232736890541,52505.05,1.1,15327989387635452263,True
SC44,SC4442E0,iso8_matched,18,52677.0,4.0,0.15,10.671221346585275,710,0.9461898343066913,52677.0,1.1,15327989387635452263,True
SC44,SC4442E0,iso8_matched,19,52843.0,4.0,0.15,9.873549646601779,666,0.8654576252600875,52843.05,1.0,15327989387635452263,True
SC44,SC4442E0,sync8_c0,0,45560.0,4.0,0.15,15.000917164388511,696,0.8705146445889073,45560.2,1.0,15327989387635452263,True
SC44,SC4442E0,sync8_c0,1,45676.0,4.0,0.15,15.21246210612883,741,0.8521573338232535,45676.25,1.1,15327989387635452263,True
SC44,SC4442E0,sync8_c0,2,46148.0,4.0,0.15,25.48925485969599,672,0.9348263126272833,46148.1,1.0,15327989387635452263,True
SC44,SC4442E0,sync8_c0,3,46245.0,4.0,0.15,20.961647636163132,633,0.8733726346500366,46245.1,0.9,15327989387635452263,True
SC44,SC4442E0,sync8_c0,4,46392.0,4.0,0.15,16.1673788005001,758,0.893598852056458,46391.9,1.2,15327989387635452263,True
SC44,SC4442E0,sync8_c0,5,46496.0,4.0,0.15,14.504246216733886,632,0.8725387066311868,46495.8,1.0,15327989387635452263,True
SC44,SC4442E0,sync8_c0,6,46560.0,4.0,0.15,12.73090799907221,743,0.8393615158697538,46560.0,1.2,15327989387635452263,True
SC44,SC4442E0,sync8_c0,7,46709.0,4.0,0.15,11.867951958282719,632,0.8661052354755211,46709.2,0.9,15327989387635452263,True
SC44,SC4442E0,sync8_c0,8,46787.0,4.0,0.15,11.437876474733482,721,0.852911556082137,46787.05,1.1,15327989387635452263,True
SC44,SC4442E0,sync8_c0,9,51648.0,4.0,0.15,12.046152186023482,746,0.8506212906929763,51648.0,1.2,15327989387635452263,True
SC44,SC4442E0,sync8_c0,10,51726.0,4.0,0.15,11.71549897930658,696,0.8571752129682129,51726.05,1.1,15327989387635452263,True
SC44,SC4442E0,sync8_c0,11,51789.0,4.0,0.15,12.210505395110006,595,0.917116586686642,51788.95,0.9,15327989387635452263,True
SC44,SC4442E0,sync8_c0,12,51863.0,4.0,0.15,12.516255910769056,661,0.9159027607533432,51863.0,1.0,15327989387635452263,True
SC44,SC4442E0,sync8_c0,13,51965.0,4.0,0.15,12.148957805688784,623,0.7716998155452579,51965.05,0.9,15327989387635452263,True
SC44,SC4442E0,sync8_c0,14,52139.0,4.0,0.15,13.326817028270822,695,0.6853834017577793,52139.0,1.1,15327989387635452263,True
SC44,SC4442E0,sync8_c0,15,52206.0,4.0,0.15,13.024451413738136,676,0.9162339577911977,52206.05,1.0,15327989387635452263,True
SC44,SC4442E0,sync8_c0,16,52406.0,4.0,0.15,12.349933774357648,721,0.7752285819277512,52406.2,1.1,15327989387635452263,True
SC44,SC4442E0,sync8_c0,17,52505.0,4.0,0.15,12.043085357661143,743,0.8767618046969045,52505.15,1.1,15327989387635452263,True
SC44,SC4442E0,sync8_c0,18,52677.0,4.0,0.15,10.671221346585275,711,0.9334776788870558,52677.05,1.1,15327989387635452263,True
SC44,SC4442E0,sync8_c0,19,52843.0,4.0,0.15,9.873549646601779,660,0.8737855028033025,52843.05,1.0,15327989387635452263,True
SC45,SC4451F0,iso8_matched,0,43973.0,4.0,0.15,24.47438120895947,643,0.8314286311562596,43972.85,1.0,13850127071550725913,True
SC45,SC4451F0,iso8_matched,1,44059.0,4.0,0.15,19.249361792104605,700,0.8419511116733596,44058.5,1.0,13850127071550725913,True
SC45,SC4451F0,iso8_matched,2,44232.0,4.0,0.15,17.656338494530054,580,0.42475890748615175,44231.9,0.9,13850127071550725913,True
SC45,SC4451F0,iso8_matched,3,44595.0,4.0,0.15,17.128703675742646,721,0.767621536346236,44595.05,1.1,13850127071550725913,True
SC45,SC4451F0,iso8_matched,4,52275.0,4.0,0.15,20.866095447585106,582,0.866622724888515,52274.9,0.9,13850127071550725913,True
SC45,SC4451F0,iso8_matched,5,52773.0,4.0,0.15,18.782913239259162,635,0.9079201864783798,52773.15,0.9,13850127071550725913,True
SC45,SC4451F0,iso8_matched,6,52906.0,4.0,0.15,15.520088457229113,605,0.8517930417959869,52905.4,0.9,13850127071550725913,True
SC45,SC4451F0,iso8_matched,7,53121.0,4.0,0.15,23.8115096492678,645,0.9173086427794791,53120.9,1.0,13850127071550725913,True
SC45,SC4451F0,iso8_matched,8,53457.0,4.0,0.15,14.33564827166265,717,0.8784334142843705,53457.75,1.1,13850127071550725913,True
SC45,SC4451F0,iso8_matched,9,54146.0,4.0,0.15,14.97383565005295,757,0.4391647688037475,54145.4,1.0,13850127071550725913,True
SC45,SC4451F0,iso8_matched,10,59133.0,4.0,0.15,14.506844489303234,726,0.9142040047114596,59133.05,1.1,13850127071550725913,True
SC45,SC4451F0,iso8_matched,11,59207.0,4.0,0.15,14.71120924340611,674,0.9237832039458885,59207.1,1.0,13850127071550725913,True
SC45,SC4451F0,iso8_matched,12,59543.0,4.0,0.15,12.380797455324881,586,0.8479235959669176,59542.85,0.9,13850127071550725913,True
SC45,SC4451F0,iso8_matched,13,59707.0,4.0,0.15,12.828582125895444,642,0.9120861855111022,59706.95,1.0,13850127071550725913,True
SC45,SC4451F0,iso8_matched,14,59771.0,4.0,0.15,13.980574404756656,623,0.6225726326965358,59771.55,1.0,13850127071550725913,True
SC45,SC4451F0,iso8_matched,15,59956.0,4.0,0.15,14.2932388083654,610,0.9293932700627106,59956.1,0.9,13850127071550725913,True
SC45,SC4451F0,iso8_matched,16,60045.0,4.0,0.15,14.094968761028907,738,0.8988136620071133,60044.85,1.2,13850127071550725913,True
SC45,SC4451F0,iso8_matched,17,60173.0,4.0,0.15,12.559771318488659,704,0.9263241464760122,60172.95,1.1,13850127071550725913,True
SC45,SC4451F0,iso8_matched,18,60235.0,4.0,0.15,12.479304182090711,719,0.7961633282856492,60235.1,1.1,13850127071550725913,True
SC45,SC4451F0,iso8_matched,19,60398.0,4.0,0.15,12.826613665009427,737,0.9285671279042474,60398.15,1.1,13850127071550725913,True
SC45,SC4451F0,sync8_c0,0,43973.0,4.0,0.15,24.47438120895947,644,0.8490280805521488,43972.85,1.0,13850127071550725913,True
SC45,SC4451F0,sync8_c0,1,44059.0,4.0,0.15,19.249361792104605,700,0.8698469500905628,44059.2,1.0,13850127071550725913,True
SC45,SC4451F0,sync8_c0,2,44232.0,4.0,0.15,17.656338494530054,579,0.6453232195988761,44231.55,0.8,13850127071550725913,True
SC45,SC4451F0,sync8_c0,3,44595.0,4.0,0.15,17.128703675742646,720,0.7624534636471644,44595.1,1.1,13850127071550725913,True
SC45,SC4451F0,sync8_c0,4,52275.0,4.0,0.15,20.866095447585106,579,0.8208173239354275,52274.85,0.9,13850127071550725913,True
SC45,SC4451F0,sync8_c0,5,52773.0,4.0,0.15,18.782913239259162,637,0.9065427778658411,52773.1,0.9,13850127071550725913,True
SC45,SC4451F0,sync8_c0,6,52906.0,4.0,0.15,15.520088457229113,598,0.8239811624862764,52905.95,0.9,13850127071550725913,True
SC45,SC4451F0,sync8_c0,7,53121.0,4.0,0.15,23.8115096492678,657,0.9100027682264782,53120.95,1.0,13850127071550725913,True
SC45,SC4451F0,sync8_c0,8,53457.0,4.0,0.15,14.33564827166265,718,0.7809652057378443,53457.05,1.1,13850127071550725913,True
SC45,SC4451F0,sync8_c0,9,54146.0,4.0,0.15,14.97383565005295,754,0.6023596256596091,54145.6,1.0,13850127071550725913,True
SC45,SC4451F0,sync8_c0,10,59133.0,4.0,0.15,14.506844489303234,726,0.8787872481121578,59133.15,1.1,13850127071550725913,True
SC45,SC4451F0,sync8_c0,11,59207.0,4.0,0.15,14.71120924340611,674,0.9302006675160047,59207.05,1.0,13850127071550725913,True
SC45,SC4451F0,sync8_c0,12,59543.0,4.0,0.15,12.380797455324881,592,0.8658938176697024,59542.9,0.9,13850127071550725913,True
SC45,SC4451F0,sync8_c0,13,59707.0,4.0,0.15,12.828582125895444,644,0.8964297252326769,59706.95,1.0,13850127071550725913,True
SC45,SC4451F0,sync8_c0,14,59771.0,4.0,0.15,13.980574404756656,624,0.6319291425389696,59770.9,1.0,13850127071550725913,True
SC45,SC4451F0,sync8_c0,15,59956.0,4.0,0.15,14.2932388083654,603,0.9728232497304389,59956.0,0.9,13850127071550725913,True
SC45,SC4451F0,sync8_c0,16,60045.0,4.0,0.15,14.094968761028907,735,0.8785420520621477,60044.95,1.2,13850127071550725913,True
SC45,SC4451F0,sync8_c0,17,60173.0,4.0,0.15,12.559771318488659,708,0.9078952054402424,60173.05,1.1,13850127071550725913,True
SC45,SC4451F0,sync8_c0,18,60235.0,4.0,0.15,12.479304182090711,714,0.7787721291041114,60234.8,1.2,13850127071550725913,True
SC45,SC4451F0,sync8_c0,19,60398.0,4.0,0.15,12.826613665009427,737,0.8689680739084277,60398.25,1.1,13850127071550725913,True
SC45,SC4452F0,iso8_matched,0,41742.0,4.0,0.15,12.50805163502716,674,0.9376126714164434,41742.05,1.0,14195822871456812154,True
SC45,SC4452F0,iso8_matched,1,42262.0,4.0,0.15,16.19449939622992,736,0.9272941608080798,42262.1,1.1,14195822871456812154,True
SC45,SC4452F0,iso8_matched,2,42483.0,4.0,0.15,25.502124270671693,686,0.8865613279552339,42483.2,1.0,14195822871456812154,True
SC45,SC4452F0,iso8_matched,3,49329.0,4.0,0.15,22.821419629267393,620,0.8252642862475738,49329.05,0.9,14195822871456812154,True
SC45,SC4452F0,iso8_matched,4,49526.0,4.0,0.15,51.63700861899022,735,0.8721882780844936,49526.05,1.1,14195822871456812154,True
SC45,SC4452F0,iso8_matched,5,49744.0,4.0,0.15,54.11330158961001,703,0.8904290834674712,49743.95,1.1,14195822871456812154,True
SC45,SC4452F0,iso8_matched,6,50640.0,4.0,0.15,24.606558889450493,667,0.8466043243001128,50640.1,1.0,14195822871456812154,True
SC45,SC4452F0,iso8_matched,7,50817.0,4.0,0.15,16.08878892539324,619,0.8414865679159449,50816.45,0.9,14195822871456812154,True
SC45,SC4452F0,iso8_matched,8,55812.0,4.0,0.15,12.77474751084452,662,0.9095970171407481,55812.0,1.0,14195822871456812154,True
SC45,SC4452F0,iso8_matched,9,55882.0,4.0,0.15,15.496345339395393,597,0.8005297107227017,55881.85,0.9,14195822871456812154,True
SC45,SC4452F0,iso8_matched,10,56139.0,4.0,0.15,15.148136545682929,733,0.9126342036481657,56139.05,1.1,14195822871456812154,True
SC45,SC4452F0,iso8_matched,11,56462.0,4.0,0.15,10.559432529375394,696,0.8997012833843868,56462.0,1.1,14195822871456812154,True
SC45,SC4452F0,iso8_matched,12,56639.0,4.0,0.15,10.167391046291888,722,0.714184381980077,56639.6,1.2,14195822871456812154,True
SC45,SC4452F0,iso8_matched,13,56939.0,4.0,0.15,17.01128701402222,594,0.9139166517581361,56938.95,0.9,14195822871456812154,True
SC45,SC4452F0,iso8_matched,14,57513.0,4.0,0.15,9.114451724716478,745,0.7463600128568308,57513.2,1.1,14195822871456812154,True
SC45,SC4452F0,iso8_matched,15,57738.0,4.0,0.15,14.84021650520579,603,0.9484796824340695,57738.0,0.9,14195822871456812154,True
SC45,SC4452F0,iso8_matched,16,57931.0,4.0,0.15,10.445828180149276,620,0.6897423730565279,57930.85,1.0,14195822871456812154,True
SC45,SC4452F0,iso8_matched,17,58778.0,4.0,0.15,9.77597160671933,647,0.8221788917308321,58777.95,1.0,14195822871456812154,True
SC45,SC4452F0,iso8_matched,18,62475.0,4.0,0.15,9.787528710700734,669,0.9520881892877664,62475.05,1.0,14195822871456812154,True
SC45,SC4452F0,iso8_matched,19,63495.0,4.0,0.15,10.510823955192633,737,0.9027940135142887,63495.1,1.1,14195822871456812154,True
SC45,SC4452F0,sync8_c0,0,41742.0,4.0,0.15,12.50805163502716,679,0.9185307842472337,41742.1,1.0,14195822871456812154,True
SC45,SC4452F0,sync8_c0,1,42262.0,4.0,0.15,16.19449939622992,738,0.9004746853072848,42262.2,1.1,14195822871456812154,True
SC45,SC4452F0,sync8_c0,2,42483.0,4.0,0.15,25.502124270671693,687,0.922087957928129,42482.95,1.1,14195822871456812154,True
SC45,SC4452F0,sync8_c0,3,49329.0,4.0,0.15,22.821419629267393,628,0.8408344956642855,49329.05,0.9,14195822871456812154,True
SC45,SC4452F0,sync8_c0,4,49526.0,4.0,0.15,51.63700861899022,739,0.8117779984619539,49526.1,1.1,14195822871456812154,True
SC45,SC4452F0,sync8_c0,5,49744.0,4.0,0.15,54.11330158961001,707,0.8369954722169334,49744.05,1.1,14195822871456812154,True
SC45,SC4452F0,sync8_c0,6,50640.0,4.0,0.15,24.606558889450493,668,0.8215607139459696,50639.95,1.1,14195822871456812154,True
SC45,SC4452F0,sync8_c0,7,50817.0,4.0,0.15,16.08878892539324,610,0.7547237433398787,50816.95,0.9,14195822871456812154,True
SC45,SC4452F0,sync8_c0,8,55812.0,4.0,0.15,12.77474751084452,663,0.8960912639897924,55812.0,1.0,14195822871456812154,True
SC45,SC4452F0,sync8_c0,9,55882.0,4.0,0.15,15.496345339395393,604,0.746916855046196,55881.9,0.9,14195822871456812154,True
SC45,SC4452F0,sync8_c0,10,56139.0,4.0,0.15,15.148136545682929,738,0.8411932800631048,56139.15,1.1,14195822871456812154,True
SC45,SC4452F0,sync8_c0,11,56462.0,4.0,0.15,10.559432529375394,693,0.9281766814940445,56462.0,1.1,14195822871456812154,True
SC45,SC4452F0,sync8_c0,12,56639.0,4.0,0.15,10.167391046291888,724,0.6688461789394013,56638.9,1.2,14195822871456812154,True
SC45,SC4452F0,sync8_c0,13,56939.0,4.0,0.15,17.01128701402222,596,0.9275095452223174,56938.95,0.9,14195822871456812154,True
SC45,SC4452F0,sync8_c0,14,57513.0,4.0,0.15,9.114451724716478,745,0.6340672201194886,57513.25,1.1,14195822871456812154,True
SC45,SC4452F0,sync8_c0,15,57738.0,4.0,0.15,14.84021650520579,603,0.9640362108115804,57737.95,0.9,14195822871456812154,True
SC45,SC4452F0,sync8_c0,16,57931.0,4.0,0.15,10.445828180149276,615,0.7730850346323452,57931.05,0.9,14195822871456812154,True
SC45,SC4452F0,sync8_c0,17,58778.0,4.0,0.15,9.77597160671933,645,0.850853362437551,58777.95,1.0,14195822871456812154,True
SC45,SC4452F0,sync8_c0,18,62475.0,4.0,0.15,9.787528710700734,667,0.9529301311870759,62475.05,1.0,14195822871456812154,True
SC45,SC4452F0,sync8_c0,19,63495.0,4.0,0.15,10.510823955192633,737,0.8732299555493998,63495.15,1.1,14195822871456812154,True
SC46,SC4461F0,iso8_matched,0,36174.0,4.0,0.15,8.675140688685643,585,0.7930289342724035,36173.95,0.9,14234119598677468128,True
SC46,SC4461F0,iso8_matched,1,36274.0,4.0,0.15,8.973260396082498,712,0.9288869378148984,36274.05,1.1,14234119598677468128,True
SC46,SC4461F0,iso8_matched,2,36519.0,4.0,0.15,9.628844689989803,718,0.9361602587842756,36518.95,1.1,14234119598677468128,True
SC46,SC4461F0,iso8_matched,3,36658.0,4.0,0.15,9.22956716351558,660,0.925072224681594,36658.0,1.0,14234119598677468128,True
SC46,SC4461F0,iso8_matched,4,42427.0,4.0,0.15,8.920719156196375,733,0.784440168137522,42427.15,1.1,14234119598677468128,True
SC46,SC4461F0,iso8_matched,5,42523.0,4.0,0.15,8.10262735248398,713,0.9614128045487084,42523.0,1.1,14234119598677468128,True
SC46,SC4461F0,iso8_matched,6,43052.0,4.0,0.15,8.25045000324057,689,0.8310033290195227,43052.15,1.0,14234119598677468128,True
SC46,SC4461F0,iso8_matched,7,43491.0,4.0,0.15,12.334715720273344,703,0.8968480630896728,43490.95,1.1,14234119598677468128,True
SC46,SC4461F0,iso8_matched,8,48918.0,4.0,0.15,12.334070925161877,656,0.3464131303690751,48917.3,1.0,14234119598677468128,True
SC46,SC4461F0,iso8_matched,9,49812.0,4.0,0.15,7.232489364240549,718,0.9292085559655238,49812.0,1.1,14234119598677468128,True
SC46,SC4461F0,iso8_matched,10,49896.0,4.0,0.15,8.054872502009943,646,0.93899715202302,49896.0,1.0,14234119598677468128,True
SC46,SC4461F0,iso8_matched,11,50152.0,4.0,0.15,7.2300875027422125,633,0.8968026648052497,50151.9,1.0,14234119598677468128,True
SC46,SC4461F0,iso8_matched,12,50328.0,4.0,0.15,6.310307658901794,640,0.8963736558437018,50327.95,1.0,14234119598677468128,True
SC46,SC4461F0,iso8_matched,13,53104.0,4.0,0.15,8.414875215544928,667,0.9257394191528076,53104.05,1.0,14234119598677468128,True
SC46,SC4461F0,iso8_matched,14,53247.0,4.0,0.15,11.392772667803651,630,0.9047477465272209,53246.75,1.0,14234119598677468128,True
SC46,SC4461F0,iso8_matched,15,53363.0,4.0,0.15,16.058979946268668,598,0.5102251511663675,53362.3,0.9,14234119598677468128,True
SC46,SC4461F0,iso8_matched,16,53588.0,4.0,0.15,22.783440914228827,717,0.9762944588941779,53588.0,1.1,14234119598677468128,True
SC46,SC4461F0,iso8_matched,17,53924.0,4.0,0.15,16.80791567961833,723,0.9389500019631803,53924.05,1.1,14234119598677468128,True
SC46,SC4461F0,iso8_matched,18,54108.0,4.0,0.15,11.33959291805311,733,0.8311815853121107,54107.35,1.1,14234119598677468128,True
SC46,SC4461F0,iso8_matched,19,54648.0,4.0,0.15,9.988616045978748,649,0.1308923064254938,54648.25,0.8,14234119598677468128,True
SC46,SC4461F0,sync8_c0,0,36174.0,4.0,0.15,8.675140688685643,580,0.70856443728581,36173.85,0.9,14234119598677468128,True
SC46,SC4461F0,sync8_c0,1,36274.0,4.0,0.15,8.973260396082498,707,0.9271851013939082,36274.05,1.1,14234119598677468128,True
SC46,SC4461F0,sync8_c0,2,36519.0,4.0,0.15,9.628844689989803,721,0.917155724474968,36519.0,1.1,14234119598677468128,True
SC46,SC4461F0,sync8_c0,3,36658.0,4.0,0.15,9.22956716351558,663,0.9231766512914878,36658.0,1.0,14234119598677468128,True
SC46,SC4461F0,sync8_c0,4,42427.0,4.0,0.15,8.920719156196375,731,0.7063203440389475,42427.15,1.1,14234119598677468128,True
SC46,SC4461F0,sync8_c0,5,42523.0,4.0,0.15,8.10262735248398,709,0.9362170097820945,42523.0,1.1,14234119598677468128,True
SC46,SC4461F0,sync8_c0,6,43052.0,4.0,0.15,8.25045000324057,691,0.8413677316069718,43052.0,1.1,14234119598677468128,True
SC46,SC4461F0,sync8_c0,7,43491.0,4.0,0.15,12.334715720273344,704,0.9055899841848106,43491.05,1.1,14234119598677468128,True
SC46,SC4461F0,sync8_c0,8,48918.0,4.0,0.15,12.334070925161877,654,0.43820574385329597,48917.95,1.0,14234119598677468128,True
SC46,SC4461F0,sync8_c0,9,49812.0,4.0,0.15,7.232489364240549,724,0.8694900224154765,49812.1,1.1,14234119598677468128,True
SC46,SC4461F0,sync8_c0,10,49896.0,4.0,0.15,8.054872502009943,644,0.9341084574237727,49895.95,1.0,14234119598677468128,True
SC46,SC4461F0,sync8_c0,11,50152.0,4.0,0.15,7.2300875027422125,640,0.9286421732929263,50151.95,1.0,14234119598677468128,True
SC46,SC4461F0,sync8_c0,12,50328.0,4.0,0.15,6.310307658901794,641,0.8816195532523007,50328.0,1.0,14234119598677468128,True
SC46,SC4461F0,sync8_c0,13,53104.0,4.0,0.15,8.414875215544928,673,0.9022221295907284,53104.05,1.0,14234119598677468128,True
SC46,SC4461F0,sync8_c0,14,53247.0,4.0,0.15,11.392772667803651,633,0.8874642521963757,53247.0,0.9,14234119598677468128,True
SC46,SC4461F0,sync8_c0,15,53363.0,4.0,0.15,16.058979946268668,592,0.27130302161817704,53362.95,0.9,14234119598677468128,True
SC46,SC4461F0,sync8_c0,16,53588.0,4.0,0.15,22.783440914228827,717,0.9436860704321633,53588.1,1.1,14234119598677468128,True
SC46,SC4461F0,sync8_c0,17,53924.0,4.0,0.15,16.80791567961833,716,0.9296450841619112,53924.1,1.1,14234119598677468128,True
SC46,SC4461F0,sync8_c0,18,54108.0,4.0,0.15,11.33959291805311,732,0.6681824955246027,54108.1,1.1,14234119598677468128,True
SC46,SC4461F0,sync8_c0,19,54648.0,4.0,0.15,9.988616045978748,650,0.3063526619699075,54647.4,0.9,14234119598677468128,True
SC46,SC4462F0,iso8_matched,0,41498.0,4.0,0.15,17.213951301864697,594,0.9203018079049827,41498.0,0.9,17568052808278203794,True
SC46,SC4462F0,iso8_matched,1,41653.0,4.0,0.15,14.993562062462017,661,0.9608719188896382,41653.0,1.0,17568052808278203794,True
SC46,SC4462F0,iso8_matched,2,41755.0,4.0,0.15,10.025825350364382,662,0.6235736581289478,41754.3,1.0,17568052808278203794,True
SC46,SC4462F0,iso8_matched,3,41828.0,4.0,0.15,11.158004203951418,680,0.0,,,17568052808278203794,True
SC46,SC4462F0,iso8_matched,4,42287.0,4.0,0.15,9.174619663505405,653,0.8963197323885259,42286.9,1.0,17568052808278203794,True
SC46,SC4462F0,iso8_matched,5,42358.0,4.0,0.15,10.01778901940763,713,0.8757556162708545,42357.95,1.1,17568052808278203794,True
SC46,SC4462F0,iso8_matched,6,43070.0,4.0,0.15,12.00988935054843,615,0.9048721993401219,43070.05,0.9,17568052808278203794,True
SC46,SC4462F0,iso8_matched,7,43250.0,4.0,0.15,9.864687497684754,756,0.0,,,17568052808278203794,True
SC46,SC4462F0,iso8_matched,8,43356.0,4.0,0.15,9.58428039443239,608,0.9339268348675801,43356.0,0.9,17568052808278203794,True
SC46,SC4462F0,iso8_matched,9,43924.0,4.0,0.15,11.247768281973418,633,0.8918536577662561,43923.95,1.0,17568052808278203794,True
SC46,SC4462F0,iso8_matched,10,44025.0,4.0,0.15,11.504887384037831,642,0.9004671883899066,44024.95,1.0,17568052808278203794,True
SC46,SC4462F0,iso8_matched,11,50194.0,4.0,0.15,10.36701956644169,634,0.8649839252933496,50194.25,0.9,17568052808278203794,True
SC46,SC4462F0,iso8_matched,12,50493.0,4.0,0.15,10.221638153776917,612,0.8566452661506813,50493.0,0.9,17568052808278203794,True
SC46,SC4462F0,iso8_matched,13,50695.0,4.0,0.15,8.699906413676706,608,0.9099271359603359,50694.95,0.9,17568052808278203794,True
SC46,SC4462F0,iso8_matched,14,50778.0,4.0,0.15,9.31492579342608,652,0.9548814374891925,50777.95,1.0,17568052808278203794,True
SC46,SC4462F0,iso8_matched,15,50983.0,4.0,0.15,9.1949921446022,718,0.4993246236232484,50982.85,1.2,17568052808278203794,True
SC46,SC4462F0,iso8_matched,16,51632.0,4.0,0.15,6.967895978279145,642,0.9039704204041057,51631.95,1.0,17568052808278203794,True
SC46,SC4462F0,iso8_matched,17,51711.0,4.0,0.15,7.43294204724133,660,0.9245243781813336,51711.05,1.0,17568052808278203794,True
SC46,SC4462F0,iso8_matched,18,52525.0,4.0,0.15,8.051300576000301,617,0.8846783581773979,52525.05,0.9,17568052808278203794,True
SC46,SC4462F0,iso8_matched,19,52667.0,4.0,0.15,8.915594678673253,605,0.9321384686955205,52667.05,0.9,17568052808278203794,True
SC46,SC4462F0,sync8_c0,0,41498.0,4.0,0.15,17.213951301864697,591,0.9137448399098962,41497.95,0.9,17568052808278203794,True
SC46,SC4462F0,sync8_c0,1,41653.0,4.0,0.15,14.993562062462017,665,0.9396013511876072,41653.0,1.0,17568052808278203794,True
SC46,SC4462F0,sync8_c0,2,41755.0,4.0,0.15,10.025825350364382,672,0.70614413223535,41754.9,1.1,17568052808278203794,True
SC46,SC4462F0,sync8_c0,3,41828.0,4.0,0.15,11.158004203951418,671,0.8669670240795176,41828.15,1.0,17568052808278203794,True
SC46,SC4462F0,sync8_c0,4,42287.0,4.0,0.15,9.174619663505405,662,0.883939496300844,42286.95,1.0,17568052808278203794,True
SC46,SC4462F0,sync8_c0,5,42358.0,4.0,0.15,10.01778901940763,718,0.8283090300608118,42358.05,1.1,17568052808278203794,True
SC46,SC4462F0,sync8_c0,6,43070.0,4.0,0.15,12.00988935054843,619,0.891574802379016,43070.0,0.9,17568052808278203794,True
SC46,SC4462F0,sync8_c0,7,43250.0,4.0,0.15,9.864687497684754,753,0.3463351057449818,43250.3,1.0,17568052808278203794,True
SC46,SC4462F0,sync8_c0,8,43356.0,4.0,0.15,9.58428039443239,612,0.9032103534742582,43356.0,0.9,17568052808278203794,True
SC46,SC4462F0,sync8_c0,9,43924.0,4.0,0.15,11.247768281973418,635,0.9165884543707292,43923.95,1.0,17568052808278203794,True
SC46,SC4462F0,sync8_c0,10,44025.0,4.0,0.15,11.504887384037831,647,0.9300650377353453,44025.0,1.0,17568052808278203794,True
SC46,SC4462F0,sync8_c0,11,50194.0,4.0,0.15,10.36701956644169,625,0.9215163209666143,50194.1,0.9,17568052808278203794,True
SC46,SC4462F0,sync8_c0,12,50493.0,4.0,0.15,10.221638153776917,619,0.857629383682583,50493.0,0.9,17568052808278203794,True
SC46,SC4462F0,sync8_c0,13,50695.0,4.0,0.15,8.699906413676706,611,0.8908115167841704,50694.95,0.9,17568052808278203794,True
SC46,SC4462F0,sync8_c0,14,50778.0,4.0,0.15,9.31492579342608,653,0.9289056671268388,50777.95,1.0,17568052808278203794,True
SC46,SC4462F0,sync8_c0,15,50983.0,4.0,0.15,9.1949921446022,718,0.0,,,17568052808278203794,True
SC46,SC4462F0,sync8_c0,16,51632.0,4.0,0.15,6.967895978279145,642,0.8912075954405068,51631.95,1.0,17568052808278203794,True
SC46,SC4462F0,sync8_c0,17,51711.0,4.0,0.15,7.43294204724133,657,0.9341734915380804,51711.1,1.0,17568052808278203794,True
SC46,SC4462F0,sync8_c0,18,52525.0,4.0,0.15,8.051300576000301,617,0.8604115305647637,52525.05,0.9,17568052808278203794,True
SC46,SC4462F0,sync8_c0,19,52667.0,4.0,0.15,8.915594678673253,598,0.926249780218516,52667.05,0.9,17568052808278203794,True
SC47,SC4471F0,iso8_matched,0,29261.0,4.0,0.15,10.03443836871101,715,0.8886318858860364,29261.0,1.1,2367982071859518779,True
SC47,SC4471F0,iso8_matched,1,29407.0,4.0,0.15,8.792275562095696,697,0.8885113349992266,29406.8,1.1,2367982071859518779,True
SC47,SC4471F0,iso8_matched,2,29557.0,4.0,0.15,8.668417952006951,614,0.9082390442328114,29557.05,0.9,2367982071859518779,True
SC47,SC4471F0,iso8_matched,3,34782.0,4.0,0.15,10.112612674040609,635,0.83461279297765,34781.9,1.0,2367982071859518779,True
SC47,SC4471F0,iso8_matched,4,34989.0,4.0,0.15,9.545165011110653,683,0.0,,,2367982071859518779,True
SC47,SC4471F0,iso8_matched,5,35111.0,4.0,0.15,9.362092755406927,734,0.9079999361882878,35111.05,1.1,2367982071859518779,True
SC47,SC4471F0,iso8_matched,6,39792.0,4.0,0.15,9.556877368146981,663,0.8962240104928988,39791.95,1.0,2367982071859518779,True
SC47,SC4471F0,iso8_matched,7,39859.0,4.0,0.15,9.852835889774031,683,0.8881134556449978,39858.85,1.1,2367982071859518779,True
SC47,SC4471F0,iso8_matched,8,40082.0,4.0,0.15,9.77063491928919,704,0.8769501457479545,40081.95,1.1,2367982071859518779,True
SC47,SC4471F0,iso8_matched,9,40402.0,4.0,0.15,8.950761310514508,661,0.9186787859216012,40401.95,1.0,2367982071859518779,True
SC47,SC4471F0,iso8_matched,10,40470.0,4.0,0.15,8.372412228098092,652,0.8854639076564286,40470.05,1.0,2367982071859518779,True
SC47,SC4471F0,iso8_matched,11,40638.0,4.0,0.15,8.24411858477533,640,0.8635136831016454,40637.9,1.0,2367982071859518779,True
SC47,SC4471F0,iso8_matched,12,40716.0,4.0,0.15,8.305232166280579,693,0.8696499214975395,40716.1,1.0,2367982071859518779,True
SC47,SC4471F0,iso8_matched,13,40836.0,4.0,0.15,8.198703613034656,694,0.9370031152208321,40835.9,1.1,2367982071859518779,True
SC47,SC4471F0,iso8_matched,14,40995.0,4.0,0.15,7.8156367169696255,635,0.8573143023617927,40994.9,1.0,2367982071859518779,True
SC47,SC4471F0,iso8_matched,15,41081.0,4.0,0.15,8.100375709505274,647,0.8576564912052143,41081.0,1.0,2367982071859518779,True
SC47,SC4471F0,iso8_matched,16,46426.0,4.0,0.15,9.189627297205023,668,0.8265975382830364,46426.1,1.0,2367982071859518779,True
SC47,SC4471F0,iso8_matched,17,46533.0,4.0,0.15,10.650650429214528,651,0.8832441422523731,46533.0,1.0,2367982071859518779,True
SC47,SC4471F0,iso8_matched,18,46909.0,4.0,0.15,11.07320736107159,691,0.7826354471444281,46908.95,1.1,2367982071859518779,True
SC47,SC4471F0,iso8_matched,19,47020.0,4.0,0.15,10.104078950740469,691,0.8785012978446322,47019.85,1.1,2367982071859518779,True
SC47,SC4471F0,sync8_c0,0,29261.0,4.0,0.15,10.03443836871101,713,0.8484232695216027,29260.8,1.2,2367982071859518779,True
SC47,SC4471F0,sync8_c0,1,29407.0,4.0,0.15,8.792275562095696,705,0.9547357600035383,29406.95,1.1,2367982071859518779,True
SC47,SC4471F0,sync8_c0,2,29557.0,4.0,0.15,8.668417952006951,616,0.9082802570190629,29557.05,0.9,2367982071859518779,True
SC47,SC4471F0,sync8_c0,3,34782.0,4.0,0.15,10.112612674040609,632,0.8660835444715241,34781.85,1.0,2367982071859518779,True
SC47,SC4471F0,sync8_c0,4,34989.0,4.0,0.15,9.545165011110653,674,0.5697369770141921,34989.1,1.0,2367982071859518779,True
SC47,SC4471F0,sync8_c0,5,35111.0,4.0,0.15,9.362092755406927,741,0.9004809573714962,35110.85,1.2,2367982071859518779,True
SC47,SC4471F0,sync8_c0,6,39792.0,4.0,0.15,9.556877368146981,671,0.8621258969676067,39792.05,1.0,2367982071859518779,True
SC47,SC4471F0,sync8_c0,7,39859.0,4.0,0.15,9.852835889774031,683,0.9235164690517159,39858.95,1.1,2367982071859518779,True
SC47,SC4471F0,sync8_c0,8,40082.0,4.0,0.15,9.77063491928919,707,0.8588780721936653,40082.05,1.1,2367982071859518779,True
SC47,SC4471F0,sync8_c0,9,40402.0,4.0,0.15,8.950761310514508,666,0.9426206079360913,40402.0,1.0,2367982071859518779,True
SC47,SC4471F0,sync8_c0,10,40470.0,4.0,0.15,8.372412228098092,643,0.8470175064593694,40470.0,1.0,2367982071859518779,True
SC47,SC4471F0,sync8_c0,11,40638.0,4.0,0.15,8.24411858477533,639,0.8432687078582275,40638.05,0.9,2367982071859518779,True
SC47,SC4471F0,sync8_c0,12,40716.0,4.0,0.15,8.305232166280579,697,0.9059703340081918,40715.9,1.1,2367982071859518779,True
SC47,SC4471F0,sync8_c0,13,40836.0,4.0,0.15,8.198703613034656,698,0.9587365404241044,40836.0,1.1,2367982071859518779,True
SC47,SC4471F0,sync8_c0,14,40995.0,4.0,0.15,7.8156367169696255,639,0.8688238284231528,40994.9,1.0,2367982071859518779,True
SC47,SC4471F0,sync8_c0,15,41081.0,4.0,0.15,8.100375709505274,649,0.8400256324535883,41080.95,1.0,2367982071859518779,True
SC47,SC4471F0,sync8_c0,16,46426.0,4.0,0.15,9.189627297205023,666,0.7928014813955484,46426.1,1.0,2367982071859518779,True
SC47,SC4471F0,sync8_c0,17,46533.0,4.0,0.15,10.650650429214528,656,0.8437982446169227,46533.05,1.0,2367982071859518779,True
SC47,SC4471F0,sync8_c0,18,46909.0,4.0,0.15,11.07320736107159,679,0.7322139607435426,46908.95,1.1,2367982071859518779,True
SC47,SC4471F0,sync8_c0,19,47020.0,4.0,0.15,10.104078950740469,693,0.8971345561990682,47019.9,1.1,2367982071859518779,True
SC47,SC4472F0,iso8_matched,0,31228.0,4.0,0.15,9.086854158246842,704,0.931475360895989,31227.95,1.1,12196203423519425503,True
SC47,SC4472F0,iso8_matched,1,31604.0,4.0,0.15,9.128978682067094,592,0.9059902261672409,31603.95,0.9,12196203423519425503,True
SC47,SC4472F0,iso8_matched,2,31753.0,4.0,0.15,9.360000185409852,722,0.9394683156902044,31753.0,1.1,12196203423519425503,True
SC47,SC4472F0,iso8_matched,3,31895.0,4.0,0.15,9.98279947732761,673,0.6930915948351677,31894.8,1.1,12196203423519425503,True
SC47,SC4472F0,iso8_matched,4,32176.0,4.0,0.15,10.509227904287892,728,0.9448636908928862,32176.05,1.1,12196203423519425503,True
SC47,SC4472F0,iso8_matched,5,32398.0,4.0,0.15,12.014810551520489,660,0.8939305104715343,32398.1,1.0,12196203423519425503,True
SC47,SC4472F0,iso8_matched,6,33073.0,4.0,0.15,10.612407948448421,653,0.8997534703384457,33072.9,1.0,12196203423519425503,True
SC47,SC4472F0,iso8_matched,7,33220.0,4.0,0.15,10.429157662327208,731,0.9356073912108859,33220.1,1.1,12196203423519425503,True
SC47,SC4472F0,iso8_matched,8,45773.0,4.0,0.15,10.124312726283154,639,0.8552472236405,45772.95,1.0,12196203423519425503,True
SC47,SC4472F0,iso8_matched,9,45908.0,4.0,0.15,13.960724943690764,679,0.9225899949826727,45908.1,1.0,12196203423519425503,True
SC47,SC4472F0,iso8_matched,10,46015.0,4.0,0.15,15.904997805892979,698,0.7581686596352704,46015.7,1.1,12196203423519425503,True
SC47,SC4472F0,iso8_matched,11,46136.0,4.0,0.15,16.642455448967645,619,0.8831090952013902,46135.75,1.0,12196203423519425503,True
SC47,SC4472F0,iso8_matched,12,46376.0,4.0,0.15,13.788247804809146,673,0.9336289747852778,46376.0,1.0,12196203423519425503,True
SC47,SC4472F0,iso8_matched,13,46924.0,4.0,0.15,8.228779254047023,654,0.914422019867621,46924.05,1.0,12196203423519425503,True
SC47,SC4472F0,iso8_matched,14,49730.0,4.0,0.15,9.442104260470531,710,0.6258718832467212,49730.05,1.1,12196203423519425503,True
SC47,SC4472F0,iso8_matched,15,49849.0,4.0,0.15,9.22870384450503,727,0.890519390331896,49849.0,1.1,12196203423519425503,True
SC47,SC4472F0,iso8_matched,16,50071.0,4.0,0.15,9.587093735349411,636,0.9173402265021176,50070.9,1.0,12196203423519425503,True
SC47,SC4472F0,iso8_matched,17,50192.0,4.0,0.15,9.779654050778202,621,0.9020955940912817,50192.1,0.9,12196203423519425503,True
SC47,SC4472F0,iso8_matched,18,50265.0,4.0,0.15,10.428264407488777,698,0.8586477459506899,50265.25,1.0,12196203423519425503,True
SC47,SC4472F0,iso8_matched,19,50501.0,4.0,0.15,12.861507435301371,617,0.907307025709479,50501.1,0.9,12196203423519425503,True
SC47,SC4472F0,sync8_c0,0,31228.0,4.0,0.15,9.086854158246842,705,0.9491414703587908,31228.0,1.1,12196203423519425503,True
SC47,SC4472F0,sync8_c0,1,31604.0,4.0,0.15,9.128978682067094,592,0.9257261928223631,31603.95,0.9,12196203423519425503,True
SC47,SC4472F0,sync8_c0,2,31753.0,4.0,0.15,9.360000185409852,721,0.9074086229486747,31753.1,1.1,12196203423519425503,True
SC47,SC4472F0,sync8_c0,3,31895.0,4.0,0.15,9.98279947732761,679,0.7720228427812279,31894.9,1.1,12196203423519425503,True
SC47,SC4472F0,sync8_c0,4,32176.0,4.0,0.15,10.509227904287892,726,0.9310752651445716,32176.1,1.1,12196203423519425503,True
SC47,SC4472F0,sync8_c0,5,32398.0,4.0,0.15,12.014810551520489,658,0.8871965822574126,32398.05,1.0,12196203423519425503,True
SC47,SC4472F0,sync8_c0,6,33073.0,4.0,0.15,10.612407948448421,654,0.8797117987795173,33072.9,1.0,12196203423519425503,True
SC47,SC4472F0,sync8_c0,7,33220.0,4.0,0.15,10.429157662327208,726,0.9153392669823873,33220.15,1.1,12196203423519425503,True
SC47,SC4472F0,sync8_c0,8,45773.0,4.0,0.15,10.124312726283154,638,0.886369210636658,45772.95,1.0,12196203423519425503,True
SC47,SC4472F0,sync8_c0,9,45908.0,4.0,0.15,13.960724943690764,685,0.908177651238777,45908.1,1.0,12196203423519425503,True
SC47,SC4472F0,sync8_c0,10,46015.0,4.0,0.15,15.904997805892979,693,0.7060324268110358,46014.95,1.1,12196203423519425503,True
SC47,SC4472F0,sync8_c0,11,46136.0,4.0,0.15,16.642455448967645,625,0.9166890360742204,46135.8,1.0,12196203423519425503,True
SC47,SC4472F0,sync8_c0,12,46376.0,4.0,0.15,13.788247804809146,677,0.9335617255426978,46376.05,1.0,12196203423519425503,True
SC47,SC4472F0,sync8_c0,13,46924.0,4.0,0.15,8.228779254047023,646,0.8889444550684906,46924.0,1.0,12196203423519425503,True
SC47,SC4472F0,sync8_c0,14,49730.0,4.0,0.15,9.442104260470531,712,0.5092131986577646,49730.1,1.1,12196203423519425503,True
SC47,SC4472F0,sync8_c0,15,49849.0,4.0,0.15,9.22870384450503,728,0.8933157728612359,49849.05,1.1,12196203423519425503,True
SC47,SC4472F0,sync8_c0,16,50071.0,4.0,0.15,9.587093735349411,641,0.9329876648596093,50070.95,1.0,12196203423519425503,True
SC47,SC4472F0,sync8_c0,17,50192.0,4.0,0.15,9.779654050778202,628,0.8459534254206593,50191.9,1.0,12196203423519425503,True
SC47,SC4472F0,sync8_c0,18,50265.0,4.0,0.15,10.428264407488777,697,0.8904404276337116,50265.05,1.1,12196203423519425503,True
SC47,SC4472F0,sync8_c0,19,50501.0,4.0,0.15,12.861507435301371,611,0.9188466394319756,50501.05,0.9,12196203423519425503,True
SC48,SC4481F0,iso8_matched,0,35189.0,4.0,0.15,9.412348147776072,729,0.9469915193404081,35189.05,1.1,11374164230572991907,True
SC48,SC4481F0,iso8_matched,1,35274.0,4.0,0.15,9.31400344595634,701,0.8701969447428765,35273.95,1.1,11374164230572991907,True
SC48,SC4481F0,iso8_matched,2,35765.0,4.0,0.15,11.846959831644696,730,0.8914578134047125,35765.1,1.1,11374164230572991907,True
SC48,SC4481F0,iso8_matched,3,40533.0,4.0,0.15,12.604771449213048,710,0.9543860485164699,40533.0,1.1,11374164230572991907,True
SC48,SC4481F0,iso8_matched,4,40738.0,4.0,0.15,14.87576696809585,653,0.9438051990007174,40737.95,1.0,11374164230572991907,True
SC48,SC4481F0,iso8_matched,5,40861.0,4.0,0.15,17.573404936676777,591,0.9496922245329344,40860.95,0.9,11374164230572991907,True
SC48,SC4481F0,iso8_matched,6,40927.0,4.0,0.15,17.900715779541386,693,0.9545342213542103,40926.85,1.1,11374164230572991907,True
SC48,SC4481F0,iso8_matched,7,41274.0,4.0,0.15,12.457504107318629,671,0.8895133112560234,41273.8,1.1,11374164230572991907,True
SC48,SC4481F0,iso8_matched,8,41675.0,4.0,0.15,8.730623224424441,702,0.8639598250460507,41674.95,1.1,11374164230572991907,True
SC48,SC4481F0,iso8_matched,9,42168.0,4.0,0.15,8.308315309427513,665,0.49738985814226183,42167.3,1.0,11374164230572991907,True
SC48,SC4481F0,iso8_matched,10,51907.0,4.0,0.15,12.814092716435582,743,0.6318903403394927,51907.65,1.2,11374164230572991907,True
SC48,SC4481F0,iso8_matched,11,52025.0,4.0,0.15,22.33342529067685,586,0.8322578075559571,52024.9,0.9,11374164230572991907,True
SC48,SC4481F0,iso8_matched,12,52186.0,4.0,0.15,28.895620230294433,741,0.9361290577431158,52186.1,1.1,11374164230572991907,True
SC48,SC4481F0,iso8_matched,13,53413.0,4.0,0.15,40.324639496891926,601,0.9457964102595424,53413.0,0.9,11374164230572991907,True
SC48,SC4481F0,iso8_matched,14,53631.0,4.0,0.15,13.212834651016694,676,0.850836849413802,53631.05,1.0,11374164230572991907,True
SC48,SC4481F0,iso8_matched,15,53804.0,4.0,0.15,14.541573600291743,739,0.886003129026891,53803.8,1.2,11374164230572991907,True
SC48,SC4481F0,iso8_matched,16,54154.0,4.0,0.15,11.770206315102726,698,0.8662630253320743,54154.15,1.0,11374164230572991907,True
SC48,SC4481F0,iso8_matched,17,58787.0,4.0,0.15,10.030652039315214,643,0.9233205265253848,58786.9,1.0,11374164230572991907,True
SC48,SC4481F0,iso8_matched,18,60149.0,4.0,0.15,12.079439821834573,625,0.8493094268888214,60148.9,1.0,11374164230572991907,True
SC48,SC4481F0,iso8_matched,19,60690.0,4.0,0.15,57.6076719827787,601,0.9105971577125288,60690.0,0.9,11374164230572991907,True
SC48,SC4481F0,sync8_c0,0,35189.0,4.0,0.15,9.412348147776072,731,0.9210344697825192,35189.15,1.1,11374164230572991907,True
SC48,SC4481F0,sync8_c0,1,35274.0,4.0,0.15,9.31400344595634,706,0.8747487617670341,35274.05,1.1,11374164230572991907,True
SC48,SC4481F0,sync8_c0,2,35765.0,4.0,0.15,11.846959831644696,724,0.8768234448240391,35765.1,1.1,11374164230572991907,True
SC48,SC4481F0,sync8_c0,3,40533.0,4.0,0.15,12.604771449213048,714,0.9561923660367458,40533.05,1.1,11374164230572991907,True
SC48,SC4481F0,sync8_c0,4,40738.0,4.0,0.15,14.87576696809585,653,0.9487004899525795,40737.95,1.0,11374164230572991907,True
SC48,SC4481F0,sync8_c0,5,40861.0,4.0,0.15,17.573404936676777,588,0.9275128214742713,40860.95,0.9,11374164230572991907,True
SC48,SC4481F0,sync8_c0,6,40927.0,4.0,0.15,17.900715779541386,686,0.9417405979273508,40926.9,1.1,11374164230572991907,True
SC48,SC4481F0,sync8_c0,7,41274.0,4.0,0.15,12.457504107318629,672,0.9316202669204087,41273.9,1.1,11374164230572991907,True
SC48,SC4481F0,sync8_c0,8,41675.0,4.0,0.15,8.730623224424441,702,0.881129174333182,41675.0,1.1,11374164230572991907,True
SC48,SC4481F0,sync8_c0,9,42168.0,4.0,0.15,8.308315309427513,662,0.3545228788204385,42167.8,1.1,11374164230572991907,True
SC48,SC4481F0,sync8_c0,10,51907.0,4.0,0.15,12.814092716435582,750,0.5125616518331565,51906.9,1.2,11374164230572991907,True
SC48,SC4481F0,sync8_c0,11,52025.0,4.0,0.15,22.33342529067685,580,0.8215057548615594,52025.15,0.8,11374164230572991907,True
SC48,SC4481F0,sync8_c0,12,52186.0,4.0,0.15,28.895620230294433,746,0.8866008539088931,52185.9,1.2,11374164230572991907,True
SC48,SC4481F0,sync8_c0,13,53413.0,4.0,0.15,40.324639496891926,600,0.914174780829635,53412.95,0.9,11374164230572991907,True
SC48,SC4481F0,sync8_c0,14,53631.0,4.0,0.15,13.212834651016694,675,0.8534218412380752,53631.0,1.0,11374164230572991907,True
SC48,SC4481F0,sync8_c0,15,53804.0,4.0,0.15,14.541573600291743,737,0.8760553142786424,53804.15,1.1,11374164230572991907,True
SC48,SC4481F0,sync8_c0,16,54154.0,4.0,0.15,11.770206315102726,700,0.8683992718636038,54153.9,1.1,11374164230572991907,True
SC48,SC4481F0,sync8_c0,17,58787.0,4.0,0.15,10.030652039315214,650,0.9346682442581847,58786.95,1.0,11374164230572991907,True
SC48,SC4481F0,sync8_c0,18,60149.0,4.0,0.15,12.079439821834573,624,0.8302504870095951,60148.9,1.0,11374164230572991907,True
SC48,SC4481F0,sync8_c0,19,60690.0,4.0,0.15,57.6076719827787,598,0.9312748245612628,60689.95,0.9,11374164230572991907,True
SC48,SC4482F0,iso8_matched,0,33285.0,4.0,0.15,18.083655374749988,659,0.8825797130909523,33285.0,1.0,6601983404305010766,True
SC48,SC4482F0,iso8_matched,1,33486.0,4.0,0.15,20.588764370063377,614,0.7233648951727567,33485.75,1.0,6601983404305010766,True
SC48,SC4482F0,iso8_matched,2,40496.0,4.0,0.15,14.555159670398037,663,0.8001624423214738,40495.35,1.0,6601983404305010766,True
SC48,SC4482F0,iso8_matched,3,40611.0,4.0,0.15,23.40904648831703,770,0.8124252091580688,40611.0,1.2,6601983404305010766,True
SC48,SC4482F0,iso8_matched,4,40948.0,4.0,0.15,13.058884554493531,634,0.7880664893067391,40948.75,0.9,6601983404305010766,True
SC48,SC4482F0,iso8_matched,5,41180.0,4.0,0.15,11.233666899698726,636,0.8943550508053989,41179.9,1.0,6601983404305010766,True
SC48,SC4482F0,iso8_matched,6,41812.0,4.0,0.15,10.611070340284465,596,0.8732604634726393,41811.85,0.9,6601983404305010766,True
SC48,SC4482F0,iso8_matched,7,41914.0,4.0,0.15,11.287710370633082,616,0.9102067546785404,41914.05,0.9,6601983404305010766,True
SC48,SC4482F0,iso8_matched,8,46511.0,4.0,0.15,12.020535855461235,690,0.8741860725619531,46511.2,1.0,6601983404305010766,True
SC48,SC4482F0,iso8_matched,9,46747.0,4.0,0.15,14.703016506121308,712,0.9503658142074243,46746.95,1.1,6601983404305010766,True
SC48,SC4482F0,iso8_matched,10,46913.0,4.0,0.15,10.454526736931651,648,0.9304456852501279,46913.05,1.0,6601983404305010766,True
SC48,SC4482F0,iso8_matched,11,47638.0,4.0,0.15,14.761144207238473,601,0.9209521901547417,47637.95,0.9,6601983404305010766,True
SC48,SC4482F0,iso8_matched,12,52281.0,4.0,0.15,15.816809652588274,667,0.8816700727145322,52281.1,1.0,6601983404305010766,True
SC48,SC4482F0,iso8_matched,13,52442.0,4.0,0.15,16.21949784281353,649,0.9435440046371388,52442.0,1.0,6601983404305010766,True
SC48,SC4482F0,iso8_matched,14,52907.0,4.0,0.15,17.329231044823008,731,0.9578892850503611,52907.15,1.1,6601983404305010766,True
SC48,SC4482F0,iso8_matched,15,53071.0,4.0,0.15,13.18888463356502,683,0.865739042259542,53071.0,1.0,6601983404305010766,True
SC48,SC4482F0,iso8_matched,16,53461.0,4.0,0.15,8.452920229674717,628,0.8820732389101966,53460.9,1.0,6601983404305010766,True
SC48,SC4482F0,iso8_matched,17,53692.0,4.0,0.15,8.785298110045282,714,0.36634521577521717,53691.3,0.9,6601983404305010766,True
SC48,SC4482F0,iso8_matched,18,53798.0,4.0,0.15,10.46015498681087,653,0.8996377964746746,53797.9,1.0,6601983404305010766,True
SC48,SC4482F0,iso8_matched,19,57823.0,4.0,0.15,11.551075319566388,672,0.7307792992014545,57823.1,1.0,6601983404305010766,True
SC48,SC4482F0,sync8_c0,0,33285.0,4.0,0.15,18.083655374749988,654,0.9134927435410818,33285.0,1.0,6601983404305010766,True
SC48,SC4482F0,sync8_c0,1,33486.0,4.0,0.15,20.588764370063377,616,0.683775287702218,33486.0,0.9,6601983404305010766,True
SC48,SC4482F0,sync8_c0,2,40496.0,4.0,0.15,14.555159670398037,666,0.7316130148386552,40495.95,1.1,6601983404305010766,True
SC48,SC4482F0,sync8_c0,3,40611.0,4.0,0.15,23.40904648831703,771,0.8117399908379357,40611.05,1.2,6601983404305010766,True
SC48,SC4482F0,sync8_c0,4,40948.0,4.0,0.15,13.058884554493531,632,0.7644236805867156,40948.05,0.9,6601983404305010766,True
SC48,SC4482F0,sync8_c0,5,41180.0,4.0,0.15,11.233666899698726,640,0.9211273072449436,41179.9,1.0,6601983404305010766,True
SC48,SC4482F0,sync8_c0,6,41812.0,4.0,0.15,10.611070340284465,603,0.8482248853561705,41811.9,0.9,6601983404305010766,True
SC48,SC4482F0,sync8_c0,7,41914.0,4.0,0.15,11.287710370633082,608,0.9078529961941002,41914.0,0.9,6601983404305010766,True
SC48,SC4482F0,sync8_c0,8,46511.0,4.0,0.15,12.020535855461235,693,0.924156546283516,46510.95,1.1,6601983404305010766,True
SC48,SC4482F0,sync8_c0,9,46747.0,4.0,0.15,14.703016506121308,708,0.947708484565035,46747.0,1.1,6601983404305010766,True
SC48,SC4482F0,sync8_c0,10,46913.0,4.0,0.15,10.454526736931651,642,0.9047686429125736,46913.0,1.0,6601983404305010766,True
SC48,SC4482F0,sync8_c0,11,47638.0,4.0,0.15,14.761144207238473,603,0.914996166487533,47637.95,0.9,6601983404305010766,True
SC48,SC4482F0,sync8_c0,12,52281.0,4.0,0.15,15.816809652588274,669,0.8793546750319801,52280.9,1.1,6601983404305010766,True
SC48,SC4482F0,sync8_c0,13,52442.0,4.0,0.15,16.21949784281353,649,0.9398411547281383,52442.0,1.0,6601983404305010766,True
SC48,SC4482F0,sync8_c0,14,52907.0,4.0,0.15,17.329231044823008,732,0.9259216133613255,52907.2,1.1,6601983404305010766,True
SC48,SC4482F0,sync8_c0,15,53071.0,4.0,0.15,13.18888463356502,692,0.879701451091045,53070.85,1.1,6601983404305010766,True
SC48,SC4482F0,sync8_c0,16,53461.0,4.0,0.15,8.452920229674717,621,0.8500892123561904,53461.1,0.9,6601983404305010766,True
SC48,SC4482F0,sync8_c0,17,53692.0,4.0,0.15,8.785298110045282,711,0.0,,,6601983404305010766,True
SC48,SC4482F0,sync8_c0,18,53798.0,4.0,0.15,10.46015498681087,650,0.880456742147947,53797.85,1.0,6601983404305010766,True
SC48,SC4482F0,sync8_c0,19,57823.0,4.0,0.15,11.551075319566388,664,0.8277232189125586,57823.05,1.0,6601983404305010766,True
SC49,SC4491G0,iso8_matched,0,32908.0,4.0,0.15,24.176001833214634,596,0.7870204868513477,32907.95,0.9,10310614374749338224,True
SC49,SC4491G0,iso8_matched,1,39669.0,4.0,0.15,20.509189185853643,668,0.8420770431709862,39669.0,1.0,10310614374749338224,True
SC49,SC4491G0,iso8_matched,2,39887.0,4.0,0.15,21.939465911917587,708,0.9046271660696765,39887.05,1.1,10310614374749338224,True
SC49,SC4491G0,iso8_matched,3,40464.0,4.0,0.15,23.45628775712461,705,0.9673101613795941,40464.0,1.1,10310614374749338224,True
SC49,SC4491G0,iso8_matched,4,40614.0,4.0,0.15,18.552450303750753,687,0.8918865125440644,40613.8,1.1,10310614374749338224,True
SC49,SC4491G0,iso8_matched,5,40687.0,4.0,0.15,21.39884336015493,682,0.8473778479090445,40687.2,1.0,10310614374749338224,True
SC49,SC4491G0,iso8_matched,6,40797.0,4.0,0.15,19.305207236509624,668,0.9347548441159423,40797.05,1.0,10310614374749338224,True
SC49,SC4491G0,iso8_matched,7,41051.0,4.0,0.15,12.910810016386915,702,0.9573832216854122,41050.9,1.1,10310614374749338224,True
SC49,SC4491G0,iso8_matched,8,46645.0,4.0,0.15,13.072783970160575,679,0.8248434913918203,46644.8,1.1,10310614374749338224,True
SC49,SC4491G0,iso8_matched,9,47060.0,4.0,0.15,15.898764539026844,745,0.9017727322115912,47060.1,1.1,10310614374749338224,True
SC49,SC4491G0,iso8_matched,10,47596.0,4.0,0.15,28.3827175801231,666,0.49854166245294707,47596.05,1.0,10310614374749338224,True
SC49,SC4491G0,iso8_matched,11,47735.0,4.0,0.15,29.090783031327646,713,0.9597784364082821,47734.95,1.1,10310614374749338224,True
SC49,SC4491G0,iso8_matched,12,48123.0,4.0,0.15,17.028043134836217,641,0.8288964030372172,48122.8,1.0,10310614374749338224,True
SC49,SC4491G0,iso8_matched,13,48854.0,4.0,0.15,9.422461578148333,620,0.9254060454710853,48854.0,0.9,10310614374749338224,True
SC49,SC4491G0,iso8_matched,14,54847.0,4.0,0.15,12.247615676319304,764,0.0,,,10310614374749338224,True
SC49,SC4491G0,iso8_matched,15,55131.0,4.0,0.15,17.4243872338232,631,0.877605423479112,55130.9,1.0,10310614374749338224,True
SC49,SC4491G0,iso8_matched,16,55440.0,4.0,0.15,23.66795239351925,658,0.9582097105450955,55440.05,1.0,10310614374749338224,True
SC49,SC4491G0,iso8_matched,17,55651.0,4.0,0.15,24.122417879657146,621,0.4376343470284829,55651.15,0.9,10310614374749338224,True
SC49,SC4491G0,iso8_matched,18,56161.0,4.0,0.15,11.880443876274398,684,0.9083552298205964,56160.85,1.1,10310614374749338224,True
SC49,SC4491G0,iso8_matched,19,56535.0,4.0,0.15,13.535385827148545,749,0.8989798854878761,56535.15,1.1,10310614374749338224,True
SC49,SC4491G0,sync8_c0,0,32908.0,4.0,0.15,24.176001833214634,591,0.7798805398265658,32907.85,0.9,10310614374749338224,True
SC49,SC4491G0,sync8_c0,1,39669.0,4.0,0.15,20.509189185853643,671,0.815367437555437,39668.8,1.1,10310614374749338224,True
SC49,SC4491G0,sync8_c0,2,39887.0,4.0,0.15,21.939465911917587,702,0.8599430384217728,39887.1,1.1,10310614374749338224,True
SC49,SC4491G0,sync8_c0,3,40464.0,4.0,0.15,23.45628775712461,709,0.945102483635704,40464.1,1.1,10310614374749338224,True
SC49,SC4491G0,sync8_c0,4,40614.0,4.0,0.15,18.552450303750753,685,0.8987773543071943,40613.9,1.1,10310614374749338224,True
SC49,SC4491G0,sync8_c0,5,40687.0,4.0,0.15,21.39884336015493,672,0.8634185859948169,40687.15,1.0,10310614374749338224,True
SC49,SC4491G0,sync8_c0,6,40797.0,4.0,0.15,19.305207236509624,661,0.9354696644940997,40797.0,1.0,10310614374749338224,True
SC49,SC4491G0,sync8_c0,7,41051.0,4.0,0.15,12.910810016386915,701,0.9618470197409916,41051.0,1.1,10310614374749338224,True
SC49,SC4491G0,sync8_c0,8,46645.0,4.0,0.15,13.072783970160575,682,0.850843502763619,46644.95,1.1,10310614374749338224,True
SC49,SC4491G0,sync8_c0,9,47060.0,4.0,0.15,15.898764539026844,739,0.897296553309639,47060.1,1.1,10310614374749338224,True
SC49,SC4491G0,sync8_c0,10,47596.0,4.0,0.15,28.3827175801231,663,0.45218214344137925,47596.0,1.0,10310614374749338224,True
SC49,SC4491G0,sync8_c0,11,47735.0,4.0,0.15,29.090783031327646,706,0.9514471503288535,47735.0,1.1,10310614374749338224,True
SC49,SC4491G0,sync8_c0,12,48123.0,4.0,0.15,17.028043134836217,649,0.8682235776894155,48122.85,1.0,10310614374749338224,True
SC49,SC4491G0,sync8_c0,13,48854.0,4.0,0.15,9.422461578148333,623,0.8877757571457319,48853.95,0.9,10310614374749338224,True
SC49,SC4491G0,sync8_c0,14,54847.0,4.0,0.15,12.247615676319304,770,0.715204057081575,54847.05,1.2,10310614374749338224,True
SC49,SC4491G0,sync8_c0,15,55131.0,4.0,0.15,17.4243872338232,632,0.867016096885397,55131.1,0.9,10310614374749338224,True
SC49,SC4491G0,sync8_c0,16,55440.0,4.0,0.15,23.66795239351925,650,0.9600203825573855,55440.0,1.0,10310614374749338224,True
SC49,SC4491G0,sync8_c0,17,55651.0,4.0,0.15,24.122417879657146,621,0.34427505797227065,55650.75,1.0,10310614374749338224,True
SC49,SC4491G0,sync8_c0,18,56161.0,4.0,0.15,11.880443876274398,679,0.9278851915290566,56160.9,1.1,10310614374749338224,True
SC49,SC4491G0,sync8_c0,19,56535.0,4.0,0.15,13.535385827148545,760,0.892808093459351,56534.95,1.2,10310614374749338224,True
SC49,SC4492G0,iso8_matched,0,42082.0,4.0,0.15,26.320149915741176,680,0.5585717936421545,42081.45,1.0,3670263486361833762,True
SC49,SC4492G0,iso8_matched,1,42228.0,4.0,0.15,24.923953791628076,715,0.95622263396104,42228.05,1.1,3670263486361833762,True
SC49,SC4492G0,iso8_matched,2,42373.0,4.0,0.15,24.45847307790034,734,0.8851251901342646,42373.15,1.1,3670263486361833762,True
SC49,SC4492G0,iso8_matched,3,42587.0,4.0,0.15,22.348496262464476,677,0.822299912302705,42586.4,1.0,3670263486361833762,True
SC49,SC4492G0,iso8_matched,4,48606.0,4.0,0.15,23.905093753514738,695,0.6339950776626654,48606.75,1.2,3670263486361833762,True
SC49,SC4492G0,iso8_matched,5,48692.0,4.0,0.15,24.223144434698494,612,0.9002695925496027,48692.0,0.9,3670263486361833762,True
SC49,SC4492G0,iso8_matched,6,48911.0,4.0,0.15,19.360774003869004,615,0.9041706066105951,48911.05,0.9,3670263486361833762,True
SC49,SC4492G0,iso8_matched,7,49201.0,4.0,0.15,18.58705026435229,715,0.8624258659881637,49201.05,1.1,3670263486361833762,True
SC49,SC4492G0,iso8_matched,8,49310.0,4.0,0.15,15.443000944106538,735,0.8735189878899242,49310.1,1.1,3670263486361833762,True
SC49,SC4492G0,iso8_matched,9,49568.0,4.0,0.15,12.728989028544412,591,0.8306162063630664,49567.9,0.9,3670263486361833762,True
SC49,SC4492G0,iso8_matched,10,57352.0,4.0,0.15,20.201053672891533,678,0.0,,,3670263486361833762,True
SC49,SC4492G0,iso8_matched,11,57621.0,4.0,0.15,69.5969658926588,727,0.80281309060959,57621.05,1.1,3670263486361833762,True
SC49,SC4492G0,iso8_matched,12,57709.0,4.0,0.15,73.43218732008971,721,0.7319198154249866,57708.9,1.2,3670263486361833762,True
SC49,SC4492G0,iso8_matched,13,57835.0,4.0,0.15,52.607161141563076,627,0.8815122916828657,57834.9,1.0,3670263486361833762,True
SC49,SC4492G0,iso8_matched,14,58157.0,4.0,0.15,17.722916507353926,715,0.8526581747315555,58157.0,1.1,3670263486361833762,True
SC49,SC4492G0,iso8_matched,15,58253.0,4.0,0.15,12.701788160231587,697,0.5774312854993446,58252.95,1.1,3670263486361833762,True
SC49,SC4492G0,iso8_matched,16,58438.0,4.0,0.15,12.404653562331879,611,0.9251177237310065,58438.05,0.9,3670263486361833762,True
SC49,SC4492G0,iso8_matched,17,58688.0,4.0,0.15,13.030733921845039,630,0.8352222039352512,58688.2,0.9,3670263486361833762,True
SC49,SC4492G0,iso8_matched,18,58862.0,4.0,0.15,14.851406157732397,650,0.8800712197662722,58861.95,1.0,3670263486361833762,True
SC49,SC4492G0,iso8_matched,19,58977.0,4.0,0.15,17.200939354475395,743,0.8798349553024335,58977.15,1.1,3670263486361833762,True
SC49,SC4492G0,sync8_c0,0,42082.0,4.0,0.15,26.320149915741176,688,0.5303280599484493,42082.1,1.0,3670263486361833762,True
SC49,SC4492G0,sync8_c0,1,42228.0,4.0,0.15,24.923953791628076,712,0.927420587038644,42228.1,1.1,3670263486361833762,True
SC49,SC4492G0,sync8_c0,2,42373.0,4.0,0.15,24.45847307790034,730,0.8595023646767244,42373.2,1.1,3670263486361833762,True
SC49,SC4492G0,sync8_c0,3,42587.0,4.0,0.15,22.348496262464476,668,0.8655215742421065,42587.1,1.0,3670263486361833762,True
SC49,SC4492G0,sync8_c0,4,48606.0,4.0,0.15,23.905093753514738,702,0.5327551481564402,48605.4,1.2,3670263486361833762,True
SC49,SC4492G0,sync8_c0,5,48692.0,4.0,0.15,24.223144434698494,607,0.947156199607958,48691.95,0.9,3670263486361833762,True
SC49,SC4492G0,sync8_c0,6,48911.0,4.0,0.15,19.360774003869004,613,0.902846891188202,48911.0,0.9,3670263486361833762,True
SC49,SC4492G0,sync8_c0,7,49201.0,4.0,0.15,18.58705026435229,713,0.7593070216187532,49201.1,1.1,3670263486361833762,True
SC49,SC4492G0,sync8_c0,8,49310.0,4.0,0.15,15.443000944106538,731,0.8882694152673303,49310.15,1.1,3670263486361833762,True
SC49,SC4492G0,sync8_c0,9,49568.0,4.0,0.15,12.728989028544412,594,0.8173338125408808,49567.85,0.9,3670263486361833762,True
SC49,SC4492G0,sync8_c0,10,57352.0,4.0,0.15,20.201053672891533,674,0.47410239281640787,57352.6,1.1,3670263486361833762,True
SC49,SC4492G0,sync8_c0,11,57621.0,4.0,0.15,69.5969658926588,732,0.7869066970263402,57621.15,1.1,3670263486361833762,True
SC49,SC4492G0,sync8_c0,12,57709.0,4.0,0.15,73.43218732008971,715,0.7269507686880338,57709.1,1.1,3670263486361833762,True
SC49,SC4492G0,sync8_c0,13,57835.0,4.0,0.15,52.607161141563076,632,0.8755343537998365,57834.95,1.0,3670263486361833762,True
SC49,SC4492G0,sync8_c0,14,58157.0,4.0,0.15,17.722916507353926,718,0.7626170950187221,58157.1,1.1,3670263486361833762,True
SC49,SC4492G0,sync8_c0,15,58253.0,4.0,0.15,12.701788160231587,701,0.4776375797683046,58253.05,1.1,3670263486361833762,True
SC49,SC4492G0,sync8_c0,16,58438.0,4.0,0.15,12.404653562331879,604,0.950040903195994,58438.0,0.9,3670263486361833762,True
SC49,SC4492G0,sync8_c0,17,58688.0,4.0,0.15,13.030733921845039,628,0.8336903385732117,58688.1,0.9,3670263486361833762,True
SC49,SC4492G0,sync8_c0,18,58862.0,4.0,0.15,14.851406157732397,654,0.9009105921716137,58861.95,1.0,3670263486361833762,True
SC49,SC4492G0,sync8_c0,19,58977.0,4.0,0.15,17.200939354475395,747,0.8395580103978432,58976.95,1.2,3670263486361833762,True
SC50,SC4501E0,iso8_matched,0,43726.0,4.0,0.15,11.047216817842868,662,0.9201233400953492,43726.05,1.0,7633951741071928682,True
SC50,SC4501E0,iso8_matched,1,43828.0,4.0,0.15,10.54520740721572,613,0.9421680939467688,43828.05,0.9,7633951741071928682,True
SC50,SC4501E0,iso8_matched,2,44277.0,4.0,0.15,21.508150210635062,657,0.621427359572379,44276.25,1.0,7633951741071928682,True
SC50,SC4501E0,iso8_matched,3,44492.0,4.0,0.15,45.083597514300195,745,0.9457077161473849,44492.1,1.1,7633951741071928682,True
SC50,SC4501E0,iso8_matched,4,45176.0,4.0,0.15,33.73310786682587,620,0.8816439756275721,45176.0,0.9,7633951741071928682,True
SC50,SC4501E0,iso8_matched,5,45312.0,4.0,0.15,21.01159422531114,603,0.8642394669754526,45312.0,0.9,7633951741071928682,True
SC50,SC4501E0,iso8_matched,6,45844.0,4.0,0.15,11.130511133711341,677,0.3114529798659706,45843.95,1.2,7633951741071928682,True
SC50,SC4501E0,iso8_matched,7,45924.0,4.0,0.15,14.22854027483956,682,0.8518895911542139,45923.8,1.1,7633951741071928682,True
SC50,SC4501E0,iso8_matched,8,49390.0,4.0,0.15,8.792023569166336,633,0.8192510634725523,49390.1,0.9,7633951741071928682,True
SC50,SC4501E0,iso8_matched,9,49466.0,4.0,0.15,9.157051893073534,709,0.9320583272719732,49465.95,1.1,7633951741071928682,True
SC50,SC4501E0,iso8_matched,10,49565.0,4.0,0.15,10.40355922098913,692,0.7959654743046286,49565.3,1.0,7633951741071928682,True
SC50,SC4501E0,iso8_matched,11,49671.0,4.0,0.15,11.56418952160578,656,0.8714650430599269,49671.0,1.0,7633951741071928682,True
SC50,SC4501E0,iso8_matched,12,49741.0,4.0,0.15,11.63866048872566,711,0.9557431550620439,49741.05,1.1,7633951741071928682,True
SC50,SC4501E0,iso8_matched,13,49870.0,4.0,0.15,12.543762885980156,602,0.9211142943866926,49870.0,0.9,7633951741071928682,True
SC50,SC4501E0,iso8_matched,14,50291.0,4.0,0.15,13.669169633249444,643,0.8982380642791968,50290.9,1.0,7633951741071928682,True
SC50,SC4501E0,iso8_matched,15,50579.0,4.0,0.15,10.568196578154364,611,0.9473843057894267,50579.05,0.9,7633951741071928682,True
SC50,SC4501E0,iso8_matched,16,51303.0,4.0,0.15,11.725353408443201,625,0.7595643470505464,51302.85,1.0,7633951741071928682,True
SC50,SC4501E0,iso8_matched,17,58062.0,4.0,0.15,20.421758296038266,714,0.9475270422779007,58062.0,1.1,7633951741071928682,True
SC50,SC4501E0,iso8_matched,18,58675.0,4.0,0.15,10.944633613088552,707,0.9012167295238891,58674.95,1.1,7633951741071928682,True
SC50,SC4501E0,iso8_matched,19,58791.0,4.0,0.15,15.72160347278127,696,0.8084570923622115,58790.9,1.1,7633951741071928682,True
SC50,SC4501E0,sync8_c0,0,43726.0,4.0,0.15,11.047216817842868,666,0.8698964254618111,43725.85,1.1,7633951741071928682,True
SC50,SC4501E0,sync8_c0,1,43828.0,4.0,0.15,10.54520740721572,605,0.9121145691971386,43827.95,0.9,7633951741071928682,True
SC50,SC4501E0,sync8_c0,2,44277.0,4.0,0.15,21.508150210635062,662,0.6614487559840836,44276.75,1.1,7633951741071928682,True
SC50,SC4501E0,sync8_c0,3,44492.0,4.0,0.15,45.083597514300195,746,0.929967489588887,44492.15,1.1,7633951741071928682,True
SC50,SC4501E0,sync8_c0,4,45176.0,4.0,0.15,33.73310786682587,623,0.8510262674649279,45175.75,1.0,7633951741071928682,True
SC50,SC4501E0,sync8_c0,5,45312.0,4.0,0.15,21.01159422531114,607,0.8705284348990177,45312.0,0.9,7633951741071928682,True
SC50,SC4501E0,sync8_c0,6,45844.0,4.0,0.15,11.130511133711341,680,0.41685373968088024,45844.25,1.2,7633951741071928682,True
SC50,SC4501E0,sync8_c0,7,45924.0,4.0,0.15,14.22854027483956,683,0.8881377454735101,45923.85,1.1,7633951741071928682,True
SC50,SC4501E0,sync8_c0,8,49390.0,4.0,0.15,8.792023569166336,637,0.8167032983426381,49389.95,1.0,7633951741071928682,True
SC50,SC4501E0,sync8_c0,9,49466.0,4.0,0.15,9.157051893073534,712,0.9399439313189685,49466.05,1.1,7633951741071928682,True
SC50,SC4501E0,sync8_c0,10,49565.0,4.0,0.15,10.40355922098913,691,0.8189432100914312,49565.0,1.1,7633951741071928682,True
SC50,SC4501E0,sync8_c0,11,49671.0,4.0,0.15,11.56418952160578,653,0.8714644487816219,49671.0,1.0,7633951741071928682,True
SC50,SC4501E0,sync8_c0,12,49741.0,4.0,0.15,11.63866048872566,714,0.9144654157183669,49741.1,1.1,7633951741071928682,True
SC50,SC4501E0,sync8_c0,13,49870.0,4.0,0.15,12.543762885980156,601,0.9253376918248081,49869.95,0.9,7633951741071928682,True
SC50,SC4501E0,sync8_c0,14,50291.0,4.0,0.15,13.669169633249444,650,0.9281286908176449,50290.95,1.0,7633951741071928682,True
SC50,SC4501E0,sync8_c0,15,50579.0,4.0,0.15,10.568196578154364,608,0.9145168153475933,50578.95,0.9,7633951741071928682,True
SC50,SC4501E0,sync8_c0,16,51303.0,4.0,0.15,11.725353408443201,623,0.7255784892322594,51302.85,1.0,7633951741071928682,True
SC50,SC4501E0,sync8_c0,17,58062.0,4.0,0.15,20.421758296038266,714,0.9255707330094631,58062.1,1.1,7633951741071928682,True
SC50,SC4501E0,sync8_c0,18,58675.0,4.0,0.15,10.944633613088552,714,0.8673082774555405,58675.05,1.1,7633951741071928682,True
SC50,SC4501E0,sync8_c0,19,58791.0,4.0,0.15,15.72160347278127,702,0.8121583614664414,58791.05,1.1,7633951741071928682,True
SC50,SC4502E0,iso8_matched,0,32808.0,4.0,0.15,18.315650980927277,646,0.936790687191255,32808.05,1.0,11651943955851068566,True
SC50,SC4502E0,iso8_matched,1,33112.0,4.0,0.15,26.226236434481,601,0.7427022960103732,33112.0,0.9,11651943955851068566,True
SC50,SC4502E0,iso8_matched,2,43479.0,4.0,0.15,27.128590857823315,711,0.9578208029055137,43478.95,1.1,11651943955851068566,True
SC50,SC4502E0,iso8_matched,3,43897.0,4.0,0.15,18.87314735121787,712,0.8735083519035113,43897.05,1.1,11651943955851068566,True
SC50,SC4502E0,iso8_matched,4,44238.0,4.0,0.15,15.893658136429323,729,0.7668954627313379,44237.85,1.2,11651943955851068566,True
SC50,SC4502E0,iso8_matched,5,44663.0,4.0,0.15,17.49717372812149,660,0.9038678419120681,44663.05,1.0,11651943955851068566,True
SC50,SC4502E0,iso8_matched,6,44973.0,4.0,0.15,14.987022832036919,651,0.9187290030921532,44973.0,1.0,11651943955851068566,True
SC50,SC4502E0,iso8_matched,7,45066.0,4.0,0.15,15.109947818518537,640,0.8720434189074686,45065.95,1.0,11651943955851068566,True
SC50,SC4502E0,iso8_matched,8,45223.0,4.0,0.15,12.94599377112616,694,0.7996295345154022,45222.85,1.1,11651943955851068566,True
SC50,SC4502E0,iso8_matched,9,50865.0,4.0,0.15,20.503206023924093,660,0.0,,,11651943955851068566,True
SC50,SC4502E0,iso8_matched,10,53155.0,4.0,0.15,12.272182943705868,734,0.9330824040030091,53155.15,1.1,11651943955851068566,True
SC50,SC4502E0,iso8_matched,11,53234.0,4.0,0.15,13.752780064504293,590,0.6771736812153164,53234.55,0.9,11651943955851068566,True
SC50,SC4502E0,iso8_matched,12,53472.0,4.0,0.15,21.892157075911868,651,0.9279127688332509,53472.0,1.0,11651943955851068566,True
SC50,SC4502E0,iso8_matched,13,53934.0,4.0,0.15,21.951499500196423,599,0.9381844669510807,53933.95,0.9,11651943955851068566,True
SC50,SC4502E0,iso8_matched,14,54195.0,4.0,0.15,16.846346845368494,634,0.9391344170680542,54194.85,1.0,11651943955851068566,True
SC50,SC4502E0,iso8_matched,15,54724.0,4.0,0.15,13.292565435918196,762,0.9305267097599635,54723.95,1.2,11651943955851068566,True
SC50,SC4502E0,iso8_matched,16,54945.0,4.0,0.15,28.459499455464297,633,0.649763127006933,54944.25,1.0,11651943955851068566,True
SC50,SC4502E0,iso8_matched,17,55008.0,4.0,0.15,23.67248655626312,653,0.977107657527462,55007.95,1.0,11651943955851068566,True
SC50,SC4502E0,iso8_matched,18,55918.0,4.0,0.15,10.255018794426524,601,0.9145355239362101,55918.0,0.9,11651943955851068566,True
SC50,SC4502E0,iso8_matched,19,56005.0,4.0,0.15,10.943079603046122,666,0.9274517456633478,56005.0,1.0,11651943955851068566,True
SC50,SC4502E0,sync8_c0,0,32808.0,4.0,0.15,18.315650980927277,648,0.9232679617284126,32808.05,1.0,11651943955851068566,True
SC50,SC4502E0,sync8_c0,1,33112.0,4.0,0.15,26.226236434481,599,0.8284140755012479,33111.95,0.9,11651943955851068566,True
SC50,SC4502E0,sync8_c0,2,43479.0,4.0,0.15,27.128590857823315,714,0.9763259074938039,43479.05,1.1,11651943955851068566,True
SC50,SC4502E0,sync8_c0,3,43897.0,4.0,0.15,18.87314735121787,712,0.8657975322227468,43897.1,1.1,11651943955851068566,True
SC50,SC4502E0,sync8_c0,4,44238.0,4.0,0.15,15.893658136429323,724,0.624094786449068,44238.0,1.2,11651943955851068566,True
SC50,SC4502E0,sync8_c0,5,44663.0,4.0,0.15,17.49717372812149,662,0.8946155298964334,44662.85,1.1,11651943955851068566,True
SC50,SC4502E0,sync8_c0,6,44973.0,4.0,0.15,14.987022832036919,647,0.8755031471719454,44972.95,1.0,11651943955851068566,True
SC50,SC4502E0,sync8_c0,7,45066.0,4.0,0.15,15.109947818518537,633,0.8636203027495923,45066.15,0.9,11651943955851068566,True
SC50,SC4502E0,sync8_c0,8,45223.0,4.0,0.15,12.94599377112616,690,0.8579936036827261,45222.9,1.1,11651943955851068566,True
SC50,SC4502E0,sync8_c0,9,50865.0,4.0,0.15,20.503206023924093,658,0.0,,,11651943955851068566,True
SC50,SC4502E0,sync8_c0,10,53155.0,4.0,0.15,12.272182943705868,735,0.9136336912072258,53155.2,1.1,11651943955851068566,True
SC50,SC4502E0,sync8_c0,11,53234.0,4.0,0.15,13.752780064504293,582,0.5038233814703312,53233.9,0.9,11651943955851068566,True
SC50,SC4502E0,sync8_c0,12,53472.0,4.0,0.15,21.892157075911868,645,0.9329504415610517,53472.0,1.0,11651943955851068566,True
SC50,SC4502E0,sync8_c0,13,53934.0,4.0,0.15,21.951499500196423,600,0.9186666873288889,53933.95,0.9,11651943955851068566,True
SC50,SC4502E0,sync8_c0,14,54195.0,4.0,0.15,16.846346845368494,637,0.935459795119216,54194.9,1.0,11651943955851068566,True
SC50,SC4502E0,sync8_c0,15,54724.0,4.0,0.15,13.292565435918196,765,0.9270412596249843,54724.0,1.2,11651943955851068566,True
SC50,SC4502E0,sync8_c0,16,54945.0,4.0,0.15,28.459499455464297,632,0.8307062634949163,54944.95,1.0,11651943955851068566,True
SC50,SC4502E0,sync8_c0,17,55008.0,4.0,0.15,23.67248655626312,656,0.976546477421431,55007.95,1.0,11651943955851068566,True
SC50,SC4502E0,sync8_c0,18,55918.0,4.0,0.15,10.255018794426524,602,0.8971546936194409,55918.0,0.9,11651943955851068566,True
SC50,SC4502E0,sync8_c0,19,56005.0,4.0,0.15,10.943079603046122,665,0.9275008883474221,56005.0,1.0,11651943955851068566,True
SC51,SC4511E0,iso8_matched,0,29890.0,4.0,0.15,9.170886560365552,675,0.8902667471353456,29890.0,1.0,13290687569079729361,True
SC51,SC4511E0,iso8_matched,1,30133.0,4.0,0.15,9.015623534936573,737,0.9063817639831313,30133.1,1.1,13290687569079729361,True
SC51,SC4511E0,iso8_matched,2,34611.0,4.0,0.15,8.897535892360569,691,0.6670349075581701,34610.4,1.0,13290687569079729361,True
SC51,SC4511E0,iso8_matched,3,34739.0,4.0,0.15,12.942266185343916,604,0.8286990415421907,34739.0,0.9,13290687569079729361,True
SC51,SC4511E0,iso8_matched,4,34853.0,4.0,0.15,17.668216748289964,728,0.8919781947756972,34853.1,1.1,13290687569079729361,True
SC51,SC4511E0,iso8_matched,5,35040.0,4.0,0.15,22.735961263461572,734,0.793568090701018,35039.9,1.2,13290687569079729361,True
SC51,SC4511E0,iso8_matched,6,35124.0,4.0,0.15,27.783223704013743,636,0.7055281965599453,35123.9,1.0,13290687569079729361,True
SC51,SC4511E0,iso8_matched,7,35338.0,4.0,0.15,31.649482473139276,645,0.8867094516405437,35337.95,1.0,13290687569079729361,True
SC51,SC4511E0,iso8_matched,8,35744.0,4.0,0.15,24.372611097703565,626,0.948388949524436,35744.15,0.9,13290687569079729361,True
SC51,SC4511E0,iso8_matched,9,35836.0,4.0,0.15,18.096513422948888,677,0.9025836325109813,35836.0,1.0,13290687569079729361,True
SC51,SC4511E0,iso8_matched,10,41605.0,4.0,0.15,8.3132657556868,618,0.943076156363542,41605.05,0.9,13290687569079729361,True
SC51,SC4511E0,iso8_matched,11,41710.0,4.0,0.15,8.915101821512387,706,0.8646927783811091,41710.0,1.1,13290687569079729361,True
SC51,SC4511E0,iso8_matched,12,41855.0,4.0,0.15,12.375873438511391,635,0.9072083860804654,41854.95,1.0,13290687569079729361,True
SC51,SC4511E0,iso8_matched,13,41934.0,4.0,0.15,12.998825681964073,721,0.9482135127638477,41934.05,1.1,13290687569079729361,True
SC51,SC4511E0,iso8_matched,14,42229.0,4.0,0.15,8.75102262073374,588,0.8330146161033432,42228.85,0.9,13290687569079729361,True
SC51,SC4511E0,iso8_matched,15,47407.0,4.0,0.15,10.16361986230221,633,0.8862730465649536,47406.8,1.0,13290687569079729361,True
SC51,SC4511E0,iso8_matched,16,47681.0,4.0,0.15,22.76465005148486,727,0.9490998831969518,47681.1,1.1,13290687569079729361,True
SC51,SC4511E0,iso8_matched,17,47790.0,4.0,0.15,25.655606440572193,671,0.9438159507944708,47790.1,1.0,13290687569079729361,True
SC51,SC4511E0,iso8_matched,18,51483.0,4.0,0.15,7.578446783656852,628,0.7571010126750487,51483.05,0.9,13290687569079729361,True
SC51,SC4511E0,iso8_matched,19,51585.0,4.0,0.15,8.853307742209997,656,0.8626423579151037,51585.05,1.0,13290687569079729361,True
SC51,SC4511E0,sync8_c0,0,29890.0,4.0,0.15,9.170886560365552,677,0.9236227323880916,29890.05,1.0,13290687569079729361,True
SC51,SC4511E0,sync8_c0,1,30133.0,4.0,0.15,9.015623534936573,738,0.88184133346115,30133.15,1.1,13290687569079729361,True
SC51,SC4511E0,sync8_c0,2,34611.0,4.0,0.15,8.897535892360569,693,0.6582072111780034,34610.9,1.1,13290687569079729361,True
SC51,SC4511E0,sync8_c0,3,34739.0,4.0,0.15,12.942266185343916,600,0.8661172839673886,34738.95,0.9,13290687569079729361,True
SC51,SC4511E0,sync8_c0,4,34853.0,4.0,0.15,17.668216748289964,720,0.8712230786112517,34853.15,1.1,13290687569079729361,True
SC51,SC4511E0,sync8_c0,5,35040.0,4.0,0.15,22.735961263461572,735,0.6955831939156475,35039.95,1.2,13290687569079729361,True
SC51,SC4511E0,sync8_c0,6,35124.0,4.0,0.15,27.783223704013743,639,0.7365916258809061,35123.9,1.0,13290687569079729361,True
SC51,SC4511E0,sync8_c0,7,35338.0,4.0,0.15,31.649482473139276,646,0.8994010835389857,35338.0,1.0,13290687569079729361,True
SC51,SC4511E0,sync8_c0,8,35744.0,4.0,0.15,24.372611097703565,620,0.9329324242443886,35744.05,0.9,13290687569079729361,True
SC51,SC4511E0,sync8_c0,9,35836.0,4.0,0.15,18.096513422948888,682,0.8985543073128529,35835.85,1.1,13290687569079729361,True
SC51,SC4511E0,sync8_c0,10,41605.0,4.0,0.15,8.3132657556868,615,0.9414557640399643,41605.0,0.9,13290687569079729361,True
SC51,SC4511E0,sync8_c0,11,41710.0,4.0,0.15,8.915101821512387,702,0.8582226941589914,41710.05,1.1,13290687569079729361,True
SC51,SC4511E0,sync8_c0,12,41855.0,4.0,0.15,12.375873438511391,633,0.9050460952591547,41854.95,1.0,13290687569079729361,True
SC51,SC4511E0,sync8_c0,13,41934.0,4.0,0.15,12.998825681964073,718,0.9348382833297639,41934.1,1.1,13290687569079729361,True
SC51,SC4511E0,sync8_c0,14,42229.0,4.0,0.15,8.75102262073374,588,0.7804057211146693,42228.8,0.9,13290687569079729361,True
SC51,SC4511E0,sync8_c0,15,47407.0,4.0,0.15,10.16361986230221,633,0.8568084093034453,47406.8,1.0,13290687569079729361,True
SC51,SC4511E0,sync8_c0,16,47681.0,4.0,0.15,22.76465005148486,720,0.9390578281348986,47681.15,1.1,13290687569079729361,True
SC51,SC4511E0,sync8_c0,17,47790.0,4.0,0.15,25.655606440572193,670,0.9496177647226111,47790.05,1.0,13290687569079729361,True
SC51,SC4511E0,sync8_c0,18,51483.0,4.0,0.15,7.578446783656852,634,0.7435881625965757,51483.05,0.9,13290687569079729361,True
SC51,SC4511E0,sync8_c0,19,51585.0,4.0,0.15,8.853307742209997,661,0.8365380654567763,51585.1,1.0,13290687569079729361,True
SC51,SC4512E0,iso8_matched,0,36047.0,4.0,0.15,8.74517916817485,717,0.0,,,8557915866160787817,True
SC51,SC4512E0,iso8_matched,1,36215.0,4.0,0.15,11.460576306898586,685,0.0,,,8557915866160787817,True
SC51,SC4512E0,iso8_matched,2,36526.0,4.0,0.15,15.883783976819814,698,0.8821370226590726,36525.95,1.1,8557915866160787817,True
SC51,SC4512E0,iso8_matched,3,42033.0,4.0,0.15,9.472446564484718,636,0.9196545561139343,42032.85,1.0,8557915866160787817,True
SC51,SC4512E0,iso8_matched,4,42206.0,4.0,0.15,10.657403065175888,757,0.9341756223584295,42205.9,1.2,8557915866160787817,True
SC51,SC4512E0,iso8_matched,5,42275.0,4.0,0.15,12.207973817808648,637,0.8853381759868212,42274.95,1.0,8557915866160787817,True
SC51,SC4512E0,iso8_matched,6,42537.0,4.0,0.15,13.626918307999352,719,0.8925967159717804,42537.0,1.1,8557915866160787817,True
SC51,SC4512E0,iso8_matched,7,42626.0,4.0,0.15,10.844592967919832,639,0.7976486280604551,42625.25,1.0,8557915866160787817,True
SC51,SC4512E0,iso8_matched,8,42875.0,4.0,0.15,14.813919508841625,698,0.8415995193641757,42874.95,1.1,8557915866160787817,True
SC51,SC4512E0,iso8_matched,9,43058.0,4.0,0.15,12.431221040201285,621,0.9530225574698655,43058.0,0.9,8557915866160787817,True
SC51,SC4512E0,iso8_matched,10,46719.0,4.0,0.15,12.725987490774777,580,0.8155992228796162,46718.9,0.9,8557915866160787817,True
SC51,SC4512E0,iso8_matched,11,47738.0,4.0,0.15,8.190341249513523,691,0.8897157183367622,47737.9,1.1,8557915866160787817,True
SC51,SC4512E0,iso8_matched,12,48875.0,4.0,0.15,9.267481265734366,752,0.8307613013895818,48874.85,1.2,8557915866160787817,True
SC51,SC4512E0,iso8_matched,13,48970.0,4.0,0.15,8.56863135531054,744,0.8621567899198302,48970.25,1.1,8557915866160787817,True
SC51,SC4512E0,iso8_matched,14,49085.0,4.0,0.15,10.24957777445657,669,0.6947236975509706,49085.1,1.0,8557915866160787817,True
SC51,SC4512E0,iso8_matched,15,49280.0,4.0,0.15,25.41464836530156,614,0.9115256584914994,49280.0,0.9,8557915866160787817,True
SC51,SC4512E0,iso8_matched,16,49557.0,4.0,0.15,24.430683062217653,636,0.9004426188278408,49556.85,1.0,8557915866160787817,True
SC51,SC4512E0,iso8_matched,17,53317.0,4.0,0.15,14.811828089781445,614,0.7793530497524085,53317.7,0.9,8557915866160787817,True
SC51,SC4512E0,iso8_matched,18,54307.0,4.0,0.15,8.688800428095503,751,0.4416119644811401,54306.85,1.2,8557915866160787817,True
SC51,SC4512E0,iso8_matched,19,54379.0,4.0,0.15,9.33103531467228,669,0.9265771910638487,54379.0,1.0,8557915866160787817,True
SC51,SC4512E0,sync8_c0,0,36047.0,4.0,0.15,8.74517916817485,711,0.7137304550702241,36047.05,1.1,8557915866160787817,True
SC51,SC4512E0,sync8_c0,1,36215.0,4.0,0.15,11.460576306898586,690,0.6924413967755197,36214.95,1.1,8557915866160787817,True
SC51,SC4512E0,sync8_c0,2,36526.0,4.0,0.15,15.883783976819814,699,0.9289137455668294,36526.0,1.1,8557915866160787817,True
SC51,SC4512E0,sync8_c0,3,42033.0,4.0,0.15,9.472446564484718,639,0.9085282698852136,42032.85,1.0,8557915866160787817,True
SC51,SC4512E0,sync8_c0,4,42206.0,4.0,0.15,10.657403065175888,756,0.9007293784316996,42205.95,1.2,8557915866160787817,True
SC51,SC4512E0,sync8_c0,5,42275.0,4.0,0.15,12.207973817808648,630,0.8458207174650794,42274.85,1.0,8557915866160787817,True
SC51,SC4512E0,sync8_c0,6,42537.0,4.0,0.15,13.626918307999352,721,0.8882567537512539,42537.05,1.1,8557915866160787817,True
SC51,SC4512E0,sync8_c0,7,42626.0,4.0,0.15,10.844592967919832,638,0.760484437757573,42626.15,0.9,8557915866160787817,True
SC51,SC4512E0,sync8_c0,8,42875.0,4.0,0.15,14.813919508841625,694,0.8848879694943694,42875.0,1.1,8557915866160787817,True
SC51,SC4512E0,sync8_c0,9,43058.0,4.0,0.15,12.431221040201285,630,0.9103944477571454,43058.0,0.9,8557915866160787817,True
SC51,SC4512E0,sync8_c0,10,46719.0,4.0,0.15,12.725987490774777,575,0.8415009151999094,46718.85,0.9,8557915866160787817,True
SC51,SC4512E0,sync8_c0,11,47738.0,4.0,0.15,8.190341249513523,691,0.925224647323409,47737.95,1.1,8557915866160787817,True
SC51,SC4512E0,sync8_c0,12,48875.0,4.0,0.15,9.267481265734366,748,0.7906749708473816,48874.85,1.2,8557915866160787817,True
SC51,SC4512E0,sync8_c0,13,48970.0,4.0,0.15,8.56863135531054,741,0.8359020709821352,48970.25,1.1,8557915866160787817,True
SC51,SC4512E0,sync8_c0,14,49085.0,4.0,0.15,10.24957777445657,672,0.7710782331933097,49084.95,1.1,8557915866160787817,True
SC51,SC4512E0,sync8_c0,15,49280.0,4.0,0.15,25.41464836530156,619,0.9157673612337883,49280.0,0.9,8557915866160787817,True
SC51,SC4512E0,sync8_c0,16,49557.0,4.0,0.15,24.430683062217653,639,0.9108004481763289,49556.9,1.0,8557915866160787817,True
SC51,SC4512E0,sync8_c0,17,53317.0,4.0,0.15,14.811828089781445,615,0.6734853625202561,53317.4,1.0,8557915866160787817,True
SC51,SC4512E0,sync8_c0,18,54307.0,4.0,0.15,8.688800428095503,749,0.5837451197062232,54306.9,1.2,8557915866160787817,True
SC51,SC4512E0,sync8_c0,19,54379.0,4.0,0.15,9.33103531467228,668,0.9496510381837776,54379.0,1.0,8557915866160787817,True
SC52,SC4522E0,iso8_matched,0,33192.0,4.0,0.15,9.5939902809577,640,0.9101710292779779,33191.85,1.0,7504940947318649836,True
SC52,SC4522E0,iso8_matched,1,33262.0,4.0,0.15,11.118837531278032,665,0.9146712617890196,33262.05,1.0,7504940947318649836,True
SC52,SC4522E0,iso8_matched,2,36623.0,4.0,0.15,10.427004434154506,651,0.9705401880244838,36623.0,1.0,7504940947318649836,True
SC52,SC4522E0,iso8_matched,3,36790.0,4.0,0.15,9.494552446873358,701,0.9389683182973668,36789.85,1.1,7504940947318649836,True
SC52,SC4522E0,iso8_matched,4,40767.0,4.0,0.15,9.128293351599885,708,0.8880177605035504,40766.95,1.1,7504940947318649836,True
SC52,SC4522E0,iso8_matched,5,40831.0,4.0,0.15,10.391449217181595,749,0.6664869710649496,40830.8,1.2,7504940947318649836,True
SC52,SC4522E0,iso8_matched,6,40932.0,4.0,0.15,11.495597594674855,721,0.9366996548398466,40932.05,1.1,7504940947318649836,True
SC52,SC4522E0,iso8_matched,7,41053.0,4.0,0.15,14.114245128826544,754,0.7769592841160643,41053.15,1.1,7504940947318649836,True
SC52,SC4522E0,iso8_matched,8,41148.0,4.0,0.15,13.4020243931602,664,0.8583719443074741,41148.05,1.0,7504940947318649836,True
SC52,SC4522E0,iso8_matched,9,41228.0,4.0,0.15,16.234368615644364,732,0.8820710051270272,41228.15,1.1,7504940947318649836,True
SC52,SC4522E0,iso8_matched,10,41388.0,4.0,0.15,19.902222058313495,750,0.8523652687893761,41388.0,1.2,7504940947318649836,True
SC52,SC4522E0,iso8_matched,11,41490.0,4.0,0.15,16.59242039570519,637,0.8274534320323151,41490.0,1.0,7504940947318649836,True
SC52,SC4522E0,iso8_matched,12,41562.0,4.0,0.15,15.447496718929406,677,0.8963722582616194,41561.8,1.1,7504940947318649836,True
SC52,SC4522E0,iso8_matched,13,41791.0,4.0,0.15,14.28737191198777,699,0.657853893953883,41790.9,1.1,7504940947318649836,True
SC52,SC4522E0,iso8_matched,14,41877.0,4.0,0.15,13.751122536901535,722,0.9537314006441118,41877.0,1.1,7504940947318649836,True
SC52,SC4522E0,iso8_matched,15,41963.0,4.0,0.15,15.340169757740151,662,0.8908493466008888,41963.05,1.0,7504940947318649836,True
SC52,SC4522E0,iso8_matched,16,57233.0,4.0,0.15,19.900267390576573,719,0.9599177804739103,57232.95,1.1,7504940947318649836,True
SC52,SC4522E0,iso8_matched,17,57381.0,4.0,0.15,19.447711827911707,580,0.8271382018902672,57380.9,0.9,7504940947318649836,True
SC52,SC4522E0,iso8_matched,18,57469.0,4.0,0.15,20.21294813641758,633,0.8849381260275183,57468.85,1.0,7504940947318649836,True
SC52,SC4522E0,iso8_matched,19,57596.0,4.0,0.15,25.19782427341136,603,0.9481905276560993,57596.0,0.9,7504940947318649836,True
SC52,SC4522E0,sync8_c0,0,33192.0,4.0,0.15,9.5939902809577,642,0.875377628260953,33191.85,1.0,7504940947318649836,True
SC52,SC4522E0,sync8_c0,1,33262.0,4.0,0.15,11.118837531278032,659,0.892107967347769,33262.0,1.0,7504940947318649836,True
SC52,SC4522E0,sync8_c0,2,36623.0,4.0,0.15,10.427004434154506,646,0.9308806327631765,36622.95,1.0,7504940947318649836,True
SC52,SC4522E0,sync8_c0,3,36790.0,4.0,0.15,9.494552446873358,705,0.9338288469457992,36789.9,1.1,7504940947318649836,True
SC52,SC4522E0,sync8_c0,4,40767.0,4.0,0.15,9.128293351599885,714,0.8846329383264901,40767.05,1.1,7504940947318649836,True
SC52,SC4522E0,sync8_c0,5,40831.0,4.0,0.15,10.391449217181595,761,0.7258020717198429,40830.95,1.2,7504940947318649836,True
SC52,SC4522E0,sync8_c0,6,40932.0,4.0,0.15,11.495597594674855,717,0.9002238226052907,40932.1,1.1,7504940947318649836,True
SC52,SC4522E0,sync8_c0,7,41053.0,4.0,0.15,14.114245128826544,761,0.6489102083406322,41053.25,1.1,7504940947318649836,True
SC52,SC4522E0,sync8_c0,8,41148.0,4.0,0.15,13.4020243931602,665,0.8324182786430921,41148.05,1.0,7504940947318649836,True
SC52,SC4522E0,sync8_c0,9,41228.0,4.0,0.15,16.234368615644364,728,0.8706935883188041,41228.2,1.1,7504940947318649836,True
SC52,SC4522E0,sync8_c0,10,41388.0,4.0,0.15,19.902222058313495,745,0.8522866172278606,41388.0,1.2,7504940947318649836,True
SC52,SC4522E0,sync8_c0,11,41490.0,4.0,0.15,16.59242039570519,631,0.7847244576174394,41490.2,0.9,7504940947318649836,True
SC52,SC4522E0,sync8_c0,12,41562.0,4.0,0.15,15.447496718929406,677,0.9228698829042868,41561.9,1.1,7504940947318649836,True
SC52,SC4522E0,sync8_c0,13,41791.0,4.0,0.15,14.28737191198777,705,0.7127787397830534,41790.95,1.1,7504940947318649836,True
SC52,SC4522E0,sync8_c0,14,41877.0,4.0,0.15,13.751122536901535,720,0.9423915798101208,41877.05,1.1,7504940947318649836,True
SC52,SC4522E0,sync8_c0,15,41963.0,4.0,0.15,15.340169757740151,661,0.8858037436756079,41963.05,1.0,7504940947318649836,True
SC52,SC4522E0,sync8_c0,16,57233.0,4.0,0.15,19.900267390576573,721,0.963653489965439,57233.05,1.1,7504940947318649836,True
SC52,SC4522E0,sync8_c0,17,57381.0,4.0,0.15,19.447711827911707,584,0.8288590640380393,57380.9,0.9,7504940947318649836,True
SC52,SC4522E0,sync8_c0,18,57469.0,4.0,0.15,20.21294813641758,626,0.8532925119932977,57469.0,0.9,7504940947318649836,True
SC52,SC4522E0,sync8_c0,19,57596.0,4.0,0.15,25.19782427341136,600,0.9458154739272915,57595.9,0.9,7504940947318649836,True
SC53,SC4531E0,iso8_matched,0,37516.0,4.0,0.15,17.66765479410726,698,0.9330950705257317,37515.95,1.1,7950300559230191219,True
SC53,SC4531E0,iso8_matched,1,37577.0,4.0,0.15,22.463347520161843,587,0.9426670649092435,37576.95,0.9,7950300559230191219,True
SC53,SC4531E0,iso8_matched,2,38047.0,4.0,0.15,13.316006670140128,660,0.835964942777447,38047.0,1.0,7950300559230191219,True
SC53,SC4531E0,iso8_matched,3,38155.0,4.0,0.15,13.269818127915999,632,0.8023103236718695,38155.2,0.9,7950300559230191219,True
SC53,SC4531E0,iso8_matched,4,38282.0,4.0,0.15,21.265888857238416,682,0.7843343867110426,38282.65,1.1,7950300559230191219,True
SC53,SC4531E0,iso8_matched,5,44941.0,4.0,0.15,9.719459732440004,675,0.28991336090406333,44940.55,0.8,7950300559230191219,True
SC53,SC4531E0,iso8_matched,6,45011.0,4.0,0.15,10.828839050947208,714,0.386917802447419,45011.0,1.1,7950300559230191219,True
SC53,SC4531E0,iso8_matched,7,45270.0,4.0,0.15,28.63754466666809,688,0.8378831601647251,45269.9,1.1,7950300559230191219,True
SC53,SC4531E0,iso8_matched,8,45353.0,4.0,0.15,43.44373653531243,675,0.6764089238480423,45352.4,1.0,7950300559230191219,True
SC53,SC4531E0,iso8_matched,9,45554.0,4.0,0.15,21.954210777799506,639,0.9282631058452607,45553.95,1.0,7950300559230191219,True
SC53,SC4531E0,iso8_matched,10,45841.0,4.0,0.15,10.466119073391287,708,0.877474963184649,45840.9,1.1,7950300559230191219,True
SC53,SC4531E0,iso8_matched,11,46008.0,4.0,0.15,12.205104248599422,634,0.0,,,7950300559230191219,True
SC53,SC4531E0,iso8_matched,12,51362.0,4.0,0.15,7.6309986768785,735,0.8980684950807746,51362.2,1.1,7950300559230191219,True
SC53,SC4531E0,iso8_matched,13,52072.0,4.0,0.15,8.432076866382843,728,0.7936164669900487,52071.25,1.1,7950300559230191219,True
SC53,SC4531E0,iso8_matched,14,52578.0,4.0,0.15,13.282480242332122,610,0.9343482704480617,52578.0,0.9,7950300559230191219,True
SC53,SC4531E0,iso8_matched,15,52713.0,4.0,0.15,14.572742094194794,672,0.5575829967409514,52712.25,1.0,7950300559230191219,True
SC53,SC4531E0,iso8_matched,16,52901.0,4.0,0.15,35.69167305715939,716,0.9250500118637528,52901.0,1.1,7950300559230191219,True
SC53,SC4531E0,iso8_matched,17,53008.0,4.0,0.15,39.108816017294004,659,0.9009288390974963,53008.1,1.0,7950300559230191219,True
SC53,SC4531E0,iso8_matched,18,54417.0,4.0,0.15,8.298055139066873,616,0.910405672568734,54417.05,0.9,7950300559230191219,True
SC53,SC4531E0,iso8_matched,19,54481.0,4.0,0.15,9.60985032775399,701,0.9021254689931671,54481.1,1.0,7950300559230191219,True
SC53,SC4531E0,sync8_c0,0,37516.0,4.0,0.15,17.66765479410726,694,0.937258068440448,37516.0,1.1,7950300559230191219,True
SC53,SC4531E0,sync8_c0,1,37577.0,4.0,0.15,22.463347520161843,577,0.8927009401357099,37576.85,0.9,7950300559230191219,True
SC53,SC4531E0,sync8_c0,2,38047.0,4.0,0.15,13.316006670140128,661,0.8523602639356261,38046.95,1.0,7950300559230191219,True
SC53,SC4531E0,sync8_c0,3,38155.0,4.0,0.15,13.269818127915999,628,0.8165884364127113,38154.95,1.0,7950300559230191219,True
SC53,SC4531E0,sync8_c0,4,38282.0,4.0,0.15,21.265888857238416,688,0.7954337365042593,38282.0,1.1,7950300559230191219,True
SC53,SC4531E0,sync8_c0,5,44941.0,4.0,0.15,9.719459732440004,683,0.5174955199678124,44940.75,0.8,7950300559230191219,True
SC53,SC4531E0,sync8_c0,6,45011.0,4.0,0.15,10.828839050947208,716,0.4156626916325097,45011.55,1.2,7950300559230191219,True
SC53,SC4531E0,sync8_c0,7,45270.0,4.0,0.15,28.63754466666809,683,0.8808520527207309,45270.15,1.0,7950300559230191219,True
SC53,SC4531E0,sync8_c0,8,45353.0,4.0,0.15,43.44373653531243,681,0.8209733065525736,45352.95,1.1,7950300559230191219,True
SC53,SC4531E0,sync8_c0,9,45554.0,4.0,0.15,21.954210777799506,641,0.9405585961650217,45553.95,1.0,7950300559230191219,True
SC53,SC4531E0,sync8_c0,10,45841.0,4.0,0.15,10.466119073391287,714,0.8778384388168695,45841.05,1.1,7950300559230191219,True
SC53,SC4531E0,sync8_c0,11,46008.0,4.0,0.15,12.205104248599422,635,0.2524447112335481,46007.95,1.0,7950300559230191219,True
SC53,SC4531E0,sync8_c0,12,51362.0,4.0,0.15,7.6309986768785,725,0.8934390733265892,51362.2,1.1,7950300559230191219,True
SC53,SC4531E0,sync8_c0,13,52072.0,4.0,0.15,8.432076866382843,729,0.828569267067808,52072.1,1.1,7950300559230191219,True
SC53,SC4531E0,sync8_c0,14,52578.0,4.0,0.15,13.282480242332122,614,0.891207358810164,52577.95,0.9,7950300559230191219,True
SC53,SC4531E0,sync8_c0,15,52713.0,4.0,0.15,14.572742094194794,683,0.5214292472120561,52712.9,1.1,7950300559230191219,True
SC53,SC4531E0,sync8_c0,16,52901.0,4.0,0.15,35.69167305715939,719,0.9085399321803586,52901.05,1.1,7950300559230191219,True
SC53,SC4531E0,sync8_c0,17,53008.0,4.0,0.15,39.108816017294004,656,0.8992740762881196,53008.05,1.0,7950300559230191219,True
SC53,SC4531E0,sync8_c0,18,54417.0,4.0,0.15,8.298055139066873,611,0.9090345525624951,54417.0,0.9,7950300559230191219,True
SC53,SC4531E0,sync8_c0,19,54481.0,4.0,0.15,9.60985032775399,705,0.8879876637365398,54480.9,1.1,7950300559230191219,True
SC53,SC4532E0,iso8_matched,0,38670.0,4.0,0.15,20.885771536225498,709,0.5041356486286988,38670.0,1.1,10853880885180899256,True
SC53,SC4532E0,iso8_matched,1,38740.0,4.0,0.15,23.19227659373444,673,0.896276009973552,38740.15,1.0,10853880885180899256,True
SC53,SC4532E0,iso8_matched,2,39018.0,4.0,0.15,19.375524251807683,672,0.5579372930837717,39018.05,1.0,10853880885180899256,True
SC53,SC4532E0,iso8_matched,3,39284.0,4.0,0.15,26.731319482297074,662,0.9756898804128732,39284.0,1.0,10853880885180899256,True
SC53,SC4532E0,iso8_matched,4,39375.0,4.0,0.15,19.238162295172845,598,0.871157825749848,39374.35,0.9,10853880885180899256,True
SC53,SC4532E0,iso8_matched,5,46464.0,4.0,0.15,14.287067839005376,693,0.44312091845437573,46463.4,1.0,10853880885180899256,True
SC53,SC4532E0,iso8_matched,6,47564.0,4.0,0.15,9.810682129438815,656,0.6640066318151885,47564.0,1.0,10853880885180899256,True
SC53,SC4532E0,iso8_matched,7,47729.0,4.0,0.15,12.626173044317317,648,0.9522160918984659,47728.9,1.0,10853880885180899256,True
SC53,SC4532E0,iso8_matched,8,47891.0,4.0,0.15,16.72873037527321,615,0.7892118557514121,47891.05,0.9,10853880885180899256,True
SC53,SC4532E0,iso8_matched,9,47973.0,4.0,0.15,18.999892134349793,629,0.9241240584702247,47973.05,0.9,10853880885180899256,True
SC53,SC4532E0,iso8_matched,10,48196.0,4.0,0.15,15.3861195097222,624,0.8181521872830599,48196.2,0.9,10853880885180899256,True
SC53,SC4532E0,iso8_matched,11,48373.0,4.0,0.15,14.890062094888163,684,0.7350160063057561,48373.2,1.0,10853880885180899256,True
SC53,SC4532E0,iso8_matched,12,53703.0,4.0,0.15,28.930035430511012,687,0.8863764700987419,53702.95,1.1,10853880885180899256,True
SC53,SC4532E0,iso8_matched,13,53781.0,4.0,0.15,21.00988308888557,636,0.8810593633694757,53780.9,1.0,10853880885180899256,True
SC53,SC4532E0,iso8_matched,14,56763.0,4.0,0.15,10.203051087440835,592,0.9352917975425916,56762.9,0.9,10853880885180899256,True
SC53,SC4532E0,iso8_matched,15,57165.0,4.0,0.15,17.548584748338833,675,0.0,,,10853880885180899256,True
SC53,SC4532E0,iso8_matched,16,57389.0,4.0,0.15,36.24291899567982,706,0.8689694178152015,57389.7,1.1,10853880885180899256,True
SC53,SC4532E0,iso8_matched,17,57475.0,4.0,0.15,42.39531449441509,638,0.7536732581179381,57474.45,0.9,10853880885180899256,True
SC53,SC4532E0,iso8_matched,18,58017.0,4.0,0.15,7.954523640727496,603,0.4805966327687301,58016.25,0.9,10853880885180899256,True
SC53,SC4532E0,iso8_matched,19,59586.0,4.0,0.15,6.9198573908316146,709,0.9417988593230779,59585.95,1.1,10853880885180899256,True
SC53,SC4532E0,sync8_c0,0,38670.0,4.0,0.15,20.885771536225498,709,0.5756543147700658,38669.55,1.0,10853880885180899256,True
SC53,SC4532E0,sync8_c0,1,38740.0,4.0,0.15,23.19227659373444,658,0.9357785040148288,38740.05,1.0,10853880885180899256,True
SC53,SC4532E0,sync8_c0,2,39018.0,4.0,0.15,19.375524251807683,693,0.6067764830353315,39017.85,1.1,10853880885180899256,True
SC53,SC4532E0,sync8_c0,3,39284.0,4.0,0.15,26.731319482297074,665,0.9685100793335034,39284.0,1.0,10853880885180899256,True
SC53,SC4532E0,sync8_c0,4,39375.0,4.0,0.15,19.238162295172845,597,0.8322518719124606,39374.95,0.9,10853880885180899256,True
SC53,SC4532E0,sync8_c0,5,46464.0,4.0,0.15,14.287067839005376,691,0.41502971032492114,46463.9,1.1,10853880885180899256,True
SC53,SC4532E0,sync8_c0,6,47564.0,4.0,0.15,9.810682129438815,652,0.6706658989056783,47564.0,1.0,10853880885180899256,True
SC53,SC4532E0,sync8_c0,7,47729.0,4.0,0.15,12.626173044317317,656,0.9377208223460054,47728.95,1.0,10853880885180899256,True
SC53,SC4532E0,sync8_c0,8,47891.0,4.0,0.15,16.72873037527321,613,0.7991076368971596,47891.0,0.9,10853880885180899256,True
SC53,SC4532E0,sync8_c0,9,47973.0,4.0,0.15,18.999892134349793,630,0.9293857758251354,47973.0,0.9,10853880885180899256,True
SC53,SC4532E0,sync8_c0,10,48196.0,4.0,0.15,15.3861195097222,621,0.8378450910853313,48196.15,0.9,10853880885180899256,True
SC53,SC4532E0,sync8_c0,11,48373.0,4.0,0.15,14.890062094888163,681,0.7372748403912355,48373.0,1.1,10853880885180899256,True
SC53,SC4532E0,sync8_c0,12,53703.0,4.0,0.15,28.930035430511012,687,0.9375046295250146,53703.0,1.1,10853880885180899256,True
SC53,SC4532E0,sync8_c0,13,53781.0,4.0,0.15,21.00988308888557,628,0.9327247235994187,53781.05,0.9,10853880885180899256,True
SC53,SC4532E0,sync8_c0,14,56763.0,4.0,0.15,10.203051087440835,595,0.9194685044398571,56762.9,0.9,10853880885180899256,True
SC53,SC4532E0,sync8_c0,15,57165.0,4.0,0.15,17.548584748338833,666,0.34096483949808043,57165.1,1.0,10853880885180899256,True
SC53,SC4532E0,sync8_c0,16,57389.0,4.0,0.15,36.24291899567982,704,0.7975108557814972,57389.0,1.1,10853880885180899256,True
SC53,SC4532E0,sync8_c0,17,57475.0,4.0,0.15,42.39531449441509,641,0.6673205134911631,57474.85,1.0,10853880885180899256,True
SC53,SC4532E0,sync8_c0,18,58017.0,4.0,0.15,7.954523640727496,609,0.5921807181206044,58016.95,0.9,10853880885180899256,True
SC53,SC4532E0,sync8_c0,19,59586.0,4.0,0.15,6.9198573908316146,705,0.9238552173927673,59586.05,1.1,10853880885180899256,True
SC54,SC4541F0,iso8_matched,0,35738.0,4.0,0.15,9.578037300383738,724,0.9496623978196734,35738.05,1.1,2624336094948942430,True
SC54,SC4541F0,iso8_matched,1,35982.0,4.0,0.15,12.938765664836195,597,0.5712729610594752,35981.65,0.8,2624336094948942430,True
SC54,SC4541F0,iso8_matched,2,39602.0,4.0,0.15,12.615952297667265,660,0.9636213896429143,39602.05,1.0,2624336094948942430,True
SC54,SC4541F0,iso8_matched,3,39684.0,4.0,0.15,13.973931547522232,691,0.6348499628274917,39683.85,1.1,2624336094948942430,True
SC54,SC4541F0,iso8_matched,4,39849.0,4.0,0.15,16.055405974787234,734,0.93549519229926,39849.1,1.1,2624336094948942430,True
SC54,SC4541F0,iso8_matched,5,39918.0,4.0,0.15,13.057203859816008,597,0.8327744048605017,39918.6,0.9,2624336094948942430,True
SC54,SC4541F0,iso8_matched,6,40235.0,4.0,0.15,17.59419673558458,611,0.9102884445252261,40235.05,0.9,2624336094948942430,True
SC54,SC4541F0,iso8_matched,7,47992.0,4.0,0.15,7.000201068982522,698,0.867786514418573,47992.0,1.1,2624336094948942430,True
SC54,SC4541F0,iso8_matched,8,50345.0,4.0,0.15,8.520921553319964,750,0.9006431823801856,50345.25,1.1,2624336094948942430,True
SC54,SC4541F0,iso8_matched,9,50440.0,4.0,0.15,11.500341810979272,715,0.7422634902159074,50439.95,1.1,2624336094948942430,True
SC54,SC4541F0,iso8_matched,10,50697.0,4.0,0.15,21.00088839516239,716,0.967162145466183,50697.0,1.1,2624336094948942430,True
SC54,SC4541F0,iso8_matched,11,53455.0,4.0,0.15,6.261827448554518,667,0.5230980404111122,53455.1,1.0,2624336094948942430,True
SC54,SC4541F0,iso8_matched,12,53649.0,4.0,0.15,8.140076849838008,653,0.8880845311636467,53649.0,1.0,2624336094948942430,True
SC54,SC4541F0,iso8_matched,13,53810.0,4.0,0.15,18.024796057007265,628,0.6906191469680825,53810.15,0.9,2624336094948942430,True
SC54,SC4541F0,iso8_matched,14,53900.0,4.0,0.15,27.154209424311933,617,0.8272416353464979,53900.05,0.9,2624336094948942430,True
SC54,SC4541F0,iso8_matched,15,57068.0,4.0,0.15,6.454247101249653,690,0.5011914315350414,57067.45,1.0,2624336094948942430,True
SC54,SC4541F0,iso8_matched,16,57227.0,4.0,0.15,10.489981067596485,697,0.8983998622060457,57226.95,1.1,2624336094948942430,True
SC54,SC4541F0,iso8_matched,17,57603.0,4.0,0.15,43.70009441786291,672,0.9132157083069531,57603.05,1.0,2624336094948942430,True
SC54,SC4541F0,iso8_matched,18,58039.0,4.0,0.15,9.46046454412998,690,0.9122563267678406,58038.8,1.1,2624336094948942430,True
SC54,SC4541F0,iso8_matched,19,58112.0,4.0,0.15,7.559268437110064,739,0.9180295926856863,58112.2,1.1,2624336094948942430,True
SC54,SC4541F0,sync8_c0,0,35738.0,4.0,0.15,9.578037300383738,726,0.9468027501748635,35738.1,1.1,2624336094948942430,True
SC54,SC4541F0,sync8_c0,1,35982.0,4.0,0.15,12.938765664836195,594,0.0,,,2624336094948942430,True
SC54,SC4541F0,sync8_c0,2,39602.0,4.0,0.15,12.615952297667265,659,0.9626930269849234,39602.05,1.0,2624336094948942430,True
SC54,SC4541F0,sync8_c0,3,39684.0,4.0,0.15,13.973931547522232,687,0.5974633148039451,39684.0,1.1,2624336094948942430,True
SC54,SC4541F0,sync8_c0,4,39849.0,4.0,0.15,16.055405974787234,733,0.8849376647297588,39849.15,1.1,2624336094948942430,True
SC54,SC4541F0,sync8_c0,5,39918.0,4.0,0.15,13.057203859816008,597,0.8018647716420714,39917.95,0.9,2624336094948942430,True
SC54,SC4541F0,sync8_c0,6,40235.0,4.0,0.15,17.59419673558458,614,0.9008165159068288,40235.05,0.9,2624336094948942430,True
SC54,SC4541F0,sync8_c0,7,47992.0,4.0,0.15,7.000201068982522,698,0.9102193350423319,47992.05,1.1,2624336094948942430,True
SC54,SC4541F0,sync8_c0,8,50345.0,4.0,0.15,8.520921553319964,749,0.8726246817274185,50345.3,1.1,2624336094948942430,True
SC54,SC4541F0,sync8_c0,9,50440.0,4.0,0.15,11.500341810979272,718,0.7822326389552798,50440.05,1.1,2624336094948942430,True
SC54,SC4541F0,sync8_c0,10,50697.0,4.0,0.15,21.00088839516239,715,0.9703392972656993,50697.05,1.1,2624336094948942430,True
SC54,SC4541F0,sync8_c0,11,53455.0,4.0,0.15,6.261827448554518,674,0.4825797289503107,53454.55,1.2,2624336094948942430,True
SC54,SC4541F0,sync8_c0,12,53649.0,4.0,0.15,8.140076849838008,660,0.9037446112805673,53649.0,1.0,2624336094948942430,True
SC54,SC4541F0,sync8_c0,13,53810.0,4.0,0.15,18.024796057007265,622,0.6510818031759267,53810.1,0.9,2624336094948942430,True
SC54,SC4541F0,sync8_c0,14,53900.0,4.0,0.15,27.154209424311933,622,0.81531317912632,53899.85,1.0,2624336094948942430,True
SC54,SC4541F0,sync8_c0,15,57068.0,4.0,0.15,6.454247101249653,686,0.5200275410218003,57068.6,1.1,2624336094948942430,True
SC54,SC4541F0,sync8_c0,16,57227.0,4.0,0.15,10.489981067596485,698,0.896969706161627,57227.0,1.1,2624336094948942430,True
SC54,SC4541F0,sync8_c0,17,57603.0,4.0,0.15,43.70009441786291,678,0.9020970467411724,57602.9,1.1,2624336094948942430,True
SC54,SC4541F0,sync8_c0,18,58039.0,4.0,0.15,9.46046454412998,694,0.9292555225163525,58038.9,1.1,2624336094948942430,True
SC54,SC4541F0,sync8_c0,19,58112.0,4.0,0.15,7.559268437110064,727,0.9291042929038866,58112.2,1.1,2624336094948942430,True
SC54,SC4542F0,iso8_matched,0,40349.0,4.0,0.15,14.78970853327734,590,0.9231305261138676,40348.9,0.9,6825569706403775376,True
SC54,SC4542F0,iso8_matched,1,40738.0,4.0,0.15,13.546634100896053,602,0.9398481327393085,40738.05,0.9,6825569706403775376,True
SC54,SC4542F0,iso8_matched,2,41339.0,4.0,0.15,62.96029522446507,739,0.9578433363944662,41339.15,1.1,6825569706403775376,True
SC54,SC4542F0,iso8_matched,3,46285.0,4.0,0.15,12.705561637603775,648,0.919362716053383,46284.95,1.0,6825569706403775376,True
SC54,SC4542F0,iso8_matched,4,46379.0,4.0,0.15,15.304489644539577,583,0.7590970086648607,46378.25,0.9,6825569706403775376,True
SC54,SC4542F0,iso8_matched,5,46489.0,4.0,0.15,24.95731976300881,628,0.8611262325971885,46489.1,0.9,6825569706403775376,True
SC54,SC4542F0,iso8_matched,6,46711.0,4.0,0.15,19.01441039056829,654,0.9573892729477631,46711.0,1.0,6825569706403775376,True
SC54,SC4542F0,iso8_matched,7,51217.0,4.0,0.15,14.804801083880882,602,0.8613708913857999,51217.05,0.9,6825569706403775376,True
SC54,SC4542F0,iso8_matched,8,51385.0,4.0,0.15,19.658319208463592,633,0.9234170916806723,51384.9,1.0,6825569706403775376,True
SC54,SC4542F0,iso8_matched,9,51498.0,4.0,0.15,21.12494188051555,639,0.6497690770135217,51498.0,1.0,6825569706403775376,True
SC54,SC4542F0,iso8_matched,10,51803.0,4.0,0.15,12.378778511003354,733,0.9347883424875623,51803.1,1.1,6825569706403775376,True
SC54,SC4542F0,iso8_matched,11,56653.0,4.0,0.15,12.687504406936071,618,0.9063470386630942,56653.05,0.9,6825569706403775376,True
SC54,SC4542F0,iso8_matched,12,56829.0,4.0,0.15,15.86652012834807,593,0.9547569109446727,56828.95,0.9,6825569706403775376,True
SC54,SC4542F0,iso8_matched,13,57130.0,4.0,0.15,32.25870892683042,661,0.7513398193058717,57130.0,1.0,6825569706403775376,True
SC54,SC4542F0,iso8_matched,14,57319.0,4.0,0.15,58.625293164299904,661,0.9275808694713288,57319.0,1.0,6825569706403775376,True
SC54,SC4542F0,iso8_matched,15,63793.0,4.0,0.15,11.908002689370008,707,0.9473724191660506,63793.0,1.1,6825569706403775376,True
SC54,SC4542F0,iso8_matched,16,63870.0,4.0,0.15,12.047149330231521,654,0.7785998918772081,63870.0,1.0,6825569706403775376,True
SC54,SC4542F0,iso8_matched,17,64060.0,4.0,0.15,15.310254627866126,678,0.8377626213626422,64060.15,1.0,6825569706403775376,True
SC54,SC4542F0,iso8_matched,18,64182.0,4.0,0.15,18.910361826835604,687,0.8967613382254088,64181.95,1.1,6825569706403775376,True
SC54,SC4542F0,iso8_matched,19,64337.0,4.0,0.15,42.0474014472433,642,0.8371984557125604,64336.95,1.0,6825569706403775376,True
SC54,SC4542F0,sync8_c0,0,40349.0,4.0,0.15,14.78970853327734,592,0.9103843261133819,40348.85,0.9,6825569706403775376,True
SC54,SC4542F0,sync8_c0,1,40738.0,4.0,0.15,13.546634100896053,595,0.9177483677280415,40737.95,0.9,6825569706403775376,True
SC54,SC4542F0,sync8_c0,2,41339.0,4.0,0.15,62.96029522446507,743,0.905480427307711,41339.25,1.1,6825569706403775376,True
SC54,SC4542F0,sync8_c0,3,46285.0,4.0,0.15,12.705561637603775,640,0.8900023877118957,46284.95,1.0,6825569706403775376,True
SC54,SC4542F0,sync8_c0,4,46379.0,4.0,0.15,15.304489644539577,585,0.6139237981480354,46378.9,0.9,6825569706403775376,True
SC54,SC4542F0,sync8_c0,5,46489.0,4.0,0.15,24.95731976300881,624,0.8473770692293883,46489.05,0.9,6825569706403775376,True
SC54,SC4542F0,sync8_c0,6,46711.0,4.0,0.15,19.01441039056829,652,0.978544318451194,46711.0,1.0,6825569706403775376,True
SC54,SC4542F0,sync8_c0,7,51217.0,4.0,0.15,14.804801083880882,600,0.8358947069491854,51217.0,0.9,6825569706403775376,True
SC54,SC4542F0,sync8_c0,8,51385.0,4.0,0.15,19.658319208463592,631,0.8934916465167861,51384.85,1.0,6825569706403775376,True
SC54,SC4542F0,sync8_c0,9,51498.0,4.0,0.15,21.12494188051555,629,0.6717695427137854,51498.1,0.9,6825569706403775376,True
SC54,SC4542F0,sync8_c0,10,51803.0,4.0,0.15,12.378778511003354,739,0.9053182621987945,51803.2,1.1,6825569706403775376,True
SC54,SC4542F0,sync8_c0,11,56653.0,4.0,0.15,12.687504406936071,620,0.8892526478400696,56653.05,0.9,6825569706403775376,True
SC54,SC4542F0,sync8_c0,12,56829.0,4.0,0.15,15.86652012834807,594,0.9425818471979286,56828.9,0.9,6825569706403775376,True
SC54,SC4542F0,sync8_c0,13,57130.0,4.0,0.15,32.25870892683042,661,0.7302422001475405,57129.95,1.0,6825569706403775376,True
SC54,SC4542F0,sync8_c0,14,57319.0,4.0,0.15,58.625293164299904,668,0.9044622486271979,57318.85,1.1,6825569706403775376,True
SC54,SC4542F0,sync8_c0,15,63793.0,4.0,0.15,11.908002689370008,699,0.9335576009612012,63793.05,1.1,6825569706403775376,True
SC54,SC4542F0,sync8_c0,16,63870.0,4.0,0.15,12.047149330231521,649,0.813997408585702,63869.95,1.0,6825569706403775376,True
SC54,SC4542F0,sync8_c0,17,64060.0,4.0,0.15,15.310254627866126,677,0.8299890860396203,64059.9,1.1,6825569706403775376,True
SC54,SC4542F0,sync8_c0,18,64182.0,4.0,0.15,18.910361826835604,688,0.863628823757055,64182.0,1.1,6825569706403775376,True
SC54,SC4542F0,sync8_c0,19,64337.0,4.0,0.15,42.0474014472433,641,0.8460725002078976,64336.95,1.0,6825569706403775376,True
SC55,SC4551F0,iso8_matched,0,29875.0,4.0,0.15,17.105036536981796,703,0.7408231188798131,29875.05,1.1,10817849514129980142,True
SC55,SC4551F0,iso8_matched,1,30830.0,4.0,0.15,10.32563635407939,732,0.8993748428908105,30830.05,1.1,10817849514129980142,True
SC55,SC4551F0,iso8_matched,2,35792.0,4.0,0.15,17.140834185259028,649,0.7560071551906581,35792.2,0.9,10817849514129980142,True
SC55,SC4551F0,iso8_matched,3,35895.0,4.0,0.15,20.691891979801007,615,0.8109529732316899,35895.45,1.0,10817849514129980142,True
SC55,SC4551F0,iso8_matched,4,36021.0,4.0,0.15,20.51316364831016,599,0.8853702377338812,36020.85,0.9,10817849514129980142,True
SC55,SC4551F0,iso8_matched,5,36213.0,4.0,0.15,14.55476135505596,633,0.640178413413908,36212.55,0.9,10817849514129980142,True
SC55,SC4551F0,iso8_matched,6,37027.0,4.0,0.15,10.067686797563455,707,0.8527740099548569,37027.0,1.1,10817849514129980142,True
SC55,SC4551F0,iso8_matched,7,42100.0,4.0,0.15,8.389557717246506,736,0.8178027053451906,42100.1,1.1,10817849514129980142,True
SC55,SC4551F0,iso8_matched,8,42236.0,4.0,0.15,12.356568936533161,630,0.7875228472858251,42235.9,1.0,10817849514129980142,True
SC55,SC4551F0,iso8_matched,9,42344.0,4.0,0.15,22.244733602961894,745,0.8490774155959664,42344.25,1.1,10817849514129980142,True
SC55,SC4551F0,iso8_matched,10,42473.0,4.0,0.15,31.708341263024714,702,0.9504202185061456,42472.85,1.1,10817849514129980142,True
SC55,SC4551F0,iso8_matched,11,42737.0,4.0,0.15,21.18289052808639,690,0.8959804326164993,42736.9,1.1,10817849514129980142,True
SC55,SC4551F0,iso8_matched,12,42834.0,4.0,0.15,18.615089696346214,619,0.8569507426551299,42834.05,0.9,10817849514129980142,True
SC55,SC4551F0,iso8_matched,13,42905.0,4.0,0.15,18.008462069540283,627,0.8815241665618765,42905.0,0.9,10817849514129980142,True
SC55,SC4551F0,iso8_matched,14,43041.0,4.0,0.15,23.518776655722192,686,0.8765165925448202,43041.2,1.0,10817849514129980142,True
SC55,SC4551F0,iso8_matched,15,43349.0,4.0,0.15,18.66208584701613,681,0.7531966416652113,43349.1,1.0,10817849514129980142,True
SC55,SC4551F0,iso8_matched,16,43567.0,4.0,0.15,29.111558696176935,639,0.8637756954876363,43566.9,1.0,10817849514129980142,True
SC55,SC4551F0,iso8_matched,17,48257.0,4.0,0.15,9.525025606740893,733,0.919896941877807,48257.15,1.1,10817849514129980142,True
SC55,SC4551F0,iso8_matched,18,48358.0,4.0,0.15,11.35328478786858,618,0.9600115042560657,48358.1,0.9,10817849514129980142,True
SC55,SC4551F0,iso8_matched,19,48510.0,4.0,0.15,12.624771691547387,661,0.9249335363934061,48510.05,1.0,10817849514129980142,True
SC55,SC4551F0,sync8_c0,0,29875.0,4.0,0.15,17.105036536981796,697,0.7119096980444434,29875.05,1.1,10817849514129980142,True
SC55,SC4551F0,sync8_c0,1,30830.0,4.0,0.15,10.32563635407939,741,0.8978892883514015,30829.85,1.2,10817849514129980142,True
SC55,SC4551F0,sync8_c0,2,35792.0,4.0,0.15,17.140834185259028,651,0.7037083795067849,35792.2,0.9,10817849514129980142,True
SC55,SC4551F0,sync8_c0,3,35895.0,4.0,0.15,20.691891979801007,621,0.7491415106642288,35895.05,0.9,10817849514129980142,True
SC55,SC4551F0,sync8_c0,4,36021.0,4.0,0.15,20.51316364831016,603,0.8522686255982175,36020.85,0.9,10817849514129980142,True
SC55,SC4551F0,sync8_c0,5,36213.0,4.0,0.15,14.55476135505596,635,0.6242060656667662,36213.2,0.9,10817849514129980142,True
SC55,SC4551F0,sync8_c0,6,37027.0,4.0,0.15,10.067686797563455,703,0.8461371364772378,37027.05,1.1,10817849514129980142,True
SC55,SC4551F0,sync8_c0,7,42100.0,4.0,0.15,8.389557717246506,733,0.8105977467974425,42100.15,1.1,10817849514129980142,True
SC55,SC4551F0,sync8_c0,8,42236.0,4.0,0.15,12.356568936533161,630,0.8118735613762392,42235.9,1.0,10817849514129980142,True
SC55,SC4551F0,sync8_c0,9,42344.0,4.0,0.15,22.244733602961894,740,0.8387516073283875,42343.95,1.2,10817849514129980142,True
SC55,SC4551F0,sync8_c0,10,42473.0,4.0,0.15,31.708341263024714,710,0.9492193846716963,42472.95,1.1,10817849514129980142,True
SC55,SC4551F0,sync8_c0,11,42737.0,4.0,0.15,21.18289052808639,685,0.8433528393989231,42736.95,1.1,10817849514129980142,True
SC55,SC4551F0,sync8_c0,12,42834.0,4.0,0.15,18.615089696346214,616,0.8960113832310214,42834.0,0.9,10817849514129980142,True
SC55,SC4551F0,sync8_c0,13,42905.0,4.0,0.15,18.008462069540283,632,0.8658839008810963,42905.0,0.9,10817849514129980142,True
SC55,SC4551F0,sync8_c0,14,43041.0,4.0,0.15,23.518776655722192,677,0.9051371924946392,43041.15,1.0,10817849514129980142,True
SC55,SC4551F0,sync8_c0,15,43349.0,4.0,0.15,18.66208584701613,687,0.7391902689328713,43348.85,1.1,10817849514129980142,True
SC55,SC4551F0,sync8_c0,16,43567.0,4.0,0.15,29.111558696176935,643,0.8812536393849973,43566.9,1.0,10817849514129980142,True
SC55,SC4551F0,sync8_c0,17,48257.0,4.0,0.15,9.525025606740893,731,0.8741907497481799,48257.15,1.1,10817849514129980142,True
SC55,SC4551F0,sync8_c0,18,48358.0,4.0,0.15,11.35328478786858,609,0.9602504536775378,48358.0,0.9,10817849514129980142,True
SC55,SC4551F0,sync8_c0,19,48510.0,4.0,0.15,12.624771691547387,662,0.8908227790684675,48510.05,1.0,10817849514129980142,True
SC55,SC4552F0,iso8_matched,0,32228.0,4.0,0.15,9.790814114589864,708,0.7595269070397388,32228.75,1.1,15376395996924993081,True
SC55,SC4552F0,iso8_matched,1,32374.0,4.0,0.15,11.488682718921018,720,0.9517865545809476,32374.05,1.1,15376395996924993081,True
SC55,SC4552F0,iso8_matched,2,32730.0,4.0,0.15,14.53759906174773,614,0.7064340318051067,32729.4,0.9,15376395996924993081,True
SC55,SC4552F0,iso8_matched,3,35759.0,4.0,0.15,12.370813762235676,614,0.8010253231647793,35759.0,0.9,15376395996924993081,True
SC55,SC4552F0,iso8_matched,4,35825.0,4.0,0.15,14.345794427771633,587,0.9425592616046033,35824.95,0.9,15376395996924993081,True
SC55,SC4552F0,iso8_matched,5,36137.0,4.0,0.15,19.95152783378691,616,0.8776236925226789,36137.05,0.9,15376395996924993081,True
SC55,SC4552F0,iso8_matched,6,36385.0,4.0,0.15,22.318827867390432,756,0.9242587638003648,36385.0,1.2,15376395996924993081,True
SC55,SC4552F0,iso8_matched,7,36622.0,4.0,0.15,14.317801401203402,692,0.8645751515603619,36621.9,1.1,15376395996924993081,True
SC55,SC4552F0,iso8_matched,8,36750.0,4.0,0.15,16.98790182698279,592,0.8361578114903826,36749.9,0.9,15376395996924993081,True
SC55,SC4552F0,iso8_matched,9,36847.0,4.0,0.15,17.174645054461177,676,0.9193968643491731,36847.05,1.0,15376395996924993081,True
SC55,SC4552F0,iso8_matched,10,37150.0,4.0,0.15,18.239694721389952,652,0.9574716983803372,37150.0,1.0,15376395996924993081,True
SC55,SC4552F0,iso8_matched,11,37503.0,4.0,0.15,13.368753073690462,712,0.9769038265330184,37502.95,1.1,15376395996924993081,True
SC55,SC4552F0,iso8_matched,12,37633.0,4.0,0.15,10.666247111643155,615,0.8719129750228573,37633.05,0.9,15376395996924993081,True
SC55,SC4552F0,iso8_matched,13,38362.0,4.0,0.15,12.12228219122351,605,0.7437989165062716,38362.65,0.9,15376395996924993081,True
SC55,SC4552F0,iso8_matched,14,42480.0,4.0,0.15,11.142024171217859,713,0.9076602704049862,42479.95,1.1,15376395996924993081,True
SC55,SC4552F0,iso8_matched,15,42724.0,4.0,0.15,11.716012421003617,726,0.8813614785298569,42724.0,1.1,15376395996924993081,True
SC55,SC4552F0,iso8_matched,16,48507.0,4.0,0.15,14.783673162094237,729,0.5353412238810626,48507.1,1.1,15376395996924993081,True
SC55,SC4552F0,iso8_matched,17,48761.0,4.0,0.15,24.000061333768148,699,0.0,,,15376395996924993081,True
SC55,SC4552F0,iso8_matched,18,49134.0,4.0,0.15,24.686491439939523,680,0.7831836677138418,49134.15,1.0,15376395996924993081,True
SC55,SC4552F0,iso8_matched,19,49295.0,4.0,0.15,37.47348991911883,714,0.9225840860625616,49295.05,1.1,15376395996924993081,True
SC55,SC4552F0,sync8_c0,0,32228.0,4.0,0.15,9.790814114589864,717,0.6543123067295942,32228.1,1.1,15376395996924993081,True
SC55,SC4552F0,sync8_c0,1,32374.0,4.0,0.15,11.488682718921018,716,0.9516390453135807,32374.1,1.1,15376395996924993081,True
SC55,SC4552F0,sync8_c0,2,32730.0,4.0,0.15,14.53759906174773,617,0.6683977600179554,32730.0,0.9,15376395996924993081,True
SC55,SC4552F0,sync8_c0,3,35759.0,4.0,0.15,12.370813762235676,610,0.8329476190678209,35758.95,0.9,15376395996924993081,True
SC55,SC4552F0,sync8_c0,4,35825.0,4.0,0.15,14.345794427771633,581,0.9258356531012987,35824.9,0.9,15376395996924993081,True
SC55,SC4552F0,sync8_c0,5,36137.0,4.0,0.15,19.95152783378691,619,0.8776097835462805,36136.85,1.0,15376395996924993081,True
SC55,SC4552F0,sync8_c0,6,36385.0,4.0,0.15,22.318827867390432,750,0.9045035420340568,36385.05,1.2,15376395996924993081,True
SC55,SC4552F0,sync8_c0,7,36622.0,4.0,0.15,14.317801401203402,694,0.9335758252808045,36621.95,1.1,15376395996924993081,True
SC55,SC4552F0,sync8_c0,8,36750.0,4.0,0.15,16.98790182698279,590,0.7763070314123997,36749.85,0.9,15376395996924993081,True
SC55,SC4552F0,sync8_c0,9,36847.0,4.0,0.15,17.174645054461177,680,0.9191671975692425,36847.05,1.0,15376395996924993081,True
SC55,SC4552F0,sync8_c0,10,37150.0,4.0,0.15,18.239694721389952,652,0.9686323782132571,37150.0,1.0,15376395996924993081,True
SC55,SC4552F0,sync8_c0,11,37503.0,4.0,0.15,13.368753073690462,711,0.9703959685737529,37503.0,1.1,15376395996924993081,True
SC55,SC4552F0,sync8_c0,12,37633.0,4.0,0.15,10.666247111643155,616,0.845198423380475,37633.0,0.9,15376395996924993081,True
SC55,SC4552F0,sync8_c0,13,38362.0,4.0,0.15,12.12228219122351,605,0.7294797741345341,38361.95,0.9,15376395996924993081,True
SC55,SC4552F0,sync8_c0,14,42480.0,4.0,0.15,11.142024171217859,717,0.8860783126913504,42480.05,1.1,15376395996924993081,True
SC55,SC4552F0,sync8_c0,15,42724.0,4.0,0.15,11.716012421003617,734,0.8233883830443449,42723.75,1.2,15376395996924993081,True
SC55,SC4552F0,sync8_c0,16,48507.0,4.0,0.15,14.783673162094237,729,0.5042487123134455,48507.1,1.1,15376395996924993081,True
SC55,SC4552F0,sync8_c0,17,48761.0,4.0,0.15,24.000061333768148,703,0.8377062351623529,48761.0,1.1,15376395996924993081,True
SC55,SC4552F0,sync8_c0,18,49134.0,4.0,0.15,24.686491439939523,677,0.7453969297300143,49133.9,1.1,15376395996924993081,True
SC55,SC4552F0,sync8_c0,19,49295.0,4.0,0.15,37.47348991911883,707,0.9221627592567716,49295.05,1.1,15376395996924993081,True
SC56,SC4561F0,iso8_matched,0,33548.0,4.0,0.15,8.828750431344531,726,0.9365630295948093,33548.05,1.1,14523769359862990972,True
SC56,SC4561F0,iso8_matched,1,33687.0,4.0,0.15,9.190506140850527,719,0.38782738803517564,33687.45,1.2,14523769359862990972,True
SC56,SC4561F0,iso8_matched,2,33781.0,4.0,0.15,9.911629093559506,617,0.8421867996061837,33781.0,0.9,14523769359862990972,True
SC56,SC4561F0,iso8_matched,3,33955.0,4.0,0.15,10.226150151576734,725,0.9076911615126604,33955.05,1.1,14523769359862990972,True
SC56,SC4561F0,iso8_matched,4,34041.0,4.0,0.15,10.27682904478621,634,0.8083394391090998,34041.2,0.9,14523769359862990972,True
SC56,SC4561F0,iso8_matched,5,34146.0,4.0,0.15,12.541812111397773,676,0.8876354245712305,34146.1,1.0,14523769359862990972,True
SC56,SC4561F0,iso8_matched,6,34243.0,4.0,0.15,11.2420191763858,712,0.9207635518870806,34243.1,1.1,14523769359862990972,True
SC56,SC4561F0,iso8_matched,7,34485.0,4.0,0.15,8.297488348365613,607,0.9159708200586463,34485.0,0.9,14523769359862990972,True
SC56,SC4561F0,iso8_matched,8,34604.0,4.0,0.15,8.867613052432707,653,0.9182466416419706,34604.0,1.0,14523769359862990972,True
SC56,SC4561F0,iso8_matched,9,35443.0,4.0,0.15,7.741771483230911,655,0.9140607441453013,35442.95,1.0,14523769359862990972,True
SC56,SC4561F0,iso8_matched,10,35508.0,4.0,0.15,7.705767001845568,692,0.8918131324707115,35507.85,1.1,14523769359862990972,True
SC56,SC4561F0,iso8_matched,11,35935.0,4.0,0.15,7.996798500247995,643,0.9336222588356807,35934.95,1.0,14523769359862990972,True
SC56,SC4561F0,iso8_matched,12,44311.0,4.0,0.15,8.70175911480922,725,0.9403195111178745,44311.05,1.1,14523769359862990972,True
SC56,SC4561F0,iso8_matched,13,44492.0,4.0,0.15,9.189902791544727,606,0.9344441353601698,44492.05,0.9,14523769359862990972,True
SC56,SC4561F0,iso8_matched,14,45913.0,4.0,0.15,8.812090960545932,722,0.9380408603252947,45913.0,1.1,14523769359862990972,True
SC56,SC4561F0,iso8_matched,15,46204.0,4.0,0.15,9.461888370962109,735,0.9228954461529195,46204.05,1.1,14523769359862990972,True
SC56,SC4561F0,iso8_matched,16,46460.0,4.0,0.15,9.787703909845451,643,0.9079612752394033,46459.9,1.0,14523769359862990972,True
SC56,SC4561F0,iso8_matched,17,46772.0,4.0,0.15,11.273396983368592,628,0.912036038401016,46771.9,1.0,14523769359862990972,True
SC56,SC4561F0,iso8_matched,18,52460.0,4.0,0.15,9.041673170473944,703,0.8750356187145877,52460.05,1.1,14523769359862990972,True
SC56,SC4561F0,iso8_matched,19,58119.0,4.0,0.15,11.625703428724343,750,0.9035504986822426,58119.2,1.1,14523769359862990972,True
SC56,SC4561F0,sync8_c0,0,33548.0,4.0,0.15,8.828750431344531,727,0.9123587571255002,33548.1,1.1,14523769359862990972,True
SC56,SC4561F0,sync8_c0,1,33687.0,4.0,0.15,9.190506140850527,717,0.5073512957568959,33686.65,1.2,14523769359862990972,True
SC56,SC4561F0,sync8_c0,2,33781.0,4.0,0.15,9.911629093559506,621,0.8027354857670909,33780.75,1.0,14523769359862990972,True
SC56,SC4561F0,sync8_c0,3,33955.0,4.0,0.15,10.226150151576734,725,0.903176785961318,33955.15,1.1,14523769359862990972,True
SC56,SC4561F0,sync8_c0,4,34041.0,4.0,0.15,10.27682904478621,626,0.7619436218381646,34041.2,0.9,14523769359862990972,True
SC56,SC4561F0,sync8_c0,5,34146.0,4.0,0.15,12.541812111397773,674,0.8708160802862308,34146.1,1.0,14523769359862990972,True
SC56,SC4561F0,sync8_c0,6,34243.0,4.0,0.15,11.2420191763858,706,0.9114210909289391,34243.1,1.1,14523769359862990972,True
SC56,SC4561F0,sync8_c0,7,34485.0,4.0,0.15,8.297488348365613,604,0.9028502364934017,34484.95,0.9,14523769359862990972,True
SC56,SC4561F0,sync8_c0,8,34604.0,4.0,0.15,8.867613052432707,654,0.9365267182768644,34604.0,1.0,14523769359862990972,True
SC56,SC4561F0,sync8_c0,9,35443.0,4.0,0.15,7.741771483230911,660,0.9173377352852169,35443.0,1.0,14523769359862990972,True
SC56,SC4561F0,sync8_c0,10,35508.0,4.0,0.15,7.705767001845568,692,0.8817000168968385,35507.9,1.1,14523769359862990972,True
SC56,SC4561F0,sync8_c0,11,35935.0,4.0,0.15,7.996798500247995,637,0.9140777963076236,35934.95,1.0,14523769359862990972,True
SC56,SC4561F0,sync8_c0,12,44311.0,4.0,0.15,8.70175911480922,715,0.921277119005588,44311.05,1.1,14523769359862990972,True
SC56,SC4561F0,sync8_c0,13,44492.0,4.0,0.15,9.189902791544727,605,0.9080414094017061,44492.05,0.9,14523769359862990972,True
SC56,SC4561F0,sync8_c0,14,45913.0,4.0,0.15,8.812090960545932,723,0.8953972389566565,45913.05,1.1,14523769359862990972,True
SC56,SC4561F0,sync8_c0,15,46204.0,4.0,0.15,9.461888370962109,735,0.8824672816019652,46204.15,1.1,14523769359862990972,True
SC56,SC4561F0,sync8_c0,16,46460.0,4.0,0.15,9.787703909845451,645,0.8988361230393647,46459.9,1.0,14523769359862990972,True
SC56,SC4561F0,sync8_c0,17,46772.0,4.0,0.15,11.273396983368592,627,0.9161817778021463,46771.9,1.0,14523769359862990972,True
SC56,SC4561F0,sync8_c0,18,52460.0,4.0,0.15,9.041673170473944,698,0.930980261984296,52460.05,1.1,14523769359862990972,True
SC56,SC4561F0,sync8_c0,19,58119.0,4.0,0.15,11.625703428724343,746,0.8883237059440297,58119.25,1.1,14523769359862990972,True
SC56,SC4562F0,iso8_matched,0,33852.0,4.0,0.15,9.043919054562233,603,0.9048754840599522,33852.05,0.9,5043134211847899344,True
SC56,SC4562F0,iso8_matched,1,34254.0,4.0,0.15,7.708789941167261,699,0.850276253016772,34253.95,1.1,5043134211847899344,True
SC56,SC4562F0,iso8_matched,2,34365.0,4.0,0.15,7.068704100516202,653,0.8888605459826806,34364.95,1.0,5043134211847899344,True
SC56,SC4562F0,iso8_matched,3,34785.0,4.0,0.15,8.847673200893814,700,0.9336401038156281,34784.95,1.1,5043134211847899344,True
SC56,SC4562F0,iso8_matched,4,38299.0,4.0,0.15,12.149162583982493,714,0.6391164232167129,38298.25,1.1,5043134211847899344,True
SC56,SC4562F0,iso8_matched,5,40666.0,4.0,0.15,9.51320388764974,673,0.6278049326395946,40666.15,1.0,5043134211847899344,True
SC56,SC4562F0,iso8_matched,6,42732.0,4.0,0.15,9.383404811912115,660,0.9463494624991854,42732.05,1.0,5043134211847899344,True
SC56,SC4562F0,iso8_matched,7,42806.0,4.0,0.15,8.452034933085692,671,0.8623534686639935,42806.15,1.0,5043134211847899344,True
SC56,SC4562F0,iso8_matched,8,42880.0,4.0,0.15,7.614203887389301,581,0.8174597613109089,42879.85,0.9,5043134211847899344,True
SC56,SC4562F0,iso8_matched,9,43192.0,4.0,0.15,8.300277734008358,640,0.7961945544122848,43191.9,1.0,5043134211847899344,True
SC56,SC4562F0,iso8_matched,10,45217.0,4.0,0.15,10.329582964001135,630,0.8762577101416145,45217.05,0.9,5043134211847899344,True
SC56,SC4562F0,iso8_matched,11,45519.0,4.0,0.15,7.160381889443361,712,0.8272321856340937,45519.75,1.1,5043134211847899344,True
SC56,SC4562F0,iso8_matched,12,45595.0,4.0,0.15,7.258276987385347,709,0.8492424258460333,45594.9,1.1,5043134211847899344,True
SC56,SC4562F0,iso8_matched,13,45733.0,4.0,0.15,7.521905130815368,697,0.9459754988631669,45732.95,1.1,5043134211847899344,True
SC56,SC4562F0,iso8_matched,14,46262.0,4.0,0.15,8.440270578738742,645,0.9376260565677842,46262.0,1.0,5043134211847899344,True
SC56,SC4562F0,iso8_matched,15,46349.0,4.0,0.15,8.201999925086769,740,0.929419687383108,46349.1,1.1,5043134211847899344,True
SC56,SC4562F0,iso8_matched,16,50371.0,4.0,0.15,9.029385153413072,689,0.9110485618431192,50370.95,1.1,5043134211847899344,True
SC56,SC4562F0,iso8_matched,17,55491.0,4.0,0.15,7.321210289296835,705,0.8318476482343111,55490.95,1.1,5043134211847899344,True
SC56,SC4562F0,iso8_matched,18,56046.0,4.0,0.15,8.421423852830236,613,0.9269883890549522,56046.05,0.9,5043134211847899344,True
SC56,SC4562F0,iso8_matched,19,56152.0,4.0,0.15,8.533888786786598,688,0.8574830045192079,56151.9,1.1,5043134211847899344,True
SC56,SC4562F0,sync8_c0,0,33852.0,4.0,0.15,9.043919054562233,593,0.9251881388052864,33851.95,0.9,5043134211847899344,True
SC56,SC4562F0,sync8_c0,1,34254.0,4.0,0.15,7.708789941167261,705,0.9153762525960029,34254.0,1.1,5043134211847899344,True
SC56,SC4562F0,sync8_c0,2,34365.0,4.0,0.15,7.068704100516202,662,0.9073149341563614,34364.95,1.0,5043134211847899344,True
SC56,SC4562F0,sync8_c0,3,34785.0,4.0,0.15,8.847673200893814,704,0.9505628192456387,34785.05,1.1,5043134211847899344,True
SC56,SC4562F0,sync8_c0,4,38299.0,4.0,0.15,12.149162583982493,706,0.5851356873227507,38299.1,1.1,5043134211847899344,True
SC56,SC4562F0,sync8_c0,5,40666.0,4.0,0.15,9.51320388764974,669,0.6471519531987708,40666.15,1.0,5043134211847899344,True
SC56,SC4562F0,sync8_c0,6,42732.0,4.0,0.15,9.383404811912115,662,0.9207991874238757,42732.05,1.0,5043134211847899344,True
SC56,SC4562F0,sync8_c0,7,42806.0,4.0,0.15,8.452034933085692,669,0.8763644282604535,42805.9,1.1,5043134211847899344,True
SC56,SC4562F0,sync8_c0,8,42880.0,4.0,0.15,7.614203887389301,585,0.7959988848850158,42880.15,0.8,5043134211847899344,True
SC56,SC4562F0,sync8_c0,9,43192.0,4.0,0.15,8.300277734008358,644,0.748157001342854,43191.9,1.0,5043134211847899344,True
SC56,SC4562F0,sync8_c0,10,45217.0,4.0,0.15,10.329582964001135,625,0.9105233840921376,45217.05,0.9,5043134211847899344,True
SC56,SC4562F0,sync8_c0,11,45519.0,4.0,0.15,7.160381889443361,715,0.8179319062295553,45519.05,1.1,5043134211847899344,True
SC56,SC4562F0,sync8_c0,12,45595.0,4.0,0.15,7.258276987385347,714,0.8463022459630191,45595.0,1.1,5043134211847899344,True
SC56,SC4562F0,sync8_c0,13,45733.0,4.0,0.15,7.521905130815368,694,0.940973378955891,45733.05,1.1,5043134211847899344,True
SC56,SC4562F0,sync8_c0,14,46262.0,4.0,0.15,8.440270578738742,646,0.892654158912515,46262.05,1.0,5043134211847899344,True
SC56,SC4562F0,sync8_c0,15,46349.0,4.0,0.15,8.201999925086769,740,0.9097967481793906,46349.2,1.1,5043134211847899344,True
SC56,SC4562F0,sync8_c0,16,50371.0,4.0,0.15,9.029385153413072,678,0.8897286162049663,50371.15,1.0,5043134211847899344,True
SC56,SC4562F0,sync8_c0,17,55491.0,4.0,0.15,7.321210289296835,711,0.8882308562333824,55491.0,1.1,5043134211847899344,True
SC56,SC4562F0,sync8_c0,18,56046.0,4.0,0.15,8.421423852830236,617,0.881355821323304,56046.05,0.9,5043134211847899344,True
SC56,SC4562F0,sync8_c0,19,56152.0,4.0,0.15,8.533888786786598,687,0.9019932928724959,56151.9,1.1,5043134211847899344,True
SC57,SC4571F0,iso8_matched,0,37865.0,4.0,0.15,9.406403886816253,633,0.8799964337901018,37864.85,1.0,13174630308549638978,True
SC57,SC4571F0,iso8_matched,1,38321.0,4.0,0.15,11.512171320978297,676,0.8480362640346888,38321.05,1.0,13174630308549638978,True
SC57,SC4571F0,iso8_matched,2,42692.0,4.0,0.15,10.042181495809114,617,0.8404264775346111,42692.05,0.9,13174630308549638978,True
SC57,SC4571F0,iso8_matched,3,43147.0,4.0,0.15,16.158953020628893,707,0.9207606048157186,43146.9,1.1,13174630308549638978,True
SC57,SC4571F0,iso8_matched,4,43511.0,4.0,0.15,15.418718049895915,630,0.8835985321664559,43511.15,0.9,13174630308549638978,True
SC57,SC4571F0,iso8_matched,5,43712.0,4.0,0.15,17.31816473400396,657,0.7420726468122709,43712.0,1.0,13174630308549638978,True
SC57,SC4571F0,iso8_matched,6,44366.0,4.0,0.15,15.98984524894284,672,0.8757519938203001,44366.05,1.0,13174630308549638978,True
SC57,SC4571F0,iso8_matched,7,50426.0,4.0,0.15,8.994664122451423,697,0.8622314745748932,50425.9,1.1,13174630308549638978,True
SC57,SC4571F0,iso8_matched,8,52936.0,4.0,0.15,14.451121586235592,652,0.9479268862511245,52935.95,1.0,13174630308549638978,True
SC57,SC4571F0,iso8_matched,9,55723.0,4.0,0.15,12.373299180634282,688,0.8555148508301265,55722.95,1.1,13174630308549638978,True
SC57,SC4571F0,iso8_matched,10,56227.0,4.0,0.15,16.322543901495443,612,0.9564494394592464,56227.0,0.9,13174630308549638978,True
SC57,SC4571F0,iso8_matched,11,56586.0,4.0,0.15,13.673787838201864,703,0.8899583263335396,56585.85,1.1,13174630308549638978,True
SC57,SC4571F0,iso8_matched,12,56674.0,4.0,0.15,12.687942090505766,720,0.9343530656312038,56674.05,1.1,13174630308549638978,True
SC57,SC4571F0,iso8_matched,13,56740.0,4.0,0.15,11.60406799442223,661,0.9344132523234203,56740.1,1.0,13174630308549638978,True
SC57,SC4571F0,iso8_matched,14,56801.0,4.0,0.15,12.512537567101665,630,0.840072128755029,56800.85,1.0,13174630308549638978,True
SC57,SC4571F0,iso8_matched,15,56864.0,4.0,0.15,14.313729049240855,642,0.865287788178225,56863.85,1.0,13174630308549638978,True
SC57,SC4571F0,iso8_matched,16,60020.0,4.0,0.15,24.248182870642125,690,0.5518905453917844,60020.6,0.9,13174630308549638978,True
SC57,SC4571F0,iso8_matched,17,60141.0,4.0,0.15,26.87134169518184,695,0.9467128880463562,60140.9,1.1,13174630308549638978,True
SC57,SC4571F0,iso8_matched,18,60266.0,4.0,0.15,18.555039092702337,755,0.9326650932489696,60265.95,1.2,13174630308549638978,True
SC57,SC4571F0,iso8_matched,19,60547.0,4.0,0.15,25.1491912888756,601,0.9233134116812483,60546.95,0.9,13174630308549638978,True
SC57,SC4571F0,sync8_c0,0,37865.0,4.0,0.15,9.406403886816253,628,0.9040779115376337,37865.05,0.9,13174630308549638978,True
SC57,SC4571F0,sync8_c0,1,38321.0,4.0,0.15,11.512171320978297,667,0.8954867966565108,38321.05,1.0,13174630308549638978,True
SC57,SC4571F0,sync8_c0,2,42692.0,4.0,0.15,10.042181495809114,617,0.8373206438392093,42692.05,0.9,13174630308549638978,True
SC57,SC4571F0,sync8_c0,3,43147.0,4.0,0.15,16.158953020628893,715,0.956459782494789,43147.05,1.1,13174630308549638978,True
SC57,SC4571F0,sync8_c0,4,43511.0,4.0,0.15,15.418718049895915,627,0.9135425683462033,43511.1,0.9,13174630308549638978,True
SC57,SC4571F0,sync8_c0,5,43712.0,4.0,0.15,17.31816473400396,657,0.59443012980376,43712.0,1.0,13174630308549638978,True
SC57,SC4571F0,sync8_c0,6,44366.0,4.0,0.15,15.98984524894284,674,0.9071620848856018,44365.85,1.1,13174630308549638978,True
SC57,SC4571F0,sync8_c0,7,50426.0,4.0,0.15,8.994664122451423,698,0.8892486707371061,50425.95,1.1,13174630308549638978,True
SC57,SC4571F0,sync8_c0,8,52936.0,4.0,0.15,14.451121586235592,656,0.9284872887100136,52936.0,1.0,13174630308549638978,True
SC57,SC4571F0,sync8_c0,9,55723.0,4.0,0.15,12.373299180634282,684,0.8638279456163521,55723.0,1.1,13174630308549638978,True
SC57,SC4571F0,sync8_c0,10,56227.0,4.0,0.15,16.322543901495443,619,0.9411300729171356,56227.0,0.9,13174630308549638978,True
SC57,SC4571F0,sync8_c0,11,56586.0,4.0,0.15,13.673787838201864,709,0.9234417149071046,56585.95,1.1,13174630308549638978,True
SC57,SC4571F0,sync8_c0,12,56674.0,4.0,0.15,12.687942090505766,720,0.8983114285338193,56674.15,1.1,13174630308549638978,True
SC57,SC4571F0,sync8_c0,13,56740.0,4.0,0.15,11.60406799442223,662,0.9190510921806364,56740.1,1.0,13174630308549638978,True
SC57,SC4571F0,sync8_c0,14,56801.0,4.0,0.15,12.512537567101665,630,0.837688503386823,56800.85,1.0,13174630308549638978,True
SC57,SC4571F0,sync8_c0,15,56864.0,4.0,0.15,14.313729049240855,646,0.8632555446738285,56863.85,1.0,13174630308549638978,True
SC57,SC4571F0,sync8_c0,16,60020.0,4.0,0.15,24.248182870642125,687,0.6086173775236455,60020.3,1.2,13174630308549638978,True
SC57,SC4571F0,sync8_c0,17,60141.0,4.0,0.15,26.87134169518184,700,0.9595878590431414,60140.95,1.1,13174630308549638978,True
SC57,SC4571F0,sync8_c0,18,60266.0,4.0,0.15,18.555039092702337,751,0.8839483641226997,60266.0,1.2,13174630308549638978,True
SC57,SC4571F0,sync8_c0,19,60547.0,4.0,0.15,25.1491912888756,597,0.8752842327419464,60546.9,0.9,13174630308549638978,True
SC57,SC4572F0,iso8_matched,0,34555.0,4.0,0.15,12.391433438110356,648,0.9291780971297943,34555.0,1.0,14729081739336768374,True
SC57,SC4572F0,iso8_matched,1,40332.0,4.0,0.15,11.178921982640142,665,0.9119540113522411,40332.1,1.0,14729081739336768374,True
SC57,SC4572F0,iso8_matched,2,40486.0,4.0,0.15,11.98594708768741,747,0.8417160759926365,40486.1,1.1,14729081739336768374,True
SC57,SC4572F0,iso8_matched,3,45644.0,4.0,0.15,10.354142842326262,663,0.8954801468982975,45644.05,1.0,14729081739336768374,True
SC57,SC4572F0,iso8_matched,4,45821.0,4.0,0.15,11.080015780367292,598,0.8495422012594656,45820.9,0.9,14729081739336768374,True
SC57,SC4572F0,iso8_matched,5,46046.0,4.0,0.15,11.258293108337906,603,0.8914983501122072,46046.0,0.9,14729081739336768374,True
SC57,SC4572F0,iso8_matched,6,46742.0,4.0,0.15,11.140404020013376,637,0.8813321841558477,46741.9,1.0,14729081739336768374,True
SC57,SC4572F0,iso8_matched,7,46967.0,4.0,0.15,10.97376397485914,663,0.9134904671263789,46967.0,1.0,14729081739336768374,True
SC57,SC4572F0,iso8_matched,8,51342.0,4.0,0.15,18.11533106277156,662,0.9128256342911101,51342.0,1.0,14729081739336768374,True
SC57,SC4572F0,iso8_matched,9,51718.0,4.0,0.15,13.027714526754954,596,0.6287206717281423,51718.1,0.8,14729081739336768374,True
SC57,SC4572F0,iso8_matched,10,52087.0,4.0,0.15,11.863541518392275,689,0.856725908823787,52086.9,1.1,14729081739336768374,True
SC57,SC4572F0,iso8_matched,11,52224.0,4.0,0.15,11.270179432956972,674,0.8731862010829735,52224.1,1.0,14729081739336768374,True
SC57,SC4572F0,iso8_matched,12,52507.0,4.0,0.15,14.959403327419254,727,0.928081626840511,52507.05,1.1,14729081739336768374,True
SC57,SC4572F0,iso8_matched,13,52850.0,4.0,0.15,13.173574644979864,710,0.9077417183755992,52850.0,1.1,14729081739336768374,True
SC57,SC4572F0,iso8_matched,14,53899.0,4.0,0.15,14.923439465315036,585,0.9194963289456981,53898.9,0.9,14729081739336768374,True
SC57,SC4572F0,iso8_matched,15,54149.0,4.0,0.15,11.898163994702632,682,0.9064667565178576,54149.2,1.0,14729081739336768374,True
SC57,SC4572F0,iso8_matched,16,54467.0,4.0,0.15,20.406503200950134,671,0.9477746907966246,54467.05,1.0,14729081739336768374,True
SC57,SC4572F0,iso8_matched,17,54538.0,4.0,0.15,17.674009097317395,594,0.8022735295437119,54538.0,0.9,14729081739336768374,True
SC57,SC4572F0,iso8_matched,18,54653.0,4.0,0.15,14.240906695870077,669,0.8539706266064857,54653.1,1.0,14729081739336768374,True
SC57,SC4572F0,iso8_matched,19,54724.0,4.0,0.15,13.212206033132444,721,0.938167957984152,54724.05,1.1,14729081739336768374,True
SC57,SC4572F0,sync8_c0,0,34555.0,4.0,0.15,12.391433438110356,648,0.9249807232997768,34555.0,1.0,14729081739336768374,True
SC57,SC4572F0,sync8_c0,1,40332.0,4.0,0.15,11.178921982640142,665,0.8867493798336081,40332.1,1.0,14729081739336768374,True
SC57,SC4572F0,sync8_c0,2,40486.0,4.0,0.15,11.98594708768741,741,0.8303496341393004,40486.1,1.1,14729081739336768374,True
SC57,SC4572F0,sync8_c0,3,45644.0,4.0,0.15,10.354142842326262,658,0.8876487506447734,45644.0,1.0,14729081739336768374,True
SC57,SC4572F0,sync8_c0,4,45821.0,4.0,0.15,11.080015780367292,601,0.8361239148484667,45820.85,0.9,14729081739336768374,True
SC57,SC4572F0,sync8_c0,5,46046.0,4.0,0.15,11.258293108337906,597,0.8460670744610934,46045.9,0.9,14729081739336768374,True
SC57,SC4572F0,sync8_c0,6,46742.0,4.0,0.15,11.140404020013376,635,0.8659051808147166,46741.9,1.0,14729081739336768374,True
SC57,SC4572F0,sync8_c0,7,46967.0,4.0,0.15,10.97376397485914,662,0.9162669651643559,46967.0,1.0,14729081739336768374,True
SC57,SC4572F0,sync8_c0,8,51342.0,4.0,0.15,18.11533106277156,659,0.908083648379526,51341.95,1.0,14729081739336768374,True
SC57,SC4572F0,sync8_c0,9,51718.0,4.0,0.15,13.027714526754954,603,0.5886271622493026,51718.1,0.8,14729081739336768374,True
SC57,SC4572F0,sync8_c0,10,52087.0,4.0,0.15,11.863541518392275,689,0.9016455101824407,52086.95,1.1,14729081739336768374,True
SC57,SC4572F0,sync8_c0,11,52224.0,4.0,0.15,11.270179432956972,672,0.8267660878607345,52224.1,1.0,14729081739336768374,True
SC57,SC4572F0,sync8_c0,12,52507.0,4.0,0.15,14.959403327419254,730,0.8743172307240726,52507.1,1.1,14729081739336768374,True
SC57,SC4572F0,sync8_c0,13,52850.0,4.0,0.15,13.173574644979864,713,0.8968736262581573,52850.1,1.1,14729081739336768374,True
SC57,SC4572F0,sync8_c0,14,53899.0,4.0,0.15,14.923439465315036,575,0.8315948323321114,53898.8,0.9,14729081739336768374,True
SC57,SC4572F0,sync8_c0,15,54149.0,4.0,0.15,11.898163994702632,677,0.9335542729273694,54149.15,1.0,14729081739336768374,True
SC57,SC4572F0,sync8_c0,16,54467.0,4.0,0.15,20.406503200950134,675,0.9174638740815958,54467.05,1.0,14729081739336768374,True
SC57,SC4572F0,sync8_c0,17,54538.0,4.0,0.15,17.674009097317395,588,0.7871795481849372,54537.95,0.9,14729081739336768374,True
SC57,SC4572F0,sync8_c0,18,54653.0,4.0,0.15,14.240906695870077,668,0.8665981375063663,54653.1,1.0,14729081739336768374,True
SC57,SC4572F0,sync8_c0,19,54724.0,4.0,0.15,13.212206033132444,721,0.9345596107083699,54724.1,1.1,14729081739336768374,True
SC58,SC4581G0,iso8_matched,0,32281.0,4.0,0.15,14.430216163834052,704,0.7358112545519366,32280.9,1.1,13767548561665119493,True
SC58,SC4581G0,iso8_matched,1,32466.0,4.0,0.15,14.382314070127725,651,0.7863139035740648,32465.95,1.0,13767548561665119493,True
SC58,SC4581G0,iso8_matched,2,32544.0,4.0,0.15,15.799658513927033,689,0.0,,,13767548561665119493,True
SC58,SC4581G0,iso8_matched,3,32641.0,4.0,0.15,16.920510247939568,735,0.8675184345914517,32641.1,1.1,13767548561665119493,True
SC58,SC4581G0,iso8_matched,4,41564.0,4.0,0.15,13.802801802882623,712,0.838753715265506,41564.1,1.1,13767548561665119493,True
SC58,SC4581G0,iso8_matched,5,41766.0,4.0,0.15,19.559286073723847,588,0.9003267273187969,41765.9,0.9,13767548561665119493,True
SC58,SC4581G0,iso8_matched,6,41973.0,4.0,0.15,22.86868771519664,711,0.806309180534756,41973.0,1.1,13767548561665119493,True
SC58,SC4581G0,iso8_matched,7,42108.0,4.0,0.15,23.15082868995486,724,0.6487580031214731,42107.35,1.1,13767548561665119493,True
SC58,SC4581G0,iso8_matched,8,47756.0,4.0,0.15,13.94978949667861,654,0.787580293922766,47756.05,1.0,13767548561665119493,True
SC58,SC4581G0,iso8_matched,9,48290.0,4.0,0.15,15.56297054476061,664,0.8970102637008893,48289.3,1.0,13767548561665119493,True
SC58,SC4581G0,iso8_matched,10,49109.0,4.0,0.15,45.770580023314345,630,0.7375275656035832,49109.45,1.0,13767548561665119493,True
SC58,SC4581G0,iso8_matched,11,49191.0,4.0,0.15,40.93976128730528,638,0.9427271745739874,49190.9,1.0,13767548561665119493,True
SC58,SC4581G0,iso8_matched,12,49412.0,4.0,0.15,25.57096061797924,666,0.7123777221761163,49412.05,1.0,13767548561665119493,True
SC58,SC4581G0,iso8_matched,13,49634.0,4.0,0.15,19.082311933016356,629,0.8973216506469761,49633.85,1.0,13767548561665119493,True
SC58,SC4581G0,iso8_matched,14,49706.0,4.0,0.15,14.050045493874354,691,0.8793021668839303,49706.15,1.0,13767548561665119493,True
SC58,SC4581G0,iso8_matched,15,49852.0,4.0,0.15,13.476676776752871,730,0.9118451276526449,49852.05,1.1,13767548561665119493,True
SC58,SC4581G0,iso8_matched,16,55197.0,4.0,0.15,11.685218323369991,641,0.7089911707900897,55196.3,1.0,13767548561665119493,True
SC58,SC4581G0,iso8_matched,17,55485.0,4.0,0.15,13.36346114129273,603,0.8191352357923876,55485.0,0.9,13767548561665119493,True
SC58,SC4581G0,iso8_matched,18,55546.0,4.0,0.15,12.933480289396249,584,0.8746197632371313,55545.8,0.9,13767548561665119493,True
SC58,SC4581G0,iso8_matched,19,55614.0,4.0,0.15,10.592603308794699,597,0.8555705096476346,55613.9,0.9,13767548561665119493,True
SC58,SC4581G0,sync8_c0,0,32281.0,4.0,0.15,14.430216163834052,701,0.8172507854927151,32280.95,1.1,13767548561665119493,True
SC58,SC4581G0,sync8_c0,1,32466.0,4.0,0.15,14.382314070127725,652,0.793930616330583,32465.95,1.0,13767548561665119493,True
SC58,SC4581G0,sync8_c0,2,32544.0,4.0,0.15,15.799658513927033,695,0.6604161430995524,32543.95,1.1,13767548561665119493,True
SC58,SC4581G0,sync8_c0,3,32641.0,4.0,0.15,16.920510247939568,730,0.8926762659410971,32641.15,1.1,13767548561665119493,True
SC58,SC4581G0,sync8_c0,4,41564.0,4.0,0.15,13.802801802882623,697,0.7300533354622422,41564.1,1.1,13767548561665119493,True
SC58,SC4581G0,sync8_c0,5,41766.0,4.0,0.15,19.559286073723847,597,0.9160129517022142,41765.9,0.9,13767548561665119493,True
SC58,SC4581G0,sync8_c0,6,41973.0,4.0,0.15,22.86868771519664,703,0.8822156319103034,41973.05,1.1,13767548561665119493,True
SC58,SC4581G0,sync8_c0,7,42108.0,4.0,0.15,23.15082868995486,726,0.8242243101594265,42108.2,1.1,13767548561665119493,True
SC58,SC4581G0,sync8_c0,8,47756.0,4.0,0.15,13.94978949667861,656,0.7494852436722773,47756.05,1.0,13767548561665119493,True
SC58,SC4581G0,sync8_c0,9,48290.0,4.0,0.15,15.56297054476061,659,0.8898837386441539,48289.95,1.0,13767548561665119493,True
SC58,SC4581G0,sync8_c0,10,49109.0,4.0,0.15,45.770580023314345,637,0.7000799713850829,49108.8,1.0,13767548561665119493,True
SC58,SC4581G0,sync8_c0,11,49191.0,4.0,0.15,40.93976128730528,632,0.9220730346405568,49190.9,1.0,13767548561665119493,True
SC58,SC4581G0,sync8_c0,12,49412.0,4.0,0.15,25.57096061797924,666,0.6813657622663413,49412.1,1.0,13767548561665119493,True
SC58,SC4581G0,sync8_c0,13,49634.0,4.0,0.15,19.082311933016356,628,0.9113865381236191,49633.85,1.0,13767548561665119493,True
SC58,SC4581G0,sync8_c0,14,49706.0,4.0,0.15,14.050045493874354,685,0.9110138691007517,49706.1,1.0,13767548561665119493,True
SC58,SC4581G0,sync8_c0,15,49852.0,4.0,0.15,13.476676776752871,735,0.8734772386242433,49852.15,1.1,13767548561665119493,True
SC58,SC4581G0,sync8_c0,16,55197.0,4.0,0.15,11.685218323369991,642,0.47026989781960077,55196.65,1.2,13767548561665119493,True
SC58,SC4581G0,sync8_c0,17,55485.0,4.0,0.15,13.36346114129273,596,0.7751049838464534,55484.95,0.9,13767548561665119493,True
SC58,SC4581G0,sync8_c0,18,55546.0,4.0,0.15,12.933480289396249,586,0.8443058807367402,55545.8,0.9,13767548561665119493,True
SC58,SC4581G0,sync8_c0,19,55614.0,4.0,0.15,10.592603308794699,604,0.8549692996891897,55613.9,0.9,13767548561665119493,True
SC58,SC4582G0,iso8_matched,0,35972.0,4.0,0.15,9.022772662684046,669,0.0,,,16658269086973074954,True
SC58,SC4582G0,iso8_matched,1,36096.0,4.0,0.15,11.326447050120894,582,0.8879949397096673,36095.8,0.9,16658269086973074954,True
SC58,SC4582G0,iso8_matched,2,41658.0,4.0,0.15,10.219088016021349,619,0.4800642130688409,41658.05,0.9,16658269086973074954,True
SC58,SC4582G0,iso8_matched,3,41912.0,4.0,0.15,12.097944269328734,616,0.49829418489867383,41912.0,0.9,16658269086973074954,True
SC58,SC4582G0,iso8_matched,4,42036.0,4.0,0.15,11.236244298696128,719,0.7903606006028632,42035.95,1.1,16658269086973074954,True
SC58,SC4582G0,iso8_matched,5,42111.0,4.0,0.15,13.360938893181492,698,0.9213020329461395,42110.9,1.1,16658269086973074954,True
SC58,SC4582G0,iso8_matched,6,42367.0,4.0,0.15,12.830380284109554,601,0.846084356405298,42366.95,0.9,16658269086973074954,True
SC58,SC4582G0,iso8_matched,7,42437.0,4.0,0.15,13.042084008070606,753,0.6020443995439642,42437.0,1.2,16658269086973074954,True
SC58,SC4582G0,iso8_matched,8,42761.0,4.0,0.15,12.544784207417031,618,0.8246899626936463,42761.1,0.9,16658269086973074954,True
SC58,SC4582G0,iso8_matched,9,43218.0,4.0,0.15,9.490075865282915,693,0.8771965772417625,43217.9,1.1,16658269086973074954,True
SC58,SC4582G0,iso8_matched,10,43281.0,4.0,0.15,9.766368313707407,664,0.8960175636914642,43281.05,1.0,16658269086973074954,True
SC58,SC4582G0,iso8_matched,11,43402.0,4.0,0.15,14.63400899971931,705,0.8887242851819852,43402.0,1.1,16658269086973074954,True
SC58,SC4582G0,iso8_matched,12,43669.0,4.0,0.15,15.209733109661565,727,0.7141306010907837,43669.1,1.1,16658269086973074954,True
SC58,SC4582G0,iso8_matched,13,44044.0,4.0,0.15,9.378434152746081,589,0.7270191396676582,44043.9,0.9,16658269086973074954,True
SC58,SC4582G0,iso8_matched,14,50750.0,4.0,0.15,9.71074641737334,646,0.9029376215767437,50749.9,1.0,16658269086973074954,True
SC58,SC4582G0,iso8_matched,15,50883.0,4.0,0.15,10.97019599641442,721,0.9394323834202007,50883.1,1.1,16658269086973074954,True
SC58,SC4582G0,iso8_matched,16,58452.0,4.0,0.15,8.131340343363753,683,0.6644186460953622,58452.1,1.0,16658269086973074954,True
SC58,SC4582G0,iso8_matched,17,61175.0,4.0,0.15,7.887503082036715,679,0.8146149342874669,61174.45,1.0,16658269086973074954,True
SC58,SC4582G0,iso8_matched,18,61235.0,4.0,0.15,9.631693095476155,595,0.4062135474279471,61235.2,1.0,16658269086973074954,True
SC58,SC4582G0,iso8_matched,19,61300.0,4.0,0.15,11.20918093460785,644,0.9110342799840482,61299.9,1.0,16658269086973074954,True
SC58,SC4582G0,sync8_c0,0,35972.0,4.0,0.15,9.022772662684046,671,0.7034163332005828,35972.05,1.0,16658269086973074954,True
SC58,SC4582G0,sync8_c0,1,36096.0,4.0,0.15,11.326447050120894,587,0.9059784618501119,36095.85,0.9,16658269086973074954,True
SC58,SC4582G0,sync8_c0,2,41658.0,4.0,0.15,10.219088016021349,621,0.37189549995446625,41658.05,0.9,16658269086973074954,True
SC58,SC4582G0,sync8_c0,3,41912.0,4.0,0.15,12.097944269328734,611,0.42702821742809016,41912.05,0.9,16658269086973074954,True
SC58,SC4582G0,sync8_c0,4,42036.0,4.0,0.15,11.236244298696128,720,0.7595551308994629,42036.05,1.1,16658269086973074954,True
SC58,SC4582G0,sync8_c0,5,42111.0,4.0,0.15,13.360938893181492,702,0.9480005061050136,42111.0,1.1,16658269086973074954,True
SC58,SC4582G0,sync8_c0,6,42367.0,4.0,0.15,12.830380284109554,607,0.8358859447138108,42366.95,0.9,16658269086973074954,True
SC58,SC4582G0,sync8_c0,7,42437.0,4.0,0.15,13.042084008070606,752,0.5997467455962885,42437.2,1.1,16658269086973074954,True
SC58,SC4582G0,sync8_c0,8,42761.0,4.0,0.15,12.544784207417031,611,0.8664489365128362,42761.05,0.9,16658269086973074954,True
SC58,SC4582G0,sync8_c0,9,43218.0,4.0,0.15,9.490075865282915,700,0.9497898106160926,43218.0,1.1,16658269086973074954,True
SC58,SC4582G0,sync8_c0,10,43281.0,4.0,0.15,9.766368313707407,662,0.8998436177713465,43281.05,1.0,16658269086973074954,True
SC58,SC4582G0,sync8_c0,11,43402.0,4.0,0.15,14.63400899971931,701,0.9219388735322841,43402.0,1.1,16658269086973074954,True
SC58,SC4582G0,sync8_c0,12,43669.0,4.0,0.15,15.209733109661565,718,0.68671461655087,43669.1,1.1,16658269086973074954,True
SC58,SC4582G0,sync8_c0,13,44044.0,4.0,0.15,9.378434152746081,585,0.7552126945163682,44043.9,0.9,16658269086973074954,True
SC58,SC4582G0,sync8_c0,14,50750.0,4.0,0.15,9.71074641737334,645,0.900904805201509,50749.9,1.0,16658269086973074954,True
SC58,SC4582G0,sync8_c0,15,50883.0,4.0,0.15,10.97019599641442,714,0.8989465094051781,50883.15,1.1,16658269086973074954,True
SC58,SC4582G0,sync8_c0,16,58452.0,4.0,0.15,8.131340343363753,690,0.5464040565796969,58451.9,1.1,16658269086973074954,True
SC58,SC4582G0,sync8_c0,17,61175.0,4.0,0.15,7.887503082036715,688,0.8005407985497425,61174.95,1.1,16658269086973074954,True
SC58,SC4582G0,sync8_c0,18,61235.0,4.0,0.15,9.631693095476155,597,0.47880978068741076,61234.85,0.9,16658269086973074954,True
SC58,SC4582G0,sync8_c0,19,61300.0,4.0,0.15,11.20918093460785,644,0.9081633028266423,61299.95,1.0,16658269086973074954,True
SC59,SC4591G0,iso8_matched,0,32336.0,4.0,0.15,13.92232455952231,698,0.9519976498911995,32335.95,1.1,8927745253433413665,True
SC59,SC4591G0,iso8_matched,1,32654.0,4.0,0.15,15.768081870406824,633,0.8027437522572254,32654.05,0.9,8927745253433413665,True
SC59,SC4591G0,iso8_matched,2,32737.0,4.0,0.15,14.938447657962008,711,0.8618788401379122,32737.0,1.1,8927745253433413665,True
SC59,SC4591G0,iso8_matched,3,33038.0,4.0,0.15,17.971510484439868,709,0.893686273719982,33037.95,1.1,8927745253433413665,True
SC59,SC4591G0,iso8_matched,4,37316.0,4.0,0.15,9.562295802730386,659,0.9510040876205202,37315.95,1.0,8927745253433413665,True
SC59,SC4591G0,iso8_matched,5,42028.0,4.0,0.15,8.869494701446186,632,0.7888061019906858,42028.15,0.9,8927745253433413665,True
SC59,SC4591G0,iso8_matched,6,42783.0,4.0,0.15,9.653107649600386,696,0.8877801290916582,42782.95,1.1,8927745253433413665,True
SC59,SC4591G0,iso8_matched,7,43143.0,4.0,0.15,14.22416244565031,720,0.9538088414175353,43143.0,1.1,8927745253433413665,True
SC59,SC4591G0,iso8_matched,8,46439.0,4.0,0.15,12.219330845841771,653,0.8103448465705599,46439.2,0.9,8927745253433413665,True
SC59,SC4591G0,iso8_matched,9,46874.0,4.0,0.15,13.045270414316722,669,0.8818696766254701,46874.0,1.0,8927745253433413665,True
SC59,SC4591G0,iso8_matched,10,47079.0,4.0,0.15,14.011048662884445,584,0.9017428490640467,47078.8,0.9,8927745253433413665,True
SC59,SC4591G0,iso8_matched,11,47918.0,4.0,0.15,9.384013647713694,633,0.7921067673118508,47918.15,0.9,8927745253433413665,True
SC59,SC4591G0,iso8_matched,12,53117.0,4.0,0.15,10.41341866676552,610,0.7897205306548731,53117.05,0.9,8927745253433413665,True
SC59,SC4591G0,iso8_matched,13,53177.0,4.0,0.15,11.99944832207474,645,0.8652468619879367,53176.9,1.0,8927745253433413665,True
SC59,SC4591G0,iso8_matched,14,53699.0,4.0,0.15,10.476875691751076,591,0.91523937503817,53698.95,0.9,8927745253433413665,True
SC59,SC4591G0,iso8_matched,15,53839.0,4.0,0.15,11.175365953781093,588,0.7836583361496339,53838.8,0.9,8927745253433413665,True
SC59,SC4591G0,iso8_matched,16,54458.0,4.0,0.15,14.781222182078887,690,0.9264414817383838,54457.95,1.1,8927745253433413665,True
SC59,SC4591G0,iso8_matched,17,54554.0,4.0,0.15,16.127711304687335,687,0.7346654560757883,54553.95,1.1,8927745253433413665,True
SC59,SC4591G0,iso8_matched,18,56130.0,4.0,0.15,9.150541647279816,692,0.0,,,8927745253433413665,True
SC59,SC4591G0,iso8_matched,19,56522.0,4.0,0.15,10.751232234306308,652,0.936256922878621,56522.0,1.0,8927745253433413665,True
SC59,SC4591G0,sync8_c0,0,32336.0,4.0,0.15,13.92232455952231,695,0.9654618838115259,32335.95,1.1,8927745253433413665,True
SC59,SC4591G0,sync8_c0,1,32654.0,4.0,0.15,15.768081870406824,634,0.8153536732402811,32653.8,1.0,8927745253433413665,True
SC59,SC4591G0,sync8_c0,2,32737.0,4.0,0.15,14.938447657962008,716,0.844133743041764,32737.1,1.1,8927745253433413665,True
SC59,SC4591G0,sync8_c0,3,33038.0,4.0,0.15,17.971510484439868,714,0.9041656583074512,33038.05,1.1,8927745253433413665,True
SC59,SC4591G0,sync8_c0,4,37316.0,4.0,0.15,9.562295802730386,661,0.9316524206292507,37315.95,1.0,8927745253433413665,True
SC59,SC4591G0,sync8_c0,5,42028.0,4.0,0.15,8.869494701446186,628,0.7662736042224643,42027.85,1.0,8927745253433413665,True
SC59,SC4591G0,sync8_c0,6,42783.0,4.0,0.15,9.653107649600386,695,0.9409937371382053,42783.0,1.1,8927745253433413665,True
SC59,SC4591G0,sync8_c0,7,43143.0,4.0,0.15,14.22416244565031,723,0.9457043587202586,43143.05,1.1,8927745253433413665,True
SC59,SC4591G0,sync8_c0,8,46439.0,4.0,0.15,12.219330845841771,656,0.7882998337242462,46438.95,1.0,8927745253433413665,True
SC59,SC4591G0,sync8_c0,9,46874.0,4.0,0.15,13.045270414316722,676,0.8388500083537883,46874.05,1.0,8927745253433413665,True
SC59,SC4591G0,sync8_c0,10,47079.0,4.0,0.15,14.011048662884445,591,0.8961957727341149,47078.8,0.9,8927745253433413665,True
SC59,SC4591G0,sync8_c0,11,47918.0,4.0,0.15,9.384013647713694,639,0.827016665942758,47917.9,1.0,8927745253433413665,True
SC59,SC4591G0,sync8_c0,12,53117.0,4.0,0.15,10.41341866676552,610,0.7240230833244299,53117.05,0.9,8927745253433413665,True
SC59,SC4591G0,sync8_c0,13,53177.0,4.0,0.15,11.99944832207474,651,0.888657119554888,53176.95,1.0,8927745253433413665,True
SC59,SC4591G0,sync8_c0,14,53699.0,4.0,0.15,10.476875691751076,588,0.9039065425011572,53698.95,0.9,8927745253433413665,True
SC59,SC4591G0,sync8_c0,15,53839.0,4.0,0.15,11.175365953781093,600,0.7598357133771223,53838.8,0.9,8927745253433413665,True
SC59,SC4591G0,sync8_c0,16,54458.0,4.0,0.15,14.781222182078887,691,0.920873627522504,54458.05,1.1,8927745253433413665,True
SC59,SC4591G0,sync8_c0,17,54554.0,4.0,0.15,16.127711304687335,685,0.8224275924037449,54554.05,1.1,8927745253433413665,True
SC59,SC4591G0,sync8_c0,18,56130.0,4.0,0.15,9.150541647279816,691,0.8627193071033017,56130.15,1.0,8927745253433413665,True
SC59,SC4591G0,sync8_c0,19,56522.0,4.0,0.15,10.751232234306308,649,0.9288408050514517,56522.0,1.0,8927745253433413665,True
SC59,SC4592G0,iso8_matched,0,38095.0,4.0,0.15,12.028045312494383,687,0.7696259584127463,38094.85,1.1,7185757217731643333,True
SC59,SC4592G0,iso8_matched,1,38417.0,4.0,0.15,20.179248084585172,742,0.9236671853809044,38417.15,1.1,7185757217731643333,True
SC59,SC4592G0,iso8_matched,2,38530.0,4.0,0.15,29.11590680856494,685,0.919933257902097,38529.85,1.1,7185757217731643333,True
SC59,SC4592G0,iso8_matched,3,38637.0,4.0,0.15,24.27081028316025,724,0.9579463880085269,38637.05,1.1,7185757217731643333,True
SC59,SC4592G0,iso8_matched,4,43194.0,4.0,0.15,18.985653947674052,655,0.824724317355259,43193.95,1.0,7185757217731643333,True
SC59,SC4592G0,iso8_matched,5,43285.0,4.0,0.15,25.087491265150973,719,0.9647178795864069,43285.0,1.1,7185757217731643333,True
SC59,SC4592G0,iso8_matched,6,46122.0,4.0,0.15,11.474627913967645,574,0.8134467343481301,46121.8,0.9,7185757217731643333,True
SC59,SC4592G0,iso8_matched,7,46313.0,4.0,0.15,15.634007891762618,732,0.8106842312080554,46313.15,1.1,7185757217731643333,True
SC59,SC4592G0,iso8_matched,8,46931.0,4.0,0.15,11.17463525764338,727,0.9245608972153707,46931.1,1.1,7185757217731643333,True
SC59,SC4592G0,iso8_matched,9,46998.0,4.0,0.15,11.085884368312794,607,0.9427916479333918,46998.05,0.9,7185757217731643333,True
SC59,SC4592G0,iso8_matched,10,47348.0,4.0,0.15,11.313961258287161,665,0.0,,,7185757217731643333,True
SC59,SC4592G0,iso8_matched,11,47535.0,4.0,0.15,14.449447363106527,615,0.8874361102119305,47535.0,0.9,7185757217731643333,True
SC59,SC4592G0,iso8_matched,12,50996.0,4.0,0.15,14.552961406320845,632,0.6214440918769317,50995.9,1.0,7185757217731643333,True
SC59,SC4592G0,iso8_matched,13,51109.0,4.0,0.15,21.44687360976257,581,0.7285234188134799,51108.9,0.9,7185757217731643333,True
SC59,SC4592G0,iso8_matched,14,53462.0,4.0,0.15,10.24802040147696,700,0.9165079173040501,53461.9,1.1,7185757217731643333,True
SC59,SC4592G0,iso8_matched,15,53544.0,4.0,0.15,11.446643403138058,628,0.8810635094925191,53543.8,1.0,7185757217731643333,True
SC59,SC4592G0,iso8_matched,16,56323.0,4.0,0.15,13.459264378402555,727,0.9078547099255785,56323.05,1.1,7185757217731643333,True
SC59,SC4592G0,iso8_matched,17,56383.0,4.0,0.15,12.758698259337235,617,0.9258053994151585,56383.0,0.9,7185757217731643333,True
SC59,SC4592G0,iso8_matched,18,56566.0,4.0,0.15,13.914489876629991,700,0.9403236586856785,56565.95,1.1,7185757217731643333,True
SC59,SC4592G0,iso8_matched,19,56642.0,4.0,0.15,17.7696663981814,737,0.9152217789797361,56642.15,1.1,7185757217731643333,True
SC59,SC4592G0,sync8_c0,0,38095.0,4.0,0.15,12.028045312494383,685,0.8141616026260923,38094.9,1.1,7185757217731643333,True
SC59,SC4592G0,sync8_c0,1,38417.0,4.0,0.15,20.179248084585172,742,0.907363170894237,38417.2,1.1,7185757217731643333,True
SC59,SC4592G0,sync8_c0,2,38530.0,4.0,0.15,29.11590680856494,679,0.9079428413406238,38529.9,1.1,7185757217731643333,True
SC59,SC4592G0,sync8_c0,3,38637.0,4.0,0.15,24.27081028316025,718,0.9466071965142189,38637.1,1.1,7185757217731643333,True
SC59,SC4592G0,sync8_c0,4,43194.0,4.0,0.15,18.985653947674052,668,0.7946984338694876,43194.05,1.0,7185757217731643333,True
SC59,SC4592G0,sync8_c0,5,43285.0,4.0,0.15,25.087491265150973,726,0.9394434022772326,43285.1,1.1,7185757217731643333,True
SC59,SC4592G0,sync8_c0,6,46122.0,4.0,0.15,11.474627913967645,582,0.8561700361755243,46121.85,0.9,7185757217731643333,True
SC59,SC4592G0,sync8_c0,7,46313.0,4.0,0.15,15.634007891762618,738,0.8132575392088465,46312.95,1.2,7185757217731643333,True
SC59,SC4592G0,sync8_c0,8,46931.0,4.0,0.15,11.17463525764338,726,0.8933671638381936,46931.15,1.1,7185757217731643333,True
SC59,SC4592G0,sync8_c0,9,46998.0,4.0,0.15,11.085884368312794,610,0.8657072020428372,46998.05,0.9,7185757217731643333,True
SC59,SC4592G0,sync8_c0,10,47348.0,4.0,0.15,11.313961258287161,659,0.7562347742997643,47348.0,1.0,7185757217731643333,True
SC59,SC4592G0,sync8_c0,11,47535.0,4.0,0.15,14.449447363106527,614,0.8956979822298103,47534.95,0.9,7185757217731643333,True
SC59,SC4592G0,sync8_c0,12,50996.0,4.0,0.15,14.552961406320845,632,0.5447604014006284,50995.9,1.0,7185757217731643333,True
SC59,SC4592G0,sync8_c0,13,51109.0,4.0,0.15,21.44687360976257,582,0.7004595953843441,51108.9,0.9,7185757217731643333,True
SC59,SC4592G0,sync8_c0,14,53462.0,4.0,0.15,10.24802040147696,701,0.9066932461777188,53462.0,1.1,7185757217731643333,True
SC59,SC4592G0,sync8_c0,15,53544.0,4.0,0.15,11.446643403138058,636,0.8938846221217519,53543.85,1.0,7185757217731643333,True
SC59,SC4592G0,sync8_c0,16,56323.0,4.0,0.15,13.459264378402555,724,0.8708865367372897,56323.1,1.1,7185757217731643333,True
SC59,SC4592G0,sync8_c0,17,56383.0,4.0,0.15,12.758698259337235,620,0.9059892753699993,56383.0,0.9,7185757217731643333,True
SC59,SC4592G0,sync8_c0,18,56566.0,4.0,0.15,13.914489876629991,694,0.9177916243461561,56566.05,1.1,7185757217731643333,True
SC59,SC4592G0,sync8_c0,19,56642.0,4.0,0.15,17.7696663981814,738,0.8644640508077239,56641.9,1.2,7185757217731643333,True
SC60,SC4601E0,iso8_matched,0,26793.0,4.0,0.15,14.349851166089492,590,0.8947716685873571,26792.9,0.9,2816011183246307869,True
SC60,SC4601E0,iso8_matched,1,27083.0,4.0,0.15,12.473800199270377,619,0.86429324924031,27082.75,1.0,2816011183246307869,True
SC60,SC4601E0,iso8_matched,2,43917.0,4.0,0.15,15.537798677782826,671,0.9204456489740577,43917.05,1.0,2816011183246307869,True
SC60,SC4601E0,iso8_matched,3,44013.0,4.0,0.15,17.424202112763933,709,0.8943222025892067,44012.9,1.1,2816011183246307869,True
SC60,SC4601E0,iso8_matched,4,45146.0,4.0,0.15,16.27809459002992,585,0.7119732495464333,45145.3,0.9,2816011183246307869,True
SC60,SC4601E0,iso8_matched,5,45324.0,4.0,0.15,16.047719143499343,630,0.8366313304627345,45323.9,1.0,2816011183246307869,True
SC60,SC4601E0,iso8_matched,6,45571.0,4.0,0.15,14.961553446658966,633,0.9034000211007621,45570.8,1.0,2816011183246307869,True
SC60,SC4601E0,iso8_matched,7,46126.0,4.0,0.15,8.932760781491753,581,0.9218285423734732,46125.9,0.9,2816011183246307869,True
SC60,SC4601E0,iso8_matched,8,46362.0,4.0,0.15,8.415099842335058,706,0.6660437588343837,46362.0,1.1,2816011183246307869,True
SC60,SC4601E0,iso8_matched,9,46527.0,4.0,0.15,9.601152987917484,754,0.9144483462790962,46526.8,1.2,2816011183246307869,True
SC60,SC4601E0,iso8_matched,10,47000.0,4.0,0.15,9.083223682633536,665,0.8906283163581507,47000.05,1.0,2816011183246307869,True
SC60,SC4601E0,iso8_matched,11,51025.0,4.0,0.15,11.615578545564604,635,0.9175843328038058,51024.95,1.0,2816011183246307869,True
SC60,SC4601E0,iso8_matched,12,51169.0,4.0,0.15,11.749626545645214,737,0.7629039944597206,51168.95,1.2,2816011183246307869,True
SC60,SC4601E0,iso8_matched,13,51430.0,4.0,0.15,12.710806522365644,666,0.9497894631219873,51430.0,1.0,2816011183246307869,True
SC60,SC4601E0,iso8_matched,14,51510.0,4.0,0.15,11.939725015449728,684,0.8937093486159642,51510.2,1.0,2816011183246307869,True
SC60,SC4601E0,iso8_matched,15,51733.0,4.0,0.15,13.381523896484987,621,0.8793719133544385,51732.8,1.0,2816011183246307869,True
SC60,SC4601E0,iso8_matched,16,52061.0,4.0,0.15,13.863694927066053,574,0.795702217488961,52061.1,0.8,2816011183246307869,True
SC60,SC4601E0,iso8_matched,17,52343.0,4.0,0.15,11.01196612153484,739,0.9132393681440553,52343.1,1.1,2816011183246307869,True
SC60,SC4601E0,iso8_matched,18,52418.0,4.0,0.15,11.0925089385255,661,0.9238309748207787,52418.05,1.0,2816011183246307869,True
SC60,SC4601E0,iso8_matched,19,52566.0,4.0,0.15,12.110504984386848,700,0.9006314369609784,52565.95,1.1,2816011183246307869,True
SC60,SC4601E0,sync8_c0,0,26793.0,4.0,0.15,14.349851166089492,591,0.8853512467794098,26792.9,0.9,2816011183246307869,True
SC60,SC4601E0,sync8_c0,1,27083.0,4.0,0.15,12.473800199270377,623,0.8644850223555484,27082.8,1.0,2816011183246307869,True
SC60,SC4601E0,sync8_c0,2,43917.0,4.0,0.15,15.537798677782826,673,0.9134003136210951,43917.0,1.0,2816011183246307869,True
SC60,SC4601E0,sync8_c0,3,44013.0,4.0,0.15,17.424202112763933,715,0.9194990375937276,44013.0,1.1,2816011183246307869,True
SC60,SC4601E0,sync8_c0,4,45146.0,4.0,0.15,16.27809459002992,585,0.5418108874812724,45145.65,0.8,2816011183246307869,True
SC60,SC4601E0,sync8_c0,5,45324.0,4.0,0.15,16.047719143499343,629,0.8631857370327729,45323.9,1.0,2816011183246307869,True
SC60,SC4601E0,sync8_c0,6,45571.0,4.0,0.15,14.961553446658966,641,0.9038416705996559,45570.9,1.0,2816011183246307869,True
SC60,SC4601E0,sync8_c0,7,46126.0,4.0,0.15,8.932760781491753,577,0.9070778236801624,46125.85,0.9,2816011183246307869,True
SC60,SC4601E0,sync8_c0,8,46362.0,4.0,0.15,8.415099842335058,700,0.6334867070494424,46362.1,1.1,2816011183246307869,True
SC60,SC4601E0,sync8_c0,9,46527.0,4.0,0.15,9.601152987917484,755,0.8738135695355532,46526.9,1.2,2816011183246307869,True
SC60,SC4601E0,sync8_c0,10,47000.0,4.0,0.15,9.083223682633536,668,0.8862386344654182,46999.85,1.1,2816011183246307869,True
SC60,SC4601E0,sync8_c0,11,51025.0,4.0,0.15,11.615578545564604,632,0.9020111856635703,51024.95,1.0,2816011183246307869,True
SC60,SC4601E0,sync8_c0,12,51169.0,4.0,0.15,11.749626545645214,746,0.6849552833540064,51168.95,1.2,2816011183246307869,True
SC60,SC4601E0,sync8_c0,13,51430.0,4.0,0.15,12.710806522365644,672,0.9161518392076244,51430.05,1.0,2816011183246307869,True
SC60,SC4601E0,sync8_c0,14,51510.0,4.0,0.15,11.939725015449728,685,0.8679620664231136,51510.15,1.0,2816011183246307869,True
SC60,SC4601E0,sync8_c0,15,51733.0,4.0,0.15,13.381523896484987,628,0.9079521913948142,51732.8,1.0,2816011183246307869,True
SC60,SC4601E0,sync8_c0,16,52061.0,4.0,0.15,13.863694927066053,573,0.7899839764316092,52061.05,0.8,2816011183246307869,True
SC60,SC4601E0,sync8_c0,17,52343.0,4.0,0.15,11.01196612153484,747,0.8571591398201069,52342.9,1.2,2816011183246307869,True
SC60,SC4601E0,sync8_c0,18,52418.0,4.0,0.15,11.0925089385255,660,0.9280111629326513,52418.05,1.0,2816011183246307869,True
SC60,SC4601E0,sync8_c0,19,52566.0,4.0,0.15,12.110504984386848,701,0.9293485526682704,52566.0,1.1,2816011183246307869,True
SC60,SC4602E0,iso8_matched,0,6725.0,4.0,0.15,15.270767174779515,682,0.6709855713898991,6725.6,1.1,2736906805144687464,True
SC60,SC4602E0,iso8_matched,1,6839.0,4.0,0.15,15.92773039214004,709,0.9112005732578211,6839.0,1.1,2736906805144687464,True
SC60,SC4602E0,iso8_matched,2,33949.0,4.0,0.15,26.168046138725327,646,0.7885398572415012,33949.0,1.0,2736906805144687464,True
SC60,SC4602E0,iso8_matched,3,34034.0,4.0,0.15,24.103982582613117,694,0.9005070006982165,34033.85,1.1,2736906805144687464,True
SC60,SC4602E0,iso8_matched,4,34705.0,4.0,0.15,21.21616488442495,675,0.8861848160454302,34704.8,1.1,2736906805144687464,True
SC60,SC4602E0,iso8_matched,5,35164.0,4.0,0.15,22.20302645800657,616,0.9094290152070044,35164.05,0.9,2736906805144687464,True
SC60,SC4602E0,iso8_matched,6,35450.0,4.0,0.15,18.499924263165905,577,0.8578142143944378,35449.9,0.9,2736906805144687464,True
SC60,SC4602E0,iso8_matched,7,35800.0,4.0,0.15,16.398950585998296,744,0.9319889229185103,35799.9,1.2,2736906805144687464,True
SC60,SC4602E0,iso8_matched,8,43255.0,4.0,0.15,24.72830866274709,620,0.9324897244976922,43255.05,0.9,2736906805144687464,True
SC60,SC4602E0,iso8_matched,9,43691.0,4.0,0.15,17.76664973880908,748,0.9307716086319074,43690.8,1.2,2736906805144687464,True
SC60,SC4602E0,iso8_matched,10,47448.0,4.0,0.15,18.328658328255024,658,0.9398587187702591,47448.05,1.0,2736906805144687464,True
SC60,SC4602E0,iso8_matched,11,47536.0,4.0,0.15,19.504525433782494,682,0.8569209593714853,47535.9,1.1,2736906805144687464,True
SC60,SC4602E0,iso8_matched,12,47778.0,4.0,0.15,20.040344482064192,700,0.9300733538623285,47777.9,1.1,2736906805144687464,True
SC60,SC4602E0,iso8_matched,13,48081.0,4.0,0.15,19.029324277848318,678,0.7749861961240587,48080.4,1.0,2736906805144687464,True
SC60,SC4602E0,iso8_matched,14,56469.0,4.0,0.15,15.20330464197694,655,0.8199325503228646,56469.05,1.0,2736906805144687464,True
SC60,SC4602E0,iso8_matched,15,56718.0,4.0,0.15,17.06645365989407,655,0.9115951119648478,56718.0,1.0,2736906805144687464,True
SC60,SC4602E0,iso8_matched,16,57137.0,4.0,0.15,18.894163543642136,666,0.9473856470141224,57137.05,1.0,2736906805144687464,True
SC60,SC4602E0,iso8_matched,17,57446.0,4.0,0.15,20.311740059225695,740,0.902947718512876,57446.15,1.1,2736906805144687464,True
SC60,SC4602E0,iso8_matched,18,58773.0,4.0,0.15,13.63325080850785,706,0.8652616915573849,58772.95,1.1,2736906805144687464,True
SC60,SC4602E0,iso8_matched,19,60598.0,4.0,0.15,13.884957031695976,635,0.8783599304041585,60597.85,1.0,2736906805144687464,True
SC60,SC4602E0,sync8_c0,0,6725.0,4.0,0.15,15.270767174779515,688,0.7952700351064717,6724.95,1.1,2736906805144687464,True
SC60,SC4602E0,sync8_c0,1,6839.0,4.0,0.15,15.92773039214004,710,0.9280950034196377,6839.05,1.1,2736906805144687464,True
SC60,SC4602E0,sync8_c0,2,33949.0,4.0,0.15,26.168046138725327,648,0.7679198729369644,33948.95,1.0,2736906805144687464,True
SC60,SC4602E0,sync8_c0,3,34034.0,4.0,0.15,24.103982582613117,693,0.8925343231170122,34033.9,1.1,2736906805144687464,True
SC60,SC4602E0,sync8_c0,4,34705.0,4.0,0.15,21.21616488442495,675,0.9126085485355128,34704.9,1.1,2736906805144687464,True
SC60,SC4602E0,sync8_c0,5,35164.0,4.0,0.15,22.20302645800657,613,0.9199523539197773,35164.0,0.9,2736906805144687464,True
SC60,SC4602E0,sync8_c0,6,35450.0,4.0,0.15,18.499924263165905,576,0.88705363237018,35449.9,0.9,2736906805144687464,True
SC60,SC4602E0,sync8_c0,7,35800.0,4.0,0.15,16.398950585998296,737,0.904378378189111,35800.0,1.2,2736906805144687464,True
SC60,SC4602E0,sync8_c0,8,43255.0,4.0,0.15,24.72830866274709,624,0.8956525480984382,43255.0,0.9,2736906805144687464,True
SC60,SC4602E0,sync8_c0,9,43691.0,4.0,0.15,17.76664973880908,754,0.9295395865724221,43690.9,1.2,2736906805144687464,True
SC60,SC4602E0,sync8_c0,10,47448.0,4.0,0.15,18.328658328255024,655,0.9429055664926153,47448.0,1.0,2736906805144687464,True
SC60,SC4602E0,sync8_c0,11,47536.0,4.0,0.15,19.504525433782494,676,0.8632996832331494,47535.9,1.1,2736906805144687464,True
SC60,SC4602E0,sync8_c0,12,47778.0,4.0,0.15,20.040344482064192,697,0.9338963412524619,47778.0,1.1,2736906805144687464,True
SC60,SC4602E0,sync8_c0,13,48081.0,4.0,0.15,19.029324277848318,682,0.8709616367333104,48081.15,1.0,2736906805144687464,True
SC60,SC4602E0,sync8_c0,14,56469.0,4.0,0.15,15.20330464197694,654,0.8099958192606972,56469.0,1.0,2736906805144687464,True
SC60,SC4602E0,sync8_c0,15,56718.0,4.0,0.15,17.06645365989407,660,0.898033616668318,56718.0,1.0,2736906805144687464,True
SC60,SC4602E0,sync8_c0,16,57137.0,4.0,0.15,18.894163543642136,667,0.929873427212671,57137.05,1.0,2736906805144687464,True
SC60,SC4602E0,sync8_c0,17,57446.0,4.0,0.15,20.311740059225695,738,0.8801615739401755,57446.2,1.1,2736906805144687464,True
SC60,SC4602E0,sync8_c0,18,58773.0,4.0,0.15,13.63325080850785,706,0.8678192990537701,58773.05,1.1,2736906805144687464,True
SC60,SC4602E0,sync8_c0,19,60598.0,4.0,0.15,13.884957031695976,640,0.8726943902561806,60597.85,1.0,2736906805144687464,True
SC61,SC4611E0,iso8_matched,0,31534.0,4.0,0.15,13.139081740672617,604,0.8981998441518371,31533.9,0.9,4376895464867039853,True
SC61,SC4611E0,iso8_matched,1,31607.0,4.0,0.15,11.486837904536298,674,0.895081484354183,31607.1,1.0,4376895464867039853,True
SC61,SC4611E0,iso8_matched,2,32140.0,4.0,0.15,10.432653939770852,683,0.8723863150955651,32139.95,1.1,4376895464867039853,True
SC61,SC4611E0,iso8_matched,3,33078.0,4.0,0.15,7.93179937107362,585,0.8386602782679397,33077.25,0.9,4376895464867039853,True
SC61,SC4611E0,iso8_matched,4,38080.0,4.0,0.15,10.4155910009817,736,0.870395615835976,38079.85,1.2,4376895464867039853,True
SC61,SC4611E0,iso8_matched,5,38823.0,4.0,0.15,11.050528995588914,685,0.9101698761851369,38822.85,1.1,4376895464867039853,True
SC61,SC4611E0,iso8_matched,6,39218.0,4.0,0.15,9.85562726308038,657,0.930137181100227,39218.05,1.0,4376895464867039853,True
SC61,SC4611E0,iso8_matched,7,39397.0,4.0,0.15,9.965293961487689,644,0.9076575353614055,39396.95,1.0,4376895464867039853,True
SC61,SC4611E0,iso8_matched,8,39540.0,4.0,0.15,10.695059380536295,701,0.9271432412120209,39540.0,1.1,4376895464867039853,True
SC61,SC4611E0,iso8_matched,9,39640.0,4.0,0.15,10.798463118972395,717,0.9217472459826801,39639.95,1.1,4376895464867039853,True
SC61,SC4611E0,iso8_matched,10,39917.0,4.0,0.15,8.844639318929259,648,0.8524371286569481,39916.9,1.0,4376895464867039853,True
SC61,SC4611E0,iso8_matched,11,41640.0,4.0,0.15,9.084905080044324,708,0.9056743353584488,41640.0,1.1,4376895464867039853,True
SC61,SC4611E0,iso8_matched,12,42437.0,4.0,0.15,9.36977746089931,688,0.87429915073756,42436.8,1.1,4376895464867039853,True
SC61,SC4611E0,iso8_matched,13,45480.0,4.0,0.15,11.597297202195316,700,0.9328526558315862,45479.95,1.1,4376895464867039853,True
SC61,SC4611E0,iso8_matched,14,47243.0,4.0,0.15,22.347256865521658,688,0.8812489376689058,47243.15,1.0,4376895464867039853,True
SC61,SC4611E0,iso8_matched,15,52033.0,4.0,0.15,7.431730095858657,590,0.8812764831546542,52033.0,0.9,4376895464867039853,True
SC61,SC4611E0,iso8_matched,16,52301.0,4.0,0.15,11.701710383454824,702,0.8788918724630385,52301.2,1.0,4376895464867039853,True
SC61,SC4611E0,iso8_matched,17,52390.0,4.0,0.15,11.768382646069142,763,0.914620108350272,52389.95,1.2,4376895464867039853,True
SC61,SC4611E0,iso8_matched,18,56974.0,4.0,0.15,9.162260658896964,662,0.9434210348363228,56974.05,1.0,4376895464867039853,True
SC61,SC4611E0,iso8_matched,19,58018.0,4.0,0.15,7.990813877355179,613,0.8190680846783547,58017.8,1.0,4376895464867039853,True
SC61,SC4611E0,sync8_c0,0,31534.0,4.0,0.15,13.139081740672617,614,0.8977781907183386,31533.95,0.9,4376895464867039853,True
SC61,SC4611E0,sync8_c0,1,31607.0,4.0,0.15,11.486837904536298,677,0.8841006640416591,31606.9,1.1,4376895464867039853,True
SC61,SC4611E0,sync8_c0,2,32140.0,4.0,0.15,10.432653939770852,677,0.8649109337163584,32140.0,1.1,4376895464867039853,True
SC61,SC4611E0,sync8_c0,3,33078.0,4.0,0.15,7.93179937107362,587,0.8205719671069841,33077.85,0.9,4376895464867039853,True
SC61,SC4611E0,sync8_c0,4,38080.0,4.0,0.15,10.4155910009817,734,0.8751440258980284,38079.95,1.2,4376895464867039853,True
SC61,SC4611E0,sync8_c0,5,38823.0,4.0,0.15,11.050528995588914,675,0.9117026249856807,38823.1,1.0,4376895464867039853,True
SC61,SC4611E0,sync8_c0,6,39218.0,4.0,0.15,9.85562726308038,661,0.9262847711582484,39218.05,1.0,4376895464867039853,True
SC61,SC4611E0,sync8_c0,7,39397.0,4.0,0.15,9.965293961487689,641,0.8887171261431938,39396.9,1.0,4376895464867039853,True
SC61,SC4611E0,sync8_c0,8,39540.0,4.0,0.15,10.695059380536295,704,0.8891837405080011,39540.1,1.1,4376895464867039853,True
SC61,SC4611E0,sync8_c0,9,39640.0,4.0,0.15,10.798463118972395,726,0.9182127934144999,39640.05,1.1,4376895464867039853,True
SC61,SC4611E0,sync8_c0,10,39917.0,4.0,0.15,8.844639318929259,653,0.883407732318874,39916.95,1.0,4376895464867039853,True
SC61,SC4611E0,sync8_c0,11,41640.0,4.0,0.15,9.084905080044324,704,0.8918067970373112,41640.1,1.1,4376895464867039853,True
SC61,SC4611E0,sync8_c0,12,42437.0,4.0,0.15,9.36977746089931,695,0.9273239507395202,42436.9,1.1,4376895464867039853,True
SC61,SC4611E0,sync8_c0,13,45480.0,4.0,0.15,11.597297202195316,698,0.9324368704132935,45480.0,1.1,4376895464867039853,True
SC61,SC4611E0,sync8_c0,14,47243.0,4.0,0.15,22.347256865521658,687,0.9076464904770878,47242.95,1.1,4376895464867039853,True
SC61,SC4611E0,sync8_c0,15,52033.0,4.0,0.15,7.431730095858657,586,0.8394616573907379,52032.95,0.9,4376895464867039853,True
SC61,SC4611E0,sync8_c0,16,52301.0,4.0,0.15,11.701710383454824,706,0.9073337459254598,52301.0,1.1,4376895464867039853,True
SC61,SC4611E0,sync8_c0,17,52390.0,4.0,0.15,11.768382646069142,759,0.8983081435382212,52389.95,1.2,4376895464867039853,True
SC61,SC4611E0,sync8_c0,18,56974.0,4.0,0.15,9.162260658896964,663,0.9329350069679752,56974.05,1.0,4376895464867039853,True
SC61,SC4611E0,sync8_c0,19,58018.0,4.0,0.15,7.990813877355179,613,0.7967693245858224,58017.8,1.0,4376895464867039853,True
SC61,SC4612E0,iso8_matched,0,35933.0,4.0,0.15,16.86046364861341,641,0.9129039614643886,35932.95,1.0,14854499450471645649,True
SC61,SC4612E0,iso8_matched,1,36267.0,4.0,0.15,16.525499747451022,738,0.8519014687447617,36267.6,1.2,14854499450471645649,True
SC61,SC4612E0,iso8_matched,2,36441.0,4.0,0.15,13.529379555109822,723,0.9229659457338512,36441.1,1.1,14854499450471645649,True
SC61,SC4612E0,iso8_matched,3,36661.0,4.0,0.15,11.235324851279024,642,0.8727437208652601,36660.95,1.0,14854499450471645649,True
SC61,SC4612E0,iso8_matched,4,36857.0,4.0,0.15,12.30754530564669,705,0.9203293728676637,36856.95,1.1,14854499450471645649,True
SC61,SC4612E0,iso8_matched,5,37196.0,4.0,0.15,10.43287850730843,603,0.9423188766080701,37196.0,0.9,14854499450471645649,True
SC61,SC4612E0,iso8_matched,6,37345.0,4.0,0.15,10.26551943684408,696,0.9038380682948458,37344.95,1.1,14854499450471645649,True
SC61,SC4612E0,iso8_matched,7,44723.0,4.0,0.15,8.964133426431928,581,0.8457519155949337,44722.8,0.9,14854499450471645649,True
SC61,SC4612E0,iso8_matched,8,44925.0,4.0,0.15,8.761346086034136,640,0.0,,,14854499450471645649,True
SC61,SC4612E0,iso8_matched,9,45659.0,4.0,0.15,7.970020003853824,707,0.9481019734362142,45658.95,1.1,14854499450471645649,True
SC61,SC4612E0,iso8_matched,10,45723.0,4.0,0.15,7.959553876231191,625,0.8975586283012333,45723.05,0.9,14854499450471645649,True
SC61,SC4612E0,iso8_matched,11,45858.0,4.0,0.15,7.683208771349636,718,0.9606307735675589,45858.0,1.1,14854499450471645649,True
SC61,SC4612E0,iso8_matched,12,51574.0,4.0,0.15,8.674707616680646,628,0.6619417854302394,51574.1,0.9,14854499450471645649,True
SC61,SC4612E0,iso8_matched,13,51736.0,4.0,0.15,8.835166736934921,693,0.884843955672271,51735.95,1.1,14854499450471645649,True
SC61,SC4612E0,iso8_matched,14,51914.0,4.0,0.15,9.341353545690799,685,0.8993262731060709,51913.85,1.1,14854499450471645649,True
SC61,SC4612E0,iso8_matched,15,52451.0,4.0,0.15,9.598989745592988,698,0.8987380835509093,52450.85,1.1,14854499450471645649,True
SC61,SC4612E0,iso8_matched,16,52706.0,4.0,0.15,10.273152076992465,615,0.892512352530904,52706.05,0.9,14854499450471645649,True
SC61,SC4612E0,iso8_matched,17,59221.0,4.0,0.15,13.217592411186704,612,0.9046303712781824,59221.05,0.9,14854499450471645649,True
SC61,SC4612E0,iso8_matched,18,59523.0,4.0,0.15,12.172719164508548,647,0.8910285036659341,59523.15,0.9,14854499450471645649,True
SC61,SC4612E0,iso8_matched,19,59629.0,4.0,0.15,11.976365508718573,655,0.9174215718083635,59629.0,1.0,14854499450471645649,True
SC61,SC4612E0,sync8_c0,0,35933.0,4.0,0.15,16.86046364861341,634,0.8968950954663341,35932.95,1.0,14854499450471645649,True
SC61,SC4612E0,sync8_c0,1,36267.0,4.0,0.15,16.525499747451022,744,0.8407946088662442,36266.9,1.2,14854499450471645649,True
SC61,SC4612E0,sync8_c0,2,36441.0,4.0,0.15,13.529379555109822,720,0.8548611007807292,36441.15,1.1,14854499450471645649,True
SC61,SC4612E0,sync8_c0,3,36661.0,4.0,0.15,11.235324851279024,639,0.9203056492629277,36660.95,1.0,14854499450471645649,True
SC61,SC4612E0,sync8_c0,4,36857.0,4.0,0.15,12.30754530564669,703,0.912066339506759,36857.0,1.1,14854499450471645649,True
SC61,SC4612E0,sync8_c0,5,37196.0,4.0,0.15,10.43287850730843,604,0.906395266194186,37196.0,0.9,14854499450471645649,True
SC61,SC4612E0,sync8_c0,6,37345.0,4.0,0.15,10.26551943684408,699,0.9236280120411102,37345.0,1.1,14854499450471645649,True
SC61,SC4612E0,sync8_c0,7,44723.0,4.0,0.15,8.964133426431928,586,0.8573982101380186,44722.8,0.9,14854499450471645649,True
SC61,SC4612E0,sync8_c0,8,44925.0,4.0,0.15,8.761346086034136,633,0.8042018384142797,44925.0,1.0,14854499450471645649,True
SC61,SC4612E0,sync8_c0,9,45659.0,4.0,0.15,7.970020003853824,714,0.9384603768787486,45659.05,1.1,14854499450471645649,True
SC61,SC4612E0,sync8_c0,10,45723.0,4.0,0.15,7.959553876231191,634,0.8782260397685674,45722.8,1.0,14854499450471645649,True
SC61,SC4612E0,sync8_c0,11,45858.0,4.0,0.15,7.683208771349636,714,0.9675332285327566,45858.05,1.1,14854499450471645649,True
SC61,SC4612E0,sync8_c0,12,51574.0,4.0,0.15,8.674707616680646,635,0.611092076171586,51573.85,1.0,14854499450471645649,True
SC61,SC4612E0,sync8_c0,13,51736.0,4.0,0.15,8.835166736934921,690,0.9059542137929059,51736.0,1.1,14854499450471645649,True
SC61,SC4612E0,sync8_c0,14,51914.0,4.0,0.15,9.341353545690799,689,0.9409643712348736,51913.95,1.1,14854499450471645649,True
SC61,SC4612E0,sync8_c0,15,52451.0,4.0,0.15,9.598989745592988,705,0.9283740686699257,52450.95,1.1,14854499450471645649,True
SC61,SC4612E0,sync8_c0,16,52706.0,4.0,0.15,10.273152076992465,617,0.8903842370800443,52706.05,0.9,14854499450471645649,True
SC61,SC4612E0,sync8_c0,17,59221.0,4.0,0.15,13.217592411186704,615,0.8663267108878682,59221.05,0.9,14854499450471645649,True
SC61,SC4612E0,sync8_c0,18,59523.0,4.0,0.15,12.172719164508548,651,0.9007616121970883,59522.95,1.0,14854499450471645649,True
SC61,SC4612E0,sync8_c0,19,59629.0,4.0,0.15,11.976365508718573,656,0.916124102407855,59628.95,1.0,14854499450471645649,True
SC62,SC4621E0,iso8_matched,0,22333.0,4.0,0.15,9.724341196200667,576,0.6381727350655622,22332.6,0.8,5095658303103150147,True
SC62,SC4621E0,iso8_matched,1,22479.0,4.0,0.15,11.295656186011945,580,0.8320984771492371,22478.75,0.9,5095658303103150147,True
SC62,SC4621E0,iso8_matched,2,22599.0,4.0,0.15,12.18253135870024,658,0.956947213632788,22599.05,1.0,5095658303103150147,True
SC62,SC4621E0,iso8_matched,3,22738.0,4.0,0.15,10.491865183549379,743,0.8848574860740931,22737.9,1.2,5095658303103150147,True
SC62,SC4621E0,iso8_matched,4,22874.0,4.0,0.15,10.888847385677307,658,0.8131559971402675,22874.7,1.0,5095658303103150147,True
SC62,SC4621E0,iso8_matched,5,22970.0,4.0,0.15,13.804948766341116,669,0.9497200934195457,22970.05,1.0,5095658303103150147,True
SC62,SC4621E0,iso8_matched,6,23035.0,4.0,0.15,12.175641675816726,644,0.8707437374683098,23034.9,1.0,5095658303103150147,True
SC62,SC4621E0,iso8_matched,7,23180.0,4.0,0.15,9.644633399043563,628,0.7370287846177372,23180.6,1.0,5095658303103150147,True
SC62,SC4621E0,iso8_matched,8,29622.0,4.0,0.15,10.850723796184662,645,0.9214703873167768,29621.95,1.0,5095658303103150147,True
SC62,SC4621E0,iso8_matched,9,29738.0,4.0,0.15,11.639329317623396,652,0.8697106172178412,29737.9,1.0,5095658303103150147,True
SC62,SC4621E0,iso8_matched,10,29809.0,4.0,0.15,12.173393579964301,734,0.9128340035121135,29808.8,1.2,5095658303103150147,True
SC62,SC4621E0,iso8_matched,11,29910.0,4.0,0.15,13.392417812584844,633,0.8127708514388678,29910.1,0.9,5095658303103150147,True
SC62,SC4621E0,iso8_matched,12,30001.0,4.0,0.15,14.969433130610454,618,0.8864542352997022,30001.05,0.9,5095658303103150147,True
SC62,SC4621E0,iso8_matched,13,30092.0,4.0,0.15,15.626528654902254,624,0.8581759538926684,30091.85,1.0,5095658303103150147,True
SC62,SC4621E0,iso8_matched,14,42639.0,4.0,0.15,13.50069850264729,680,0.8011241089053336,42639.1,1.0,5095658303103150147,True
SC62,SC4621E0,iso8_matched,15,42856.0,4.0,0.15,16.792040311073045,656,0.8789633850046754,42856.0,1.0,5095658303103150147,True
SC62,SC4621E0,iso8_matched,16,48863.0,4.0,0.15,12.135928675695142,735,0.36686044539713575,48863.1,1.1,5095658303103150147,True
SC62,SC4621E0,iso8_matched,17,49065.0,4.0,0.15,11.937463174074658,675,0.9195853241552832,49065.0,1.0,5095658303103150147,True
SC62,SC4621E0,iso8_matched,18,49172.0,4.0,0.15,11.195014098398378,644,0.8925903950456735,49172.65,1.0,5095658303103150147,True
SC62,SC4621E0,iso8_matched,19,49470.0,4.0,0.15,14.053882816692301,628,0.0,,,5095658303103150147,True
SC62,SC4621E0,sync8_c0,0,22333.0,4.0,0.15,9.724341196200667,572,0.6533233395675254,22332.55,0.8,5095658303103150147,True
SC62,SC4621E0,sync8_c0,1,22479.0,4.0,0.15,11.295656186011945,584,0.8465494933105417,22478.75,0.9,5095658303103150147,True
SC62,SC4621E0,sync8_c0,2,22599.0,4.0,0.15,12.18253135870024,661,0.9274111215005224,22599.05,1.0,5095658303103150147,True
SC62,SC4621E0,sync8_c0,3,22738.0,4.0,0.15,10.491865183549379,735,0.8255922353877088,22738.2,1.1,5095658303103150147,True
SC62,SC4621E0,sync8_c0,4,22874.0,4.0,0.15,10.888847385677307,656,0.7344393460258917,22874.0,1.0,5095658303103150147,True
SC62,SC4621E0,sync8_c0,5,22970.0,4.0,0.15,13.804948766341116,665,0.9609116323224935,22970.05,1.0,5095658303103150147,True
SC62,SC4621E0,sync8_c0,6,23035.0,4.0,0.15,12.175641675816726,642,0.8818394739008776,23035.1,0.9,5095658303103150147,True
SC62,SC4621E0,sync8_c0,7,23180.0,4.0,0.15,9.644633399043563,629,0.5168889540743148,23179.9,1.0,5095658303103150147,True
SC62,SC4621E0,sync8_c0,8,29622.0,4.0,0.15,10.850723796184662,643,0.8919827186897982,29621.95,1.0,5095658303103150147,True
SC62,SC4621E0,sync8_c0,9,29738.0,4.0,0.15,11.639329317623396,659,0.9147087716199256,29737.95,1.0,5095658303103150147,True
SC62,SC4621E0,sync8_c0,10,29809.0,4.0,0.15,12.173393579964301,738,0.9108486614006498,29808.9,1.2,5095658303103150147,True
SC62,SC4621E0,sync8_c0,11,29910.0,4.0,0.15,13.392417812584844,636,0.8241057887279315,29910.05,0.9,5095658303103150147,True
SC62,SC4621E0,sync8_c0,12,30001.0,4.0,0.15,14.969433130610454,616,0.9024997416952629,30001.0,0.9,5095658303103150147,True
SC62,SC4621E0,sync8_c0,13,30092.0,4.0,0.15,15.626528654902254,620,0.8277729185302464,30091.85,1.0,5095658303103150147,True
SC62,SC4621E0,sync8_c0,14,42639.0,4.0,0.15,13.50069850264729,674,0.7832150211287073,42639.05,1.0,5095658303103150147,True
SC62,SC4621E0,sync8_c0,15,42856.0,4.0,0.15,16.792040311073045,654,0.8641702348503429,42855.95,1.0,5095658303103150147,True
SC62,SC4621E0,sync8_c0,16,48863.0,4.0,0.15,12.135928675695142,730,0.5114605582674739,48863.1,1.1,5095658303103150147,True
SC62,SC4621E0,sync8_c0,17,49065.0,4.0,0.15,11.937463174074658,678,0.9186020963275846,49065.0,1.0,5095658303103150147,True
SC62,SC4621E0,sync8_c0,18,49172.0,4.0,0.15,11.195014098398378,642,0.8318024247399393,49171.9,1.0,5095658303103150147,True
SC62,SC4621E0,sync8_c0,19,49470.0,4.0,0.15,14.053882816692301,631,0.8195531413565217,49469.9,1.0,5095658303103150147,True
SC62,SC4622E0,iso8_matched,0,27614.0,4.0,0.15,12.55355613424598,676,0.757528839220035,27614.1,1.0,4493948923808410692,True
SC62,SC4622E0,iso8_matched,1,27744.0,4.0,0.15,12.431912157743582,683,0.888237036364412,27743.85,1.1,4493948923808410692,True
SC62,SC4622E0,iso8_matched,2,27829.0,4.0,0.15,12.172738794848547,594,0.8175979877148902,27828.9,0.9,4493948923808410692,True
SC62,SC4622E0,iso8_matched,3,27896.0,4.0,0.15,11.626929041356622,656,0.7756154487219845,27895.9,1.0,4493948923808410692,True
SC62,SC4622E0,iso8_matched,4,33855.0,4.0,0.15,16.478377227477093,711,0.9217303627568246,33854.95,1.1,4493948923808410692,True
SC62,SC4622E0,iso8_matched,5,33928.0,4.0,0.15,15.489636097092468,625,0.7914100799268726,33928.1,0.9,4493948923808410692,True
SC62,SC4622E0,iso8_matched,6,34224.0,4.0,0.15,21.24372353770682,643,0.9437964579633977,34224.0,1.0,4493948923808410692,True
SC62,SC4622E0,iso8_matched,7,34355.0,4.0,0.15,21.240465867161497,690,0.6807151822377739,34354.9,1.1,4493948923808410692,True
SC62,SC4622E0,iso8_matched,8,34428.0,4.0,0.15,19.524786707600455,634,0.8459424364822453,34428.1,0.9,4493948923808410692,True
SC62,SC4622E0,iso8_matched,9,34607.0,4.0,0.15,24.094287674642175,668,0.9578451867135958,34607.05,1.0,4493948923808410692,True
SC62,SC4622E0,iso8_matched,10,34746.0,4.0,0.15,21.195800109093753,748,0.8881848273659027,34746.25,1.1,4493948923808410692,True
SC62,SC4622E0,iso8_matched,11,34954.0,4.0,0.15,16.00059035166513,638,0.6598696318154049,34953.35,1.0,4493948923808410692,True
SC62,SC4622E0,iso8_matched,12,49514.0,4.0,0.15,10.944241828667167,655,0.6733043523621721,49514.4,1.1,4493948923808410692,True
SC62,SC4622E0,iso8_matched,13,54952.0,4.0,0.15,9.85127383781254,641,0.899163366051779,54951.95,1.0,4493948923808410692,True
SC62,SC4622E0,iso8_matched,14,55087.0,4.0,0.15,10.459822957619219,713,0.8980696311068976,55087.0,1.1,4493948923808410692,True
SC62,SC4622E0,iso8_matched,15,55496.0,4.0,0.15,10.54102113517242,591,0.7495309883582767,55495.9,0.9,4493948923808410692,True
SC62,SC4622E0,iso8_matched,16,55557.0,4.0,0.15,11.172998715791127,626,0.793165840957103,55556.8,1.0,4493948923808410692,True
SC62,SC4622E0,iso8_matched,17,55794.0,4.0,0.15,11.820218212358109,609,0.8802894305073152,55794.05,0.9,4493948923808410692,True
SC62,SC4622E0,iso8_matched,18,56071.0,4.0,0.15,14.711934349310784,617,0.9135479295185981,56071.1,0.9,4493948923808410692,True
SC62,SC4622E0,iso8_matched,19,56149.0,4.0,0.15,12.537256308143855,659,0.976487304949031,56149.0,1.0,4493948923808410692,True
SC62,SC4622E0,sync8_c0,0,27614.0,4.0,0.15,12.55355613424598,675,0.7714719507336736,27614.05,1.0,4493948923808410692,True
SC62,SC4622E0,sync8_c0,1,27744.0,4.0,0.15,12.431912157743582,685,0.8998507089111192,27743.9,1.1,4493948923808410692,True
SC62,SC4622E0,sync8_c0,2,27829.0,4.0,0.15,12.172738794848547,601,0.825998159658725,27828.95,0.9,4493948923808410692,True
SC62,SC4622E0,sync8_c0,3,27896.0,4.0,0.15,11.626929041356622,666,0.7608828624715547,27895.95,1.0,4493948923808410692,True
SC62,SC4622E0,sync8_c0,4,33855.0,4.0,0.15,16.478377227477093,718,0.8940230885278067,33855.05,1.1,4493948923808410692,True
SC62,SC4622E0,sync8_c0,5,33928.0,4.0,0.15,15.489636097092468,620,0.8052476784550225,33928.1,0.9,4493948923808410692,True
SC62,SC4622E0,sync8_c0,6,34224.0,4.0,0.15,21.24372353770682,643,0.9432587180772167,34223.95,1.0,4493948923808410692,True
SC62,SC4622E0,sync8_c0,7,34355.0,4.0,0.15,21.240465867161497,698,0.6218197279222936,34354.95,1.1,4493948923808410692,True
SC62,SC4622E0,sync8_c0,8,34428.0,4.0,0.15,19.524786707600455,630,0.8513657588163812,34428.05,0.9,4493948923808410692,True
SC62,SC4622E0,sync8_c0,9,34607.0,4.0,0.15,24.094287674642175,666,0.9605587642866714,34607.05,1.0,4493948923808410692,True
SC62,SC4622E0,sync8_c0,10,34746.0,4.0,0.15,21.195800109093753,743,0.8369054730902223,34746.0,1.2,4493948923808410692,True
SC62,SC4622E0,sync8_c0,11,34954.0,4.0,0.15,16.00059035166513,632,0.7622078108858156,34954.0,1.0,4493948923808410692,True
SC62,SC4622E0,sync8_c0,12,49514.0,4.0,0.15,10.944241828667167,653,0.6697252958973229,49513.95,1.0,4493948923808410692,True
SC62,SC4622E0,sync8_c0,13,54952.0,4.0,0.15,9.85127383781254,638,0.8403175323084638,54951.9,1.0,4493948923808410692,True
SC62,SC4622E0,sync8_c0,14,55087.0,4.0,0.15,10.459822957619219,710,0.8932058008745366,55087.05,1.1,4493948923808410692,True
SC62,SC4622E0,sync8_c0,15,55496.0,4.0,0.15,10.54102113517242,592,0.6762994026630533,55495.95,0.9,4493948923808410692,True
SC62,SC4622E0,sync8_c0,16,55557.0,4.0,0.15,11.172998715791127,623,0.8600236563621819,55557.05,0.9,4493948923808410692,True
SC62,SC4622E0,sync8_c0,17,55794.0,4.0,0.15,11.820218212358109,610,0.8615399828347319,55794.0,0.9,4493948923808410692,True
SC62,SC4622E0,sync8_c0,18,56071.0,4.0,0.15,14.711934349310784,605,0.942359078562914,56071.05,0.9,4493948923808410692,True
SC62,SC4622E0,sync8_c0,19,56149.0,4.0,0.15,12.537256308143855,660,0.9594708614364365,56149.0,1.0,4493948923808410692,True
SC63,SC4631E0,iso8_matched,0,36448.0,4.0,0.15,14.799020967560073,636,0.8902333801330431,36447.9,1.0,2014857017168283361,True
SC63,SC4631E0,iso8_matched,1,36627.0,4.0,0.15,10.896151114876172,722,0.9596077643557385,36627.05,1.1,2014857017168283361,True
SC63,SC4631E0,iso8_matched,2,36699.0,4.0,0.15,11.375195242143173,583,0.9393115214130429,36698.9,0.9,2014857017168283361,True
SC63,SC4631E0,iso8_matched,3,36889.0,4.0,0.15,13.083214772874268,605,0.9355974194703888,36889.0,0.9,2014857017168283361,True
SC63,SC4631E0,iso8_matched,4,37060.0,4.0,0.15,10.775601542889738,700,0.9051212902574605,37059.95,1.1,2014857017168283361,True
SC63,SC4631E0,iso8_matched,5,37199.0,4.0,0.15,10.941648782118332,676,0.7802808072162783,37198.8,1.1,2014857017168283361,True
SC63,SC4631E0,iso8_matched,6,37327.0,4.0,0.15,9.45265524340642,724,0.9628960997557208,37327.0,1.1,2014857017168283361,True
SC63,SC4631E0,iso8_matched,7,37491.0,4.0,0.15,10.7937251639044,723,0.644243014152245,37490.25,1.1,2014857017168283361,True
SC63,SC4631E0,iso8_matched,8,45186.0,4.0,0.15,10.347337599352588,717,0.9114762209153237,45186.0,1.1,2014857017168283361,True
SC63,SC4631E0,iso8_matched,9,45312.0,4.0,0.15,11.78679916928397,702,0.9277486522559937,45311.95,1.1,2014857017168283361,True
SC63,SC4631E0,iso8_matched,10,45551.0,4.0,0.15,15.956102493807446,662,0.8662075548353588,45551.05,1.0,2014857017168283361,True
SC63,SC4631E0,iso8_matched,11,45730.0,4.0,0.15,15.73635106705388,669,0.553789569128473,45729.75,1.1,2014857017168283361,True
SC63,SC4631E0,iso8_matched,12,45795.0,4.0,0.15,14.597290395859934,703,0.9259792364187617,45795.0,1.1,2014857017168283361,True
SC63,SC4631E0,iso8_matched,13,45934.0,4.0,0.15,11.706713043041747,632,0.0,,,2014857017168283361,True
SC63,SC4631E0,iso8_matched,14,46090.0,4.0,0.15,8.786717175188414,671,0.8813554974041623,46090.0,1.0,2014857017168283361,True
SC63,SC4631E0,iso8_matched,15,54020.0,4.0,0.15,11.348094345585517,739,0.9540949045090633,54020.1,1.1,2014857017168283361,True
SC63,SC4631E0,iso8_matched,16,54213.0,4.0,0.15,11.40159273384183,700,0.8999927200088002,54212.85,1.1,2014857017168283361,True
SC63,SC4631E0,iso8_matched,17,54315.0,4.0,0.15,11.300529182384414,719,0.7992941890835152,54315.05,1.1,2014857017168283361,True
SC63,SC4631E0,iso8_matched,18,54673.0,4.0,0.15,14.8495937458026,650,0.9704523850347647,54672.9,1.0,2014857017168283361,True
SC63,SC4631E0,iso8_matched,19,54799.0,4.0,0.15,10.996537130251662,600,0.0,,,2014857017168283361,True
SC63,SC4631E0,sync8_c0,0,36448.0,4.0,0.15,14.799020967560073,638,0.8723413695457891,36447.95,1.0,2014857017168283361,True
SC63,SC4631E0,sync8_c0,1,36627.0,4.0,0.15,10.896151114876172,728,0.9355582049476825,36627.15,1.1,2014857017168283361,True
SC63,SC4631E0,sync8_c0,2,36699.0,4.0,0.15,11.375195242143173,583,0.9066866287952564,36698.9,0.9,2014857017168283361,True
SC63,SC4631E0,sync8_c0,3,36889.0,4.0,0.15,13.083214772874268,596,0.9254997059261798,36888.9,0.9,2014857017168283361,True
SC63,SC4631E0,sync8_c0,4,37060.0,4.0,0.15,10.775601542889738,699,0.9047318490353333,37060.0,1.1,2014857017168283361,True
SC63,SC4631E0,sync8_c0,5,37199.0,4.0,0.15,10.941648782118332,667,0.755073732013861,37199.1,1.0,2014857017168283361,True
SC63,SC4631E0,sync8_c0,6,37327.0,4.0,0.15,9.45265524340642,723,0.9704311647408125,37327.05,1.1,2014857017168283361,True
SC63,SC4631E0,sync8_c0,7,37491.0,4.0,0.15,10.7937251639044,719,0.6320963460611155,37491.05,1.1,2014857017168283361,True
SC63,SC4631E0,sync8_c0,8,45186.0,4.0,0.15,10.347337599352588,722,0.8467044700855906,45186.1,1.1,2014857017168283361,True
SC63,SC4631E0,sync8_c0,9,45312.0,4.0,0.15,11.78679916928397,701,0.9495292458256409,45312.0,1.1,2014857017168283361,True
SC63,SC4631E0,sync8_c0,10,45551.0,4.0,0.15,15.956102493807446,666,0.8350154496687006,45550.95,1.1,2014857017168283361,True
SC63,SC4631E0,sync8_c0,11,45730.0,4.0,0.15,15.73635106705388,668,0.694344234056536,45729.85,1.1,2014857017168283361,True
SC63,SC4631E0,sync8_c0,12,45795.0,4.0,0.15,14.597290395859934,694,0.8903075938745129,45795.05,1.1,2014857017168283361,True
SC63,SC4631E0,sync8_c0,13,45934.0,4.0,0.15,11.706713043041747,633,0.8883110424729416,45933.95,1.0,2014857017168283361,True
SC63,SC4631E0,sync8_c0,14,46090.0,4.0,0.15,8.786717175188414,670,0.8930229351247626,46090.0,1.0,2014857017168283361,True
SC63,SC4631E0,sync8_c0,15,54020.0,4.0,0.15,11.348094345585517,732,0.9450300117525852,54020.1,1.1,2014857017168283361,True
SC63,SC4631E0,sync8_c0,16,54213.0,4.0,0.15,11.40159273384183,714,0.9549552586929975,54212.95,1.1,2014857017168283361,True
SC63,SC4631E0,sync8_c0,17,54315.0,4.0,0.15,11.300529182384414,719,0.6945372614200962,54315.15,1.1,2014857017168283361,True
SC63,SC4631E0,sync8_c0,18,54673.0,4.0,0.15,14.8495937458026,654,0.956977856446836,54672.95,1.0,2014857017168283361,True
SC63,SC4631E0,sync8_c0,19,54799.0,4.0,0.15,10.996537130251662,590,0.489526747758564,54798.65,1.0,2014857017168283361,True
SC63,SC4632E0,iso8_matched,0,36626.0,4.0,0.15,9.782701549439192,688,0.6879101960447003,36625.85,1.1,3797770796518137293,True
SC63,SC4632E0,iso8_matched,1,36713.0,4.0,0.15,8.640633954633627,592,0.9072783492052525,36712.95,0.9,3797770796518137293,True
SC63,SC4632E0,iso8_matched,2,36964.0,4.0,0.15,8.290144860516055,663,0.9336151250298116,36964.05,1.0,3797770796518137293,True
SC63,SC4632E0,iso8_matched,3,37440.0,4.0,0.15,8.564876043536083,719,0.8177761387644231,37440.75,1.1,3797770796518137293,True
SC63,SC4632E0,iso8_matched,4,37529.0,4.0,0.15,10.897758328975838,611,0.9155979828870578,37529.1,0.9,3797770796518137293,True
SC63,SC4632E0,iso8_matched,5,37674.0,4.0,0.15,7.902143071949954,697,0.9059005414140959,37673.95,1.1,3797770796518137293,True
SC63,SC4632E0,iso8_matched,6,37871.0,4.0,0.15,9.700408157579002,696,0.9354510102897463,37870.95,1.1,3797770796518137293,True
SC63,SC4632E0,iso8_matched,7,38224.0,4.0,0.15,7.758262021277468,714,0.9229329050754533,38224.0,1.1,3797770796518137293,True
SC63,SC4632E0,iso8_matched,8,38413.0,4.0,0.15,5.713382912971248,697,0.9126608016226911,38412.85,1.1,3797770796518137293,True
SC63,SC4632E0,iso8_matched,9,38818.0,4.0,0.15,7.108048974132537,578,0.8722577468051228,38817.95,0.9,3797770796518137293,True
SC63,SC4632E0,iso8_matched,10,44367.0,4.0,0.15,9.123338837187037,659,0.9495622077215405,44367.05,1.0,3797770796518137293,True
SC63,SC4632E0,iso8_matched,11,44512.0,4.0,0.15,10.343124770389059,740,0.9508608058442943,44512.2,1.1,3797770796518137293,True
SC63,SC4632E0,iso8_matched,12,44583.0,4.0,0.15,10.940345006166002,621,0.9442291201033209,44583.05,0.9,3797770796518137293,True
SC63,SC4632E0,iso8_matched,13,44666.0,4.0,0.15,10.166571516809697,756,0.8981575184321505,44666.2,1.1,3797770796518137293,True
SC63,SC4632E0,iso8_matched,14,44760.0,4.0,0.15,9.942434961197662,708,0.9496028964413014,44759.95,1.1,3797770796518137293,True
SC63,SC4632E0,iso8_matched,15,44827.0,4.0,0.15,9.68678858302338,726,0.9266875483493859,44827.1,1.1,3797770796518137293,True
SC63,SC4632E0,iso8_matched,16,45029.0,4.0,0.15,9.958216518354384,689,0.844155895925236,45029.25,1.0,3797770796518137293,True
SC63,SC4632E0,iso8_matched,17,51513.0,4.0,0.15,9.523032695110153,648,0.9574545941005872,51512.95,1.0,3797770796518137293,True
SC63,SC4632E0,iso8_matched,18,51814.0,4.0,0.15,10.768173442581357,681,0.857465459668761,51813.8,1.1,3797770796518137293,True
SC63,SC4632E0,iso8_matched,19,52182.0,4.0,0.15,15.076439820280845,683,0.8441269454908437,52182.2,1.0,3797770796518137293,True
SC63,SC4632E0,sync8_c0,0,36626.0,4.0,0.15,9.782701549439192,688,0.6673394247896289,36625.95,1.1,3797770796518137293,True
SC63,SC4632E0,sync8_c0,1,36713.0,4.0,0.15,8.640633954633627,590,0.9296195615440803,36712.95,0.9,3797770796518137293,True
SC63,SC4632E0,sync8_c0,2,36964.0,4.0,0.15,8.290144860516055,664,0.9435816281824364,36964.05,1.0,3797770796518137293,True
SC63,SC4632E0,sync8_c0,3,37440.0,4.0,0.15,8.564876043536083,725,0.7302178746954805,37440.05,1.1,3797770796518137293,True
SC63,SC4632E0,sync8_c0,4,37529.0,4.0,0.15,10.897758328975838,596,0.9346735878123044,37529.0,0.9,3797770796518137293,True
SC63,SC4632E0,sync8_c0,5,37674.0,4.0,0.15,7.902143071949954,691,0.8944110018629055,37674.0,1.1,3797770796518137293,True
SC63,SC4632E0,sync8_c0,6,37871.0,4.0,0.15,9.700408157579002,700,0.9376048885659415,37871.0,1.1,3797770796518137293,True
SC63,SC4632E0,sync8_c0,7,38224.0,4.0,0.15,7.758262021277468,721,0.945439909331257,38224.05,1.1,3797770796518137293,True
SC63,SC4632E0,sync8_c0,8,38413.0,4.0,0.15,5.713382912971248,701,0.933141281740155,38412.95,1.1,3797770796518137293,True
SC63,SC4632E0,sync8_c0,9,38818.0,4.0,0.15,7.108048974132537,573,0.8165223397245766,38817.9,0.9,3797770796518137293,True
SC63,SC4632E0,sync8_c0,10,44367.0,4.0,0.15,9.123338837187037,649,0.9254884894371999,44366.95,1.0,3797770796518137293,True
SC63,SC4632E0,sync8_c0,11,44512.0,4.0,0.15,10.343124770389059,738,0.8940181976814987,44512.25,1.1,3797770796518137293,True
SC63,SC4632E0,sync8_c0,12,44583.0,4.0,0.15,10.940345006166002,620,0.9321715685090971,44583.0,0.9,3797770796518137293,True
SC63,SC4632E0,sync8_c0,13,44666.0,4.0,0.15,10.166571516809697,753,0.8885453090264568,44666.2,1.1,3797770796518137293,True
SC63,SC4632E0,sync8_c0,14,44760.0,4.0,0.15,9.942434961197662,707,0.9554182975450829,44760.0,1.1,3797770796518137293,True
SC63,SC4632E0,sync8_c0,15,44827.0,4.0,0.15,9.68678858302338,722,0.9164838830289993,44827.1,1.1,3797770796518137293,True
SC63,SC4632E0,sync8_c0,16,45029.0,4.0,0.15,9.958216518354384,694,0.8084642350621783,45029.05,1.1,3797770796518137293,True
SC63,SC4632E0,sync8_c0,17,51513.0,4.0,0.15,9.523032695110153,655,0.945093646053252,51513.0,1.0,3797770796518137293,True
SC63,SC4632E0,sync8_c0,18,51814.0,4.0,0.15,10.768173442581357,686,0.9033352638218077,51813.85,1.1,3797770796518137293,True
SC63,SC4632E0,sync8_c0,19,52182.0,4.0,0.15,15.076439820280845,679,0.8969706444482104,52182.15,1.0,3797770796518137293,True
SC64,SC4641E0,iso8_matched,0,31075.0,4.0,0.15,7.730673649816449,679,0.5712281527798013,31075.2,1.0,5706810417538052618,True
SC64,SC4641E0,iso8_matched,1,31166.0,4.0,0.15,9.910987921167381,716,0.4690912043343785,31166.15,1.0,5706810417538052618,True
SC64,SC4641E0,iso8_matched,2,45331.0,4.0,0.15,10.639921440695105,697,0.7970321829970856,45330.85,1.1,5706810417538052618,True
SC64,SC4641E0,iso8_matched,3,45451.0,4.0,0.15,15.981708561506979,651,0.8798088986587249,45451.0,1.0,5706810417538052618,True
SC64,SC4641E0,iso8_matched,4,45597.0,4.0,0.15,19.32709040212874,634,0.7211253832417489,45596.25,1.0,5706810417538052618,True
SC64,SC4641E0,iso8_matched,5,45784.0,4.0,0.15,26.29758595011657,696,0.8015662467293415,45784.3,1.0,5706810417538052618,True
SC64,SC4641E0,iso8_matched,6,45845.0,4.0,0.15,25.324694815026717,609,0.9265210578897295,45844.95,0.9,5706810417538052618,True
SC64,SC4641E0,iso8_matched,7,45948.0,4.0,0.15,15.794450389071864,660,0.941657711390342,45947.95,1.0,5706810417538052618,True
SC64,SC4641E0,iso8_matched,8,46048.0,4.0,0.15,20.642909330227862,754,0.9301436258246053,46047.9,1.2,5706810417538052618,True
SC64,SC4641E0,iso8_matched,9,46154.0,4.0,0.15,22.17547400476289,690,0.4584002810607532,46154.65,1.1,5706810417538052618,True
SC64,SC4641E0,iso8_matched,10,46245.0,4.0,0.15,30.511552254802147,716,0.9417612151061822,46245.05,1.1,5706810417538052618,True
SC64,SC4641E0,iso8_matched,11,46364.0,4.0,0.15,22.247668335241396,723,0.9344602948917136,46363.95,1.1,5706810417538052618,True
SC64,SC4641E0,iso8_matched,12,46446.0,4.0,0.15,18.589927851696636,678,0.8940625867940051,46446.05,1.0,5706810417538052618,True
SC64,SC4641E0,iso8_matched,13,46542.0,4.0,0.15,12.827758908706905,686,0.8698819979212626,46541.9,1.1,5706810417538052618,True
SC64,SC4641E0,iso8_matched,14,46671.0,4.0,0.15,13.299570376823628,644,0.48448432700979743,46671.65,1.1,5706810417538052618,True
SC64,SC4641E0,iso8_matched,15,46768.0,4.0,0.15,14.714350449044957,743,0.0,,,5706810417538052618,True
SC64,SC4641E0,iso8_matched,16,46905.0,4.0,0.15,14.738500986533348,589,0.8157907717201077,46904.9,0.9,5706810417538052618,True
SC64,SC4641E0,iso8_matched,17,46973.0,4.0,0.15,15.41083041744825,633,0.9099663583426008,46973.2,0.9,5706810417538052618,True
SC64,SC4641E0,iso8_matched,18,47102.0,4.0,0.15,13.18397211795411,726,0.968753355145683,47102.0,1.1,5706810417538052618,True
SC64,SC4641E0,iso8_matched,19,47275.0,4.0,0.15,7.089471016523424,675,0.5007187718200445,47275.15,1.0,5706810417538052618,True
SC64,SC4641E0,sync8_c0,0,31075.0,4.0,0.15,7.730673649816449,669,0.5224913270939825,31074.65,0.9,5706810417538052618,True
SC64,SC4641E0,sync8_c0,1,31166.0,4.0,0.15,9.910987921167381,727,0.5718325007239575,31166.2,1.0,5706810417538052618,True
SC64,SC4641E0,sync8_c0,2,45331.0,4.0,0.15,10.639921440695105,699,0.8090490603823526,45330.95,1.1,5706810417538052618,True
SC64,SC4641E0,sync8_c0,3,45451.0,4.0,0.15,15.981708561506979,656,0.8909295989891969,45451.0,1.0,5706810417538052618,True
SC64,SC4641E0,sync8_c0,4,45597.0,4.0,0.15,19.32709040212874,628,0.4783606127670867,45597.2,0.9,5706810417538052618,True
SC64,SC4641E0,sync8_c0,5,45784.0,4.0,0.15,26.29758595011657,691,0.7251078126185876,45784.0,1.1,5706810417538052618,True
SC64,SC4641E0,sync8_c0,6,45845.0,4.0,0.15,25.324694815026717,609,0.8966423074757947,45844.9,0.9,5706810417538052618,True
SC64,SC4641E0,sync8_c0,7,45948.0,4.0,0.15,15.794450389071864,669,0.9392771034808078,45948.0,1.0,5706810417538052618,True
SC64,SC4641E0,sync8_c0,8,46048.0,4.0,0.15,20.642909330227862,754,0.9216254780256472,46047.95,1.2,5706810417538052618,True
SC64,SC4641E0,sync8_c0,9,46154.0,4.0,0.15,22.17547400476289,687,0.4254713278489807,46154.1,1.0,5706810417538052618,True
SC64,SC4641E0,sync8_c0,10,46245.0,4.0,0.15,30.511552254802147,716,0.9005725966545625,46245.1,1.1,5706810417538052618,True
SC64,SC4641E0,sync8_c0,11,46364.0,4.0,0.15,22.247668335241396,728,0.9146352185998381,46364.0,1.1,5706810417538052618,True
SC64,SC4641E0,sync8_c0,12,46446.0,4.0,0.15,18.589927851696636,683,0.8797745130880567,46446.05,1.0,5706810417538052618,True
SC64,SC4641E0,sync8_c0,13,46542.0,4.0,0.15,12.827758908706905,682,0.896511899449589,46542.15,1.0,5706810417538052618,True
SC64,SC4641E0,sync8_c0,14,46671.0,4.0,0.15,13.299570376823628,641,0.43037410863955583,46671.15,0.9,5706810417538052618,True
SC64,SC4641E0,sync8_c0,15,46768.0,4.0,0.15,14.714350449044957,753,0.8015878727468603,46767.9,1.2,5706810417538052618,True
SC64,SC4641E0,sync8_c0,16,46905.0,4.0,0.15,14.738500986533348,588,0.8163389109465232,46904.9,0.9,5706810417538052618,True
SC64,SC4641E0,sync8_c0,17,46973.0,4.0,0.15,15.41083041744825,623,0.9487722104432559,46973.1,0.9,5706810417538052618,True
SC64,SC4641E0,sync8_c0,18,47102.0,4.0,0.15,13.18397211795411,728,0.9280694715146881,47102.1,1.1,5706810417538052618,True
SC64,SC4641E0,sync8_c0,19,47275.0,4.0,0.15,7.089471016523424,674,0.45842138614140054,47275.35,0.9,5706810417538052618,True
SC64,SC4642E0,iso8_matched,0,33156.0,4.0,0.15,65.94274853101496,651,0.8928404536294213,33155.95,1.0,4641163140050906455,True
SC64,SC4642E0,iso8_matched,1,33241.0,4.0,0.15,63.07683161667062,595,0.9144838601923644,33240.9,0.9,4641163140050906455,True
SC64,SC4642E0,iso8_matched,2,33482.0,4.0,0.15,68.37910121655321,665,0.9662698578661062,33482.0,1.0,4641163140050906455,True
SC64,SC4642E0,iso8_matched,3,33560.0,4.0,0.15,50.95235863339091,614,0.8675215664810214,33560.0,0.9,4641163140050906455,True
SC64,SC4642E0,iso8_matched,4,33626.0,4.0,0.15,42.73849332640538,614,0.863383900906722,33626.1,0.9,4641163140050906455,True
SC64,SC4642E0,iso8_matched,5,33802.0,4.0,0.15,29.739112584071385,675,0.904762034466661,33802.05,1.0,4641163140050906455,True
SC64,SC4642E0,iso8_matched,6,33960.0,4.0,0.15,37.42166993260718,641,0.8422669519149691,33959.85,1.0,4641163140050906455,True
SC64,SC4642E0,iso8_matched,7,34157.0,4.0,0.15,47.25894762184898,640,0.9077504099343948,34156.9,1.0,4641163140050906455,True
SC64,SC4642E0,iso8_matched,8,34218.0,4.0,0.15,37.82999745331368,733,0.9107896177538094,34218.15,1.1,4641163140050906455,True
SC64,SC4642E0,iso8_matched,9,34357.0,4.0,0.15,26.17714917807318,678,0.8905576167388096,34357.05,1.0,4641163140050906455,True
SC64,SC4642E0,iso8_matched,10,34865.0,4.0,0.15,22.264054280058772,701,0.0,,,4641163140050906455,True
SC64,SC4642E0,iso8_matched,11,49077.0,4.0,0.15,7.263371359117635,705,0.9007069365908681,49076.9,1.1,4641163140050906455,True
SC64,SC4642E0,iso8_matched,12,49228.0,4.0,0.15,8.72074449732837,725,0.919563845847951,49228.05,1.1,4641163140050906455,True
SC64,SC4642E0,iso8_matched,13,49303.0,4.0,0.15,8.971863172452759,671,0.5990705398890616,49303.05,1.0,4641163140050906455,True
SC64,SC4642E0,iso8_matched,14,49451.0,4.0,0.15,9.827589024669914,635,0.9140358570187397,49451.1,0.9,4641163140050906455,True
SC64,SC4642E0,iso8_matched,15,49572.0,4.0,0.15,10.069201191090755,704,0.9431965258413602,49572.0,1.1,4641163140050906455,True
SC64,SC4642E0,iso8_matched,16,55510.0,4.0,0.15,7.372858649033657,709,0.6248018559497096,55510.7,1.1,4641163140050906455,True
SC64,SC4642E0,iso8_matched,17,55627.0,4.0,0.15,13.476406743924569,630,0.5581900860660017,55627.2,0.9,4641163140050906455,True
SC64,SC4642E0,iso8_matched,18,55702.0,4.0,0.15,22.785475675542013,624,0.7672910234004447,55701.4,0.9,4641163140050906455,True
SC64,SC4642E0,iso8_matched,19,55805.0,4.0,0.15,24.681463359987756,623,0.7688573144733241,55804.45,0.9,4641163140050906455,True
SC64,SC4642E0,sync8_c0,0,33156.0,4.0,0.15,65.94274853101496,654,0.8851859759793012,33155.95,1.0,4641163140050906455,True
SC64,SC4642E0,sync8_c0,1,33241.0,4.0,0.15,63.07683161667062,607,0.9112421113243427,33240.95,0.9,4641163140050906455,True
SC64,SC4642E0,sync8_c0,2,33482.0,4.0,0.15,68.37910121655321,665,0.9363091296103991,33482.0,1.0,4641163140050906455,True
SC64,SC4642E0,sync8_c0,3,33560.0,4.0,0.15,50.95235863339091,614,0.8480164340109074,33560.0,0.9,4641163140050906455,True
SC64,SC4642E0,sync8_c0,4,33626.0,4.0,0.15,42.73849332640538,619,0.7953929856024871,33625.9,1.0,4641163140050906455,True
SC64,SC4642E0,sync8_c0,5,33802.0,4.0,0.15,29.739112584071385,678,0.8973281211222688,33802.1,1.0,4641163140050906455,True
SC64,SC4642E0,sync8_c0,6,33960.0,4.0,0.15,37.42166993260718,643,0.8429289976630868,33959.85,1.0,4641163140050906455,True
SC64,SC4642E0,sync8_c0,7,34157.0,4.0,0.15,47.25894762184898,641,0.903376415240321,34156.95,1.0,4641163140050906455,True
SC64,SC4642E0,sync8_c0,8,34218.0,4.0,0.15,37.82999745331368,732,0.8712960756636005,34218.2,1.1,4641163140050906455,True
SC64,SC4642E0,sync8_c0,9,34357.0,4.0,0.15,26.17714917807318,677,0.9086152353084506,34357.05,1.0,4641163140050906455,True
SC64,SC4642E0,sync8_c0,10,34865.0,4.0,0.15,22.264054280058772,701,0.6293089536040938,34864.95,1.1,4641163140050906455,True
SC64,SC4642E0,sync8_c0,11,49077.0,4.0,0.15,7.263371359117635,707,0.8875896945520699,49077.0,1.1,4641163140050906455,True
SC64,SC4642E0,sync8_c0,12,49228.0,4.0,0.15,8.72074449732837,726,0.8454521645913399,49227.85,1.2,4641163140050906455,True
SC64,SC4642E0,sync8_c0,13,49303.0,4.0,0.15,8.971863172452759,670,0.620298555625373,49303.05,1.0,4641163140050906455,True
SC64,SC4642E0,sync8_c0,14,49451.0,4.0,0.15,9.827589024669914,635,0.9330565723198976,49451.05,0.9,4641163140050906455,True
SC64,SC4642E0,sync8_c0,15,49572.0,4.0,0.15,10.069201191090755,703,0.9396633221062481,49572.05,1.1,4641163140050906455,True
SC64,SC4642E0,sync8_c0,16,55510.0,4.0,0.15,7.372858649033657,720,0.6899580323027321,55510.05,1.1,4641163140050906455,True
SC64,SC4642E0,sync8_c0,17,55627.0,4.0,0.15,13.476406743924569,624,0.5816084346493011,55627.1,0.9,4641163140050906455,True
SC64,SC4642E0,sync8_c0,18,55702.0,4.0,0.15,22.785475675542013,619,0.6311886539253377,55702.0,0.9,4641163140050906455,True
SC64,SC4642E0,sync8_c0,19,55805.0,4.0,0.15,24.681463359987756,620,0.7839981785549281,55805.05,0.9,4641163140050906455,True
SC65,SC4651E0,iso8_matched,0,31944.0,4.0,0.15,12.15166656484953,685,0.8729806124694585,31943.9,1.1,16627341325834297735,True
SC65,SC4651E0,iso8_matched,1,32200.0,4.0,0.15,13.373528746936824,700,0.9213323449508849,32200.0,1.1,16627341325834297735,True
SC65,SC4651E0,iso8_matched,2,32380.0,4.0,0.15,12.363883306060389,589,0.9046909547523982,32379.85,0.9,16627341325834297735,True
SC65,SC4651E0,iso8_matched,3,32934.0,4.0,0.15,10.416695710432112,737,0.7954617249066448,32934.1,1.1,16627341325834297735,True
SC65,SC4651E0,iso8_matched,4,33004.0,4.0,0.15,10.268216580794373,657,0.9385960153726342,33004.05,1.0,16627341325834297735,True
SC65,SC4651E0,iso8_matched,5,40936.0,4.0,0.15,9.009056867773408,591,0.9186086686789638,40935.95,0.9,16627341325834297735,True
SC65,SC4651E0,iso8_matched,6,41045.0,4.0,0.15,9.539185538284634,707,0.808160388665765,41045.05,1.1,16627341325834297735,True
SC65,SC4651E0,iso8_matched,7,41147.0,4.0,0.15,10.225559591084357,735,0.9609884783376461,41147.1,1.1,16627341325834297735,True
SC65,SC4651E0,iso8_matched,8,41388.0,4.0,0.15,10.757197776318579,683,0.9209437147271403,41387.85,1.1,16627341325834297735,True
SC65,SC4651E0,iso8_matched,9,41713.0,4.0,0.15,10.199820466469246,722,0.8976264460428318,41713.0,1.1,16627341325834297735,True
SC65,SC4651E0,iso8_matched,10,41853.0,4.0,0.15,10.595220119537423,655,0.958258476807337,41853.0,1.0,16627341325834297735,True
SC65,SC4651E0,iso8_matched,11,42031.0,4.0,0.15,13.515033381110674,713,0.9393718422829885,42031.05,1.1,16627341325834297735,True
SC65,SC4651E0,iso8_matched,12,49045.0,4.0,0.15,10.346093646356728,696,0.8491637887148066,49044.9,1.1,16627341325834297735,True
SC65,SC4651E0,iso8_matched,13,49375.0,4.0,0.15,16.879824463707354,668,0.8787285231366762,49374.7,1.1,16627341325834297735,True
SC65,SC4651E0,iso8_matched,14,49485.0,4.0,0.15,19.533363607641107,677,0.7752832082682597,49485.15,1.0,16627341325834297735,True
SC65,SC4651E0,iso8_matched,15,50501.0,4.0,0.15,9.775715563223558,749,0.7729758723346347,50500.95,1.2,16627341325834297735,True
SC65,SC4651E0,iso8_matched,16,50740.0,4.0,0.15,10.119985396724754,722,0.9117683599523514,50740.1,1.1,16627341325834297735,True
SC65,SC4651E0,iso8_matched,17,50886.0,4.0,0.15,10.332179640646407,720,0.9480325942420006,50886.0,1.1,16627341325834297735,True
SC65,SC4651E0,iso8_matched,18,50999.0,4.0,0.15,11.236448338403749,750,0.928928621608228,50999.15,1.1,16627341325834297735,True
SC65,SC4651E0,iso8_matched,19,56143.0,4.0,0.15,9.715375551428293,590,0.839419904899263,56143.0,0.9,16627341325834297735,True
SC65,SC4651E0,sync8_c0,0,31944.0,4.0,0.15,12.15166656484953,682,0.8743573358710957,31944.15,1.0,16627341325834297735,True
SC65,SC4651E0,sync8_c0,1,32200.0,4.0,0.15,13.373528746936824,705,0.9049657620617615,32200.05,1.1,16627341325834297735,True
SC65,SC4651E0,sync8_c0,2,32380.0,4.0,0.15,12.363883306060389,594,0.8837401810286156,32379.85,0.9,16627341325834297735,True
SC65,SC4651E0,sync8_c0,3,32934.0,4.0,0.15,10.416695710432112,740,0.7693688098918061,32934.15,1.1,16627341325834297735,True
SC65,SC4651E0,sync8_c0,4,33004.0,4.0,0.15,10.268216580794373,649,0.9181119358477549,33004.05,1.0,16627341325834297735,True
SC65,SC4651E0,sync8_c0,5,40936.0,4.0,0.15,9.009056867773408,587,0.8882733712220714,40935.9,0.9,16627341325834297735,True
SC65,SC4651E0,sync8_c0,6,41045.0,4.0,0.15,9.539185538284634,702,0.8157335806119893,41045.1,1.1,16627341325834297735,True
SC65,SC4651E0,sync8_c0,7,41147.0,4.0,0.15,10.225559591084357,738,0.9086430936369134,41147.15,1.1,16627341325834297735,True
SC65,SC4651E0,sync8_c0,8,41388.0,4.0,0.15,10.757197776318579,683,0.9305387821780989,41387.95,1.1,16627341325834297735,True
SC65,SC4651E0,sync8_c0,9,41713.0,4.0,0.15,10.199820466469246,723,0.8617676120017553,41713.1,1.1,16627341325834297735,True
SC65,SC4651E0,sync8_c0,10,41853.0,4.0,0.15,10.595220119537423,656,0.9445225752596689,41853.0,1.0,16627341325834297735,True
SC65,SC4651E0,sync8_c0,11,42031.0,4.0,0.15,13.515033381110674,718,0.903948574884876,42031.15,1.1,16627341325834297735,True
SC65,SC4651E0,sync8_c0,12,49045.0,4.0,0.15,10.346093646356728,699,0.9087376801650913,49044.95,1.1,16627341325834297735,True
SC65,SC4651E0,sync8_c0,13,49375.0,4.0,0.15,16.879824463707354,674,0.9421936801703632,49374.85,1.1,16627341325834297735,True
SC65,SC4651E0,sync8_c0,14,49485.0,4.0,0.15,19.533363607641107,679,0.7950978288638119,49484.95,1.1,16627341325834297735,True
SC65,SC4651E0,sync8_c0,15,50501.0,4.0,0.15,9.775715563223558,757,0.7352848964945181,50501.0,1.2,16627341325834297735,True
SC65,SC4651E0,sync8_c0,16,50740.0,4.0,0.15,10.119985396724754,713,0.9018961481217345,50740.1,1.1,16627341325834297735,True
SC65,SC4651E0,sync8_c0,17,50886.0,4.0,0.15,10.332179640646407,719,0.9410809196722093,50886.1,1.1,16627341325834297735,True
SC65,SC4651E0,sync8_c0,18,50999.0,4.0,0.15,11.236448338403749,752,0.8806222552576897,50999.2,1.1,16627341325834297735,True
SC65,SC4651E0,sync8_c0,19,56143.0,4.0,0.15,9.715375551428293,575,0.7812047046732343,56142.9,0.9,16627341325834297735,True
SC65,SC4652E0,iso8_matched,0,36106.0,4.0,0.15,15.299312692464596,755,0.8891587960893729,36106.2,1.1,9528742739794510950,True
SC65,SC4652E0,iso8_matched,1,36576.0,4.0,0.15,11.179464709493843,671,0.0,,,9528742739794510950,True
SC65,SC4652E0,iso8_matched,2,36866.0,4.0,0.15,12.538455570802437,614,0.9256477428441883,36866.1,0.9,9528742739794510950,True
SC65,SC4652E0,iso8_matched,3,36971.0,4.0,0.15,10.339875483536494,679,0.8863155934681652,36971.1,1.0,9528742739794510950,True
SC65,SC4652E0,iso8_matched,4,37176.0,4.0,0.15,10.06698871601049,734,0.0,,,9528742739794510950,True
SC65,SC4652E0,iso8_matched,5,37614.0,4.0,0.15,13.558108577008666,594,0.8548236853496054,37613.9,0.9,9528742739794510950,True
SC65,SC4652E0,iso8_matched,6,37945.0,4.0,0.15,11.46391296004496,652,0.9592794741019359,37945.0,1.0,9528742739794510950,True
SC65,SC4652E0,iso8_matched,7,38258.0,4.0,0.15,8.652152688589123,608,0.8622588230449941,38258.05,0.9,9528742739794510950,True
SC65,SC4652E0,iso8_matched,8,38539.0,4.0,0.15,8.711242036704775,673,0.9513337770521755,38539.05,1.0,9528742739794510950,True
SC65,SC4652E0,iso8_matched,9,46254.0,4.0,0.15,11.027776714438907,667,0.8634728042948746,46254.05,1.0,9528742739794510950,True
SC65,SC4652E0,iso8_matched,10,46602.0,4.0,0.15,13.201929676875835,679,0.8983310679816972,46602.1,1.0,9528742739794510950,True
SC65,SC4652E0,iso8_matched,11,46684.0,4.0,0.15,14.836478125073167,697,0.9315170148684488,46683.95,1.1,9528742739794510950,True
SC65,SC4652E0,iso8_matched,12,46827.0,4.0,0.15,16.181957856678547,658,0.9583514146588126,46826.95,1.0,9528742739794510950,True
SC65,SC4652E0,iso8_matched,13,47873.0,4.0,0.15,11.069343376479251,644,0.9140895322718575,47872.95,1.0,9528742739794510950,True
SC65,SC4652E0,iso8_matched,14,48016.0,4.0,0.15,10.767984418761968,732,0.8408725849854661,48016.15,1.1,9528742739794510950,True
SC65,SC4652E0,iso8_matched,15,55674.0,4.0,0.15,11.054529191093616,695,0.8118704966946351,55673.85,1.1,9528742739794510950,True
SC65,SC4652E0,iso8_matched,16,56175.0,4.0,0.15,14.430132682068503,683,0.6785583011054249,56175.15,1.0,9528742739794510950,True
SC65,SC4652E0,iso8_matched,17,56956.0,4.0,0.15,15.721164845562537,692,0.8836845667951758,56955.8,1.1,9528742739794510950,True
SC65,SC4652E0,iso8_matched,18,57213.0,4.0,0.15,11.343712252134752,749,0.9030686639630737,57213.0,1.2,9528742739794510950,True
SC65,SC4652E0,iso8_matched,19,62452.0,4.0,0.15,11.48522857422302,610,0.9346564319539286,62452.0,0.9,9528742739794510950,True
SC65,SC4652E0,sync8_c0,0,36106.0,4.0,0.15,15.299312692464596,756,0.8737741066482667,36105.95,1.2,9528742739794510950,True
SC65,SC4652E0,sync8_c0,1,36576.0,4.0,0.15,11.179464709493843,680,0.8899287746566904,36575.95,1.1,9528742739794510950,True
SC65,SC4652E0,sync8_c0,2,36866.0,4.0,0.15,12.538455570802437,611,0.8922252784575034,36866.05,0.9,9528742739794510950,True
SC65,SC4652E0,sync8_c0,3,36971.0,4.0,0.15,10.339875483536494,681,0.8753471143171176,36970.95,1.1,9528742739794510950,True
SC65,SC4652E0,sync8_c0,4,37176.0,4.0,0.15,10.06698871601049,735,0.6976243513239725,37176.3,1.0,9528742739794510950,True
SC65,SC4652E0,sync8_c0,5,37614.0,4.0,0.15,13.558108577008666,603,0.8111585868863117,37613.95,0.9,9528742739794510950,True
SC65,SC4652E0,sync8_c0,6,37945.0,4.0,0.15,11.46391296004496,648,0.9252843511022809,37944.95,1.0,9528742739794510950,True
SC65,SC4652E0,sync8_c0,7,38258.0,4.0,0.15,8.652152688589123,604,0.8357352565314186,38257.95,0.9,9528742739794510950,True
SC65,SC4652E0,sync8_c0,8,38539.0,4.0,0.15,8.711242036704775,672,0.9569146001289037,38539.05,1.0,9528742739794510950,True
SC65,SC4652E0,sync8_c0,9,46254.0,4.0,0.15,11.027776714438907,661,0.8434576552707844,46254.05,1.0,9528742739794510950,True
SC65,SC4652E0,sync8_c0,10,46602.0,4.0,0.15,13.201929676875835,681,0.8926242338850529,46602.1,1.0,9528742739794510950,True
SC65,SC4652E0,sync8_c0,11,46684.0,4.0,0.15,14.836478125073167,689,0.930725889651126,46684.0,1.1,9528742739794510950,True
SC65,SC4652E0,sync8_c0,12,46827.0,4.0,0.15,16.181957856678547,660,0.9436594780093744,46826.95,1.0,9528742739794510950,True
SC65,SC4652E0,sync8_c0,13,47873.0,4.0,0.15,11.069343376479251,636,0.8662589723503472,47873.15,0.9,9528742739794510950,True
SC65,SC4652E0,sync8_c0,14,48016.0,4.0,0.15,10.767984418761968,725,0.7746813686246742,48016.2,1.1,9528742739794510950,True
SC65,SC4652E0,sync8_c0,15,55674.0,4.0,0.15,11.054529191093616,703,0.7899443161639297,55674.0,1.1,9528742739794510950,True
SC65,SC4652E0,sync8_c0,16,56175.0,4.0,0.15,14.430132682068503,682,0.5549394406855299,56175.1,1.0,9528742739794510950,True
SC65,SC4652E0,sync8_c0,17,56956.0,4.0,0.15,15.721164845562537,698,0.923519620014028,56955.95,1.1,9528742739794510950,True
SC65,SC4652E0,sync8_c0,18,57213.0,4.0,0.15,11.343712252134752,742,0.86864693726554,57213.0,1.2,9528742739794510950,True
SC65,SC4652E0,sync8_c0,19,62452.0,4.0,0.15,11.48522857422302,603,0.8776724115518679,62451.95,0.9,9528742739794510950,True
SC66,SC4661E0,iso8_matched,0,26382.0,4.0,0.15,9.31970269417873,599,0.9065927065804796,26381.95,0.9,12516926971051021750,True
SC66,SC4661E0,iso8_matched,1,40684.0,4.0,0.15,11.718363359739515,668,0.8362430233614482,40684.0,1.0,12516926971051021750,True
SC66,SC4661E0,iso8_matched,2,40763.0,4.0,0.15,12.683084377523945,690,0.8906195526683555,40763.15,1.0,12516926971051021750,True
SC66,SC4661E0,iso8_matched,3,41112.0,4.0,0.15,15.641257487028977,711,0.0,,,12516926971051021750,True
SC66,SC4661E0,iso8_matched,4,41187.0,4.0,0.15,16.982195345685405,737,0.7395558320798407,41187.05,1.1,12516926971051021750,True
SC66,SC4661E0,iso8_matched,5,41324.0,4.0,0.15,23.88272028528398,609,0.8773905841903861,41323.95,0.9,12516926971051021750,True
SC66,SC4661E0,iso8_matched,6,42037.0,4.0,0.15,7.727224294775301,654,0.8616759853117757,42036.95,1.0,12516926971051021750,True
SC66,SC4661E0,iso8_matched,7,42457.0,4.0,0.15,8.366483472175906,609,0.9241771496240947,42457.0,0.9,12516926971051021750,True
SC66,SC4661E0,iso8_matched,8,42865.0,4.0,0.15,8.013120522986826,668,0.8920296125229639,42865.05,1.0,12516926971051021750,True
SC66,SC4661E0,iso8_matched,9,42954.0,4.0,0.15,8.095072751451402,606,0.8233277507167649,42954.0,0.9,12516926971051021750,True
SC66,SC4661E0,iso8_matched,10,46809.0,4.0,0.15,13.82171654130351,721,0.9587030026679577,46809.05,1.1,12516926971051021750,True
SC66,SC4661E0,iso8_matched,11,46999.0,4.0,0.15,11.3085271585034,749,0.9362466562707316,46998.95,1.2,12516926971051021750,True
SC66,SC4661E0,iso8_matched,12,47178.0,4.0,0.15,10.048594627317364,670,0.8621042745957262,47178.1,1.0,12516926971051021750,True
SC66,SC4661E0,iso8_matched,13,47303.0,4.0,0.15,9.754662106875172,735,0.0,,,12516926971051021750,True
SC66,SC4661E0,iso8_matched,14,47471.0,4.0,0.15,8.824001999728988,634,0.9152972449753847,47470.85,1.0,12516926971051021750,True
SC66,SC4661E0,iso8_matched,15,47577.0,4.0,0.15,8.812082699385495,694,0.9338780034623303,47576.9,1.1,12516926971051021750,True
SC66,SC4661E0,iso8_matched,16,48098.0,4.0,0.15,7.689662306498899,633,0.8765643698755391,48097.8,1.0,12516926971051021750,True
SC66,SC4661E0,iso8_matched,17,48163.0,4.0,0.15,7.842309817884467,608,0.8739684943353385,48163.0,0.9,12516926971051021750,True
SC66,SC4661E0,iso8_matched,18,48460.0,4.0,0.15,8.336017202204111,691,0.9005709770960051,48459.9,1.1,12516926971051021750,True
SC66,SC4661E0,iso8_matched,19,48555.0,4.0,0.15,8.379194976701644,689,0.9014369377786219,48555.05,1.0,12516926971051021750,True
SC66,SC4661E0,sync8_c0,0,26382.0,4.0,0.15,9.31970269417873,601,0.9103208295102259,26381.95,0.9,12516926971051021750,True
SC66,SC4661E0,sync8_c0,1,40684.0,4.0,0.15,11.718363359739515,670,0.8057870506161402,40683.95,1.0,12516926971051021750,True
SC66,SC4661E0,sync8_c0,2,40763.0,4.0,0.15,12.683084377523945,686,0.8931856137545473,40763.15,1.0,12516926971051021750,True
SC66,SC4661E0,sync8_c0,3,41112.0,4.0,0.15,15.641257487028977,717,0.6176765270169419,41111.45,1.0,12516926971051021750,True
SC66,SC4661E0,sync8_c0,4,41187.0,4.0,0.15,16.982195345685405,744,0.8041473903851347,41187.15,1.1,12516926971051021750,True
SC66,SC4661E0,sync8_c0,5,41324.0,4.0,0.15,23.88272028528398,614,0.8727685356053531,41323.95,0.9,12516926971051021750,True
SC66,SC4661E0,sync8_c0,6,42037.0,4.0,0.15,7.727224294775301,657,0.8165246865907804,42037.0,1.0,12516926971051021750,True
SC66,SC4661E0,sync8_c0,7,42457.0,4.0,0.15,8.366483472175906,618,0.8842431958595646,42457.0,0.9,12516926971051021750,True
SC66,SC4661E0,sync8_c0,8,42865.0,4.0,0.15,8.013120522986826,664,0.8804955865322325,42865.0,1.0,12516926971051021750,True
SC66,SC4661E0,sync8_c0,9,42954.0,4.0,0.15,8.095072751451402,607,0.8579918754247446,42954.0,0.9,12516926971051021750,True
SC66,SC4661E0,sync8_c0,10,46809.0,4.0,0.15,13.82171654130351,724,0.9287692766362016,46809.15,1.1,12516926971051021750,True
SC66,SC4661E0,sync8_c0,11,46999.0,4.0,0.15,11.3085271585034,748,0.9469121710801578,46999.0,1.2,12516926971051021750,True
SC66,SC4661E0,sync8_c0,12,47178.0,4.0,0.15,10.048594627317364,667,0.8692059706631314,47178.1,1.0,12516926971051021750,True
SC66,SC4661E0,sync8_c0,13,47303.0,4.0,0.15,9.754662106875172,728,0.7235835542506913,47303.2,1.1,12516926971051021750,True
SC66,SC4661E0,sync8_c0,14,47471.0,4.0,0.15,8.824001999728988,642,0.9425364772079293,47470.9,1.0,12516926971051021750,True
SC66,SC4661E0,sync8_c0,15,47577.0,4.0,0.15,8.812082699385495,692,0.9285554353231832,47576.95,1.1,12516926971051021750,True
SC66,SC4661E0,sync8_c0,16,48098.0,4.0,0.15,7.689662306498899,634,0.906944765161575,48097.8,1.0,12516926971051021750,True
SC66,SC4661E0,sync8_c0,17,48163.0,4.0,0.15,7.842309817884467,609,0.8673318869095925,48163.0,0.9,12516926971051021750,True
SC66,SC4661E0,sync8_c0,18,48460.0,4.0,0.15,8.336017202204111,682,0.8891652811961706,48459.95,1.1,12516926971051021750,True
SC66,SC4661E0,sync8_c0,19,48555.0,4.0,0.15,8.379194976701644,697,0.8786628085586322,48554.9,1.1,12516926971051021750,True
SC66,SC4662E0,iso8_matched,0,30596.0,4.0,0.15,12.46498372579443,665,0.9026109235276055,30596.05,1.0,8326198844543503693,True
SC66,SC4662E0,iso8_matched,1,30836.0,4.0,0.15,12.329784631115997,603,0.9340215188198646,30836.0,0.9,8326198844543503693,True
SC66,SC4662E0,iso8_matched,2,31376.0,4.0,0.15,9.08352984233835,611,0.8558305334008713,31376.0,0.9,8326198844543503693,True
SC66,SC4662E0,iso8_matched,3,31885.0,4.0,0.15,8.058773641788978,702,0.9276637476386944,31885.0,1.1,8326198844543503693,True
SC66,SC4662E0,iso8_matched,4,32058.0,4.0,0.15,8.553663627532272,717,0.9349909315603556,32058.05,1.1,8326198844543503693,True
SC66,SC4662E0,iso8_matched,5,38598.0,4.0,0.15,19.711372708104182,644,0.8903572252570996,38597.9,1.0,8326198844543503693,True
SC66,SC4662E0,iso8_matched,6,39211.0,4.0,0.15,18.098301000044813,739,0.7912281321190284,39210.35,1.1,8326198844543503693,True
SC66,SC4662E0,iso8_matched,7,39464.0,4.0,0.15,20.85087844790831,706,0.934819365979777,39463.95,1.1,8326198844543503693,True
SC66,SC4662E0,iso8_matched,8,48378.0,4.0,0.15,20.245345854774378,616,0.7372120155139366,48378.05,0.9,8326198844543503693,True
SC66,SC4662E0,iso8_matched,9,48464.0,4.0,0.15,27.052160612776824,684,0.8695273354858664,48464.25,1.0,8326198844543503693,True
SC66,SC4662E0,iso8_matched,10,48575.0,4.0,0.15,30.594780619967825,707,0.8612199147879982,48574.95,1.1,8326198844543503693,True
SC66,SC4662E0,iso8_matched,11,49246.0,4.0,0.15,12.933960161857376,634,0.9044827208611674,49246.2,0.9,8326198844543503693,True
SC66,SC4662E0,iso8_matched,12,50011.0,4.0,0.15,9.146126345706492,719,0.9512127123888429,50011.1,1.1,8326198844543503693,True
SC66,SC4662E0,iso8_matched,13,57696.0,4.0,0.15,7.8981705554393065,705,0.9129450215473873,57695.95,1.1,8326198844543503693,True
SC66,SC4662E0,iso8_matched,14,58161.0,4.0,0.15,7.797433272913402,694,0.8683818968976387,58160.9,1.1,8326198844543503693,True
SC66,SC4662E0,iso8_matched,15,58292.0,4.0,0.15,7.3522835633719,632,0.8547534555375227,58292.1,0.9,8326198844543503693,True
SC66,SC4662E0,iso8_matched,16,58537.0,4.0,0.15,8.016531517417661,673,0.8608273075615281,58536.95,1.0,8326198844543503693,True
SC66,SC4662E0,iso8_matched,17,58777.0,4.0,0.15,8.425546707045434,671,0.9418401086623694,58777.05,1.0,8326198844543503693,True
SC66,SC4662E0,iso8_matched,18,59051.0,4.0,0.15,10.36537102853496,620,0.9070531371156733,59050.95,0.9,8326198844543503693,True
SC66,SC4662E0,iso8_matched,19,59286.0,4.0,0.15,12.116349831474418,729,0.906540405095144,59286.05,1.1,8326198844543503693,True
SC66,SC4662E0,sync8_c0,0,30596.0,4.0,0.15,12.46498372579443,667,0.8819332146892714,30596.05,1.0,8326198844543503693,True
SC66,SC4662E0,sync8_c0,1,30836.0,4.0,0.15,12.329784631115997,601,0.8822903098539049,30835.95,0.9,8326198844543503693,True
SC66,SC4662E0,sync8_c0,2,31376.0,4.0,0.15,9.08352984233835,623,0.8180247839568812,31376.0,0.9,8326198844543503693,True
SC66,SC4662E0,sync8_c0,3,31885.0,4.0,0.15,8.058773641788978,689,0.8704998963386804,31885.0,1.1,8326198844543503693,True
SC66,SC4662E0,sync8_c0,4,32058.0,4.0,0.15,8.553663627532272,716,0.9115118653555256,32058.1,1.1,8326198844543503693,True
SC66,SC4662E0,sync8_c0,5,38598.0,4.0,0.15,19.711372708104182,643,0.8906541497443172,38597.9,1.0,8326198844543503693,True
SC66,SC4662E0,sync8_c0,6,39211.0,4.0,0.15,18.098301000044813,738,0.8456396960782394,39211.2,1.1,8326198844543503693,True
SC66,SC4662E0,sync8_c0,7,39464.0,4.0,0.15,20.85087844790831,713,0.9018543866021883,39464.05,1.1,8326198844543503693,True
SC66,SC4662E0,sync8_c0,8,48378.0,4.0,0.15,20.245345854774378,613,0.8073023739524844,48378.0,0.9,8326198844543503693,True
SC66,SC4662E0,sync8_c0,9,48464.0,4.0,0.15,27.052160612776824,681,0.868579962287027,48464.0,1.1,8326198844543503693,True
SC66,SC4662E0,sync8_c0,10,48575.0,4.0,0.15,30.594780619967825,712,0.8367176509728825,48575.05,1.1,8326198844543503693,True
SC66,SC4662E0,sync8_c0,11,49246.0,4.0,0.15,12.933960161857376,629,0.919862135073691,49246.15,0.9,8326198844543503693,True
SC66,SC4662E0,sync8_c0,12,50011.0,4.0,0.15,9.146126345706492,716,0.924062663733703,50011.15,1.1,8326198844543503693,True
SC66,SC4662E0,sync8_c0,13,57696.0,4.0,0.15,7.8981705554393065,703,0.9259465183341223,57696.0,1.1,8326198844543503693,True
SC66,SC4662E0,sync8_c0,14,58161.0,4.0,0.15,7.797433272913402,696,0.9126991369003723,58161.0,1.1,8326198844543503693,True
SC66,SC4662E0,sync8_c0,15,58292.0,4.0,0.15,7.3522835633719,636,0.8680174859871331,58291.85,1.0,8326198844543503693,True
SC66,SC4662E0,sync8_c0,16,58537.0,4.0,0.15,8.016531517417661,685,0.8331623062142218,58536.95,1.0,8326198844543503693,True
SC66,SC4662E0,sync8_c0,17,58777.0,4.0,0.15,8.425546707045434,668,0.9283562329934828,58777.0,1.0,8326198844543503693,True
SC66,SC4662E0,sync8_c0,18,59051.0,4.0,0.15,10.36537102853496,631,0.8710851005346976,59050.95,0.9,8326198844543503693,True
SC66,SC4662E0,sync8_c0,19,59286.0,4.0,0.15,12.116349831474418,721,0.9344782258377344,59286.1,1.1,8326198844543503693,True
SC67,SC4671G0,iso8_matched,0,32939.0,4.0,0.15,13.339866693002659,690,0.927632708818294,32938.9,1.1,4035141075847357874,True
SC67,SC4671G0,iso8_matched,1,33056.0,4.0,0.15,15.825073279100893,677,0.0,,,4035141075847357874,True
SC67,SC4671G0,iso8_matched,2,33202.0,4.0,0.15,16.405279828293626,592,0.9337833497392608,33201.85,0.9,4035141075847357874,True
SC67,SC4671G0,iso8_matched,3,33290.0,4.0,0.15,17.362996765497765,713,0.9554528252790466,33290.0,1.1,4035141075847357874,True
SC67,SC4671G0,iso8_matched,4,40308.0,4.0,0.15,15.142457514924224,670,0.5291519080187548,40308.1,1.0,4035141075847357874,True
SC67,SC4671G0,iso8_matched,5,40456.0,4.0,0.15,16.10343170890267,736,0.9089574299426756,40456.1,1.1,4035141075847357874,True
SC67,SC4671G0,iso8_matched,6,40671.0,4.0,0.15,13.543574445049494,737,0.9505281623077936,40671.15,1.1,4035141075847357874,True
SC67,SC4671G0,iso8_matched,7,40821.0,4.0,0.15,14.401516984504289,625,0.9100827823938447,40821.05,0.9,4035141075847357874,True
SC67,SC4671G0,iso8_matched,8,45709.0,4.0,0.15,11.415690083400996,694,0.4858966404575177,45709.1,1.0,4035141075847357874,True
SC67,SC4671G0,iso8_matched,9,46043.0,4.0,0.15,13.964591827254246,713,0.9667740071150751,46043.05,1.1,4035141075847357874,True
SC67,SC4671G0,iso8_matched,10,46402.0,4.0,0.15,16.717188368331428,601,0.9744393003074797,46402.0,0.9,4035141075847357874,True
SC67,SC4671G0,iso8_matched,11,52830.0,4.0,0.15,8.851352567612903,682,0.3810066733656731,52830.7,1.2,4035141075847357874,True
SC67,SC4671G0,iso8_matched,12,53018.0,4.0,0.15,10.247577548820551,619,0.8558470440918124,53017.85,1.0,4035141075847357874,True
SC67,SC4671G0,iso8_matched,13,53150.0,4.0,0.15,12.924343215189449,614,0.9505355818462199,53150.05,0.9,4035141075847357874,True
SC67,SC4671G0,iso8_matched,14,53246.0,4.0,0.15,13.135658584133926,746,0.8856181811258084,53246.2,1.1,4035141075847357874,True
SC67,SC4671G0,iso8_matched,15,53424.0,4.0,0.15,12.304504274895507,676,0.6186460756949125,53424.1,1.0,4035141075847357874,True
SC67,SC4671G0,iso8_matched,16,53611.0,4.0,0.15,14.726882105297195,597,0.8021506178902865,53610.9,0.9,4035141075847357874,True
SC67,SC4671G0,iso8_matched,17,53781.0,4.0,0.15,17.037141625183146,606,0.8484196796313628,53780.95,0.9,4035141075847357874,True
SC67,SC4671G0,iso8_matched,18,54074.0,4.0,0.15,23.267727740218366,592,0.9009967410148404,54073.9,0.9,4035141075847357874,True
SC67,SC4671G0,iso8_matched,19,81049.0,4.0,0.15,11.854422219322723,597,0.8961862831288753,81048.95,0.9,4035141075847357874,True
SC67,SC4671G0,sync8_c0,0,32939.0,4.0,0.15,13.339866693002659,691,0.95850759027429,32939.0,1.1,4035141075847357874,True
SC67,SC4671G0,sync8_c0,1,33056.0,4.0,0.15,15.825073279100893,672,0.8266671611406544,33055.9,1.1,4035141075847357874,True
SC67,SC4671G0,sync8_c0,2,33202.0,4.0,0.15,16.405279828293626,603,0.9438762773854985,33201.9,0.9,4035141075847357874,True
SC67,SC4671G0,sync8_c0,3,33290.0,4.0,0.15,17.362996765497765,715,0.9128287839399719,33290.05,1.1,4035141075847357874,True
SC67,SC4671G0,sync8_c0,4,40308.0,4.0,0.15,15.142457514924224,668,0.5052878668215965,40308.25,0.9,4035141075847357874,True
SC67,SC4671G0,sync8_c0,5,40456.0,4.0,0.15,16.10343170890267,733,0.8738319708227286,40456.15,1.1,4035141075847357874,True
SC67,SC4671G0,sync8_c0,6,40671.0,4.0,0.15,13.543574445049494,726,0.9417859335198768,40671.15,1.1,4035141075847357874,True
SC67,SC4671G0,sync8_c0,7,40821.0,4.0,0.15,14.401516984504289,623,0.9493467320086706,40821.0,0.9,4035141075847357874,True
SC67,SC4671G0,sync8_c0,8,45709.0,4.0,0.15,11.415690083400996,686,0.6756334945456012,45709.1,1.0,4035141075847357874,True
SC67,SC4671G0,sync8_c0,9,46043.0,4.0,0.15,13.964591827254246,700,0.9442218076598485,46043.05,1.1,4035141075847357874,True
SC67,SC4671G0,sync8_c0,10,46402.0,4.0,0.15,16.717188368331428,602,0.9739864142307212,46401.95,0.9,4035141075847357874,True
SC67,SC4671G0,sync8_c0,11,52830.0,4.0,0.15,8.851352567612903,684,0.48884468954691046,52829.3,1.2,4035141075847357874,True
SC67,SC4671G0,sync8_c0,12,53018.0,4.0,0.15,10.247577548820551,621,0.8597382100875081,53017.9,1.0,4035141075847357874,True
SC67,SC4671G0,sync8_c0,13,53150.0,4.0,0.15,12.924343215189449,605,0.9752408491342629,53150.0,0.9,4035141075847357874,True
SC67,SC4671G0,sync8_c0,14,53246.0,4.0,0.15,13.135658584133926,745,0.8377574361797331,53246.25,1.1,4035141075847357874,True
SC67,SC4671G0,sync8_c0,15,53424.0,4.0,0.15,12.304504274895507,679,0.5190913975585477,53424.05,1.0,4035141075847357874,True
SC67,SC4671G0,sync8_c0,16,53611.0,4.0,0.15,14.726882105297195,599,0.7661085133326742,53610.85,0.9,4035141075847357874,True
SC67,SC4671G0,sync8_c0,17,53781.0,4.0,0.15,17.037141625183146,601,0.832854402629645,53780.95,0.9,4035141075847357874,True
SC67,SC4671G0,sync8_c0,18,54074.0,4.0,0.15,23.267727740218366,588,0.8537730211583909,54073.85,0.9,4035141075847357874,True
SC67,SC4671G0,sync8_c0,19,81049.0,4.0,0.15,11.854422219322723,594,0.8957526659575312,81048.9,0.9,4035141075847357874,True
SC67,SC4672G0,iso8_matched,0,40771.0,4.0,0.15,17.709046046225694,666,0.48872042286197215,40770.35,1.0,14364096832499489462,True
SC67,SC4672G0,iso8_matched,1,40872.0,4.0,0.15,33.90801961584485,574,0.821889917772528,40871.8,0.9,14364096832499489462,True
SC67,SC4672G0,iso8_matched,2,40978.0,4.0,0.15,45.55690580875996,701,0.8603734676594667,40977.95,1.1,14364096832499489462,True
SC67,SC4672G0,iso8_matched,3,41053.0,4.0,0.15,53.26699526958203,625,0.8997096712412481,41053.05,0.9,14364096832499489462,True
SC67,SC4672G0,iso8_matched,4,41265.0,4.0,0.15,42.552066804979276,699,0.8872365796622913,41264.8,1.1,14364096832499489462,True
SC67,SC4672G0,iso8_matched,5,41579.0,4.0,0.15,24.500868853591513,622,0.9207713358739972,41579.05,0.9,14364096832499489462,True
SC67,SC4672G0,iso8_matched,6,41649.0,4.0,0.15,22.988141020573906,630,0.9232989901707134,41649.0,1.0,14364096832499489462,True
SC67,SC4672G0,iso8_matched,7,41733.0,4.0,0.15,16.466267699674933,691,0.9237533434237626,41733.2,1.0,14364096832499489462,True
SC67,SC4672G0,iso8_matched,8,41805.0,4.0,0.15,12.612494105104844,614,0.8963452499935401,41804.85,1.0,14364096832499489462,True
SC67,SC4672G0,iso8_matched,9,41893.0,4.0,0.15,13.785494710830374,586,0.5118889196039386,41892.25,0.9,14364096832499489462,True
SC67,SC4672G0,iso8_matched,10,42097.0,4.0,0.15,18.615078967562443,629,0.8428245921379581,42097.1,0.9,14364096832499489462,True
SC67,SC4672G0,iso8_matched,11,42325.0,4.0,0.15,13.699829020048035,662,0.9507129125885699,42325.05,1.0,14364096832499489462,True
SC67,SC4672G0,iso8_matched,12,42491.0,4.0,0.15,16.318530102912202,614,0.9198839492960172,42491.05,0.9,14364096832499489462,True
SC67,SC4672G0,iso8_matched,13,42586.0,4.0,0.15,16.974548805510363,653,0.947247439625871,42585.95,1.0,14364096832499489462,True
SC67,SC4672G0,iso8_matched,14,48672.0,4.0,0.15,13.571231951829851,712,0.892348167812516,48671.95,1.1,14364096832499489462,True
SC67,SC4672G0,iso8_matched,15,54510.0,4.0,0.15,13.19836331416507,709,0.6841160409977487,54510.05,1.1,14364096832499489462,True
SC67,SC4672G0,iso8_matched,16,55233.0,4.0,0.15,9.492729919343818,582,0.8113163915258393,55232.85,0.9,14364096832499489462,True
SC67,SC4672G0,iso8_matched,17,55379.0,4.0,0.15,10.219372820220848,703,0.9375781769716637,55378.95,1.1,14364096832499489462,True
SC67,SC4672G0,iso8_matched,18,55456.0,4.0,0.15,10.924391737436434,715,0.9687887131932515,55456.05,1.1,14364096832499489462,True
SC67,SC4672G0,iso8_matched,19,55518.0,4.0,0.15,10.792138222279906,613,0.8322199070855,55518.1,0.9,14364096832499489462,True
SC67,SC4672G0,sync8_c0,0,40771.0,4.0,0.15,17.709046046225694,665,0.0,,,14364096832499489462,True
SC67,SC4672G0,sync8_c0,1,40872.0,4.0,0.15,33.90801961584485,578,0.8460017626842423,40871.85,0.9,14364096832499489462,True
SC67,SC4672G0,sync8_c0,2,40978.0,4.0,0.15,45.55690580875996,701,0.9033097818597522,40978.0,1.1,14364096832499489462,True
SC67,SC4672G0,sync8_c0,3,41053.0,4.0,0.15,53.26699526958203,619,0.931315123621705,41053.05,0.9,14364096832499489462,True
SC67,SC4672G0,sync8_c0,4,41265.0,4.0,0.15,42.552066804979276,704,0.9287213398405365,41264.9,1.1,14364096832499489462,True
SC67,SC4672G0,sync8_c0,5,41579.0,4.0,0.15,24.500868853591513,620,0.9369523900936796,41579.05,0.9,14364096832499489462,True
SC67,SC4672G0,sync8_c0,6,41649.0,4.0,0.15,22.988141020573906,624,0.8995502145942962,41649.0,1.0,14364096832499489462,True
SC67,SC4672G0,sync8_c0,7,41733.0,4.0,0.15,16.466267699674933,693,0.8958668594212231,41733.0,1.1,14364096832499489462,True
SC67,SC4672G0,sync8_c0,8,41805.0,4.0,0.15,12.612494105104844,611,0.8732788158815963,41804.85,1.0,14364096832499489462,True
SC67,SC4672G0,sync8_c0,9,41893.0,4.0,0.15,13.785494710830374,582,0.5447141188046658,41893.45,0.9,14364096832499489462,True
SC67,SC4672G0,sync8_c0,10,42097.0,4.0,0.15,18.615078967562443,637,0.8408514521935169,42096.85,1.0,14364096832499489462,True
SC67,SC4672G0,sync8_c0,11,42325.0,4.0,0.15,13.699829020048035,660,0.9393680339872168,42325.0,1.0,14364096832499489462,True
SC67,SC4672G0,sync8_c0,12,42491.0,4.0,0.15,16.318530102912202,608,0.9459154342778426,42491.0,0.9,14364096832499489462,True
SC67,SC4672G0,sync8_c0,13,42586.0,4.0,0.15,16.974548805510363,658,0.9255338766279793,42586.0,1.0,14364096832499489462,True
SC67,SC4672G0,sync8_c0,14,48672.0,4.0,0.15,13.571231951829851,720,0.8927953805000358,48672.05,1.1,14364096832499489462,True
SC67,SC4672G0,sync8_c0,15,54510.0,4.0,0.15,13.19836331416507,704,0.7403560918400097,54510.05,1.1,14364096832499489462,True
SC67,SC4672G0,sync8_c0,16,55233.0,4.0,0.15,9.492729919343818,585,0.8458214427691866,55232.9,0.9,14364096832499489462,True
SC67,SC4672G0,sync8_c0,17,55379.0,4.0,0.15,10.219372820220848,705,0.9338008777275177,55379.05,1.1,14364096832499489462,True
SC67,SC4672G0,sync8_c0,18,55456.0,4.0,0.15,10.924391737436434,719,0.9297078602904508,55456.15,1.1,14364096832499489462,True
SC67,SC4672G0,sync8_c0,19,55518.0,4.0,0.15,10.792138222279906,613,0.7894692127526258,55518.05,0.9,14364096832499489462,True
SC70,SC4701E0,iso8_matched,0,31799.0,4.0,0.15,10.290787621176609,657,0.8909044361132769,31799.05,1.0,18368514027434949123,True
SC70,SC4701E0,iso8_matched,1,31899.0,4.0,0.15,8.933244583981882,731,0.7478871772141997,31899.15,1.1,18368514027434949123,True
SC70,SC4701E0,iso8_matched,2,32053.0,4.0,0.15,9.145869016267099,707,0.9569363684586504,32052.95,1.1,18368514027434949123,True
SC70,SC4701E0,iso8_matched,3,32128.0,4.0,0.15,8.759773148735622,643,0.9286603977173378,32127.9,1.0,18368514027434949123,True
SC70,SC4701E0,iso8_matched,4,32398.0,4.0,0.15,9.561463432716726,589,0.921072263541426,32397.95,0.9,18368514027434949123,True
SC70,SC4701E0,iso8_matched,5,32496.0,4.0,0.15,9.984382359335033,602,0.9459617136955522,32496.0,0.9,18368514027434949123,True
SC70,SC4701E0,iso8_matched,6,32677.0,4.0,0.15,10.248314661296902,676,0.9165920260685576,32676.8,1.1,18368514027434949123,True
SC70,SC4701E0,iso8_matched,7,32766.0,4.0,0.15,9.81262064292441,727,0.8434051266566882,32765.95,1.1,18368514027434949123,True
SC70,SC4701E0,iso8_matched,8,32853.0,4.0,0.15,11.657605802082053,593,0.9120480071307168,32852.95,0.9,18368514027434949123,True
SC70,SC4701E0,iso8_matched,9,38796.0,4.0,0.15,7.6636015406474085,624,0.9234152807955057,38796.05,0.9,18368514027434949123,True
SC70,SC4701E0,iso8_matched,10,48064.0,4.0,0.15,7.796961192834343,711,0.977544581296321,48064.0,1.1,18368514027434949123,True
SC70,SC4701E0,iso8_matched,11,48214.0,4.0,0.15,8.631973521409225,581,0.8966817195259948,48213.9,0.9,18368514027434949123,True
SC70,SC4701E0,iso8_matched,12,48318.0,4.0,0.15,7.805436505874065,595,0.917213755238234,48317.85,0.9,18368514027434949123,True
SC70,SC4701E0,iso8_matched,13,48409.0,4.0,0.15,7.682920336097801,675,0.8781705733481897,48408.8,1.1,18368514027434949123,True
SC70,SC4701E0,iso8_matched,14,48518.0,4.0,0.15,8.49333682246223,606,0.9323078440157697,48518.05,0.9,18368514027434949123,True
SC70,SC4701E0,iso8_matched,15,48748.0,4.0,0.15,10.72948338300881,635,0.9018134545923504,48747.95,1.0,18368514027434949123,True
SC70,SC4701E0,iso8_matched,16,48821.0,4.0,0.15,9.376324127132008,693,0.944849205246843,48820.95,1.1,18368514027434949123,True
SC70,SC4701E0,iso8_matched,17,48891.0,4.0,0.15,8.63826074410915,714,0.6703096895844476,48890.95,1.1,18368514027434949123,True
SC70,SC4701E0,iso8_matched,18,49538.0,4.0,0.15,6.989513916564102,707,0.9426416158671046,49537.9,1.1,18368514027434949123,True
SC70,SC4701E0,iso8_matched,19,49640.0,4.0,0.15,9.298240249211824,715,0.923150742109214,49640.0,1.1,18368514027434949123,True
SC70,SC4701E0,sync8_c0,0,31799.0,4.0,0.15,10.290787621176609,657,0.9250820118409809,31799.0,1.0,18368514027434949123,True
SC70,SC4701E0,sync8_c0,1,31899.0,4.0,0.15,8.933244583981882,729,0.7320104023286615,31899.1,1.1,18368514027434949123,True
SC70,SC4701E0,sync8_c0,2,32053.0,4.0,0.15,9.145869016267099,708,0.9671607472179566,32053.0,1.1,18368514027434949123,True
SC70,SC4701E0,sync8_c0,3,32128.0,4.0,0.15,8.759773148735622,634,0.8877966541662778,32127.9,1.0,18368514027434949123,True
SC70,SC4701E0,sync8_c0,4,32398.0,4.0,0.15,9.561463432716726,594,0.9163618667938817,32397.95,0.9,18368514027434949123,True
SC70,SC4701E0,sync8_c0,5,32496.0,4.0,0.15,9.984382359335033,602,0.9261883672431044,32496.0,0.9,18368514027434949123,True
SC70,SC4701E0,sync8_c0,6,32677.0,4.0,0.15,10.248314661296902,677,0.9291236765429158,32676.9,1.1,18368514027434949123,True
SC70,SC4701E0,sync8_c0,7,32766.0,4.0,0.15,9.81262064292441,732,0.8406972325086763,32766.05,1.1,18368514027434949123,True
SC70,SC4701E0,sync8_c0,8,32853.0,4.0,0.15,11.657605802082053,595,0.8915771536350253,32852.95,0.9,18368514027434949123,True
SC70,SC4701E0,sync8_c0,9,38796.0,4.0,0.15,7.6636015406474085,622,0.9142800958472298,38796.0,0.9,18368514027434949123,True
SC70,SC4701E0,sync8_c0,10,48064.0,4.0,0.15,7.796961192834343,711,0.9700682767870995,48064.1,1.1,18368514027434949123,True
SC70,SC4701E0,sync8_c0,11,48214.0,4.0,0.15,8.631973521409225,580,0.8860565731708508,48213.9,0.9,18368514027434949123,True
SC70,SC4701E0,sync8_c0,12,48318.0,4.0,0.15,7.805436505874065,600,0.9164530289555808,48317.9,0.9,18368514027434949123,True
SC70,SC4701E0,sync8_c0,13,48409.0,4.0,0.15,7.682920336097801,675,0.8973408653180414,48408.9,1.1,18368514027434949123,True
SC70,SC4701E0,sync8_c0,14,48518.0,4.0,0.15,8.49333682246223,605,0.892705688543453,48518.05,0.9,18368514027434949123,True
SC70,SC4701E0,sync8_c0,15,48748.0,4.0,0.15,10.72948338300881,634,0.923934981654948,48747.95,1.0,18368514027434949123,True
SC70,SC4701E0,sync8_c0,16,48821.0,4.0,0.15,9.376324127132008,693,0.9209858837744681,48821.0,1.1,18368514027434949123,True
SC70,SC4701E0,sync8_c0,17,48891.0,4.0,0.15,8.63826074410915,717,0.7290027129822774,48891.15,1.0,18368514027434949123,True
SC70,SC4701E0,sync8_c0,18,49538.0,4.0,0.15,6.989513916564102,710,0.9217969227908543,49538.0,1.1,18368514027434949123,True
SC70,SC4701E0,sync8_c0,19,49640.0,4.0,0.15,9.298240249211824,718,0.9091632725432811,49640.05,1.1,18368514027434949123,True
SC70,SC4702E0,iso8_matched,0,30575.0,4.0,0.15,10.12631346100316,691,0.9003072387994404,30574.9,1.1,995449684584667266,True
SC70,SC4702E0,iso8_matched,1,30726.0,4.0,0.15,8.505523435533744,631,0.8569660993627256,30725.9,1.0,995449684584667266,True
SC70,SC4702E0,iso8_matched,2,30850.0,4.0,0.15,9.12331243934997,651,0.8854402260808324,30849.3,1.0,995449684584667266,True
SC70,SC4702E0,iso8_matched,3,30948.0,4.0,0.15,10.211097216584847,700,0.8778009381212664,30947.95,1.1,995449684584667266,True
SC70,SC4702E0,iso8_matched,4,35474.0,4.0,0.15,8.717486978518496,646,0.9282660185922552,35473.9,1.0,995449684584667266,True
SC70,SC4702E0,iso8_matched,5,35544.0,4.0,0.15,8.965515323718185,704,0.9145106673664737,35543.9,1.1,995449684584667266,True
SC70,SC4702E0,iso8_matched,6,35665.0,4.0,0.15,9.832435721365629,650,0.9128030267284261,35665.0,1.0,995449684584667266,True
SC70,SC4702E0,iso8_matched,7,35824.0,4.0,0.15,11.654719571551908,627,0.857951373572217,35823.75,1.0,995449684584667266,True
SC70,SC4702E0,iso8_matched,8,35895.0,4.0,0.15,11.575349637129978,631,0.9169252984587171,35894.9,1.0,995449684584667266,True
SC70,SC4702E0,iso8_matched,9,36089.0,4.0,0.15,10.329212053031338,731,0.8643511927509853,36088.25,1.1,995449684584667266,True
SC70,SC4702E0,iso8_matched,10,36424.0,4.0,0.15,8.353811872235873,719,0.8769990810748911,36424.0,1.1,995449684584667266,True
SC70,SC4702E0,iso8_matched,11,36572.0,4.0,0.15,8.648788347579286,635,0.790948204566232,36571.9,1.0,995449684584667266,True
SC70,SC4702E0,iso8_matched,12,49563.0,4.0,0.15,11.44736913521872,589,0.9529379076394848,49562.95,0.9,995449684584667266,True
SC70,SC4702E0,iso8_matched,13,49663.0,4.0,0.15,11.853010098064924,680,0.0,,,995449684584667266,True
SC70,SC4702E0,iso8_matched,14,49765.0,4.0,0.15,10.379567907188644,633,0.9196243240554401,49764.9,1.0,995449684584667266,True
SC70,SC4702E0,iso8_matched,15,50017.0,4.0,0.15,11.45857701208132,724,0.8551241901040427,50016.3,1.1,995449684584667266,True
SC70,SC4702E0,iso8_matched,16,50183.0,4.0,0.15,11.176354058880962,664,0.9478478424533463,50183.0,1.0,995449684584667266,True
SC70,SC4702E0,iso8_matched,17,50286.0,4.0,0.15,9.591977024866612,641,0.9524574514565184,50285.85,1.0,995449684584667266,True
SC70,SC4702E0,iso8_matched,18,50366.0,4.0,0.15,8.770994553880419,726,0.9141929093434386,50365.95,1.1,995449684584667266,True
SC70,SC4702E0,iso8_matched,19,50543.0,4.0,0.15,8.814821565729597,689,0.8925971248484972,50542.9,1.1,995449684584667266,True
SC70,SC4702E0,sync8_c0,0,30575.0,4.0,0.15,10.12631346100316,693,0.947235827013184,30574.95,1.1,995449684584667266,True
SC70,SC4702E0,sync8_c0,1,30726.0,4.0,0.15,8.505523435533744,633,0.8654888501211289,30725.9,1.0,995449684584667266,True
SC70,SC4702E0,sync8_c0,2,30850.0,4.0,0.15,9.12331243934997,640,0.8094417417736948,30849.95,1.0,995449684584667266,True
SC70,SC4702E0,sync8_c0,3,30948.0,4.0,0.15,10.211097216584847,694,0.9077355046212661,30947.95,1.1,995449684584667266,True
SC70,SC4702E0,sync8_c0,4,35474.0,4.0,0.15,8.717486978518496,643,0.8960252535086035,35473.9,1.0,995449684584667266,True
SC70,SC4702E0,sync8_c0,5,35544.0,4.0,0.15,8.965515323718185,713,0.8763829094687854,35544.05,1.1,995449684584667266,True
SC70,SC4702E0,sync8_c0,6,35665.0,4.0,0.15,9.832435721365629,656,0.9329231620672495,35665.0,1.0,995449684584667266,True
SC70,SC4702E0,sync8_c0,7,35824.0,4.0,0.15,11.654719571551908,638,0.894891836422517,35823.85,1.0,995449684584667266,True
SC70,SC4702E0,sync8_c0,8,35895.0,4.0,0.15,11.575349637129978,624,0.862418568340949,35894.9,1.0,995449684584667266,True
SC70,SC4702E0,sync8_c0,9,36089.0,4.0,0.15,10.329212053031338,731,0.8343849661560018,36089.1,1.1,995449684584667266,True
SC70,SC4702E0,sync8_c0,10,36424.0,4.0,0.15,8.353811872235873,718,0.8651028435740682,36424.1,1.1,995449684584667266,True
SC70,SC4702E0,sync8_c0,11,36572.0,4.0,0.15,8.648788347579286,637,0.8173016070529161,36571.95,1.0,995449684584667266,True
SC70,SC4702E0,sync8_c0,12,49563.0,4.0,0.15,11.44736913521872,592,0.9400926250411199,49562.95,0.9,995449684584667266,True
SC70,SC4702E0,sync8_c0,13,49663.0,4.0,0.15,11.853010098064924,671,0.8702297328532477,49663.15,1.0,995449684584667266,True
SC70,SC4702E0,sync8_c0,14,49765.0,4.0,0.15,10.379567907188644,635,0.9370591980031749,49764.9,1.0,995449684584667266,True
SC70,SC4702E0,sync8_c0,15,50017.0,4.0,0.15,11.45857701208132,727,0.795635220016768,50017.15,1.1,995449684584667266,True
SC70,SC4702E0,sync8_c0,16,50183.0,4.0,0.15,11.176354058880962,664,0.9489411406217523,50183.05,1.0,995449684584667266,True
SC70,SC4702E0,sync8_c0,17,50286.0,4.0,0.15,9.591977024866612,644,0.915195806923116,50285.85,1.0,995449684584667266,True
SC70,SC4702E0,sync8_c0,18,50366.0,4.0,0.15,8.770994553880419,735,0.9147493268375638,50366.05,1.1,995449684584667266,True
SC70,SC4702E0,sync8_c0,19,50543.0,4.0,0.15,8.814821565729597,689,0.9303328690590951,50542.95,1.1,995449684584667266,True
SC71,SC4711E0,iso8_matched,0,26541.0,4.0,0.15,11.648570336772524,743,0.921668308841825,26541.15,1.1,7883549103068550598,True
SC71,SC4711E0,iso8_matched,1,26709.0,4.0,0.15,18.14133072191095,626,0.9113379402369126,26709.05,0.9,7883549103068550598,True
SC71,SC4711E0,iso8_matched,2,27085.0,4.0,0.15,16.083840075533303,590,0.9346064816163877,27084.95,0.9,7883549103068550598,True
SC71,SC4711E0,iso8_matched,3,27226.0,4.0,0.15,18.33635383941019,624,0.9010488412092748,27226.05,0.9,7883549103068550598,True
SC71,SC4711E0,iso8_matched,4,27326.0,4.0,0.15,18.115106238404955,635,0.8476410072861842,27326.55,1.0,7883549103068550598,True
SC71,SC4711E0,iso8_matched,5,27488.0,4.0,0.15,13.979620203253251,704,0.84913745994036,27487.95,1.1,7883549103068550598,True
SC71,SC4711E0,iso8_matched,6,27606.0,4.0,0.15,12.43181719593183,641,0.8711250728317589,27605.85,1.0,7883549103068550598,True
SC71,SC4711E0,iso8_matched,7,27749.0,4.0,0.15,11.169656611460429,742,0.894217412210387,27749.1,1.1,7883549103068550598,True
SC71,SC4711E0,iso8_matched,8,27871.0,4.0,0.15,10.728310879176151,648,0.5316670958243429,27871.0,1.0,7883549103068550598,True
SC71,SC4711E0,iso8_matched,9,35184.0,4.0,0.15,7.806599752594366,637,0.3542484458753983,35184.5,1.0,7883549103068550598,True
SC71,SC4711E0,iso8_matched,10,35858.0,4.0,0.15,12.692569841589046,635,0.7023801388377977,35858.15,0.9,7883549103068550598,True
SC71,SC4711E0,iso8_matched,11,36036.0,4.0,0.15,14.727514795134674,743,0.9101345003872968,36035.85,1.2,7883549103068550598,True
SC71,SC4711E0,iso8_matched,12,42741.0,4.0,0.15,7.711534466634402,740,0.629753618910663,42741.7,1.2,7883549103068550598,True
SC71,SC4711E0,iso8_matched,13,42985.0,4.0,0.15,22.31119312289747,738,0.7895820062521159,42985.6,1.2,7883549103068550598,True
SC71,SC4711E0,iso8_matched,14,43291.0,4.0,0.15,47.91146679797904,690,0.8013427335175125,43290.9,1.1,7883549103068550598,True
SC71,SC4711E0,iso8_matched,15,49099.0,4.0,0.15,6.697461280723736,645,0.665255345338274,49099.0,1.0,7883549103068550598,True
SC71,SC4711E0,iso8_matched,16,49303.0,4.0,0.15,13.985882554373925,656,0.8939145976221885,49302.95,1.0,7883549103068550598,True
SC71,SC4711E0,iso8_matched,17,52278.0,4.0,0.15,23.89684093865916,700,0.8322603232478392,52278.15,1.0,7883549103068550598,True
SC71,SC4711E0,iso8_matched,18,52350.0,4.0,0.15,25.764131159124968,637,0.943459692018356,52349.9,1.0,7883549103068550598,True
SC71,SC4711E0,iso8_matched,19,52530.0,4.0,0.15,31.350550437011588,665,0.8860162267162932,52530.05,1.0,7883549103068550598,True
SC71,SC4711E0,sync8_c0,0,26541.0,4.0,0.15,11.648570336772524,742,0.8955062541523692,26541.2,1.1,7883549103068550598,True
SC71,SC4711E0,sync8_c0,1,26709.0,4.0,0.15,18.14133072191095,622,0.9130860001119363,26709.0,0.9,7883549103068550598,True
SC71,SC4711E0,sync8_c0,2,27085.0,4.0,0.15,16.083840075533303,581,0.8700068073359246,27084.9,0.9,7883549103068550598,True
SC71,SC4711E0,sync8_c0,3,27226.0,4.0,0.15,18.33635383941019,623,0.9265634143288027,27226.0,0.9,7883549103068550598,True
SC71,SC4711E0,sync8_c0,4,27326.0,4.0,0.15,18.115106238404955,640,0.8536288143988098,27325.9,1.0,7883549103068550598,True
SC71,SC4711E0,sync8_c0,5,27488.0,4.0,0.15,13.979620203253251,700,0.836368681468312,27488.0,1.1,7883549103068550598,True
SC71,SC4711E0,sync8_c0,6,27606.0,4.0,0.15,12.43181719593183,637,0.8491719931200921,27605.85,1.0,7883549103068550598,True
SC71,SC4711E0,sync8_c0,7,27749.0,4.0,0.15,11.169656611460429,745,0.8511997644906935,27748.85,1.2,7883549103068550598,True
SC71,SC4711E0,sync8_c0,8,27871.0,4.0,0.15,10.728310879176151,649,0.44354259083923975,27871.15,0.9,7883549103068550598,True
SC71,SC4711E0,sync8_c0,9,35184.0,4.0,0.15,7.806599752594366,640,0.5711343644176001,35183.85,1.0,7883549103068550598,True
SC71,SC4711E0,sync8_c0,10,35858.0,4.0,0.15,12.692569841589046,626,0.8119460855059939,35858.1,0.9,7883549103068550598,True
SC71,SC4711E0,sync8_c0,11,36036.0,4.0,0.15,14.727514795134674,748,0.9101256227074366,36035.95,1.2,7883549103068550598,True
SC71,SC4711E0,sync8_c0,12,42741.0,4.0,0.15,7.711534466634402,741,0.6034142685798097,42741.25,1.1,7883549103068550598,True
SC71,SC4711E0,sync8_c0,13,42985.0,4.0,0.15,22.31119312289747,734,0.7660832319972397,42985.1,1.1,7883549103068550598,True
SC71,SC4711E0,sync8_c0,14,43291.0,4.0,0.15,47.91146679797904,691,0.8505439014606729,43290.95,1.1,7883549103068550598,True
SC71,SC4711E0,sync8_c0,15,49099.0,4.0,0.15,6.697461280723736,638,0.6593933611884328,49099.0,1.0,7883549103068550598,True
SC71,SC4711E0,sync8_c0,16,49303.0,4.0,0.15,13.985882554373925,660,0.9043385350069229,49303.0,1.0,7883549103068550598,True
SC71,SC4711E0,sync8_c0,17,52278.0,4.0,0.15,23.89684093865916,714,0.9166449336043379,52278.0,1.1,7883549103068550598,True
SC71,SC4711E0,sync8_c0,18,52350.0,4.0,0.15,25.764131159124968,637,0.9170217940592061,52349.95,1.0,7883549103068550598,True
SC71,SC4711E0,sync8_c0,19,52530.0,4.0,0.15,31.350550437011588,675,0.8420960474072849,52530.05,1.0,7883549103068550598,True
SC71,SC4712E0,iso8_matched,0,33092.0,4.0,0.15,14.687498704558793,598,0.8783681460839264,33092.0,0.9,587551976950501743,True
SC71,SC4712E0,iso8_matched,1,33166.0,4.0,0.15,15.336176811481574,731,0.9473143507164039,33166.1,1.1,587551976950501743,True
SC71,SC4712E0,iso8_matched,2,33254.0,4.0,0.15,18.63732758290552,591,0.8712857243134888,33253.85,0.9,587551976950501743,True
SC71,SC4712E0,iso8_matched,3,33503.0,4.0,0.15,29.837035334099212,710,0.8415725684063329,33503.75,1.1,587551976950501743,True
SC71,SC4712E0,iso8_matched,4,33644.0,4.0,0.15,39.4052507613093,671,0.9266497277559949,33644.05,1.0,587551976950501743,True
SC71,SC4712E0,iso8_matched,5,37629.0,4.0,0.15,22.832724322640853,623,0.9378838285650333,37629.15,0.9,587551976950501743,True
SC71,SC4712E0,iso8_matched,6,38011.0,4.0,0.15,16.98905627143563,774,0.9617754259824394,38011.05,1.2,587551976950501743,True
SC71,SC4712E0,iso8_matched,7,42097.0,4.0,0.15,12.142223479579888,727,0.5755864008132889,42097.7,1.2,587551976950501743,True
SC71,SC4712E0,iso8_matched,8,42302.0,4.0,0.15,19.574224592225146,677,0.7824766596740586,42301.5,1.0,587551976950501743,True
SC71,SC4712E0,iso8_matched,9,47127.0,4.0,0.15,20.134368681922723,619,0.8826100979203791,47127.05,0.9,587551976950501743,True
SC71,SC4712E0,iso8_matched,10,47875.0,4.0,0.15,9.263667955447005,603,0.9389104149127503,47875.0,0.9,587551976950501743,True
SC71,SC4712E0,iso8_matched,11,47975.0,4.0,0.15,11.856539809962959,649,0.8785380482066437,47975.0,1.0,587551976950501743,True
SC71,SC4712E0,iso8_matched,12,48056.0,4.0,0.15,16.197150395382014,662,0.7145379076555158,48056.05,1.0,587551976950501743,True
SC71,SC4712E0,iso8_matched,13,51856.0,4.0,0.15,24.378415765166956,641,0.9650252208549004,51855.9,1.0,587551976950501743,True
SC71,SC4712E0,iso8_matched,14,52042.0,4.0,0.15,28.80745450278,705,0.9633435476088718,52041.95,1.1,587551976950501743,True
SC71,SC4712E0,iso8_matched,15,52383.0,4.0,0.15,16.3006542414002,650,0.4425411351615874,52382.9,1.0,587551976950501743,True
SC71,SC4712E0,iso8_matched,16,52452.0,4.0,0.15,15.171835103275761,730,0.9384670559005072,52452.1,1.1,587551976950501743,True
SC71,SC4712E0,iso8_matched,17,56155.0,4.0,0.15,19.247262186642335,643,0.7555513125944026,56155.0,1.0,587551976950501743,True
SC71,SC4712E0,iso8_matched,18,56251.0,4.0,0.15,31.72332598578768,732,0.8391332624739698,56251.05,1.1,587551976950501743,True
SC71,SC4712E0,iso8_matched,19,56455.0,4.0,0.15,31.904197996545264,729,0.9350539284927153,56455.15,1.1,587551976950501743,True
SC71,SC4712E0,sync8_c0,0,33092.0,4.0,0.15,14.687498704558793,594,0.7602401002904448,33092.0,0.9,587551976950501743,True
SC71,SC4712E0,sync8_c0,1,33166.0,4.0,0.15,15.336176811481574,729,0.9216295145665815,33166.15,1.1,587551976950501743,True
SC71,SC4712E0,sync8_c0,2,33254.0,4.0,0.15,18.63732758290552,591,0.8150807004521196,33253.85,0.9,587551976950501743,True
SC71,SC4712E0,sync8_c0,3,33503.0,4.0,0.15,29.837035334099212,710,0.8053999788248969,33503.05,1.1,587551976950501743,True
SC71,SC4712E0,sync8_c0,4,33644.0,4.0,0.15,39.4052507613093,671,0.9126845294214787,33644.05,1.0,587551976950501743,True
SC71,SC4712E0,sync8_c0,5,37629.0,4.0,0.15,22.832724322640853,619,0.9406440306191179,37629.1,0.9,587551976950501743,True
SC71,SC4712E0,sync8_c0,6,38011.0,4.0,0.15,16.98905627143563,778,0.9665423837099094,38011.05,1.2,587551976950501743,True
SC71,SC4712E0,sync8_c0,7,42097.0,4.0,0.15,12.142223479579888,729,0.45254652405237045,42097.0,1.2,587551976950501743,True
SC71,SC4712E0,sync8_c0,8,42302.0,4.0,0.15,19.574224592225146,671,0.9077400533215173,42302.2,1.0,587551976950501743,True
SC71,SC4712E0,sync8_c0,9,47127.0,4.0,0.15,20.134368681922723,624,0.8885101252225379,47126.8,1.0,587551976950501743,True
SC71,SC4712E0,sync8_c0,10,47875.0,4.0,0.15,9.263667955447005,600,0.9358749271556338,47875.0,0.9,587551976950501743,True
SC71,SC4712E0,sync8_c0,11,47975.0,4.0,0.15,11.856539809962959,648,0.8609904667467618,47974.95,1.0,587551976950501743,True
SC71,SC4712E0,sync8_c0,12,48056.0,4.0,0.15,16.197150395382014,659,0.6681799119391363,48056.05,1.0,587551976950501743,True
SC71,SC4712E0,sync8_c0,13,51856.0,4.0,0.15,24.378415765166956,638,0.9519331972441032,51855.85,1.0,587551976950501743,True
SC71,SC4712E0,sync8_c0,14,52042.0,4.0,0.15,28.80745450278,704,0.9550845455823462,52042.0,1.1,587551976950501743,True
SC71,SC4712E0,sync8_c0,15,52383.0,4.0,0.15,16.3006542414002,655,0.614910527015502,52382.9,1.0,587551976950501743,True
SC71,SC4712E0,sync8_c0,16,52452.0,4.0,0.15,15.171835103275761,725,0.9207339671773251,52452.15,1.1,587551976950501743,True
SC71,SC4712E0,sync8_c0,17,56155.0,4.0,0.15,19.247262186642335,636,0.7027242230462505,56154.95,1.0,587551976950501743,True
SC71,SC4712E0,sync8_c0,18,56251.0,4.0,0.15,31.72332598578768,732,0.78906372759331,56251.1,1.1,587551976950501743,True
SC71,SC4712E0,sync8_c0,19,56455.0,4.0,0.15,31.904197996545264,716,0.9396354929915628,56455.15,1.1,587551976950501743,True
SC72,SC4721E0,iso8_matched,0,33539.0,4.0,0.15,14.641061416240177,745,0.8657261839297262,33538.8,1.2,2692562614553084101,True
SC72,SC4721E0,iso8_matched,1,33854.0,4.0,0.15,25.800377563089167,659,0.8898789779605742,33854.05,1.0,2692562614553084101,True
SC72,SC4721E0,iso8_matched,2,34017.0,4.0,0.15,24.921857281714477,609,0.9582501496093102,34017.0,0.9,2692562614553084101,True
SC72,SC4721E0,iso8_matched,3,34189.0,4.0,0.15,15.645146360040458,705,0.9231422285159814,34189.0,1.1,2692562614553084101,True
SC72,SC4721E0,iso8_matched,4,34270.0,4.0,0.15,15.65387739287904,686,0.7751723105357102,34270.15,1.0,2692562614553084101,True
SC72,SC4721E0,iso8_matched,5,34561.0,4.0,0.15,21.000718460443867,667,0.0,,,2692562614553084101,True
SC72,SC4721E0,iso8_matched,6,34742.0,4.0,0.15,28.17653263652145,708,0.8335216563343028,34741.95,1.1,2692562614553084101,True
SC72,SC4721E0,iso8_matched,7,35174.0,4.0,0.15,19.598148351210728,641,0.7211201346213142,35174.0,1.0,2692562614553084101,True
SC72,SC4721E0,iso8_matched,8,41521.0,4.0,0.15,11.760120581892545,623,0.9367271962305941,41521.1,0.9,2692562614553084101,True
SC72,SC4721E0,iso8_matched,9,42162.0,4.0,0.15,11.725922341591575,649,0.9136261485013571,42161.95,1.0,2692562614553084101,True
SC72,SC4721E0,iso8_matched,10,42297.0,4.0,0.15,15.201704004799145,701,0.9563965854594323,42296.95,1.1,2692562614553084101,True
SC72,SC4721E0,iso8_matched,11,46815.0,4.0,0.15,12.577421135354877,616,0.6230277345627763,46815.05,0.9,2692562614553084101,True
SC72,SC4721E0,iso8_matched,12,47014.0,4.0,0.15,20.449065688871844,734,0.9083885166028431,47014.05,1.1,2692562614553084101,True
SC72,SC4721E0,iso8_matched,13,47306.0,4.0,0.15,16.442508102985688,679,0.0,,,2692562614553084101,True
SC72,SC4721E0,iso8_matched,14,47395.0,4.0,0.15,18.500890168139787,732,0.0,,,2692562614553084101,True
SC72,SC4721E0,iso8_matched,15,47571.0,4.0,0.15,20.759168623227378,721,0.5083674089868125,47570.65,1.2,2692562614553084101,True
SC72,SC4721E0,iso8_matched,16,47641.0,4.0,0.15,20.577304364335124,685,0.9184701412756694,47641.15,1.0,2692562614553084101,True
SC72,SC4721E0,iso8_matched,17,52520.0,4.0,0.15,20.099205480482393,658,0.9415191314505992,52520.05,1.0,2692562614553084101,True
SC72,SC4721E0,iso8_matched,18,52659.0,4.0,0.15,20.637215252495626,742,0.9134127479812533,52659.25,1.1,2692562614553084101,True
SC72,SC4721E0,iso8_matched,19,52934.0,4.0,0.15,20.243796656782056,685,0.8806718972047485,52934.15,1.0,2692562614553084101,True
SC72,SC4721E0,sync8_c0,0,33539.0,4.0,0.15,14.641061416240177,749,0.852511951247077,33538.9,1.2,2692562614553084101,True
SC72,SC4721E0,sync8_c0,1,33854.0,4.0,0.15,25.800377563089167,659,0.8549215829541111,33854.1,1.0,2692562614553084101,True
SC72,SC4721E0,sync8_c0,2,34017.0,4.0,0.15,24.921857281714477,607,0.9408286261481665,34016.95,0.9,2692562614553084101,True
SC72,SC4721E0,sync8_c0,3,34189.0,4.0,0.15,15.645146360040458,705,0.9260189687714784,34189.05,1.1,2692562614553084101,True
SC72,SC4721E0,sync8_c0,4,34270.0,4.0,0.15,15.65387739287904,692,0.8190561620951227,34270.0,1.1,2692562614553084101,True
SC72,SC4721E0,sync8_c0,5,34561.0,4.0,0.15,21.000718460443867,668,0.5845606537018038,34561.05,1.0,2692562614553084101,True
SC72,SC4721E0,sync8_c0,6,34742.0,4.0,0.15,28.17653263652145,703,0.8220286387845753,34742.0,1.1,2692562614553084101,True
SC72,SC4721E0,sync8_c0,7,35174.0,4.0,0.15,19.598148351210728,632,0.6358036363185093,35173.95,1.0,2692562614553084101,True
SC72,SC4721E0,sync8_c0,8,41521.0,4.0,0.15,11.760120581892545,623,0.9068422449792187,41521.05,0.9,2692562614553084101,True
SC72,SC4721E0,sync8_c0,9,42162.0,4.0,0.15,11.725922341591575,654,0.906441146733679,42162.0,1.0,2692562614553084101,True
SC72,SC4721E0,sync8_c0,10,42297.0,4.0,0.15,15.201704004799145,701,0.9592572924251973,42297.05,1.1,2692562614553084101,True
SC72,SC4721E0,sync8_c0,11,46815.0,4.0,0.15,12.577421135354877,612,0.6467823544235319,46815.0,0.9,2692562614553084101,True
SC72,SC4721E0,sync8_c0,12,47014.0,4.0,0.15,20.449065688871844,740,0.9013885991745072,47013.85,1.2,2692562614553084101,True
SC72,SC4721E0,sync8_c0,13,47306.0,4.0,0.15,16.442508102985688,678,0.7736217537584126,47305.85,1.1,2692562614553084101,True
SC72,SC4721E0,sync8_c0,14,47395.0,4.0,0.15,18.500890168139787,729,0.6385511072226435,47394.85,1.2,2692562614553084101,True
SC72,SC4721E0,sync8_c0,15,47571.0,4.0,0.15,20.759168623227378,727,0.5778526653485729,47570.8,1.2,2692562614553084101,True
SC72,SC4721E0,sync8_c0,16,47641.0,4.0,0.15,20.577304364335124,688,0.9137188055369089,47640.95,1.1,2692562614553084101,True
SC72,SC4721E0,sync8_c0,17,52520.0,4.0,0.15,20.099205480482393,659,0.9314719141399843,52520.05,1.0,2692562614553084101,True
SC72,SC4721E0,sync8_c0,18,52659.0,4.0,0.15,20.637215252495626,739,0.8709529403698765,52659.0,1.2,2692562614553084101,True
SC72,SC4721E0,sync8_c0,19,52934.0,4.0,0.15,20.243796656782056,694,0.9494818705288897,52933.95,1.1,2692562614553084101,True
SC72,SC4722E0,iso8_matched,0,33271.0,4.0,0.15,9.866155224362307,733,0.8038583733289297,33271.15,1.1,18099685540495704071,True
SC72,SC4722E0,iso8_matched,1,33363.0,4.0,0.15,12.330993030395735,651,0.7386994721214204,33362.3,1.0,18099685540495704071,True
SC72,SC4722E0,iso8_matched,2,33441.0,4.0,0.15,17.41725639598941,733,0.934126574381663,33441.1,1.1,18099685540495704071,True
SC72,SC4722E0,iso8_matched,3,33804.0,4.0,0.15,20.362798250684914,619,0.4617962862493648,33804.75,0.9,18099685540495704071,True
SC72,SC4722E0,iso8_matched,4,33930.0,4.0,0.15,13.049101365949499,688,0.5195929050474005,33930.1,1.0,18099685540495704071,True
SC72,SC4722E0,iso8_matched,5,34568.0,4.0,0.15,9.063158398401729,661,0.9105617981100504,34568.05,1.0,18099685540495704071,True
SC72,SC4722E0,iso8_matched,6,34803.0,4.0,0.15,19.729483594063083,709,0.7140814350745424,34802.95,1.1,18099685540495704071,True
SC72,SC4722E0,iso8_matched,7,34863.0,4.0,0.15,23.66243078684828,646,0.8117680552531583,34862.95,1.0,18099685540495704071,True
SC72,SC4722E0,iso8_matched,8,34934.0,4.0,0.15,27.75515489550691,604,0.0,,,18099685540495704071,True
SC72,SC4722E0,iso8_matched,9,35106.0,4.0,0.15,33.50949437512218,740,0.8949040538013907,35106.2,1.1,18099685540495704071,True
SC72,SC4722E0,iso8_matched,10,40674.0,4.0,0.15,8.79744358363019,645,0.8879358373372747,40674.0,1.0,18099685540495704071,True
SC72,SC4722E0,iso8_matched,11,40775.0,4.0,0.15,11.486966464122203,733,0.9181241975832809,40775.1,1.1,18099685540495704071,True
SC72,SC4722E0,iso8_matched,12,40893.0,4.0,0.15,22.474369616699565,670,0.9333307558025389,40893.1,1.0,18099685540495704071,True
SC72,SC4722E0,iso8_matched,13,40984.0,4.0,0.15,18.061510752767923,721,0.9617089228549603,40984.0,1.1,18099685540495704071,True
SC72,SC4722E0,iso8_matched,14,41120.0,4.0,0.15,13.68041387105645,613,0.8297433707882415,41120.7,0.9,18099685540495704071,True
SC72,SC4722E0,iso8_matched,15,41566.0,4.0,0.15,10.284162960627231,634,0.8811733599635554,41565.85,1.0,18099685540495704071,True
SC72,SC4722E0,iso8_matched,16,41691.0,4.0,0.15,8.924784752714004,617,0.9041152732691151,41691.1,0.9,18099685540495704071,True
SC72,SC4722E0,iso8_matched,17,44705.0,4.0,0.15,8.303928138076063,710,0.0,,,18099685540495704071,True
SC72,SC4722E0,iso8_matched,18,44889.0,4.0,0.15,11.862639282238797,710,0.0,,,18099685540495704071,True
SC72,SC4722E0,iso8_matched,19,45189.0,4.0,0.15,30.312983232761393,703,0.8878811642940041,45188.95,1.1,18099685540495704071,True
SC72,SC4722E0,sync8_c0,0,33271.0,4.0,0.15,9.866155224362307,734,0.800656293556996,33271.25,1.1,18099685540495704071,True
SC72,SC4722E0,sync8_c0,1,33363.0,4.0,0.15,12.330993030395735,655,0.6356900294605818,33362.25,1.1,18099685540495704071,True
SC72,SC4722E0,sync8_c0,2,33441.0,4.0,0.15,17.41725639598941,727,0.9266285315799865,33441.15,1.1,18099685540495704071,True
SC72,SC4722E0,sync8_c0,3,33804.0,4.0,0.15,20.362798250684914,616,0.5363044287727078,33804.4,1.0,18099685540495704071,True
SC72,SC4722E0,sync8_c0,4,33930.0,4.0,0.15,13.049101365949499,687,0.5854899289696436,33930.1,1.0,18099685540495704071,True
SC72,SC4722E0,sync8_c0,5,34568.0,4.0,0.15,9.063158398401729,662,0.8806477844236286,34568.05,1.0,18099685540495704071,True
SC72,SC4722E0,sync8_c0,6,34803.0,4.0,0.15,19.729483594063083,711,0.6602839423820788,34803.05,1.1,18099685540495704071,True
SC72,SC4722E0,sync8_c0,7,34863.0,4.0,0.15,23.66243078684828,655,0.7852772651345841,34863.0,1.0,18099685540495704071,True
SC72,SC4722E0,sync8_c0,8,34934.0,4.0,0.15,27.75515489550691,599,0.48062240692766556,34934.05,0.9,18099685540495704071,True
SC72,SC4722E0,sync8_c0,9,35106.0,4.0,0.15,33.50949437512218,741,0.8601873941057676,35105.9,1.2,18099685540495704071,True
SC72,SC4722E0,sync8_c0,10,40674.0,4.0,0.15,8.79744358363019,636,0.8354033362829503,40673.95,1.0,18099685540495704071,True
SC72,SC4722E0,sync8_c0,11,40775.0,4.0,0.15,11.486966464122203,733,0.8825762646687502,40775.15,1.1,18099685540495704071,True
SC72,SC4722E0,sync8_c0,12,40893.0,4.0,0.15,22.474369616699565,674,0.9162199577580271,40892.9,1.1,18099685540495704071,True
SC72,SC4722E0,sync8_c0,13,40984.0,4.0,0.15,18.061510752767923,720,0.9457803411151863,40984.1,1.1,18099685540495704071,True
SC72,SC4722E0,sync8_c0,14,41120.0,4.0,0.15,13.68041387105645,610,0.7347031651760989,41120.0,0.9,18099685540495704071,True
SC72,SC4722E0,sync8_c0,15,41566.0,4.0,0.15,10.284162960627231,640,0.8769414899345332,41565.85,1.0,18099685540495704071,True
SC72,SC4722E0,sync8_c0,16,41691.0,4.0,0.15,8.924784752714004,616,0.875992831014344,41691.1,0.9,18099685540495704071,True
SC72,SC4722E0,sync8_c0,17,44705.0,4.0,0.15,8.303928138076063,718,0.8672495722453519,44705.0,1.1,18099685540495704071,True
SC72,SC4722E0,sync8_c0,18,44889.0,4.0,0.15,11.862639282238797,712,0.5329265230638801,44889.0,1.1,18099685540495704071,True
SC72,SC4722E0,sync8_c0,19,45189.0,4.0,0.15,30.312983232761393,697,0.8981649062208954,45189.0,1.1,18099685540495704071,True
SC73,SC4731E0,iso8_matched,0,31034.0,4.0,0.15,12.638750269126167,712,0.9603876018919594,31034.05,1.1,11304910492890765073,True
SC73,SC4731E0,iso8_matched,1,31163.0,4.0,0.15,16.358238090196565,705,0.9361979384143175,31163.0,1.1,11304910492890765073,True
SC73,SC4731E0,iso8_matched,2,31540.0,4.0,0.15,14.308614614829839,674,0.7493745901182383,31540.55,1.1,11304910492890765073,True
SC73,SC4731E0,iso8_matched,3,31611.0,4.0,0.15,11.949032050020396,627,0.8620954420720756,31610.75,1.0,11304910492890765073,True
SC73,SC4731E0,iso8_matched,4,39362.0,4.0,0.15,21.29800874383294,692,0.8326528963852161,39362.25,1.0,11304910492890765073,True
SC73,SC4731E0,iso8_matched,5,39511.0,4.0,0.15,24.10800005244798,621,0.8924885701175579,39511.15,0.9,11304910492890765073,True
SC73,SC4731E0,iso8_matched,6,40273.0,4.0,0.15,14.127520072860879,683,0.8431216424960305,40273.1,1.0,11304910492890765073,True
SC73,SC4731E0,iso8_matched,7,40483.0,4.0,0.15,14.631779807142891,607,0.9496945723387239,40483.0,0.9,11304910492890765073,True
SC73,SC4731E0,iso8_matched,8,40707.0,4.0,0.15,10.650069981979696,739,0.8986070295559263,40707.1,1.1,11304910492890765073,True
SC73,SC4731E0,iso8_matched,9,40795.0,4.0,0.15,10.569209244844144,764,0.9488215578651902,40795.0,1.2,11304910492890765073,True
SC73,SC4731E0,iso8_matched,10,40875.0,4.0,0.15,10.260096979757602,584,0.9199863525360541,40874.9,0.9,11304910492890765073,True
SC73,SC4731E0,iso8_matched,11,41108.0,4.0,0.15,9.55279409925671,709,0.9438078301388233,41108.0,1.1,11304910492890765073,True
SC73,SC4731E0,iso8_matched,12,41312.0,4.0,0.15,8.613326395655838,701,0.8610837848109202,41312.0,1.1,11304910492890765073,True
SC73,SC4731E0,iso8_matched,13,44812.0,4.0,0.15,12.472915398459326,684,0.896361627986344,44812.15,1.0,11304910492890765073,True
SC73,SC4731E0,iso8_matched,14,45080.0,4.0,0.15,13.741166427714228,707,0.8903497940952394,45079.9,1.1,11304910492890765073,True
SC73,SC4731E0,iso8_matched,15,46878.0,4.0,0.15,16.041526893796334,749,0.9067296167659983,46877.9,1.2,11304910492890765073,True
SC73,SC4731E0,iso8_matched,16,46992.0,4.0,0.15,16.944400633573313,616,0.0,,,11304910492890765073,True
SC73,SC4731E0,iso8_matched,17,47072.0,4.0,0.15,17.792461052828756,677,0.7412874074186903,47072.1,1.0,11304910492890765073,True
SC73,SC4731E0,iso8_matched,18,47431.0,4.0,0.15,20.15648387800161,726,0.9297010792058393,47431.05,1.1,11304910492890765073,True
SC73,SC4731E0,iso8_matched,19,47661.0,4.0,0.15,18.799986383473165,596,0.7048645387111155,47660.25,0.9,11304910492890765073,True
SC73,SC4731E0,sync8_c0,0,31034.0,4.0,0.15,12.638750269126167,707,0.9518837942421837,31034.1,1.1,11304910492890765073,True
SC73,SC4731E0,sync8_c0,1,31163.0,4.0,0.15,16.358238090196565,696,0.9115510202644022,31163.0,1.1,11304910492890765073,True
SC73,SC4731E0,sync8_c0,2,31540.0,4.0,0.15,14.308614614829839,665,0.7635029717850477,31540.05,1.0,11304910492890765073,True
SC73,SC4731E0,sync8_c0,3,31611.0,4.0,0.15,11.949032050020396,628,0.8626066844764461,31610.75,1.0,11304910492890765073,True
SC73,SC4731E0,sync8_c0,4,39362.0,4.0,0.15,21.29800874383294,685,0.8041607094155336,39362.2,1.0,11304910492890765073,True
SC73,SC4731E0,sync8_c0,5,39511.0,4.0,0.15,24.10800005244798,622,0.8565334375438303,39510.9,1.0,11304910492890765073,True
SC73,SC4731E0,sync8_c0,6,40273.0,4.0,0.15,14.127520072860879,680,0.8446947032575991,40272.9,1.1,11304910492890765073,True
SC73,SC4731E0,sync8_c0,7,40483.0,4.0,0.15,14.631779807142891,614,0.8841121041191087,40483.0,0.9,11304910492890765073,True
SC73,SC4731E0,sync8_c0,8,40707.0,4.0,0.15,10.650069981979696,736,0.8812790571254575,40707.15,1.1,11304910492890765073,True
SC73,SC4731E0,sync8_c0,9,40795.0,4.0,0.15,10.569209244844144,767,0.9331680054187725,40795.05,1.2,11304910492890765073,True
SC73,SC4731E0,sync8_c0,10,40875.0,4.0,0.15,10.260096979757602,574,0.8599368055114609,40874.85,0.9,11304910492890765073,True
SC73,SC4731E0,sync8_c0,11,41108.0,4.0,0.15,9.55279409925671,713,0.927729263808333,41108.1,1.1,11304910492890765073,True
SC73,SC4731E0,sync8_c0,12,41312.0,4.0,0.15,8.613326395655838,701,0.8812587987020642,41312.05,1.1,11304910492890765073,True
SC73,SC4731E0,sync8_c0,13,44812.0,4.0,0.15,12.472915398459326,680,0.9177289047160412,44812.1,1.0,11304910492890765073,True
SC73,SC4731E0,sync8_c0,14,45080.0,4.0,0.15,13.741166427714228,715,0.9132103999741621,45080.0,1.1,11304910492890765073,True
SC73,SC4731E0,sync8_c0,15,46878.0,4.0,0.15,16.041526893796334,755,0.9466006860810398,46877.95,1.2,11304910492890765073,True
SC73,SC4731E0,sync8_c0,16,46992.0,4.0,0.15,16.944400633573313,613,0.8346097453325839,46991.9,1.0,11304910492890765073,True
SC73,SC4731E0,sync8_c0,17,47072.0,4.0,0.15,17.792461052828756,681,0.7420516156702371,47071.95,1.1,11304910492890765073,True
SC73,SC4731E0,sync8_c0,18,47431.0,4.0,0.15,20.15648387800161,726,0.889914056029339,47431.1,1.1,11304910492890765073,True
SC73,SC4731E0,sync8_c0,19,47661.0,4.0,0.15,18.799986383473165,600,0.6220672974346355,47661.1,0.8,11304910492890765073,True
SC73,SC4732E0,iso8_matched,0,29842.0,4.0,0.15,13.27789053466651,684,0.0,,,12381396859777937214,True
SC73,SC4732E0,iso8_matched,1,30066.0,4.0,0.15,24.359309277387737,603,0.9189969875950316,30065.95,0.9,12381396859777937214,True
SC73,SC4732E0,iso8_matched,2,30190.0,4.0,0.15,23.39847113968119,686,0.7775867503031045,30189.8,1.1,12381396859777937214,True
SC73,SC4732E0,iso8_matched,3,35159.0,4.0,0.15,9.885205419709141,621,0.9393446653365386,35159.1,0.9,12381396859777937214,True
SC73,SC4732E0,iso8_matched,4,35252.0,4.0,0.15,9.521621659585135,604,0.9299401765686691,35251.95,0.9,12381396859777937214,True
SC73,SC4732E0,iso8_matched,5,35459.0,4.0,0.15,9.843226053817357,619,0.8895680857624684,35459.1,0.9,12381396859777937214,True
SC73,SC4732E0,iso8_matched,6,35540.0,4.0,0.15,9.625499281544174,698,0.5540182398656333,35540.2,1.0,12381396859777937214,True
SC73,SC4732E0,iso8_matched,7,35614.0,4.0,0.15,10.827850771290459,620,0.9056289987852173,35614.1,0.9,12381396859777937214,True
SC73,SC4732E0,iso8_matched,8,35780.0,4.0,0.15,8.821662129203995,647,0.8827607468114095,35779.9,1.0,12381396859777937214,True
SC73,SC4732E0,iso8_matched,9,40550.0,4.0,0.15,7.867455539335147,640,0.8890241182229968,40549.9,1.0,12381396859777937214,True
SC73,SC4732E0,iso8_matched,10,41070.0,4.0,0.15,11.749422660091874,756,0.9196857755099412,41069.9,1.2,12381396859777937214,True
SC73,SC4732E0,iso8_matched,11,41310.0,4.0,0.15,12.547789263890992,617,0.9570403155319749,41310.05,0.9,12381396859777937214,True
SC73,SC4732E0,iso8_matched,12,46223.0,4.0,0.15,6.795516251863415,662,0.9026465997718665,46223.05,1.0,12381396859777937214,True
SC73,SC4732E0,iso8_matched,13,46322.0,4.0,0.15,7.475844437080031,714,0.9140796794783729,46321.95,1.1,12381396859777937214,True
SC73,SC4732E0,iso8_matched,14,46621.0,4.0,0.15,10.152809712143524,630,0.7585287675051534,46621.55,1.0,12381396859777937214,True
SC73,SC4732E0,iso8_matched,15,46847.0,4.0,0.15,10.150369280908132,594,0.9344052133203002,46846.95,0.9,12381396859777937214,True
SC73,SC4732E0,iso8_matched,16,50664.0,4.0,0.15,7.7899453875081965,694,0.8860985414306879,50663.85,1.1,12381396859777937214,True
SC73,SC4732E0,iso8_matched,17,51256.0,4.0,0.15,7.189954476372934,628,0.879595913151716,51256.2,0.9,12381396859777937214,True
SC73,SC4732E0,iso8_matched,18,51332.0,4.0,0.15,7.7914243363268385,611,0.889663755120833,51332.0,0.9,12381396859777937214,True
SC73,SC4732E0,iso8_matched,19,51420.0,4.0,0.15,8.746072318403026,645,0.8413158452257504,51420.0,1.0,12381396859777937214,True
SC73,SC4732E0,sync8_c0,0,29842.0,4.0,0.15,13.27789053466651,683,0.81310667740313,29842.15,1.0,12381396859777937214,True
SC73,SC4732E0,sync8_c0,1,30066.0,4.0,0.15,24.359309277387737,596,0.9342005601493559,30065.9,0.9,12381396859777937214,True
SC73,SC4732E0,sync8_c0,2,30190.0,4.0,0.15,23.39847113968119,693,0.8080591057713653,30189.95,1.1,12381396859777937214,True
SC73,SC4732E0,sync8_c0,3,35159.0,4.0,0.15,9.885205419709141,624,0.885108725114698,35159.05,0.9,12381396859777937214,True
SC73,SC4732E0,sync8_c0,4,35252.0,4.0,0.15,9.521621659585135,614,0.8904128165985009,35251.95,0.9,12381396859777937214,True
SC73,SC4732E0,sync8_c0,5,35459.0,4.0,0.15,9.843226053817357,624,0.8663363714262844,35458.85,1.0,12381396859777937214,True
SC73,SC4732E0,sync8_c0,6,35540.0,4.0,0.15,9.625499281544174,697,0.35026684703998573,35539.9,1.1,12381396859777937214,True
SC73,SC4732E0,sync8_c0,7,35614.0,4.0,0.15,10.827850771290459,619,0.8656127180912395,35614.05,0.9,12381396859777937214,True
SC73,SC4732E0,sync8_c0,8,35780.0,4.0,0.15,8.821662129203995,647,0.8720342963411513,35779.9,1.0,12381396859777937214,True
SC73,SC4732E0,sync8_c0,9,40550.0,4.0,0.15,7.867455539335147,637,0.8382012619397311,40549.9,1.0,12381396859777937214,True
SC73,SC4732E0,sync8_c0,10,41070.0,4.0,0.15,11.749422660091874,765,0.9212555910254376,41070.0,1.2,12381396859777937214,True
SC73,SC4732E0,sync8_c0,11,41310.0,4.0,0.15,12.547789263890992,616,0.9619748931878701,41310.0,0.9,12381396859777937214,True
SC73,SC4732E0,sync8_c0,12,46223.0,4.0,0.15,6.795516251863415,670,0.8691170385041663,46223.05,1.0,12381396859777937214,True
SC73,SC4732E0,sync8_c0,13,46322.0,4.0,0.15,7.475844437080031,722,0.8920457431647548,46322.1,1.1,12381396859777937214,True
SC73,SC4732E0,sync8_c0,14,46621.0,4.0,0.15,10.152809712143524,631,0.763233284961974,46620.9,1.0,12381396859777937214,True
SC73,SC4732E0,sync8_c0,15,46847.0,4.0,0.15,10.150369280908132,591,0.8989155685894127,46846.9,0.9,12381396859777937214,True
SC73,SC4732E0,sync8_c0,16,50664.0,4.0,0.15,7.7899453875081965,697,0.889484611198544,50663.95,1.1,12381396859777937214,True
SC73,SC4732E0,sync8_c0,17,51256.0,4.0,0.15,7.189954476372934,630,0.8845135031365822,51255.95,1.0,12381396859777937214,True
SC73,SC4732E0,sync8_c0,18,51332.0,4.0,0.15,7.7914243363268385,608,0.883859075390038,51331.95,0.9,12381396859777937214,True
SC73,SC4732E0,sync8_c0,19,51420.0,4.0,0.15,8.746072318403026,640,0.7810782864209206,51420.0,1.0,12381396859777937214,True
SC74,SC4741E0,iso8_matched,0,28214.0,4.0,0.15,8.35828029490914,685,0.9164397668847277,28214.2,1.0,15931064792151889701,True
SC74,SC4741E0,iso8_matched,1,32019.0,4.0,0.15,8.197223846454786,596,0.9254480776390758,32019.0,0.9,15931064792151889701,True
SC74,SC4741E0,iso8_matched,2,32858.0,4.0,0.15,15.150921112387607,659,0.9130970211883865,32858.0,1.0,15931064792151889701,True
SC74,SC4741E0,iso8_matched,3,33029.0,4.0,0.15,26.00690871761806,584,0.8913394300506643,33028.8,0.9,15931064792151889701,True
SC74,SC4741E0,iso8_matched,4,39374.0,4.0,0.15,6.844688066786593,670,0.8910790205312871,39374.0,1.0,15931064792151889701,True
SC74,SC4741E0,iso8_matched,5,40376.0,4.0,0.15,11.708818008072575,681,0.6621019017633691,40375.4,1.0,15931064792151889701,True
SC74,SC4741E0,iso8_matched,6,40582.0,4.0,0.15,26.38155515547947,686,0.8534539529007029,40581.8,1.1,15931064792151889701,True
SC74,SC4741E0,iso8_matched,7,40642.0,4.0,0.15,24.505754880731708,670,0.9598866766854173,40642.05,1.0,15931064792151889701,True
SC74,SC4741E0,iso8_matched,8,47761.0,4.0,0.15,12.866044801484746,678,0.8567025083568152,47761.1,1.0,15931064792151889701,True
SC74,SC4741E0,iso8_matched,9,47982.0,4.0,0.15,18.555933140634753,682,0.8498715206969596,47982.15,1.0,15931064792151889701,True
SC74,SC4741E0,iso8_matched,10,48429.0,4.0,0.15,7.6931716813938245,628,0.917478406124994,48428.85,1.0,15931064792151889701,True
SC74,SC4741E0,iso8_matched,11,49066.0,4.0,0.15,27.82640171042278,638,0.8653640375385775,49066.0,1.0,15931064792151889701,True
SC74,SC4741E0,iso8_matched,12,49264.0,4.0,0.15,17.88485430782389,679,0.8060006909323236,49264.15,1.0,15931064792151889701,True
SC74,SC4741E0,iso8_matched,13,49497.0,4.0,0.15,9.283500363977486,656,0.8522020687909345,49497.0,1.0,15931064792151889701,True
SC74,SC4741E0,iso8_matched,14,49686.0,4.0,0.15,8.310623294982742,725,0.954657737068831,49686.0,1.1,15931064792151889701,True
SC74,SC4741E0,iso8_matched,15,49809.0,4.0,0.15,5.915332055141603,677,0.8857391583964862,49809.1,1.0,15931064792151889701,True
SC74,SC4741E0,iso8_matched,16,50161.0,4.0,0.15,5.024222827834706,744,0.7544457391498,50161.15,1.1,15931064792151889701,True
SC74,SC4741E0,iso8_matched,17,50940.0,4.0,0.15,6.786164236410319,667,0.7713125411383082,50939.35,1.0,15931064792151889701,True
SC74,SC4741E0,iso8_matched,18,51225.0,4.0,0.15,8.773129992712374,710,0.7706963466282776,51225.75,1.1,15931064792151889701,True
SC74,SC4741E0,iso8_matched,19,51438.0,4.0,0.15,11.783287899773212,616,0.9115410661821536,51438.15,0.9,15931064792151889701,True
SC74,SC4741E0,sync8_c0,0,28214.0,4.0,0.15,8.35828029490914,686,0.8917343967352561,28214.2,1.0,15931064792151889701,True
SC74,SC4741E0,sync8_c0,1,32019.0,4.0,0.15,8.197223846454786,601,0.899756878526858,32019.0,0.9,15931064792151889701,True
SC74,SC4741E0,sync8_c0,2,32858.0,4.0,0.15,15.150921112387607,660,0.8783548632017822,32858.0,1.0,15931064792151889701,True
SC74,SC4741E0,sync8_c0,3,33029.0,4.0,0.15,26.00690871761806,594,0.897439393695852,33028.85,0.9,15931064792151889701,True
SC74,SC4741E0,sync8_c0,4,39374.0,4.0,0.15,6.844688066786593,680,0.8984698203161682,39373.85,1.1,15931064792151889701,True
SC74,SC4741E0,sync8_c0,5,40376.0,4.0,0.15,11.708818008072575,680,0.6787324765272394,40376.15,1.0,15931064792151889701,True
SC74,SC4741E0,sync8_c0,6,40582.0,4.0,0.15,26.38155515547947,691,0.8833915294807652,40581.9,1.1,15931064792151889701,True
SC74,SC4741E0,sync8_c0,7,40642.0,4.0,0.15,24.505754880731708,673,0.9518912974550723,40642.05,1.0,15931064792151889701,True
SC74,SC4741E0,sync8_c0,8,47761.0,4.0,0.15,12.866044801484746,684,0.8343419096793814,47761.15,1.0,15931064792151889701,True
SC74,SC4741E0,sync8_c0,9,47982.0,4.0,0.15,18.555933140634753,686,0.9021426808157743,47981.95,1.1,15931064792151889701,True
SC74,SC4741E0,sync8_c0,10,48429.0,4.0,0.15,7.6931716813938245,629,0.9148216000815307,48428.9,1.0,15931064792151889701,True
SC74,SC4741E0,sync8_c0,11,49066.0,4.0,0.15,27.82640171042278,640,0.9140335335000315,49066.0,1.0,15931064792151889701,True
SC74,SC4741E0,sync8_c0,12,49264.0,4.0,0.15,17.88485430782389,679,0.8247799957388245,49264.2,1.0,15931064792151889701,True
SC74,SC4741E0,sync8_c0,13,49497.0,4.0,0.15,9.283500363977486,653,0.7994629368447796,49496.95,1.0,15931064792151889701,True
SC74,SC4741E0,sync8_c0,14,49686.0,4.0,0.15,8.310623294982742,721,0.9507021506230959,49686.1,1.1,15931064792151889701,True
SC74,SC4741E0,sync8_c0,15,49809.0,4.0,0.15,5.915332055141603,679,0.8696171659746069,49809.1,1.0,15931064792151889701,True
SC74,SC4741E0,sync8_c0,16,50161.0,4.0,0.15,5.024222827834706,746,0.693716500919884,50161.25,1.1,15931064792151889701,True
SC74,SC4741E0,sync8_c0,17,50940.0,4.0,0.15,6.786164236410319,665,0.7605435566126029,50939.95,1.1,15931064792151889701,True
SC74,SC4741E0,sync8_c0,18,51225.0,4.0,0.15,8.773129992712374,717,0.7959529139223903,51225.1,1.1,15931064792151889701,True
SC74,SC4741E0,sync8_c0,19,51438.0,4.0,0.15,11.783287899773212,611,0.9201162217111583,51438.1,0.9,15931064792151889701,True
SC74,SC4742E0,iso8_matched,0,32703.0,4.0,0.15,21.114094451672525,738,0.9106188274666901,32703.15,1.1,18145842803951723760,True
SC74,SC4742E0,iso8_matched,1,32771.0,4.0,0.15,23.87387440506072,606,0.6279142334549901,32771.0,0.9,18145842803951723760,True
SC74,SC4742E0,iso8_matched,2,33530.0,4.0,0.15,13.567919931971627,713,0.6085812954022185,33530.75,1.1,18145842803951723760,True
SC74,SC4742E0,iso8_matched,3,38312.0,4.0,0.15,10.258034333659625,699,0.8223224551071044,38312.2,1.0,18145842803951723760,True
SC74,SC4742E0,iso8_matched,4,38389.0,4.0,0.15,10.138338299677594,624,0.8965992102667173,38389.0,0.9,18145842803951723760,True
SC74,SC4742E0,iso8_matched,5,38660.0,4.0,0.15,8.17640960093564,585,0.8533123539360298,38660.0,0.9,18145842803951723760,True
SC74,SC4742E0,iso8_matched,6,38825.0,4.0,0.15,8.567428214772015,671,0.4628727904968652,38825.05,1.0,18145842803951723760,True
SC74,SC4742E0,iso8_matched,7,42880.0,4.0,0.15,19.17537874362023,642,0.9505372504895515,42879.9,1.0,18145842803951723760,True
SC74,SC4742E0,iso8_matched,8,42943.0,4.0,0.15,15.083596916952512,594,0.8910319398217873,42943.0,0.9,18145842803951723760,True
SC74,SC4742E0,iso8_matched,9,43016.0,4.0,0.15,11.263855875280361,631,0.8603918823790646,43015.9,1.0,18145842803951723760,True
SC74,SC4742E0,iso8_matched,10,43290.0,4.0,0.15,8.703991536080972,743,0.8734337124999928,43289.35,1.1,18145842803951723760,True
SC74,SC4742E0,iso8_matched,11,43517.0,4.0,0.15,13.281473222721491,651,0.25529781592311634,43517.7,1.0,18145842803951723760,True
SC74,SC4742E0,iso8_matched,12,43593.0,4.0,0.15,21.7030039625378,670,0.7222717833364521,43593.05,1.0,18145842803951723760,True
SC74,SC4742E0,iso8_matched,13,52618.0,4.0,0.15,21.008282614806976,647,0.9232040891204586,52617.9,1.0,18145842803951723760,True
SC74,SC4742E0,iso8_matched,14,56599.0,4.0,0.15,7.060042002667149,636,0.8805423620909119,56598.8,1.0,18145842803951723760,True
SC74,SC4742E0,iso8_matched,15,56957.0,4.0,0.15,10.616548190982904,612,0.8781290426822835,56956.85,1.0,18145842803951723760,True
SC74,SC4742E0,iso8_matched,16,57200.0,4.0,0.15,10.233319471100947,647,0.9385659275909175,57200.0,1.0,18145842803951723760,True
SC74,SC4742E0,iso8_matched,17,57280.0,4.0,0.15,8.987317684973968,685,0.8009579777009972,57279.8,1.1,18145842803951723760,True
SC74,SC4742E0,iso8_matched,18,57596.0,4.0,0.15,7.817280379410834,664,0.9054292081395444,57596.15,1.0,18145842803951723760,True
SC74,SC4742E0,iso8_matched,19,57943.0,4.0,0.15,5.650420884555015,677,0.9024240675202942,57943.15,1.0,18145842803951723760,True
SC74,SC4742E0,sync8_c0,0,32703.0,4.0,0.15,21.114094451672525,730,0.8973692289962716,32703.15,1.1,18145842803951723760,True
SC74,SC4742E0,sync8_c0,1,32771.0,4.0,0.15,23.87387440506072,608,0.6808895261771458,32770.95,0.9,18145842803951723760,True
SC74,SC4742E0,sync8_c0,2,33530.0,4.0,0.15,13.567919931971627,718,0.5327018265633329,33530.1,1.1,18145842803951723760,True
SC74,SC4742E0,sync8_c0,3,38312.0,4.0,0.15,10.258034333659625,703,0.9002564182206368,38312.0,1.1,18145842803951723760,True
SC74,SC4742E0,sync8_c0,4,38389.0,4.0,0.15,10.138338299677594,630,0.8590092054310673,38389.0,0.9,18145842803951723760,True
SC74,SC4742E0,sync8_c0,5,38660.0,4.0,0.15,8.17640960093564,583,0.8836168354369375,38659.95,0.9,18145842803951723760,True
SC74,SC4742E0,sync8_c0,6,38825.0,4.0,0.15,8.567428214772015,669,0.5191629338558222,38825.05,1.0,18145842803951723760,True
SC74,SC4742E0,sync8_c0,7,42880.0,4.0,0.15,19.17537874362023,646,0.9563910903887217,42879.9,1.0,18145842803951723760,True
SC74,SC4742E0,sync8_c0,8,42943.0,4.0,0.15,15.083596916952512,590,0.900920306492592,42942.95,0.9,18145842803951723760,True
SC74,SC4742E0,sync8_c0,9,43016.0,4.0,0.15,11.263855875280361,627,0.8168145994592627,43015.9,1.0,18145842803951723760,True
SC74,SC4742E0,sync8_c0,10,43290.0,4.0,0.15,8.703991536080972,748,0.89008467061425,43289.95,1.2,18145842803951723760,True
SC74,SC4742E0,sync8_c0,11,43517.0,4.0,0.15,13.281473222721491,646,0.5293964961495458,43516.65,0.8,18145842803951723760,True
SC74,SC4742E0,sync8_c0,12,43593.0,4.0,0.15,21.7030039625378,666,0.6962764108571463,43593.05,1.0,18145842803951723760,True
SC74,SC4742E0,sync8_c0,13,52618.0,4.0,0.15,21.008282614806976,655,0.9202706781733155,52618.0,1.0,18145842803951723760,True
SC74,SC4742E0,sync8_c0,14,56599.0,4.0,0.15,7.060042002667149,637,0.8547567689387612,56599.05,0.9,18145842803951723760,True
SC74,SC4742E0,sync8_c0,15,56957.0,4.0,0.15,10.616548190982904,607,0.8728151402076118,56956.85,1.0,18145842803951723760,True
SC74,SC4742E0,sync8_c0,16,57200.0,4.0,0.15,10.233319471100947,653,0.9260817644443187,57200.05,1.0,18145842803951723760,True
SC74,SC4742E0,sync8_c0,17,57280.0,4.0,0.15,8.987317684973968,692,0.899089884725555,57279.9,1.1,18145842803951723760,True
SC74,SC4742E0,sync8_c0,18,57596.0,4.0,0.15,7.817280379410834,659,0.8949989668431924,57596.1,1.0,18145842803951723760,True
SC74,SC4742E0,sync8_c0,19,57943.0,4.0,0.15,5.650420884555015,681,0.8878166741456642,57942.95,1.1,18145842803951723760,True
SC75,SC4751E0,iso8_matched,0,29069.0,4.0,0.15,8.423466489613624,621,0.8498800439691784,29068.85,1.0,13966663460092249921,True
SC75,SC4751E0,iso8_matched,1,29153.0,4.0,0.15,9.199836635753485,605,0.8339992003464055,29153.0,0.9,13966663460092249921,True
SC75,SC4751E0,iso8_matched,2,29222.0,4.0,0.15,10.016093171094523,747,0.8378927603590375,29222.2,1.1,13966663460092249921,True
SC75,SC4751E0,iso8_matched,3,29316.0,4.0,0.15,13.559419403433237,682,0.6612366397579571,29315.8,1.1,13966663460092249921,True
SC75,SC4751E0,iso8_matched,4,29433.0,4.0,0.15,14.345664911839208,626,0.8698456509407241,29432.85,1.0,13966663460092249921,True
SC75,SC4751E0,iso8_matched,5,29501.0,4.0,0.15,13.832438459758144,652,0.9574943594068115,29500.95,1.0,13966663460092249921,True
SC75,SC4751E0,iso8_matched,6,29603.0,4.0,0.15,12.608123912014628,686,0.7934446575984564,29602.85,1.1,13966663460092249921,True
SC75,SC4751E0,iso8_matched,7,29715.0,4.0,0.15,15.912478528975425,697,0.9170982441134645,29715.0,1.1,13966663460092249921,True
SC75,SC4751E0,iso8_matched,8,29796.0,4.0,0.15,17.838049789483545,736,0.8914966121837052,29796.1,1.1,13966663460092249921,True
SC75,SC4751E0,iso8_matched,9,29868.0,4.0,0.15,20.029703619130597,714,0.854520765419605,29868.0,1.1,13966663460092249921,True
SC75,SC4751E0,iso8_matched,10,29948.0,4.0,0.15,15.231355720258572,673,0.7542673150134559,29947.8,1.1,13966663460092249921,True
SC75,SC4751E0,iso8_matched,11,34374.0,4.0,0.15,7.490129961177491,759,0.9477309851277529,34373.95,1.2,13966663460092249921,True
SC75,SC4751E0,iso8_matched,12,34474.0,4.0,0.15,7.1115842013684345,640,0.7046487528535116,34474.0,1.0,13966663460092249921,True
SC75,SC4751E0,iso8_matched,13,34546.0,4.0,0.15,7.509501724420933,741,0.9115323212188381,34546.15,1.1,13966663460092249921,True
SC75,SC4751E0,iso8_matched,14,34608.0,4.0,0.15,8.375735571647967,687,0.9238364211689591,34607.9,1.1,13966663460092249921,True
SC75,SC4751E0,iso8_matched,15,34689.0,4.0,0.15,8.082691551795255,638,0.9023234513816447,34688.95,1.0,13966663460092249921,True
SC75,SC4751E0,iso8_matched,16,34755.0,4.0,0.15,8.768524113141574,577,0.9035847340525108,34754.85,0.9,13966663460092249921,True
SC75,SC4751E0,sync8_c0,0,29069.0,4.0,0.15,8.423466489613624,625,0.8512988635313259,29068.85,1.0,13966663460092249921,True
SC75,SC4751E0,sync8_c0,1,29153.0,4.0,0.15,9.199836635753485,604,0.82613405632735,29152.95,0.9,13966663460092249921,True
SC75,SC4751E0,sync8_c0,2,29222.0,4.0,0.15,10.016093171094523,753,0.8091130204818976,29221.95,1.2,13966663460092249921,True
SC75,SC4751E0,sync8_c0,3,29316.0,4.0,0.15,13.559419403433237,687,0.8065074705961157,29315.9,1.1,13966663460092249921,True
SC75,SC4751E0,sync8_c0,4,29433.0,4.0,0.15,14.345664911839208,625,0.8947549509213952,29433.05,0.9,13966663460092249921,True
SC75,SC4751E0,sync8_c0,5,29501.0,4.0,0.15,13.832438459758144,658,0.9573935342847073,29501.0,1.0,13966663460092249921,True
SC75,SC4751E0,sync8_c0,6,29603.0,4.0,0.15,12.608123912014628,686,0.8419324312550776,29602.95,1.1,13966663460092249921,True
SC75,SC4751E0,sync8_c0,7,29715.0,4.0,0.15,15.912478528975425,701,0.9230318065704762,29715.1,1.1,13966663460092249921,True
SC75,SC4751E0,sync8_c0,8,29796.0,4.0,0.15,17.838049789483545,731,0.8397616727792654,29796.15,1.1,13966663460092249921,True
SC75,SC4751E0,sync8_c0,9,29868.0,4.0,0.15,20.029703619130597,714,0.8857211348693297,29868.05,1.1,13966663460092249921,True
SC75,SC4751E0,sync8_c0,10,29948.0,4.0,0.15,15.231355720258572,676,0.7788862677998053,29947.9,1.1,13966663460092249921,True
SC75,SC4751E0,sync8_c0,11,34374.0,4.0,0.15,7.490129961177491,755,0.9172706115196778,34374.0,1.2,13966663460092249921,True
SC75,SC4751E0,sync8_c0,12,34474.0,4.0,0.15,7.1115842013684345,628,0.7022684171874338,34473.9,1.0,13966663460092249921,True
SC75,SC4751E0,sync8_c0,13,34546.0,4.0,0.15,7.509501724420933,735,0.8653110172937211,34546.2,1.1,13966663460092249921,True
SC75,SC4751E0,sync8_c0,14,34608.0,4.0,0.15,8.375735571647967,677,0.8965964526972612,34607.9,1.1,13966663460092249921,True
SC75,SC4751E0,sync8_c0,15,34689.0,4.0,0.15,8.082691551795255,639,0.9103686924350958,34688.95,1.0,13966663460092249921,True
SC75,SC4751E0,sync8_c0,16,34755.0,4.0,0.15,8.768524113141574,569,0.8901708665199597,34754.85,0.9,13966663460092249921,True
SC75,SC4752E0,iso8_matched,0,34008.0,4.0,0.15,8.464311293492642,743,0.9410905519076301,34008.15,1.1,2085272028753899433,True
SC75,SC4752E0,iso8_matched,1,34275.0,4.0,0.15,8.872350761302156,635,0.8676159589842368,34274.95,1.0,2085272028753899433,True
SC75,SC4752E0,iso8_matched,2,34357.0,4.0,0.15,10.922629816091533,670,0.6344464815070289,34357.1,1.0,2085272028753899433,True
SC75,SC4752E0,iso8_matched,3,34442.0,4.0,0.15,10.520326539069494,676,0.8705087382686457,34442.05,1.0,2085272028753899433,True
SC75,SC4752E0,iso8_matched,4,34560.0,4.0,0.15,14.123597017532015,734,0.9476495996157774,34560.05,1.1,2085272028753899433,True
SC75,SC4752E0,iso8_matched,5,34781.0,4.0,0.15,9.397814857567734,597,0.8358506579370648,34780.95,0.9,2085272028753899433,True
SC75,SC4752E0,iso8_matched,6,34880.0,4.0,0.15,9.639431745695623,668,0.9293508048396635,34880.05,1.0,2085272028753899433,True
SC75,SC4752E0,iso8_matched,7,35046.0,4.0,0.15,10.199419590193951,665,0.9438675749922437,35046.05,1.0,2085272028753899433,True
SC75,SC4752E0,iso8_matched,8,35137.0,4.0,0.15,9.888427679318173,605,0.8424123519568502,35136.95,0.9,2085272028753899433,True
SC75,SC4752E0,iso8_matched,9,35206.0,4.0,0.15,10.036551020986172,590,0.8435088328902037,35205.85,0.9,2085272028753899433,True
SC75,SC4752E0,iso8_matched,10,35287.0,4.0,0.15,9.693617000817689,705,0.936290035175578,35287.0,1.1,2085272028753899433,True
SC75,SC4752E0,iso8_matched,11,35362.0,4.0,0.15,9.41700337186207,617,0.9014175902573867,35362.1,0.9,2085272028753899433,True
SC75,SC4752E0,iso8_matched,12,40806.0,4.0,0.15,8.422772981650608,748,0.8435212946028168,40805.9,1.2,2085272028753899433,True
SC75,SC4752E0,iso8_matched,13,40875.0,4.0,0.15,9.372460001571863,730,0.8219000420826096,40875.15,1.1,2085272028753899433,True
SC75,SC4752E0,iso8_matched,14,40938.0,4.0,0.15,9.176894897111742,666,0.9124569305481579,40938.0,1.0,2085272028753899433,True
SC75,SC4752E0,iso8_matched,15,45567.0,4.0,0.15,8.507839599898938,731,0.890154978389473,45567.15,1.1,2085272028753899433,True
SC75,SC4752E0,iso8_matched,16,45722.0,4.0,0.15,8.577514641660802,665,0.9543613924042146,45722.05,1.0,2085272028753899433,True
SC75,SC4752E0,iso8_matched,17,52364.0,4.0,0.15,8.163103786562557,743,0.4353888510941084,52364.7,1.2,2085272028753899433,True
SC75,SC4752E0,iso8_matched,18,53339.0,4.0,0.15,8.63898762662995,696,0.9278286806847833,53338.9,1.1,2085272028753899433,True
SC75,SC4752E0,iso8_matched,19,53454.0,4.0,0.15,8.743416713492794,713,0.888970319583496,53453.9,1.1,2085272028753899433,True
SC75,SC4752E0,sync8_c0,0,34008.0,4.0,0.15,8.464311293492642,746,0.8751715275671773,34008.15,1.1,2085272028753899433,True
SC75,SC4752E0,sync8_c0,1,34275.0,4.0,0.15,8.872350761302156,624,0.8582787264549923,34274.85,1.0,2085272028753899433,True
SC75,SC4752E0,sync8_c0,2,34357.0,4.0,0.15,10.922629816091533,668,0.6545560646417514,34357.1,1.0,2085272028753899433,True
SC75,SC4752E0,sync8_c0,3,34442.0,4.0,0.15,10.520326539069494,676,0.876458207730914,34442.05,1.0,2085272028753899433,True
SC75,SC4752E0,sync8_c0,4,34560.0,4.0,0.15,14.123597017532015,745,0.886348604710667,34559.85,1.2,2085272028753899433,True
SC75,SC4752E0,sync8_c0,5,34781.0,4.0,0.15,9.397814857567734,592,0.791275179323772,34780.9,0.9,2085272028753899433,True
SC75,SC4752E0,sync8_c0,6,34880.0,4.0,0.15,9.639431745695623,679,0.9095802927947889,34879.9,1.1,2085272028753899433,True
SC75,SC4752E0,sync8_c0,7,35046.0,4.0,0.15,10.199419590193951,672,0.9169410599410676,35046.05,1.0,2085272028753899433,True
SC75,SC4752E0,sync8_c0,8,35137.0,4.0,0.15,9.888427679318173,614,0.8464163639980966,35136.95,0.9,2085272028753899433,True
SC75,SC4752E0,sync8_c0,9,35206.0,4.0,0.15,10.036551020986172,590,0.810560343730504,35205.85,0.9,2085272028753899433,True
SC75,SC4752E0,sync8_c0,10,35287.0,4.0,0.15,9.693617000817689,698,0.9413873585242245,35287.05,1.1,2085272028753899433,True
SC75,SC4752E0,sync8_c0,11,35362.0,4.0,0.15,9.41700337186207,611,0.9342172252681064,35362.05,0.9,2085272028753899433,True
SC75,SC4752E0,sync8_c0,12,40806.0,4.0,0.15,8.422772981650608,748,0.8176743901991647,40806.25,1.1,2085272028753899433,True
SC75,SC4752E0,sync8_c0,13,40875.0,4.0,0.15,9.372460001571863,724,0.8411712579612831,40875.2,1.1,2085272028753899433,True
SC75,SC4752E0,sync8_c0,14,40938.0,4.0,0.15,9.176894897111742,672,0.8942802348071258,40938.0,1.0,2085272028753899433,True
SC75,SC4752E0,sync8_c0,15,45567.0,4.0,0.15,8.507839599898938,724,0.8440848716214214,45567.15,1.1,2085272028753899433,True
SC75,SC4752E0,sync8_c0,16,45722.0,4.0,0.15,8.577514641660802,668,0.9579951013317894,45722.05,1.0,2085272028753899433,True
SC75,SC4752E0,sync8_c0,17,52364.0,4.0,0.15,8.163103786562557,735,0.6725503806420857,52364.1,1.1,2085272028753899433,True
SC75,SC4752E0,sync8_c0,18,53339.0,4.0,0.15,8.63898762662995,702,0.9516394228561215,53339.0,1.1,2085272028753899433,True
SC75,SC4752E0,sync8_c0,19,53454.0,4.0,0.15,8.743416713492794,719,0.8968088961027794,53454.0,1.1,2085272028753899433,True
SC76,SC4761E0,iso8_matched,0,45584.0,4.0,0.15,8.131364316120763,665,0.8689636627505588,45584.05,1.0,15452345008980119333,True
SC76,SC4761E0,iso8_matched,1,45702.0,4.0,0.15,7.795607874446166,661,0.7463210365657087,45701.3,1.0,15452345008980119333,True
SC76,SC4761E0,iso8_matched,2,45792.0,4.0,0.15,7.977184995974924,689,0.8184073824846534,45791.95,1.1,15452345008980119333,True
SC76,SC4761E0,iso8_matched,3,45906.0,4.0,0.15,7.858270844436495,712,0.4315316059689811,45905.3,0.9,15452345008980119333,True
SC76,SC4761E0,iso8_matched,4,49513.0,4.0,0.15,12.929652484797462,744,0.8791784127865493,49512.85,1.2,15452345008980119333,True
SC76,SC4761E0,iso8_matched,5,49598.0,4.0,0.15,12.017562053883115,648,0.9603561509352316,49597.95,1.0,15452345008980119333,True
SC76,SC4761E0,iso8_matched,6,49690.0,4.0,0.15,10.822049512324185,726,0.9363052500648149,49690.1,1.1,15452345008980119333,True
SC76,SC4761E0,iso8_matched,7,49753.0,4.0,0.15,9.834249964371216,667,0.8882228453580432,49753.2,1.0,15452345008980119333,True
SC76,SC4761E0,iso8_matched,8,49859.0,4.0,0.15,9.593529085001821,631,0.7656947919030451,49858.9,1.0,15452345008980119333,True
SC76,SC4761E0,iso8_matched,9,49947.0,4.0,0.15,9.653570942725898,596,0.9051908711819731,49946.9,0.9,15452345008980119333,True
SC76,SC4761E0,iso8_matched,10,50011.0,4.0,0.15,9.782239056037758,664,0.9102302491710467,50011.05,1.0,15452345008980119333,True
SC76,SC4761E0,iso8_matched,11,50079.0,4.0,0.15,10.214986028052293,701,0.8622664194560196,50079.2,1.0,15452345008980119333,True
SC76,SC4761E0,iso8_matched,12,50492.0,4.0,0.15,7.495199620333505,726,0.9255675412138957,50492.1,1.1,15452345008980119333,True
SC76,SC4761E0,iso8_matched,13,50562.0,4.0,0.15,7.82797761757679,683,0.7103739503478533,50561.75,1.2,15452345008980119333,True
SC76,SC4761E0,iso8_matched,14,50716.0,4.0,0.15,7.727015478909037,595,0.8774224521590704,50716.0,0.9,15452345008980119333,True
SC76,SC4761E0,iso8_matched,15,57307.0,4.0,0.15,8.978132009735264,641,0.0,,,15452345008980119333,True
SC76,SC4761E0,iso8_matched,16,57409.0,4.0,0.15,8.404093335604513,627,0.6709178628354421,57409.1,0.9,15452345008980119333,True
SC76,SC4761E0,sync8_c0,0,45584.0,4.0,0.15,8.131364316120763,666,0.864865755968538,45584.05,1.0,15452345008980119333,True
SC76,SC4761E0,sync8_c0,1,45702.0,4.0,0.15,7.795607874446166,670,0.6407874831405828,45702.0,1.0,15452345008980119333,True
SC76,SC4761E0,sync8_c0,2,45792.0,4.0,0.15,7.977184995974924,691,0.8010170657256462,45792.0,1.1,15452345008980119333,True
SC76,SC4761E0,sync8_c0,3,45906.0,4.0,0.15,7.858270844436495,705,0.6493723304431117,45906.05,1.1,15452345008980119333,True
SC76,SC4761E0,sync8_c0,4,49513.0,4.0,0.15,12.929652484797462,745,0.8880216430916248,49512.95,1.2,15452345008980119333,True
SC76,SC4761E0,sync8_c0,5,49598.0,4.0,0.15,12.017562053883115,649,0.95258368037543,49598.0,1.0,15452345008980119333,True
SC76,SC4761E0,sync8_c0,6,49690.0,4.0,0.15,10.822049512324185,726,0.9168297345985065,49690.15,1.1,15452345008980119333,True
SC76,SC4761E0,sync8_c0,7,49753.0,4.0,0.15,9.834249964371216,661,0.8541438490596878,49753.15,1.0,15452345008980119333,True
SC76,SC4761E0,sync8_c0,8,49859.0,4.0,0.15,9.593529085001821,633,0.844298191430453,49858.9,1.0,15452345008980119333,True
SC76,SC4761E0,sync8_c0,9,49947.0,4.0,0.15,9.653570942725898,595,0.8852962811283006,49946.85,0.9,15452345008980119333,True
SC76,SC4761E0,sync8_c0,10,50011.0,4.0,0.15,9.782239056037758,667,0.9208397207484236,50011.05,1.0,15452345008980119333,True
SC76,SC4761E0,sync8_c0,11,50079.0,4.0,0.15,10.214986028052293,704,0.875485304066649,50079.0,1.1,15452345008980119333,True
SC76,SC4761E0,sync8_c0,12,50492.0,4.0,0.15,7.495199620333505,720,0.9369573135843796,50492.1,1.1,15452345008980119333,True
SC76,SC4761E0,sync8_c0,13,50562.0,4.0,0.15,7.82797761757679,679,0.4390614993300119,50561.9,1.2,15452345008980119333,True
SC76,SC4761E0,sync8_c0,14,50716.0,4.0,0.15,7.727015478909037,596,0.8916565607435734,50715.95,0.9,15452345008980119333,True
SC76,SC4761E0,sync8_c0,15,57307.0,4.0,0.15,8.978132009735264,641,0.5827429025793893,57306.8,1.2,15452345008980119333,True
SC76,SC4761E0,sync8_c0,16,57409.0,4.0,0.15,8.404093335604513,627,0.7352097234787709,57409.05,0.9,15452345008980119333,True
SC76,SC4762E0,iso8_matched,0,44417.0,4.0,0.15,29.426529606685204,574,0.8522488369805108,44417.1,0.8,13051422438219946772,True
SC76,SC4762E0,iso8_matched,1,45499.0,4.0,0.15,9.47546643182316,678,0.8513625006459503,45498.85,1.1,13051422438219946772,True
SC76,SC4762E0,iso8_matched,2,46457.0,4.0,0.15,13.448306262599115,651,0.9079087483609384,46456.95,1.0,13051422438219946772,True
SC76,SC4762E0,iso8_matched,3,46736.0,4.0,0.15,13.338540681549013,714,0.9067750482911116,46735.9,1.1,13051422438219946772,True
SC76,SC4762E0,iso8_matched,4,47098.0,4.0,0.15,13.497819341251205,644,0.9026730591021032,47097.9,1.0,13051422438219946772,True
SC76,SC4762E0,iso8_matched,5,49182.0,4.0,0.15,8.45115531038173,681,0.8404064712199355,49182.1,1.0,13051422438219946772,True
SC76,SC4762E0,iso8_matched,6,51726.0,4.0,0.15,8.373021182743624,613,0.8583719909449413,51726.05,0.9,13051422438219946772,True
SC76,SC4762E0,iso8_matched,7,51871.0,4.0,0.15,7.902227962897773,652,0.9613486903239974,51870.95,1.0,13051422438219946772,True
SC76,SC4762E0,iso8_matched,8,52306.0,4.0,0.15,8.41797641197748,688,0.8597620577162518,52305.95,1.1,13051422438219946772,True
SC76,SC4762E0,iso8_matched,9,53280.0,4.0,0.15,13.73529895465374,675,0.8698948104609743,53279.8,1.1,13051422438219946772,True
SC76,SC4762E0,iso8_matched,10,53851.0,4.0,0.15,13.43657483259112,715,0.9081173877162599,53851.0,1.1,13051422438219946772,True
SC76,SC4762E0,iso8_matched,11,54379.0,4.0,0.15,14.532334524925401,656,0.9683186561105296,54379.0,1.0,13051422438219946772,True
SC76,SC4762E0,iso8_matched,12,55589.0,4.0,0.15,9.147744656976625,710,0.9554438809102372,55588.95,1.1,13051422438219946772,True
SC76,SC4762E0,iso8_matched,13,61679.0,4.0,0.15,12.016969507593766,696,0.8762267296963917,61679.05,1.1,13051422438219946772,True
SC76,SC4762E0,iso8_matched,14,62326.0,4.0,0.15,9.226735974436442,717,0.9041568947498975,62326.0,1.1,13051422438219946772,True
SC76,SC4762E0,iso8_matched,15,62560.0,4.0,0.15,8.046859426783886,662,0.9154034507323449,62560.0,1.0,13051422438219946772,True
SC76,SC4762E0,iso8_matched,16,62671.0,4.0,0.15,10.168150680267416,597,0.9416772404629999,62670.95,0.9,13051422438219946772,True
SC76,SC4762E0,iso8_matched,17,63909.0,4.0,0.15,15.712770377205937,662,0.9396970580879327,63909.1,1.0,13051422438219946772,True
SC76,SC4762E0,iso8_matched,18,64067.0,4.0,0.15,13.596912271474686,677,0.9174386214173479,64067.1,1.0,13051422438219946772,True
SC76,SC4762E0,iso8_matched,19,64279.0,4.0,0.15,11.15047115825187,661,0.4511149791679825,64278.3,1.0,13051422438219946772,True
SC76,SC4762E0,sync8_c0,0,44417.0,4.0,0.15,29.426529606685204,580,0.8299948835574427,44417.05,0.8,13051422438219946772,True
SC76,SC4762E0,sync8_c0,1,45499.0,4.0,0.15,9.47546643182316,673,0.8522760110123503,45499.1,1.0,13051422438219946772,True
SC76,SC4762E0,sync8_c0,2,46457.0,4.0,0.15,13.448306262599115,653,0.8688863328075367,46456.9,1.0,13051422438219946772,True
SC76,SC4762E0,sync8_c0,3,46736.0,4.0,0.15,13.338540681549013,719,0.9223800746268476,46736.0,1.1,13051422438219946772,True
SC76,SC4762E0,sync8_c0,4,47098.0,4.0,0.15,13.497819341251205,644,0.9002748446105795,47097.9,1.0,13051422438219946772,True
SC76,SC4762E0,sync8_c0,5,49182.0,4.0,0.15,8.45115531038173,684,0.8437083659709187,49182.1,1.0,13051422438219946772,True
SC76,SC4762E0,sync8_c0,6,51726.0,4.0,0.15,8.373021182743624,606,0.8524282474555036,51726.0,0.9,13051422438219946772,True
SC76,SC4762E0,sync8_c0,7,51871.0,4.0,0.15,7.902227962897773,656,0.9581579698144961,51871.0,1.0,13051422438219946772,True
SC76,SC4762E0,sync8_c0,8,52306.0,4.0,0.15,8.41797641197748,689,0.8775381097078111,52306.0,1.1,13051422438219946772,True
SC76,SC4762E0,sync8_c0,9,53280.0,4.0,0.15,13.73529895465374,673,0.8813276502122427,53279.85,1.1,13051422438219946772,True
SC76,SC4762E0,sync8_c0,10,53851.0,4.0,0.15,13.43657483259112,715,0.9364673595166269,53851.05,1.1,13051422438219946772,True
SC76,SC4762E0,sync8_c0,11,54379.0,4.0,0.15,14.532334524925401,657,0.9682318143476146,54379.0,1.0,13051422438219946772,True
SC76,SC4762E0,sync8_c0,12,55589.0,4.0,0.15,9.147744656976625,708,0.9378224052738706,55589.05,1.1,13051422438219946772,True
SC76,SC4762E0,sync8_c0,13,61679.0,4.0,0.15,12.016969507593766,691,0.8874505674105142,61679.05,1.1,13051422438219946772,True
SC76,SC4762E0,sync8_c0,14,62326.0,4.0,0.15,9.226735974436442,706,0.9174409622265939,62326.0,1.1,13051422438219946772,True
SC76,SC4762E0,sync8_c0,15,62560.0,4.0,0.15,8.046859426783886,669,0.8977263891629889,62560.0,1.0,13051422438219946772,True
SC76,SC4762E0,sync8_c0,16,62671.0,4.0,0.15,10.168150680267416,598,0.9294449551268927,62670.95,0.9,13051422438219946772,True
SC76,SC4762E0,sync8_c0,17,63909.0,4.0,0.15,15.712770377205937,666,0.8786680252548198,63909.15,1.0,13051422438219946772,True
SC76,SC4762E0,sync8_c0,18,64067.0,4.0,0.15,13.596912271474686,684,0.9268584155956088,64066.95,1.1,13051422438219946772,True
SC76,SC4762E0,sync8_c0,19,64279.0,4.0,0.15,11.15047115825187,664,0.5434436373792657,64278.75,1.1,13051422438219946772,True
SC77,SC4771G0,iso8_matched,0,37566.0,4.0,0.15,14.400739258207748,682,0.9038444429148852,37566.1,1.0,10428477781234813397,True
SC77,SC4771G0,iso8_matched,1,37641.0,4.0,0.15,15.237859473557215,647,0.9387624072246392,37641.0,1.0,10428477781234813397,True
SC77,SC4771G0,iso8_matched,2,37785.0,4.0,0.15,14.805753323302982,695,0.8954032106087343,37784.95,1.1,10428477781234813397,True
SC77,SC4771G0,iso8_matched,3,46409.0,4.0,0.15,8.34896197215837,606,0.939273749156453,46409.0,0.9,10428477781234813397,True
SC77,SC4771G0,iso8_matched,4,47110.0,4.0,0.15,13.824953158640145,721,0.4767698518365534,47109.55,1.0,10428477781234813397,True
SC77,SC4771G0,iso8_matched,5,47215.0,4.0,0.15,17.705969969397202,708,0.9381565786834694,47214.95,1.1,10428477781234813397,True
SC77,SC4771G0,iso8_matched,6,47783.0,4.0,0.15,18.305935902583347,749,0.8700451819327676,47783.15,1.1,10428477781234813397,True
SC77,SC4771G0,iso8_matched,7,48164.0,4.0,0.15,29.346686859255342,623,0.8798384560499377,48164.1,0.9,10428477781234813397,True
SC77,SC4771G0,iso8_matched,8,53041.0,4.0,0.15,11.239621522203047,700,0.9152711001215788,53040.85,1.1,10428477781234813397,True
SC77,SC4771G0,iso8_matched,9,61916.0,4.0,0.15,11.332558664015506,623,0.8818256955973783,61915.8,1.0,10428477781234813397,True
SC77,SC4771G0,iso8_matched,10,62937.0,4.0,0.15,9.595777591016002,740,0.7602058785361373,62937.55,1.2,10428477781234813397,True
SC77,SC4771G0,iso8_matched,11,63046.0,4.0,0.15,9.342670420284,667,0.9440681735161085,63046.1,1.0,10428477781234813397,True
SC77,SC4771G0,iso8_matched,12,63130.0,4.0,0.15,10.282727761628015,672,0.7433903093054358,63130.1,1.0,10428477781234813397,True
SC77,SC4771G0,iso8_matched,13,63244.0,4.0,0.15,10.584606652703851,756,0.8122671102575313,63244.0,1.2,10428477781234813397,True
SC77,SC4771G0,iso8_matched,14,63330.0,4.0,0.15,11.001178480950495,624,0.85741826533022,63330.15,0.9,10428477781234813397,True
SC77,SC4771G0,iso8_matched,15,63467.0,4.0,0.15,9.492535363362228,612,0.938712253257419,63467.0,0.9,10428477781234813397,True
SC77,SC4771G0,iso8_matched,16,63794.0,4.0,0.15,9.956980556586803,735,0.724226452263318,63793.85,1.2,10428477781234813397,True
SC77,SC4771G0,iso8_matched,17,63854.0,4.0,0.15,11.055636954616256,731,0.8638404028881289,63853.8,1.2,10428477781234813397,True
SC77,SC4771G0,iso8_matched,18,64001.0,4.0,0.15,11.536935214759206,659,0.9357310896394682,64001.0,1.0,10428477781234813397,True
SC77,SC4771G0,iso8_matched,19,64126.0,4.0,0.15,9.688118767568405,693,0.9167225719331947,64125.9,1.1,10428477781234813397,True
SC77,SC4771G0,sync8_c0,0,37566.0,4.0,0.15,14.400739258207748,673,0.9371835186437457,37566.05,1.0,10428477781234813397,True
SC77,SC4771G0,sync8_c0,1,37641.0,4.0,0.15,15.237859473557215,641,0.924361585941446,37640.95,1.0,10428477781234813397,True
SC77,SC4771G0,sync8_c0,2,37785.0,4.0,0.15,14.805753323302982,695,0.8932283994536947,37785.0,1.1,10428477781234813397,True
SC77,SC4771G0,sync8_c0,3,46409.0,4.0,0.15,8.34896197215837,603,0.9261690892982893,46408.95,0.9,10428477781234813397,True
SC77,SC4771G0,sync8_c0,4,47110.0,4.0,0.15,13.824953158640145,723,0.6452140561974928,47110.05,1.1,10428477781234813397,True
SC77,SC4771G0,sync8_c0,5,47215.0,4.0,0.15,17.705969969397202,718,0.9441028104368956,47215.1,1.1,10428477781234813397,True
SC77,SC4771G0,sync8_c0,6,47783.0,4.0,0.15,18.305935902583347,751,0.824616812228436,47782.95,1.2,10428477781234813397,True
SC77,SC4771G0,sync8_c0,7,48164.0,4.0,0.15,29.346686859255342,612,0.9203037735581948,48164.0,0.9,10428477781234813397,True
SC77,SC4771G0,sync8_c0,8,53041.0,4.0,0.15,11.239621522203047,708,0.9316167523136594,53040.95,1.1,10428477781234813397,True
SC77,SC4771G0,sync8_c0,9,61916.0,4.0,0.15,11.332558664015506,630,0.914841371530091,61915.85,1.0,10428477781234813397,True
SC77,SC4771G0,sync8_c0,10,62937.0,4.0,0.15,9.595777591016002,745,0.6931321700554954,62936.9,1.2,10428477781234813397,True
SC77,SC4771G0,sync8_c0,11,63046.0,4.0,0.15,9.342670420284,668,0.9043148735942471,63046.1,1.0,10428477781234813397,True
SC77,SC4771G0,sync8_c0,12,63130.0,4.0,0.15,10.282727761628015,668,0.8204155581423174,63130.1,1.0,10428477781234813397,True
SC77,SC4771G0,sync8_c0,13,63244.0,4.0,0.15,10.584606652703851,748,0.7058822607098615,63244.0,1.2,10428477781234813397,True
SC77,SC4771G0,sync8_c0,14,63330.0,4.0,0.15,11.001178480950495,625,0.8245911606049932,63330.15,0.9,10428477781234813397,True
SC77,SC4771G0,sync8_c0,15,63467.0,4.0,0.15,9.492535363362228,622,0.8833558324729017,63467.0,0.9,10428477781234813397,True
SC77,SC4771G0,sync8_c0,16,63794.0,4.0,0.15,9.956980556586803,736,0.7217088722808082,63793.95,1.2,10428477781234813397,True
SC77,SC4771G0,sync8_c0,17,63854.0,4.0,0.15,11.055636954616256,730,0.8597302763232925,63853.9,1.2,10428477781234813397,True
SC77,SC4771G0,sync8_c0,18,64001.0,4.0,0.15,11.536935214759206,655,0.9377402844210786,64000.95,1.0,10428477781234813397,True
SC77,SC4771G0,sync8_c0,19,64126.0,4.0,0.15,9.688118767568405,694,0.9242601385073512,64126.0,1.1,10428477781234813397,True
SC77,SC4772G0,iso8_matched,0,36872.0,4.0,0.15,20.77520684725517,573,0.602365898502355,36872.45,0.9,5053952851073911502,True
SC77,SC4772G0,iso8_matched,1,37270.0,4.0,0.15,16.715948826803857,598,0.7570399308654001,37269.95,0.9,5053952851073911502,True
SC77,SC4772G0,iso8_matched,2,37901.0,4.0,0.15,38.98896810559686,587,0.7991805436025604,37900.95,0.9,5053952851073911502,True
SC77,SC4772G0,iso8_matched,3,38201.0,4.0,0.15,25.583152394731194,700,0.8972033857907266,38201.05,1.1,5053952851073911502,True
SC77,SC4772G0,iso8_matched,4,38371.0,4.0,0.15,26.96651195529932,692,0.9374826201010024,38370.75,1.1,5053952851073911502,True
SC77,SC4772G0,iso8_matched,5,38450.0,4.0,0.15,30.32972885346273,714,0.8235676352224003,38449.95,1.1,5053952851073911502,True
SC77,SC4772G0,iso8_matched,6,38563.0,4.0,0.15,37.36503424559109,710,0.8984114170770995,38563.05,1.1,5053952851073911502,True
SC77,SC4772G0,iso8_matched,7,38816.0,4.0,0.15,34.09081803521398,660,0.949387548255609,38816.05,1.0,5053952851073911502,True
SC77,SC4772G0,iso8_matched,8,43511.0,4.0,0.15,19.27325208763343,736,0.9475674026817537,43511.05,1.1,5053952851073911502,True
SC77,SC4772G0,iso8_matched,9,43630.0,4.0,0.15,16.405408351627017,668,0.9090898914807612,43630.1,1.0,5053952851073911502,True
SC77,SC4772G0,iso8_matched,10,43731.0,4.0,0.15,14.202977203694983,592,0.9136355558392414,43730.9,0.9,5053952851073911502,True
SC77,SC4772G0,iso8_matched,11,43914.0,4.0,0.15,14.616217894771966,606,0.9562862976800712,43914.0,0.9,5053952851073911502,True
SC77,SC4772G0,iso8_matched,12,44119.0,4.0,0.15,17.200120401957573,637,0.8777520385800278,44118.9,1.0,5053952851073911502,True
SC77,SC4772G0,iso8_matched,13,44225.0,4.0,0.15,17.62847990480345,598,0.9119683142611339,44224.95,0.9,5053952851073911502,True
SC77,SC4772G0,iso8_matched,14,50193.0,4.0,0.15,22.56596443701086,705,0.9456831904771424,50192.95,1.1,5053952851073911502,True
SC77,SC4772G0,iso8_matched,15,50321.0,4.0,0.15,20.414552368974743,691,0.8262270407842796,50320.85,1.1,5053952851073911502,True
SC77,SC4772G0,iso8_matched,16,50397.0,4.0,0.15,19.061716099867198,667,0.8761915993920779,50397.0,1.0,5053952851073911502,True
SC77,SC4772G0,iso8_matched,17,50616.0,4.0,0.15,20.893264582457473,639,0.6416235191924128,50616.2,0.9,5053952851073911502,True
SC77,SC4772G0,iso8_matched,18,51436.0,4.0,0.15,13.722531718610472,603,0.8890029070763419,51435.95,0.9,5053952851073911502,True
SC77,SC4772G0,iso8_matched,19,51544.0,4.0,0.15,13.759923276950422,629,0.8582482548001054,51543.95,1.0,5053952851073911502,True
SC77,SC4772G0,sync8_c0,0,36872.0,4.0,0.15,20.77520684725517,570,0.5486412253870031,36871.85,0.9,5053952851073911502,True
SC77,SC4772G0,sync8_c0,1,37270.0,4.0,0.15,16.715948826803857,592,0.7399610900031771,37269.95,0.9,5053952851073911502,True
SC77,SC4772G0,sync8_c0,2,37901.0,4.0,0.15,38.98896810559686,582,0.7406245206055321,37900.95,0.9,5053952851073911502,True
SC77,SC4772G0,sync8_c0,3,38201.0,4.0,0.15,25.583152394731194,697,0.8914477687669607,38201.1,1.1,5053952851073911502,True
SC77,SC4772G0,sync8_c0,4,38371.0,4.0,0.15,26.96651195529932,700,0.9326375924567359,38370.9,1.1,5053952851073911502,True
SC77,SC4772G0,sync8_c0,5,38450.0,4.0,0.15,30.32972885346273,720,0.8121438327293656,38450.05,1.1,5053952851073911502,True
SC77,SC4772G0,sync8_c0,6,38563.0,4.0,0.15,37.36503424559109,705,0.9193817656699415,38563.05,1.1,5053952851073911502,True
SC77,SC4772G0,sync8_c0,7,38816.0,4.0,0.15,34.09081803521398,660,0.9402582328063969,38816.0,1.0,5053952851073911502,True
SC77,SC4772G0,sync8_c0,8,43511.0,4.0,0.15,19.27325208763343,741,0.9118209582246466,43511.15,1.1,5053952851073911502,True
SC77,SC4772G0,sync8_c0,9,43630.0,4.0,0.15,16.405408351627017,673,0.9017445951715337,43630.15,1.0,5053952851073911502,True
SC77,SC4772G0,sync8_c0,10,43731.0,4.0,0.15,14.202977203694983,600,0.9255532822880114,43730.95,0.9,5053952851073911502,True
SC77,SC4772G0,sync8_c0,11,43914.0,4.0,0.15,14.616217894771966,602,0.9500457805545782,43913.95,0.9,5053952851073911502,True
SC77,SC4772G0,sync8_c0,12,44119.0,4.0,0.15,17.200120401957573,636,0.8231406168930344,44118.9,1.0,5053952851073911502,True
SC77,SC4772G0,sync8_c0,13,44225.0,4.0,0.15,17.62847990480345,589,0.8750785356570262,44224.9,0.9,5053952851073911502,True
SC77,SC4772G0,sync8_c0,14,50193.0,4.0,0.15,22.56596443701086,716,0.9591734237834985,50193.05,1.1,5053952851073911502,True
SC77,SC4772G0,sync8_c0,15,50321.0,4.0,0.15,20.414552368974743,694,0.8712450080599107,50320.95,1.1,5053952851073911502,True
SC77,SC4772G0,sync8_c0,16,50397.0,4.0,0.15,19.061716099867198,667,0.8614582569833029,50397.0,1.0,5053952851073911502,True
SC77,SC4772G0,sync8_c0,17,50616.0,4.0,0.15,20.893264582457473,641,0.6977117072055078,50615.85,1.0,5053952851073911502,True
SC77,SC4772G0,sync8_c0,18,51436.0,4.0,0.15,13.722531718610472,608,0.8390307116507123,51435.95,0.9,5053952851073911502,True
SC77,SC4772G0,sync8_c0,19,51544.0,4.0,0.15,13.759923276950422,623,0.8328179787737473,51543.95,1.0,5053952851073911502,True
SC80,SC4801G0,iso8_matched,0,37404.0,4.0,0.15,12.477636439670286,627,0.8939562749692408,37403.9,1.0,15356316664257304812,True
SC80,SC4801G0,iso8_matched,1,37968.0,4.0,0.15,9.39290658449092,722,0.766610221448045,37968.1,1.1,15356316664257304812,True
SC80,SC4801G0,iso8_matched,2,38185.0,4.0,0.15,9.76533951424057,718,0.7752364253181802,38185.05,1.1,15356316664257304812,True
SC80,SC4801G0,iso8_matched,3,43356.0,4.0,0.15,10.435803267272101,593,0.6707913098696656,43356.0,0.9,15356316664257304812,True
SC80,SC4801G0,iso8_matched,4,44060.0,4.0,0.15,10.051396139111606,637,0.9114428394919751,44059.9,1.0,15356316664257304812,True
SC80,SC4801G0,iso8_matched,5,44625.0,4.0,0.15,28.419712277521597,752,0.9126514371933557,44624.9,1.2,15356316664257304812,True
SC80,SC4801G0,iso8_matched,6,44694.0,4.0,0.15,40.22676860181527,648,0.8633861684807258,44694.0,1.0,15356316664257304812,True
SC80,SC4801G0,iso8_matched,7,49332.0,4.0,0.15,9.9749662873456,606,0.9052253162320977,49332.0,0.9,15356316664257304812,True
SC80,SC4801G0,iso8_matched,8,49551.0,4.0,0.15,8.244222662133023,643,0.8902042301758777,49550.95,1.0,15356316664257304812,True
SC80,SC4801G0,iso8_matched,9,55069.0,4.0,0.15,19.135167244607832,680,0.8462020558008941,55069.05,1.0,15356316664257304812,True
SC80,SC4801G0,iso8_matched,10,55755.0,4.0,0.15,11.411243332503181,625,0.8859850121442349,55754.9,1.0,15356316664257304812,True
SC80,SC4801G0,iso8_matched,11,56385.0,4.0,0.15,7.991849892764704,614,0.6421317291834562,56384.75,1.0,15356316664257304812,True
SC80,SC4801G0,iso8_matched,12,57033.0,4.0,0.15,9.850512271121913,675,0.8669818065672387,57033.1,1.0,15356316664257304812,True
SC80,SC4801G0,iso8_matched,13,57283.0,4.0,0.15,7.485561583759395,722,0.8642098843385005,57283.05,1.1,15356316664257304812,True
SC80,SC4801G0,iso8_matched,14,57424.0,4.0,0.15,7.789514549053168,753,0.8223856660728058,57424.75,1.2,15356316664257304812,True
SC80,SC4801G0,iso8_matched,15,57530.0,4.0,0.15,8.974437365130376,615,0.8489046266399474,57530.05,0.9,15356316664257304812,True
SC80,SC4801G0,iso8_matched,16,57597.0,4.0,0.15,11.366032273556279,589,0.6790071898111507,57597.45,0.9,15356316664257304812,True
SC80,SC4801G0,iso8_matched,17,59495.0,4.0,0.15,10.632478309002886,733,0.860898344292611,59495.1,1.1,15356316664257304812,True
SC80,SC4801G0,iso8_matched,18,59557.0,4.0,0.15,11.842747197745144,642,0.8665555075323074,59556.9,1.0,15356316664257304812,True
SC80,SC4801G0,iso8_matched,19,59983.0,4.0,0.15,8.939561226674707,651,0.8944182282689961,59983.0,1.0,15356316664257304812,True
SC80,SC4801G0,sync8_c0,0,37404.0,4.0,0.15,12.477636439670286,619,0.8766682029363585,37403.85,1.0,15356316664257304812,True
SC80,SC4801G0,sync8_c0,1,37968.0,4.0,0.15,9.39290658449092,724,0.729924659649553,37968.15,1.1,15356316664257304812,True
SC80,SC4801G0,sync8_c0,2,38185.0,4.0,0.15,9.76533951424057,715,0.7734564759898473,38185.1,1.1,15356316664257304812,True
SC80,SC4801G0,sync8_c0,3,43356.0,4.0,0.15,10.435803267272101,589,0.7286781786721817,43355.95,0.9,15356316664257304812,True
SC80,SC4801G0,sync8_c0,4,44060.0,4.0,0.15,10.051396139111606,636,0.8961854828255916,44059.9,1.0,15356316664257304812,True
SC80,SC4801G0,sync8_c0,5,44625.0,4.0,0.15,28.419712277521597,748,0.9027233494636475,44624.95,1.2,15356316664257304812,True
SC80,SC4801G0,sync8_c0,6,44694.0,4.0,0.15,40.22676860181527,643,0.8371191708111922,44693.95,1.0,15356316664257304812,True
SC80,SC4801G0,sync8_c0,7,49332.0,4.0,0.15,9.9749662873456,606,0.8941093959811963,49332.0,0.9,15356316664257304812,True
SC80,SC4801G0,sync8_c0,8,49551.0,4.0,0.15,8.244222662133023,642,0.8658416327038642,49551.0,1.0,15356316664257304812,True
SC80,SC4801G0,sync8_c0,9,55069.0,4.0,0.15,19.135167244607832,680,0.8741430475666445,55068.85,1.1,15356316664257304812,True
SC80,SC4801G0,sync8_c0,10,55755.0,4.0,0.15,11.411243332503181,626,0.8878828075624942,55754.9,1.0,15356316664257304812,True
SC80,SC4801G0,sync8_c0,11,56385.0,4.0,0.15,7.991849892764704,623,0.5738960389146481,56384.85,1.0,15356316664257304812,True
SC80,SC4801G0,sync8_c0,12,57033.0,4.0,0.15,9.850512271121913,675,0.8645417319421367,57033.1,1.0,15356316664257304812,True
SC80,SC4801G0,sync8_c0,13,57283.0,4.0,0.15,7.485561583759395,720,0.8503378333099503,57283.15,1.1,15356316664257304812,True
SC80,SC4801G0,sync8_c0,14,57424.0,4.0,0.15,7.789514549053168,751,0.7952833270431972,57423.95,1.2,15356316664257304812,True
SC80,SC4801G0,sync8_c0,15,57530.0,4.0,0.15,8.974437365130376,615,0.8282130086806547,57529.8,1.0,15356316664257304812,True
SC80,SC4801G0,sync8_c0,16,57597.0,4.0,0.15,11.366032273556279,591,0.694297276475706,57596.85,0.9,15356316664257304812,True
SC80,SC4801G0,sync8_c0,17,59495.0,4.0,0.15,10.632478309002886,732,0.7631791604244303,59495.15,1.1,15356316664257304812,True
SC80,SC4801G0,sync8_c0,18,59557.0,4.0,0.15,11.842747197745144,631,0.8257808617301831,59557.05,0.9,15356316664257304812,True
SC80,SC4801G0,sync8_c0,19,59983.0,4.0,0.15,8.939561226674707,654,0.9184888333008447,59983.0,1.0,15356316664257304812,True
SC80,SC4802G0,iso8_matched,0,37583.0,4.0,0.15,30.044331133326505,681,0.9542447478835023,37583.05,1.0,6804287996129942900,True
SC80,SC4802G0,iso8_matched,1,37694.0,4.0,0.15,31.38911635313464,613,0.9339304923176885,37693.95,0.9,6804287996129942900,True
SC80,SC4802G0,iso8_matched,2,45001.0,4.0,0.15,18.736130751612713,660,0.9367918980857934,45001.0,1.0,6804287996129942900,True
SC80,SC4802G0,iso8_matched,3,45195.0,4.0,0.15,24.47541638270311,627,0.9487055346220736,45195.15,0.9,6804287996129942900,True
SC80,SC4802G0,iso8_matched,4,45369.0,4.0,0.15,26.336522892501144,725,0.8990651004537417,45369.0,1.1,6804287996129942900,True
SC80,SC4802G0,iso8_matched,5,45520.0,4.0,0.15,40.71228044307035,634,0.7663416216991801,45520.6,1.0,6804287996129942900,True
SC80,SC4802G0,iso8_matched,6,52565.0,4.0,0.15,31.677864115589635,630,0.8895878053328321,52564.8,1.0,6804287996129942900,True
SC80,SC4802G0,iso8_matched,7,52717.0,4.0,0.15,20.489348920298124,722,0.9532765949140721,52717.1,1.1,6804287996129942900,True
SC80,SC4802G0,iso8_matched,8,52818.0,4.0,0.15,17.291581748953735,711,0.9332102795888226,52817.95,1.1,6804287996129942900,True
SC80,SC4802G0,iso8_matched,9,52909.0,4.0,0.15,15.13881367546006,689,0.0,,,6804287996129942900,True
SC80,SC4802G0,iso8_matched,10,52983.0,4.0,0.15,17.15031952964734,721,0.6559605762454378,52983.05,1.1,6804287996129942900,True
SC80,SC4802G0,iso8_matched,11,53088.0,4.0,0.15,19.440803387328444,623,0.8865415718622941,53088.1,0.9,6804287996129942900,True
SC80,SC4802G0,iso8_matched,12,53218.0,4.0,0.15,27.377205422782083,750,0.9113151531171312,53217.8,1.2,6804287996129942900,True
SC80,SC4802G0,iso8_matched,13,53346.0,4.0,0.15,28.10726303215833,635,0.9232323086435272,53345.85,1.0,6804287996129942900,True
SC80,SC4802G0,iso8_matched,14,53424.0,4.0,0.15,21.908180609467372,697,0.8749830673576321,53423.95,1.1,6804287996129942900,True
SC80,SC4802G0,iso8_matched,15,53493.0,4.0,0.15,17.57981309692868,594,0.8739076276799934,53492.95,0.9,6804287996129942900,True
SC80,SC4802G0,iso8_matched,16,54523.0,4.0,0.15,25.380344567467187,731,0.7526961318987049,54522.75,1.2,6804287996129942900,True
SC80,SC4802G0,iso8_matched,17,54681.0,4.0,0.15,32.373131501961474,663,0.9074991943792883,54681.0,1.0,6804287996129942900,True
SC80,SC4802G0,iso8_matched,18,58913.0,4.0,0.15,22.278115215335323,624,0.8588440508653001,58912.4,0.9,6804287996129942900,True
SC80,SC4802G0,iso8_matched,19,60619.0,4.0,0.15,16.662232023459335,732,0.8635962062478919,60619.1,1.1,6804287996129942900,True
SC80,SC4802G0,sync8_c0,0,37583.0,4.0,0.15,30.044331133326505,688,0.9408627971491965,37583.1,1.0,6804287996129942900,True
SC80,SC4802G0,sync8_c0,1,37694.0,4.0,0.15,31.38911635313464,615,0.9352973869735669,37693.95,0.9,6804287996129942900,True
SC80,SC4802G0,sync8_c0,2,45001.0,4.0,0.15,18.736130751612713,662,0.9382983825865705,45001.0,1.0,6804287996129942900,True
SC80,SC4802G0,sync8_c0,3,45195.0,4.0,0.15,24.47541638270311,622,0.9482715565245927,45195.05,0.9,6804287996129942900,True
SC80,SC4802G0,sync8_c0,4,45369.0,4.0,0.15,26.336522892501144,732,0.8662532395523125,45369.1,1.1,6804287996129942900,True
SC80,SC4802G0,sync8_c0,5,45520.0,4.0,0.15,40.71228044307035,630,0.7767472301548244,45520.1,0.9,6804287996129942900,True
SC80,SC4802G0,sync8_c0,6,52565.0,4.0,0.15,31.677864115589635,635,0.8918350257689154,52564.85,1.0,6804287996129942900,True
SC80,SC4802G0,sync8_c0,7,52717.0,4.0,0.15,20.489348920298124,729,0.8779329875125977,52716.9,1.2,6804287996129942900,True
SC80,SC4802G0,sync8_c0,8,52818.0,4.0,0.15,17.291581748953735,714,0.9432920839670039,52818.0,1.1,6804287996129942900,True
SC80,SC4802G0,sync8_c0,9,52909.0,4.0,0.15,15.13881367546006,690,0.5165670368380381,52909.0,1.1,6804287996129942900,True
SC80,SC4802G0,sync8_c0,10,52983.0,4.0,0.15,17.15031952964734,720,0.5706025837338423,52983.1,1.1,6804287996129942900,True
SC80,SC4802G0,sync8_c0,11,53088.0,4.0,0.15,19.440803387328444,623,0.8992669441256634,53088.05,0.9,6804287996129942900,True
SC80,SC4802G0,sync8_c0,12,53218.0,4.0,0.15,27.377205422782083,757,0.9321731371179554,53217.9,1.2,6804287996129942900,True
SC80,SC4802G0,sync8_c0,13,53346.0,4.0,0.15,28.10726303215833,638,0.9303860452248911,53345.9,1.0,6804287996129942900,True
SC80,SC4802G0,sync8_c0,14,53424.0,4.0,0.15,21.908180609467372,695,0.9090310976984378,53424.0,1.1,6804287996129942900,True
SC80,SC4802G0,sync8_c0,15,53493.0,4.0,0.15,17.57981309692868,594,0.8626341007870518,53492.9,0.9,6804287996129942900,True
SC80,SC4802G0,sync8_c0,16,54523.0,4.0,0.15,25.380344567467187,735,0.7460691954934231,54522.85,1.2,6804287996129942900,True
SC80,SC4802G0,sync8_c0,17,54681.0,4.0,0.15,32.373131501961474,670,0.8798622811406737,54680.85,1.1,6804287996129942900,True
SC80,SC4802G0,sync8_c0,18,58913.0,4.0,0.15,22.278115215335323,627,0.806932254179296,58913.0,0.9,6804287996129942900,True
SC80,SC4802G0,sync8_c0,19,60619.0,4.0,0.15,16.662232023459335,733,0.8276020931327651,60619.2,1.1,6804287996129942900,True
SC81,SC4811G0,iso8_matched,0,26270.0,4.0,0.15,13.445852166312871,615,0.8810607826961712,26270.1,0.9,716195822350152556,True
SC81,SC4811G0,iso8_matched,1,26413.0,4.0,0.15,16.775027700966124,649,0.8158714744056509,26413.0,1.0,716195822350152556,True
SC81,SC4811G0,iso8_matched,2,27055.0,4.0,0.15,23.72960312611508,605,0.8434049476228359,27055.0,0.9,716195822350152556,True
SC81,SC4811G0,iso8_matched,3,27370.0,4.0,0.15,16.473775150187805,741,0.9529403049559226,27370.2,1.1,716195822350152556,True
SC81,SC4811G0,iso8_matched,4,27686.0,4.0,0.15,10.659927147567345,740,0.9157709476891012,27686.15,1.1,716195822350152556,True
SC81,SC4811G0,iso8_matched,5,34224.0,4.0,0.15,11.447866772232326,661,0.9514154265869453,34224.05,1.0,716195822350152556,True
SC81,SC4811G0,iso8_matched,6,41136.0,4.0,0.15,10.10498818904869,662,0.0,,,716195822350152556,True
SC81,SC4811G0,iso8_matched,7,41279.0,4.0,0.15,13.113506386140184,673,0.5769213046820815,41278.4,1.0,716195822350152556,True
SC81,SC4811G0,iso8_matched,8,41607.0,4.0,0.15,13.464166402578282,643,0.8889558597837022,41606.95,1.0,716195822350152556,True
SC81,SC4811G0,iso8_matched,9,46912.0,4.0,0.15,9.70260002264738,594,0.8253304683562158,46912.0,0.9,716195822350152556,True
SC81,SC4811G0,iso8_matched,10,47098.0,4.0,0.15,13.545186462729516,724,0.8587473634518639,47098.1,1.1,716195822350152556,True
SC81,SC4811G0,iso8_matched,11,47177.0,4.0,0.15,15.821634542154257,713,0.9367419190105454,47177.0,1.1,716195822350152556,True
SC81,SC4811G0,iso8_matched,12,47302.0,4.0,0.15,17.264186344410188,584,0.6596124643965725,47302.5,0.9,716195822350152556,True
SC81,SC4811G0,iso8_matched,13,50907.0,4.0,0.15,18.542299078900545,693,0.838809307535649,50906.8,1.1,716195822350152556,True
SC81,SC4811G0,iso8_matched,14,51055.0,4.0,0.15,29.372996353712026,725,0.8689810741616879,51054.95,1.1,716195822350152556,True
SC81,SC4811G0,iso8_matched,15,51133.0,4.0,0.15,36.69658732050508,716,0.8585217831011539,51133.0,1.1,716195822350152556,True
SC81,SC4811G0,iso8_matched,16,51333.0,4.0,0.15,27.32349777803488,734,0.9776838895756212,51333.1,1.1,716195822350152556,True
SC81,SC4811G0,iso8_matched,17,51445.0,4.0,0.15,12.152700583364242,647,0.927055284782676,51444.95,1.0,716195822350152556,True
SC81,SC4811G0,iso8_matched,18,51925.0,4.0,0.15,9.120446991841149,702,0.8269604232993023,51924.95,1.1,716195822350152556,True
SC81,SC4811G0,iso8_matched,19,51995.0,4.0,0.15,8.526127408885703,754,0.8807352574270343,51994.9,1.2,716195822350152556,True
SC81,SC4811G0,sync8_c0,0,26270.0,4.0,0.15,13.445852166312871,601,0.9324455138667672,26270.0,0.9,716195822350152556,True
SC81,SC4811G0,sync8_c0,1,26413.0,4.0,0.15,16.775027700966124,643,0.8072951027754948,26413.0,1.0,716195822350152556,True
SC81,SC4811G0,sync8_c0,2,27055.0,4.0,0.15,23.72960312611508,605,0.8529322115287434,27054.95,0.9,716195822350152556,True
SC81,SC4811G0,sync8_c0,3,27370.0,4.0,0.15,16.473775150187805,739,0.9004792774344984,27370.25,1.1,716195822350152556,True
SC81,SC4811G0,sync8_c0,4,27686.0,4.0,0.15,10.659927147567345,740,0.8996364541778732,27686.25,1.1,716195822350152556,True
SC81,SC4811G0,sync8_c0,5,34224.0,4.0,0.15,11.447866772232326,660,0.9580798300122034,34224.0,1.0,716195822350152556,True
SC81,SC4811G0,sync8_c0,6,41136.0,4.0,0.15,10.10498818904869,664,0.6697966069782215,41136.05,1.0,716195822350152556,True
SC81,SC4811G0,sync8_c0,7,41279.0,4.0,0.15,13.113506386140184,671,0.5534920202221506,41279.05,1.0,716195822350152556,True
SC81,SC4811G0,sync8_c0,8,41607.0,4.0,0.15,13.464166402578282,645,0.8886402289894149,41607.0,1.0,716195822350152556,True
SC81,SC4811G0,sync8_c0,9,46912.0,4.0,0.15,9.70260002264738,598,0.8241540216368272,46911.95,0.9,716195822350152556,True
SC81,SC4811G0,sync8_c0,10,47098.0,4.0,0.15,13.545186462729516,721,0.8797825950811381,47098.15,1.1,716195822350152556,True
SC81,SC4811G0,sync8_c0,11,47177.0,4.0,0.15,15.821634542154257,712,0.9460210264975802,47177.05,1.1,716195822350152556,True
SC81,SC4811G0,sync8_c0,12,47302.0,4.0,0.15,17.264186344410188,595,0.7224023656165913,47301.9,0.9,716195822350152556,True
SC81,SC4811G0,sync8_c0,13,50907.0,4.0,0.15,18.542299078900545,693,0.8546436414331593,50906.9,1.1,716195822350152556,True
SC81,SC4811G0,sync8_c0,14,51055.0,4.0,0.15,29.372996353712026,731,0.8124431705236322,51055.1,1.1,716195822350152556,True
SC81,SC4811G0,sync8_c0,15,51133.0,4.0,0.15,36.69658732050508,715,0.8737817581186793,51133.05,1.1,716195822350152556,True
SC81,SC4811G0,sync8_c0,16,51333.0,4.0,0.15,27.32349777803488,731,0.9581312100906139,51333.15,1.1,716195822350152556,True
SC81,SC4811G0,sync8_c0,17,51445.0,4.0,0.15,12.152700583364242,638,0.8720490896854692,51444.95,1.0,716195822350152556,True
SC81,SC4811G0,sync8_c0,18,51925.0,4.0,0.15,9.120446991841149,706,0.7927339056091727,51925.05,1.1,716195822350152556,True
SC81,SC4811G0,sync8_c0,19,51995.0,4.0,0.15,8.526127408885703,752,0.8320546453626065,51994.9,1.2,716195822350152556,True
SC81,SC4812G0,iso8_matched,0,38273.0,4.0,0.15,18.788105947861187,689,0.4752101655520489,38273.5,1.2,16716027383301514168,True
SC81,SC4812G0,iso8_matched,1,38335.0,4.0,0.15,24.92500859898675,591,0.913198154947772,38334.9,0.9,16716027383301514168,True
SC81,SC4812G0,iso8_matched,2,38667.0,4.0,0.15,19.087768698808176,738,0.0,,,16716027383301514168,True
SC81,SC4812G0,iso8_matched,3,42096.0,4.0,0.15,18.60185117424973,720,0.9451397267294619,42096.05,1.1,16716027383301514168,True
SC81,SC4812G0,iso8_matched,4,42411.0,4.0,0.15,16.645255420503734,620,0.7965758688973563,42411.1,0.9,16716027383301514168,True
SC81,SC4812G0,iso8_matched,5,42618.0,4.0,0.15,16.650759532780786,742,0.6332416114379742,42618.05,1.1,16716027383301514168,True
SC81,SC4812G0,iso8_matched,6,42816.0,4.0,0.15,18.725421403502345,676,0.9164295878269201,42816.05,1.0,16716027383301514168,True
SC81,SC4812G0,iso8_matched,7,42967.0,4.0,0.15,13.363422204820786,731,0.969835032298125,42967.1,1.1,16716027383301514168,True
SC81,SC4812G0,iso8_matched,8,43060.0,4.0,0.15,14.34186409465084,579,0.9257026884666449,43059.85,0.9,16716027383301514168,True
SC81,SC4812G0,iso8_matched,9,43537.0,4.0,0.15,15.64903825352216,614,0.9379329126867197,43537.05,0.9,16716027383301514168,True
SC81,SC4812G0,iso8_matched,10,43647.0,4.0,0.15,15.084925591383946,735,0.9318136485788412,43647.15,1.1,16716027383301514168,True
SC81,SC4812G0,iso8_matched,11,44288.0,4.0,0.15,8.707555767049582,698,0.9046484783680032,44287.9,1.1,16716027383301514168,True
SC81,SC4812G0,iso8_matched,12,44569.0,4.0,0.15,9.666804409637427,610,0.9467889307985571,44569.0,0.9,16716027383301514168,True
SC81,SC4812G0,iso8_matched,13,44696.0,4.0,0.15,9.04423574907338,709,0.8895451955897875,44696.0,1.1,16716027383301514168,True
SC81,SC4812G0,iso8_matched,14,50722.0,4.0,0.15,14.715679129362545,695,0.8760095608581747,50722.25,1.0,16716027383301514168,True
SC81,SC4812G0,iso8_matched,15,50804.0,4.0,0.15,15.0163865357716,610,0.722055638474075,50803.9,0.9,16716027383301514168,True
SC81,SC4812G0,iso8_matched,16,60061.0,4.0,0.15,9.685726431119718,640,0.9456479368809859,60060.95,1.0,16716027383301514168,True
SC81,SC4812G0,iso8_matched,17,60215.0,4.0,0.15,13.083000202300143,704,0.9049731311317909,60214.9,1.1,16716027383301514168,True
SC81,SC4812G0,iso8_matched,18,60629.0,4.0,0.15,36.992229396751014,617,0.815100335192923,60629.05,0.9,16716027383301514168,True
SC81,SC4812G0,iso8_matched,19,60888.0,4.0,0.15,29.74914082865316,728,0.9678543726921601,60888.05,1.1,16716027383301514168,True
SC81,SC4812G0,sync8_c0,0,38273.0,4.0,0.15,18.788105947861187,697,0.7197935598933429,38272.8,1.2,16716027383301514168,True
SC81,SC4812G0,sync8_c0,1,38335.0,4.0,0.15,24.92500859898675,590,0.8866774066591128,38334.85,0.9,16716027383301514168,True
SC81,SC4812G0,sync8_c0,2,38667.0,4.0,0.15,19.087768698808176,736,0.6359340329661405,38667.0,1.2,16716027383301514168,True
SC81,SC4812G0,sync8_c0,3,42096.0,4.0,0.15,18.60185117424973,712,0.9357219318998335,42096.05,1.1,16716027383301514168,True
SC81,SC4812G0,sync8_c0,4,42411.0,4.0,0.15,16.645255420503734,618,0.7731155370739934,42411.0,0.9,16716027383301514168,True
SC81,SC4812G0,sync8_c0,5,42618.0,4.0,0.15,16.650759532780786,739,0.7365107965800992,42618.15,1.1,16716027383301514168,True
SC81,SC4812G0,sync8_c0,6,42816.0,4.0,0.15,18.725421403502345,685,0.8758494584628521,42815.9,1.1,16716027383301514168,True
SC81,SC4812G0,sync8_c0,7,42967.0,4.0,0.15,13.363422204820786,733,0.936316742700118,42967.2,1.1,16716027383301514168,True
SC81,SC4812G0,sync8_c0,8,43060.0,4.0,0.15,14.34186409465084,579,0.9361227985932256,43059.85,0.9,16716027383301514168,True
SC81,SC4812G0,sync8_c0,9,43537.0,4.0,0.15,15.64903825352216,614,0.9464062646614831,43537.0,0.9,16716027383301514168,True
SC81,SC4812G0,sync8_c0,10,43647.0,4.0,0.15,15.084925591383946,728,0.907001350322847,43647.15,1.1,16716027383301514168,True
SC81,SC4812G0,sync8_c0,11,44288.0,4.0,0.15,8.707555767049582,705,0.9349129956687268,44288.05,1.1,16716027383301514168,True
SC81,SC4812G0,sync8_c0,12,44569.0,4.0,0.15,9.666804409637427,617,0.8844939366915248,44569.05,0.9,16716027383301514168,True
SC81,SC4812G0,sync8_c0,13,44696.0,4.0,0.15,9.04423574907338,705,0.8739115586705926,44696.0,1.1,16716027383301514168,True
SC81,SC4812G0,sync8_c0,14,50722.0,4.0,0.15,14.715679129362545,696,0.886840904478542,50722.0,1.1,16716027383301514168,True
SC81,SC4812G0,sync8_c0,15,50804.0,4.0,0.15,15.0163865357716,614,0.7548372743851934,50803.95,0.9,16716027383301514168,True
SC81,SC4812G0,sync8_c0,16,60061.0,4.0,0.15,9.685726431119718,645,0.9313188230542835,60060.95,1.0,16716027383301514168,True
SC81,SC4812G0,sync8_c0,17,60215.0,4.0,0.15,13.083000202300143,708,0.943976948478541,60215.0,1.1,16716027383301514168,True
SC81,SC4812G0,sync8_c0,18,60629.0,4.0,0.15,36.992229396751014,620,0.7815306881988865,60629.05,0.9,16716027383301514168,True
SC81,SC4812G0,sync8_c0,19,60888.0,4.0,0.15,29.74914082865316,731,0.9427577022173363,60888.1,1.1,16716027383301514168,True
SC82,SC4821G0,iso8_matched,0,36701.0,4.0,0.15,26.19907972173041,619,0.8441149436702924,36701.75,0.9,2839278640637076802,True
SC82,SC4821G0,iso8_matched,1,36982.0,4.0,0.15,31.222287167967625,687,0.0,,,2839278640637076802,True
SC82,SC4821G0,iso8_matched,2,42706.0,4.0,0.15,18.02467578862891,714,0.785138663181886,42706.05,1.1,2839278640637076802,True
SC82,SC4821G0,iso8_matched,3,42808.0,4.0,0.15,35.46199543383897,675,0.8780903608789092,42807.75,1.1,2839278640637076802,True
SC82,SC4821G0,iso8_matched,4,43083.0,4.0,0.15,41.381226386172756,741,0.8993367545189148,43083.05,1.1,2839278640637076802,True
SC82,SC4821G0,iso8_matched,5,43835.0,4.0,0.15,12.294210403343373,726,0.9365250704281787,43835.1,1.1,2839278640637076802,True
SC82,SC4821G0,iso8_matched,6,43919.0,4.0,0.15,12.047701550164845,598,0.9386548579755751,43918.95,0.9,2839278640637076802,True
SC82,SC4821G0,iso8_matched,7,49904.0,4.0,0.15,24.709119450303476,614,0.6263180558127137,49904.1,0.9,2839278640637076802,True
SC82,SC4821G0,iso8_matched,8,49985.0,4.0,0.15,30.30431411299362,633,0.9019156628194815,49984.95,1.0,2839278640637076802,True
SC82,SC4821G0,iso8_matched,9,50201.0,4.0,0.15,41.047489309163275,624,0.8208367583830342,50201.45,1.0,2839278640637076802,True
SC82,SC4821G0,iso8_matched,10,50428.0,4.0,0.15,107.78763402827089,671,0.9394472744395812,50428.1,1.0,2839278640637076802,True
SC82,SC4821G0,iso8_matched,11,50695.0,4.0,0.15,36.151266312595624,633,0.8315014707958639,50694.75,1.0,2839278640637076802,True
SC82,SC4821G0,iso8_matched,12,51897.0,4.0,0.15,12.92741363392785,652,0.40056091893256474,51896.9,1.0,2839278640637076802,True
SC82,SC4821G0,iso8_matched,13,56158.0,4.0,0.15,24.44787710542405,693,0.8854378119749128,56157.9,1.1,2839278640637076802,True
SC82,SC4821G0,iso8_matched,14,56395.0,4.0,0.15,23.876284645322947,649,0.8407962820408995,56395.0,1.0,2839278640637076802,True
SC82,SC4821G0,iso8_matched,15,56738.0,4.0,0.15,36.6203289504971,694,0.862614431566768,56737.95,1.1,2839278640637076802,True
SC82,SC4821G0,iso8_matched,16,57723.0,4.0,0.15,52.76409320912342,654,0.7789100868204653,57723.1,1.0,2839278640637076802,True
SC82,SC4821G0,iso8_matched,17,57924.0,4.0,0.15,47.109900344035196,745,0.75982110472136,57924.55,1.2,2839278640637076802,True
SC82,SC4821G0,iso8_matched,18,58071.0,4.0,0.15,30.912951983134924,698,0.5398950938407334,58071.75,1.1,2839278640637076802,True
SC82,SC4821G0,iso8_matched,19,58238.0,4.0,0.15,38.18388364497149,690,0.9172554607636888,58237.9,1.1,2839278640637076802,True
SC82,SC4821G0,sync8_c0,0,36701.0,4.0,0.15,26.19907972173041,622,0.8156484366409441,36701.05,0.9,2839278640637076802,True
SC82,SC4821G0,sync8_c0,1,36982.0,4.0,0.15,31.222287167967625,687,0.5054529173873697,36982.05,0.9,2839278640637076802,True
SC82,SC4821G0,sync8_c0,2,42706.0,4.0,0.15,18.02467578862891,720,0.7443134655424932,42706.15,1.1,2839278640637076802,True
SC82,SC4821G0,sync8_c0,3,42808.0,4.0,0.15,35.46199543383897,688,0.9403707157016118,42807.9,1.1,2839278640637076802,True
SC82,SC4821G0,sync8_c0,4,43083.0,4.0,0.15,41.381226386172756,750,0.8844693605082847,43082.85,1.2,2839278640637076802,True
SC82,SC4821G0,sync8_c0,5,43835.0,4.0,0.15,12.294210403343373,716,0.9158036292802396,43835.15,1.1,2839278640637076802,True
SC82,SC4821G0,sync8_c0,6,43919.0,4.0,0.15,12.047701550164845,588,0.8660049587080013,43918.9,0.9,2839278640637076802,True
SC82,SC4821G0,sync8_c0,7,49904.0,4.0,0.15,24.709119450303476,611,0.49904108407621217,49903.8,1.0,2839278640637076802,True
SC82,SC4821G0,sync8_c0,8,49985.0,4.0,0.15,30.30431411299362,632,0.9109676288571661,49984.9,1.0,2839278640637076802,True
SC82,SC4821G0,sync8_c0,9,50201.0,4.0,0.15,41.047489309163275,635,0.7707678849545745,50200.8,1.0,2839278640637076802,True
SC82,SC4821G0,sync8_c0,10,50428.0,4.0,0.15,107.78763402827089,665,0.9574327013030017,50428.05,1.0,2839278640637076802,True
SC82,SC4821G0,sync8_c0,11,50695.0,4.0,0.15,36.151266312595624,641,0.8533129540598938,50694.8,1.0,2839278640637076802,True
SC82,SC4821G0,sync8_c0,12,51897.0,4.0,0.15,12.92741363392785,650,0.5405613935388631,51896.95,1.0,2839278640637076802,True
SC82,SC4821G0,sync8_c0,13,56158.0,4.0,0.15,24.44787710542405,695,0.9408493010428107,56157.95,1.1,2839278640637076802,True
SC82,SC4821G0,sync8_c0,14,56395.0,4.0,0.15,23.876284645322947,652,0.8814358115889859,56395.0,1.0,2839278640637076802,True
SC82,SC4821G0,sync8_c0,15,56738.0,4.0,0.15,36.6203289504971,694,0.8935108009076832,56738.0,1.1,2839278640637076802,True
SC82,SC4821G0,sync8_c0,16,57723.0,4.0,0.15,52.76409320912342,647,0.7083720480873703,57723.05,1.0,2839278640637076802,True
SC82,SC4821G0,sync8_c0,17,57924.0,4.0,0.15,47.109900344035196,747,0.8034852016316262,57924.05,1.1,2839278640637076802,True
SC82,SC4821G0,sync8_c0,18,58071.0,4.0,0.15,30.912951983134924,699,0.42122567970153846,58071.0,1.1,2839278640637076802,True
SC82,SC4821G0,sync8_c0,19,58238.0,4.0,0.15,38.18388364497149,695,0.9268496345214928,58238.0,1.1,2839278640637076802,True
SC82,SC4822G0,iso8_matched,0,38179.0,4.0,0.15,17.471802510313402,633,0.7267985189750619,38178.95,1.0,4413836296199974177,True
SC82,SC4822G0,iso8_matched,1,38372.0,4.0,0.15,18.840597280987605,594,0.9512573130865504,38371.95,0.9,4413836296199974177,True
SC82,SC4822G0,iso8_matched,2,38614.0,4.0,0.15,21.445502025721474,664,0.9139535623704581,38614.1,1.0,4413836296199974177,True
SC82,SC4822G0,iso8_matched,3,38908.0,4.0,0.15,10.35250938756418,637,0.9711549678690258,38907.95,1.0,4413836296199974177,True
SC82,SC4822G0,iso8_matched,4,44174.0,4.0,0.15,13.414042665328315,692,0.4520665808644019,44173.25,1.1,4413836296199974177,True
SC82,SC4822G0,iso8_matched,5,48017.0,4.0,0.15,9.795843538050722,707,0.0,,,4413836296199974177,True
SC82,SC4822G0,iso8_matched,6,48163.0,4.0,0.15,11.790097633962995,744,0.8954953759671243,48162.9,1.2,4413836296199974177,True
SC82,SC4822G0,iso8_matched,7,48438.0,4.0,0.15,16.833898434732948,611,0.4420805280366446,48438.65,0.9,4413836296199974177,True
SC82,SC4822G0,iso8_matched,8,48499.0,4.0,0.15,15.630599243964252,711,0.9541992707690233,48498.95,1.1,4413836296199974177,True
SC82,SC4822G0,iso8_matched,9,48808.0,4.0,0.15,14.539478921646129,719,0.949370394157966,48808.05,1.1,4413836296199974177,True
SC82,SC4822G0,iso8_matched,10,49196.0,4.0,0.15,22.545873125917343,720,0.6226554935736807,49196.15,1.1,4413836296199974177,True
SC82,SC4822G0,iso8_matched,11,49291.0,4.0,0.15,34.279920045395244,711,0.963429758268215,49291.05,1.1,4413836296199974177,True
SC82,SC4822G0,iso8_matched,12,49412.0,4.0,0.15,36.880694390835195,627,0.5931930244070395,49411.45,0.9,4413836296199974177,True
SC82,SC4822G0,iso8_matched,13,49903.0,4.0,0.15,12.187867435733635,722,0.941889333442943,49903.1,1.1,4413836296199974177,True
SC82,SC4822G0,iso8_matched,14,50171.0,4.0,0.15,11.02946787406692,715,0.9342138117050249,50171.1,1.1,4413836296199974177,True
SC82,SC4822G0,iso8_matched,15,50342.0,4.0,0.15,8.701845345244928,677,0.9139593542556992,50342.1,1.0,4413836296199974177,True
SC82,SC4822G0,iso8_matched,16,54750.0,4.0,0.15,15.694497760819347,616,0.8202115487417113,54749.95,0.9,4413836296199974177,True
SC82,SC4822G0,iso8_matched,17,55587.0,4.0,0.15,9.741377809446723,705,0.9319157048912644,55586.95,1.1,4413836296199974177,True
SC82,SC4822G0,iso8_matched,18,55694.0,4.0,0.15,9.553608073819161,753,0.8375752551838583,55693.9,1.2,4413836296199974177,True
SC82,SC4822G0,iso8_matched,19,57433.0,4.0,0.15,8.47810232203232,629,0.9328377340277199,57433.15,0.9,4413836296199974177,True
SC82,SC4822G0,sync8_c0,0,38179.0,4.0,0.15,17.471802510313402,629,0.5951388346137872,38179.15,0.9,4413836296199974177,True
SC82,SC4822G0,sync8_c0,1,38372.0,4.0,0.15,18.840597280987605,597,0.9499437608220707,38371.9,0.9,4413836296199974177,True
SC82,SC4822G0,sync8_c0,2,38614.0,4.0,0.15,21.445502025721474,660,0.9205609518594541,38614.05,1.0,4413836296199974177,True
SC82,SC4822G0,sync8_c0,3,38908.0,4.0,0.15,10.35250938756418,637,0.9558294977339972,38907.95,1.0,4413836296199974177,True
SC82,SC4822G0,sync8_c0,4,44174.0,4.0,0.15,13.414042665328315,684,0.25934492763118255,44173.5,1.1,4413836296199974177,True
SC82,SC4822G0,sync8_c0,5,48017.0,4.0,0.15,9.795843538050722,701,0.5090697048587393,48016.55,1.0,4413836296199974177,True
SC82,SC4822G0,sync8_c0,6,48163.0,4.0,0.15,11.790097633962995,747,0.9173017408682262,48162.95,1.2,4413836296199974177,True
SC82,SC4822G0,sync8_c0,7,48438.0,4.0,0.15,16.833898434732948,615,0.5164722205251281,48438.4,1.0,4413836296199974177,True
SC82,SC4822G0,sync8_c0,8,48499.0,4.0,0.15,15.630599243964252,708,0.9368537630398587,48499.05,1.1,4413836296199974177,True
SC82,SC4822G0,sync8_c0,9,48808.0,4.0,0.15,14.539478921646129,720,0.9403468639098894,48808.1,1.1,4413836296199974177,True
SC82,SC4822G0,sync8_c0,10,49196.0,4.0,0.15,22.545873125917343,721,0.4029662775979649,49196.2,1.1,4413836296199974177,True
SC82,SC4822G0,sync8_c0,11,49291.0,4.0,0.15,34.279920045395244,705,0.95089254767201,49291.05,1.1,4413836296199974177,True
SC82,SC4822G0,sync8_c0,12,49412.0,4.0,0.15,36.880694390835195,631,0.6445982363540765,49411.8,1.0,4413836296199974177,True
SC82,SC4822G0,sync8_c0,13,49903.0,4.0,0.15,12.187867435733635,712,0.9297850916067615,49903.1,1.1,4413836296199974177,True
SC82,SC4822G0,sync8_c0,14,50171.0,4.0,0.15,11.02946787406692,714,0.8966219727325128,50171.15,1.1,4413836296199974177,True
SC82,SC4822G0,sync8_c0,15,50342.0,4.0,0.15,8.701845345244928,683,0.8695632507387379,50341.85,1.1,4413836296199974177,True
SC82,SC4822G0,sync8_c0,16,54750.0,4.0,0.15,15.694497760819347,623,0.7672788947121608,54749.75,1.0,4413836296199974177,True
SC82,SC4822G0,sync8_c0,17,55587.0,4.0,0.15,9.741377809446723,708,0.9443006364539431,55587.05,1.1,4413836296199974177,True
SC82,SC4822G0,sync8_c0,18,55694.0,4.0,0.15,9.553608073819161,755,0.8635717384854603,55693.9,1.2,4413836296199974177,True
SC82,SC4822G0,sync8_c0,19,57433.0,4.0,0.15,8.47810232203232,628,0.9342187164720209,57433.05,0.9,4413836296199974177,True
